PLAYER_ID,PLAYER_NAME,NICKNAME,TEAM_ID,TEAM_ABBREVIATION,AGE,GP,W,L,W_PCT,MIN,DEF_RATING,DREB,DREB_PCT,PCT_DREB,STL,PCT_STL,BLK,PCT_BLK,OPP_PTS_OFF_TOV,OPP_PTS_2ND_CHANCE,OPP_PTS_FB,OPP_PTS_PAINT,DEF_WS,DEF_WS_RAW,GP_RANK,W_RANK,L_RANK,W_PCT_RANK,MIN_RANK,DEF_RATING_RANK,DREB_RANK,DREB_PCT_RANK,PCT_DREB_RANK,STL_RANK,PCT_STL_RANK,BLK_RANK,PCT_BLK_RANK,OPP_PTS_OFF_TOV_RANK,OPP_PTS_2ND_CHANCE_RANK,OPP_PTS_FB_RANK,OPP_PTS_PAINT_RANK,DEF_WS_RANK,G,CONTESTED_SHOTS,CONTESTED_SHOTS_2PT,CONTESTED_SHOTS_3PT,DEFLECTIONS,CHARGES_DRAWN,SCREEN_ASSISTS,SCREEN_AST_PTS,OFF_LOOSE_BALLS_RECOVERED,DEF_LOOSE_BALLS_RECOVERED,LOOSE_BALLS_RECOVERED,PCT_LOOSE_BALLS_RECOVERED_OFF,PCT_LOOSE_BALLS_RECOVERED_DEF,OFF_BOXOUTS,DEF_BOXOUTS,BOX_OUT_PLAYER_TEAM_REBS,BOX_OUT_PLAYER_REBS,BOX_OUTS,PCT_BOX_OUTS_OFF,PCT_BOX_OUTS_DEF,PCT_BOX_OUTS_TEAM_REB,PCT_BOX_OUTS_REB,DEF_PLAYER_ID,DEF_PLAYER_NAME,avg_fg_pct_allowed,avg_3fg_pct_allowed,total_possessions,BLK_score,OPP_PTS_PAINT_score,DEF_RATING_score,rim_protection_score,CONTESTED_SHOTS_2PT_score,CONTESTED_SHOTS_3PT_score,shot_contesting_score,DEFLECTIONS_score,STL_score,CHARGES_DRAWN_score,ball_disruption_score,avg_fg_pct_allowed_score,avg_3fg_pct_allowed_score,on_ball_matchup_def_score,DREB_score,DEF_BOXOUTS_score,def_reb_score,rim_protection_percentile,shot_contesting_percentile,ball_disruption_percentile,on_ball_matchup_def_percentile,def_reb_percentile,rim_protection_label,shot_contesting_label,ball_disruption_label,on_ball_matchup_def_label,def_reb_label,SEASON
1631260,AJ Green,AJ,1610612749,MIL,24.0,56,35,21,0.625,614.2816666666666,110.5,55,0.089,0.133,9,0.091,4,0.082,191.0,177.0,108.0,550.0,2.26,2.259983817560772,252,155,253,128,333,189,366,438,448,398,524,410,439,217,244,176,218,298,45,71,41,30,27,4,7,16,1,10,11,0.091,0.909,2,9,11,2,11,0.182,0.818,1.0,0.182,1631260,AJ Green,0.18547868852459015,0.06994754098360656,1224.9,0.7936507936507936,98.48942598187311,53.571428571428555,48.18161655397304,2.295684113865932,4.924242424242424,3.872819100091827,5.078125,0.7042253521126761,10.526315789473683,4.909307820607857,91.29258773791928,90.88816844414734,91.0903780910333,2.2813688212927756,3.571428571428571,2.8618957088538837,90.50445103857567,1.7804154302670623,5.934718100890208,99.70326409495549,2.6706231454005933,Elite,Poor,Poor,Elite,Poor,2023-24
203932,Aaron Gordon,Aaron,1610612743,DEN,28.0,73,49,24,0.671,2296.81,111.1,297,0.129,0.184,56,0.162,45,0.193,733.0,582.0,681.0,2510.0,8.27,8.268102749511968,99,29,282,75,55,218,70,240,267,119,381,79,225,506,475,518,528,32,73,346,237,109,101,2,92,225,23,20,43,0.535,0.465,18,27,44,32,45,0.4,0.6,0.978,0.711,203932,Aaron Gordon,0.28265671641791046,0.13721791044776122,4509.4,17.063492063492063,24.47129909365559,50.89285714285715,28.11356579389057,20.293847566574836,34.84848484848485,29.026629935720845,33.984375,33.80281690140845,5.263157894736842,26.740525389177165,51.91082908897322,52.25462396076742,52.082726524870324,32.953105196451205,12.755102040816327,23.864003776415508,27.299703264094955,58.160237388724035,59.940652818991104,56.97329376854599,71.51335311572701,Below Average,Average,Average,Average,Above Average,2023-24
1628988,Aaron Holiday,Aaron,1610612745,HOU,27.0,78,39,39,0.5,1269.2966666666666,107.6,100,0.075,0.109,42,0.195,6,0.05,404.0,364.0,314.0,1264.0,5.96,5.9564040886009515,43,117,497,300,217,100,299,501,507,194,265,370,484,338,354,313,349,103,71,151,83,68,76,1,16,36,12,12,24,0.5,0.5,1,30,27,6,31,0.032,0.968,0.871,0.194,1628988,Aaron Holiday,0.26732602739726025,0.09698356164383562,2572.6,1.5873015873015872,71.52567975830816,66.51785714285715,42.29837283604277,6.152433425160698,19.318181818181817,14.051882460973369,24.21875,23.943661971830984,2.631578947368421,18.72567642698295,58.12364805661142,75.36131293331054,66.74248049496099,7.984790874524715,14.285714285714285,10.820206409560022,71.51335311572701,24.33234421364985,38.27893175074184,81.89910979228486,28.486646884272997,Above Average,Below Average,Below Average,Above Average,Below Average,2023-24
1630174,Aaron Nesmith,Aaron,1610612754,IND,24.0,72,41,31,0.569,1994.655,115.0,212,0.103,0.158,65,0.21,49,0.191,621.0,606.0,492.0,2304.0,4.96,4.958131032906335,108,97,406,227,105,403,144,368,353,87,213,61,229,432,489,409,500,144,72,465,299,166,114,8,16,34,24,23,47,0.511,0.489,5,27,32,15,32,0.156,0.844,1.0,0.469,1630174,Aaron Nesmith,0.30635905044510386,0.12663798219584568,4125.1,18.650793650793652,32.25075528700906,33.48214285714285,27.118617525056344,25.987144168962352,56.439393939393945,44.25849403122131,39.0625,40.140845070422536,21.052631578947366,34.93745366938473,42.30536972422526,58.330703697019594,50.31803671062242,22.17997465145754,12.755102040816327,17.938781976669,25.222551928783382,88.13056379821958,77.74480712166172,53.11572700296736,54.59940652818991,Below Average,Above Average,Above Average,Average,Average,2023-24
1630598,Aaron Wiggins,Aaron,1610612760,OKC,25.0,78,55,23,0.705,1227.9383333333333,110.0,126,0.095,0.152,56,0.245,19,0.109,363.0,440.0,291.0,1220.0,4.84,4.8391013046433375,43,14,272,50,224,167,255,409,377,119,132,219,384,312,391,305,341,150,78,245,141,104,113,1,24,49,13,20,33,0.394,0.606,0,21,21,5,21,0.0,1.0,1.0,0.238,1630598,Aaron Wiggins,0.29774035989717224,0.14862982005141387,2534.6,6.746031746031746,73.18731117824774,55.803571428571416,42.26486446794226,11.47842056932966,32.95454545454545,24.364095500459136,38.671875,33.80281690140845,2.631578947368421,27.957630652335062,45.79812624940606,45.7007352156201,45.749430732513076,11.280101394169835,9.693877551020408,10.566300664752593,71.2166172106825,48.6646884272997,63.20474777448071,43.62017804154303,27.596439169139465,Above Average,Average,Average,Average,Below Average,2023-24
201143,Al Horford,Al,1610612738,BOS,38.0,65,51,14,0.785,1739.7966666666666,109.5,331,0.178,0.255,38,0.167,62,0.258,481.0,463.0,422.0,1710.0,7.07,7.071758962296191,181,26,162,22,153,148,55,104,124,223,357,38,151,373,397,375,406,67,65,527,327,200,65,0,88,219,7,19,26,0.269,0.731,22,82,99,62,104,0.212,0.788,0.961,0.602,201143,Al Horford,0.35043962848297217,0.1513560371517028,3476.0,23.809523809523807,54.68277945619335,58.03571428571427,43.171710904905765,28.558310376492198,69.31818181818183,53.01423324150598,19.921875,21.12676056338028,0.0,15.363116197183096,24.44155088547431,44.13506179276956,34.28830633912194,37.26235741444867,40.816326530612244,38.86164351672228,74.1839762611276,96.43916913946587,28.18991097922849,19.584569732937684,89.31750741839762,Above Average,Elite,Below Average,Below Average,Above Average,2023-24
202692,Alec Burks,Alec,1610612752,NYK,32.0,66,18,48,0.273,1211.545,118.5,126,0.103,0.162,28,0.192,12,0.096,504.0,349.0,346.0,1352.0,1.88,1.882715776918272,170,316,539,465,227,512,255,367,339,274,275,286,411,382,344,339,360,323,57,153,92,61,44,1,5,11,13,10,23,0.565,0.435,1,13,12,5,14,0.071,0.929,0.857,0.357,202692,Alec Burks,0.27286173633440514,0.09571382636655948,2451.4,3.968253968253968,68.202416918429,17.85714285714285,29.922433223037448,6.978879706152434,16.666666666666664,12.791551882460972,11.71875,14.084507042253522,2.631578947368421,10.274972201630836,55.8802813404976,76.09052513635788,65.98540323842775,11.280101394169835,5.612244897959184,8.729565970875042,31.15727002967359,20.77151335311573,17.210682492581604,81.00890207715133,21.068249258160236,Below Average,Below Average,Below Average,Above Average,Below Average,2023-24
1627936,Alex Caruso,Alex,1610612741,CHI,30.0,71,34,37,0.479,2040.3433333333332,110.6,211,0.103,0.154,120,0.342,70,0.33,630.0,573.0,536.0,1854.0,7.8,7.797194353359697,118,165,475,335,97,192,146,370,365,3,25,30,110,441,469,423,428,41,70,355,136,219,265,12,38,82,34,39,73,0.466,0.534,2,27,28,9,29,0.069,0.931,0.966,0.31,1627936,Alex Caruso,0.2930886426592798,0.16147368421052632,4042.9,26.984126984126984,49.244712990936556,53.125000000000014,41.31055034047859,11.019283746556475,76.51515151515152,50.3168044077135,98.046875,78.87323943661971,31.57894736842105,74.71912064492216,47.6832520287327,38.32447132288252,43.00386167580761,22.0532319391635,12.755102040816327,17.869073484907275,69.13946587537092,94.65875370919882,99.70326409495549,36.20178041543027,53.70919881305638,Average,Elite,Elite,Below Average,Average,2023-24
1630578,Alperen Sengun,Alperen,1610612745,HOU,21.0,63,29,34,0.46,2045.635,113.2,406,0.193,0.281,76,0.241,46,0.277,589.0,582.0,463.0,2006.0,6.08,6.084967387497825,191,213,446,351,94,310,35,82,91,42,140,77,138,419,475,395,456,97,63,582,442,140,150,8,259,605,36,17,53,0.679,0.321,46,118,155,84,164,0.28,0.72,0.957,0.519,1630578,Alperen Sengun,0.35228096676737164,0.1201570996978852,4103.9,17.46031746031746,43.50453172205438,41.51785714285712,32.5901773725603,39.11845730027548,46.590909090909086,43.60192837465564,53.125,47.88732394366197,21.052631578947366,43.27372127501853,23.695341670497342,62.05269101879178,42.87401634464456,46.7680608365019,59.183673469387756,52.355086521300535,40.94955489614243,86.64688427299704,91.0979228486647,35.01483679525222,96.14243323442136,Average,Above Average,Elite,Below Average,Elite,2023-24
1641708,Amen Thompson,Amen,1610612745,HOU,21.0,62,30,32,0.484,1388.5316666666668,109.3,261,0.184,0.27,78,0.284,38,0.253,453.0,366.0,384.0,1430.0,5.89,5.8933284451059444,200,201,425,331,203,140,93,96,104,36,74,108,158,361,355,361,372,105,61,226,147,79,137,1,33,85,16,23,39,0.41,0.59,20,12,31,26,32,0.625,0.375,0.969,0.813,1641708,Amen Thompson,0.28727428571428576,0.10704571428571429,2875.5,14.285714285714285,65.25679758308158,58.92857142857143,43.28630772550713,12.029384756657484,23.484848484848484,18.902662993572083,48.046875,49.29577464788733,2.631578947368421,37.13016586360266,50.03954189044863,69.58259304838826,59.81106746941845,28.39036755386565,5.1020408163265305,17.91062052197305,74.77744807121661,37.0919881305638,81.00890207715133,71.51335311572701,54.00593471810089,Above Average,Below Average,Above Average,Above Average,Average,2023-24
1629599,Amir Coffey,Amir,1610612746,LAC,27.0,70,46,24,0.657,1460.5966666666666,118.0,119,0.08,0.125,41,0.186,14,0.09,537.0,427.0,515.0,1660.0,2.41,2.4139482576141384,128,52,282,92,194,502,268,485,471,207,299,267,422,392,383,419,400,288,62,189,106,83,65,1,25,55,6,8,14,0.429,0.571,2,20,22,7,22,0.091,0.909,1.0,0.318,1629599,Amir Coffey,0.29457650273224045,0.11837978142076502,2975.0,4.761904761904762,56.57099697885196,20.089285714285708,26.726932275931517,8.264462809917356,25.0,18.305785123966942,19.921875,23.239436619718308,2.631578947368421,16.760447553743514,47.08029117876502,63.07340943118038,55.0768503049727,10.392902408111533,9.183673469387756,9.848749385685835,24.03560830860534,35.60830860534125,32.34421364985163,61.72106824925816,24.92581602373887,Below Average,Below Average,Below Average,Average,Below Average,2023-24
203083,Andre Drummond,Andre,1610612741,CHI,30.0,79,37,42,0.468,1351.2516666666668,113.3,443,0.331,0.49,73,0.329,48,0.316,441.0,381.0,356.0,1208.0,4.04,4.03984532622504,30,139,515,346,206,315,25,2,2,56,39,64,116,355,363,344,340,189,79,361,225,136,122,2,166,348,15,19,34,0.441,0.559,94,44,134,120,138,0.681,0.319,0.978,0.876,203083,Andre Drummond,0.31508522727272725,0.13828693181818183,2637.0,18.253968253968253,73.64048338368579,41.07142857142858,43.343613628734474,19.19191919191919,45.07575757575758,34.72222222222222,42.1875,45.774647887323944,5.263157894736842,34.21191623424759,38.76905398286505,51.6406822655336,45.20486812419932,51.457541191381495,21.428571428571427,37.94450479811697,75.07418397626114,71.51335311572701,76.26112759643917,42.13649851632047,88.4272997032641,Above Average,Above Average,Above Average,Average,Above Average,2023-24
1641748,Andre Jackson Jr.,Andre,1610612749,MIL,22.0,57,33,24,0.579,572.3283333333334,119.6,70,0.127,0.188,16,0.208,6,0.109,192.0,178.0,162.0,640.0,0.68,0.6814799405180398,241,173,282,210,345,533,338,246,256,341,221,370,385,218,245,218,240,444,47,78,46,32,37,1,20,52,14,10,24,0.583,0.417,6,19,23,5,25,0.24,0.76,0.92,0.2,1641748,Andre Jackson Jr.,0.213288256227758,0.07087544483985765,1167.7,1.5873015873015872,95.09063444108762,12.946428571428594,37.153249832158444,2.7548209366391188,5.681818181818182,4.511019283746556,8.984375,5.633802816901409,2.631578947368421,6.223475722757598,80.02265659031507,90.35527089664869,85.18896374348188,4.182509505703422,8.673469387755102,6.203441452626678,54.89614243323442,3.2640949554896146,8.30860534124629,98.51632047477746,13.353115727002967,Average,Poor,Poor,Elite,Poor,2023-24
1629614,Andrew Nembhard,Andrew,1610612754,IND,24.0,68,41,27,0.603,1696.685,114.0,105,0.06,0.093,63,0.23,6,0.028,546.0,503.0,463.0,1934.0,4.69,4.691861585095723,148,97,344,167,159,348,288,531,534,94,163,370,512,396,427,395,440,159,67,218,153,65,109,4,12,33,21,21,42,0.5,0.5,1,15,16,4,16,0.063,0.938,1.0,0.25,1629614,Andrew Nembhard,0.2708768768768769,0.11198498498498498,3492.5,1.5873015873015872,46.22356495468278,37.94642857142856,26.29977551191675,12.580348943985308,18.181818181818183,15.941230486685033,37.109375,38.732394366197184,10.526315789473683,31.031666975537437,56.68465304676711,66.74595730822915,61.71530517749813,8.61850443599493,6.63265306122449,7.724871317348232,23.14540059347181,29.821958456973295,70.32640949554896,74.1839762611276,18.694362017804153,Below Average,Below Average,Above Average,Above Average,Below Average,2023-24
203952,Andrew Wiggins,Andrew,1610612744,GSW,29.0,71,38,33,0.535,1920.4483333333333,116.3,213,0.105,0.158,42,0.175,41,0.229,741.0,592.0,595.0,2004.0,4.09,4.092766724875818,118,124,437,279,120,461,140,355,352,194,331,98,187,511,480,470,455,186,71,379,188,191,88,0,53,149,27,14,41,0.659,0.341,10,42,51,22,52,0.192,0.808,0.981,0.423,203952,Andrew Wiggins,0.3426521739130435,0.13938198757763975,3929.3,15.476190476190476,43.58006042296073,27.678571428571434,28.3631401956553,15.794306703397613,65.9090909090909,45.86317722681358,28.90625,23.943661971830984,0.0,19.942781690140844,27.597445926884628,51.01178895438059,39.30461744063261,22.306717363751584,20.408163265306122,21.45236801945113,27.89317507418398,90.80118694362018,42.13649851632047,29.673590504451035,66.76557863501483,Below Average,Elite,Average,Below Average,Average,2023-24
1629014,Anfernee Simons,Anfernee,1610612757,POR,25.0,46,11,35,0.239,1581.7433333333333,120.5,145,0.097,0.148,23,0.095,5,0.042,645.0,450.0,558.0,1802.0,1.46,1.4573065106154208,315,392,461,495,177,540,222,399,392,301,523,387,495,450,393,446,417,362,46,157,77,80,43,1,15,34,16,18,34,0.471,0.529,0,4,4,2,4,0.0,1.0,1.0,0.5,1629014,Anfernee Simons,0.39385603112840467,0.1428910505836576,3137.3,1.1904761904761905,51.20845921450151,8.928571428571425,20.63129405840886,5.601469237832874,23.863636363636363,16.558769513314967,11.328125,10.56338028169014,2.631578947368421,8.886327835433653,6.846891604418735,48.99652513439799,27.921708369408364,13.688212927756654,1.0204081632653061,7.987700783735549,10.385756676557865,32.047477744807125,14.391691394658753,7.71513353115727,19.287833827893174,Poor,Below Average,Poor,Poor,Below Average,2023-24
1641710,Anthony Black,Anthony,1610612753,ORL,20.0,69,39,30,0.565,1164.21,108.9,106,0.093,0.136,35,0.18,21,0.137,452.0,279.0,400.0,1204.0,5.03,5.033447370913162,138,117,395,236,235,124,284,425,433,239,319,202,328,360,306,368,339,140,60,211,111,100,78,2,16,34,14,14,28,0.5,0.5,5,10,14,3,15,0.333,0.667,0.933,0.2,1641710,Anthony Black,0.26560843373493975,0.09756626506024098,2350.3,7.5396825396825395,73.79154078549848,60.71428571428568,44.0214837193689,8.723599632690542,31.439393939393938,22.35307621671258,25.0,19.014084507042252,5.263157894736842,17.970719051148997,58.81970930145084,75.0266648774483,66.92318708944957,8.745247148288973,4.081632653061225,6.646620625436486,78.63501483679525,45.6973293768546,36.795252225519285,82.49258160237389,14.688427299703264,Above Average,Average,Below Average,Above Average,Poor,2023-24
203076,Anthony Davis,Anthony,1610612747,LAL,31.0,76,45,31,0.592,2700.2433333333333,114.0,722,0.252,0.366,91,0.219,178,0.525,911.0,802.0,882.0,2764.0,7.51,7.510920428654773,61,66,406,184,12,350,3,19,20,18,193,4,31,563,563,569,555,51,76,848,590,258,194,1,309,693,47,29,76,0.618,0.382,49,140,186,130,189,0.259,0.741,0.984,0.688,203076,Anthony Davis,0.3480394366197183,0.2043492957746479,5543.7,69.84126984126983,14.879154078549849,37.94642857142856,42.63081900685752,52.708907254361804,91.28787878787878,75.856290174472,70.3125,58.45070422535211,2.631578947368421,49.240641215715335,25.414237599940186,13.700898421335589,19.557568010637887,86.81875792141952,70.40816326530613,79.4339903261685,72.40356083086054,100.0,95.25222551928783,2.0771513353115725,99.40652818991099,Above Average,Elite,Elite,Poor,Elite,2023-24
1630162,Anthony Edwards,Anthony,1610612750,MIN,22.0,79,54,25,0.684,2770.383333333333,108.5,378,0.131,0.191,101,0.224,42,0.115,948.0,715.0,765.0,2666.0,12.02,12.016411569321075,30,18,311,67,8,117,40,230,249,12,175,90,371,569,544,551,544,2,78,238,138,100,160,0,17,40,32,40,72,0.444,0.556,3,14,15,11,17,0.176,0.824,0.882,0.647,1630162,Anthony Edwards,0.2970302267002519,0.1339571788413098,5524.8,15.873015873015872,18.580060422960727,62.499999999999986,28.4772274972426,11.202938475665748,31.439393939393938,23.34481175390266,57.03125,65.49295774647888,0.0,45.73503521126761,46.08591037896692,54.12727042561743,50.10659040229218,43.2192648922687,6.122448979591836,26.52569773156411,28.783382789317507,46.88427299703264,93.17507418397626,52.818991097922854,75.96439169139467,Below Average,Average,Elite,Average,Above Average,2023-24
1641709,Ausar Thompson,Ausar,1610612765,DET,21.0,63,10,53,0.159,1582.805,113.1,273,0.173,0.252,68,0.318,59,0.331,617.0,436.0,484.0,1658.0,4.88,4.875751776783851,191,403,555,535,176,305,87,117,131,74,45,48,109,429,389,404,399,148,63,302,173,129,130,2,28,64,33,20,53,0.623,0.377,7,17,24,17,24,0.292,0.708,1.0,0.708,1641709,Ausar Thompson,0.294189701897019,0.12740921409214093,3271.8,22.61904761904762,56.646525679758305,41.96428571428573,39.364974464105885,14.416896235078053,42.42424242424242,31.221303948576676,45.3125,42.25352112676056,5.263157894736842,34.229521868050405,47.23704366148287,57.8877832550797,52.562413458281284,29.911280101394173,7.653061224489796,19.895081606787205,62.908011869436194,63.50148367952523,76.55786350148368,57.27002967359051,62.01780415430267,Average,Average,Above Average,Average,Average,2023-24
1630559,Austin Reaves,Austin,1610612747,LAL,26.0,82,47,35,0.573,2628.95,115.6,295,0.107,0.157,66,0.175,25,0.082,908.0,772.0,891.0,2788.0,6.06,6.058093213138984,2,45,461,222,17,435,73,342,356,82,330,175,438,560,561,570,559,98,82,428,246,182,106,8,22,47,38,42,80,0.475,0.525,2,48,49,13,50,0.04,0.96,0.98,0.26,1630559,Austin Reaves,0.3561455525606469,0.1642830188679245,5393.7,9.126984126984127,13.972809667673717,30.80357142857145,16.242169891622314,21.120293847566572,62.5,45.948117539026626,35.9375,40.845070422535215,21.052631578947366,33.93393254262416,22.129203848108244,36.711063275330076,29.42013356171916,32.69961977186312,23.46938775510204,28.546015364320635,3.857566765578635,91.0979228486647,75.96439169139467,8.902077151335313,78.33827893175074,Poor,Elite,Above Average,Poor,Above Average,2023-24
1630245,Ayo Dosunmu,Ayo,1610612741,CHI,24.0,76,37,39,0.487,2212.4683333333332,114.9,162,0.072,0.108,68,0.199,36,0.158,715.0,635.0,611.0,2106.0,5.6,5.59522104813157,61,139,497,329,68,401,203,512,510,74,256,122,291,494,507,480,473,120,76,384,217,167,101,0,10,21,25,36,61,0.41,0.59,1,18,19,6,19,0.053,0.947,1.0,0.316,1630245,Ayo Dosunmu,0.31490106951871655,0.15912566844919784,4367.6,13.492063492063492,39.72809667673716,33.928571428571395,27.78380209082625,18.457300275482094,56.81818181818182,41.473829201101935,33.984375,42.25352112676056,0.0,28.382482394366193,38.843684600289635,39.672942753700184,39.25831367699491,15.842839036755388,8.16326530612245,12.387030857970565,26.112759643916917,82.7893175074184,64.39169139465875,29.080118694362017,34.718100890207715,Below Average,Above Average,Average,Below Average,Below Average,2023-24
1628389,Bam Adebayo,Bam,1610612748,MIA,26.0,71,40,31,0.563,2416.4733333333334,109.3,578,0.242,0.349,81,0.2,66,0.373,746.0,677.0,667.0,2268.0,9.93,9.9276592318447,118,110,406,241,39,142,10,23,31,29,243,36,81,516,529,512,494,11,71,476,316,160,157,2,244,573,33,30,63,0.524,0.476,22,198,204,102,220,0.1,0.9,0.976,0.488,1628389,Bam Adebayo,0.2988370786516854,0.1267050561797753,4759.3,25.396825396825395,33.610271903323266,58.92857142857143,36.654468182036155,27.548209366391184,54.166666666666664,43.519283746556475,55.859375,51.40845070422535,5.263157894736842,41.652497220163085,45.353676879190154,58.29218293724878,51.822929908219464,68.56780735107732,100.0,82.71229404309253,53.41246290801187,86.35014836795251,88.72403560830861,56.083086053412465,99.70326409495549,Average,Above Average,Above Average,Average,Elite,2023-24
1641767,Ben Sheppard,Ben,1610612754,IND,22.0,57,32,25,0.561,814.26,114.2,74,0.092,0.142,33,0.219,2,0.021,240.0,256.0,253.0,974.0,2.27,2.2681042407019922,241,183,311,246,301,359,334,429,414,250,195,451,517,250,286,280,298,296,50,121,77,44,47,0,6,15,8,6,14,0.571,0.429,0,11,11,6,11,0.0,1.0,1.0,0.545,1641767,Ben Sheppard,0.23598717948717948,0.07665705128205129,1710.9,0.0,82.4773413897281,37.05357142857141,38.130462343547684,5.601469237832874,10.227272727272728,8.376951331496787,12.890625,17.6056338028169,0.0,11.318221830985916,70.82383318576098,87.03487959436956,78.92935639006527,4.689480354879595,4.591836734693878,4.645540725796023,57.86350148367953,9.495548961424333,19.584569732937684,93.17507418397626,8.011869436201781,Average,Poor,Below Average,Elite,Poor,2023-24
1631097,Bennedict Mathurin,Bennedict,1610612754,IND,22.0,59,33,26,0.559,1538.39,117.9,174,0.113,0.178,35,0.139,14,0.084,582.0,532.0,457.0,1972.0,2.56,2.562727178994302,225,173,332,252,179,499,193,312,282,239,447,267,436,412,446,391,444,280,59,182,107,75,53,0,17,36,18,15,33,0.545,0.455,3,25,28,9,28,0.107,0.893,1.0,0.321,1631097,Bennedict Mathurin,0.3621732026143791,0.12276470588235294,3210.7,4.761904761904762,44.78851963746224,20.535714285714253,22.714672349302248,8.356290174471992,21.96969696969697,16.52433425160698,15.234375,19.014084507042252,0.0,12.748679577464788,19.686476157678293,60.55513614693321,40.12080615230575,17.363751584283904,11.73469387755102,14.830675616254107,14.540059347181009,31.750741839762615,23.14540059347181,30.56379821958457,43.32344213649852,Poor,Below Average,Below Average,Below Average,Average,2023-24
1641731,Bilal Coulibaly,Bilal,1610612764,WAS,19.0,63,11,52,0.175,1715.25,118.4,200,0.116,0.188,57,0.191,48,0.257,625.0,632.0,554.0,2182.0,2.59,2.5889603122960265,191,392,551,529,156,509,161,299,254,115,279,64,153,436,502,443,485,278,63,248,159,89,111,2,30,67,13,26,39,0.333,0.667,2,16,18,11,18,0.111,0.889,1.0,0.611,1641731,Bilal Coulibaly,0.31732102272727275,0.12973863636363636,3572.8,18.253968253968253,36.85800604229607,18.3035714285714,24.777782273533774,13.131313131313133,27.27272727272727,21.616161616161612,37.890625,34.50704225352113,5.263157894736842,28.5495042624166,37.86298952685469,56.5499901128204,47.20648981983754,20.659062103929024,7.142857142857142,14.576769871446677,19.287833827893174,42.72997032640949,64.68842729970326,47.47774480712167,41.839762611275965,Below Average,Average,Average,Average,Average,2023-24
202687,Bismack Biyombo,Bismack,1610612760,OKC,31.0,40,20,20,0.5,791.4616666666667,114.1,147,0.179,0.262,11,0.11,37,0.359,303.0,223.0,240.0,768.0,2.15,2.1454035931840814,349,297,237,300,303,356,221,99,111,377,498,117,94,288,267,271,259,303,37,235,189,46,24,0,102,232,12,5,17,0.706,0.294,15,40,54,29,55,0.273,0.727,1.0,0.537,202687,Bismack Biyombo,0.3170487804878049,0.11625853658536585,1604.2,13.88888888888889,90.25679758308158,37.500000000000014,46.5204347096341,15.886134067952252,10.984848484848484,12.945362718089992,3.90625,2.112676056338028,0.0,2.30193661971831,37.973316710902324,64.29164574177776,51.13248122634004,13.941698352344739,19.387755102040817,16.392423889707974,86.05341246290801,21.068249258160236,2.3738872403560833,54.89614243323442,48.07121661721068,Above Average,Below Average,Poor,Average,Average,2023-24
1631104,Blake Wesley,Blake,1610612759,SAS,21.0,61,19,42,0.311,875.925,112.4,76,0.084,0.125,29,0.22,9,0.092,308.0,262.0,261.0,966.0,2.87,2.8690664183723005,206,307,515,449,289,280,331,461,469,269,190,319,418,292,292,284,295,256,54,96,39,57,53,1,6,14,7,7,14,0.5,0.5,0,7,7,0,7,0.0,1.0,1.0,0.0,1631104,Blake Wesley,0.22297752808988763,0.08506460674157304,1817.1,2.7777777777777777,82.77945619335347,45.08928571428568,41.356242207356246,2.1120293847566574,15.151515151515152,9.935720844811755,15.234375,14.788732394366196,2.631578947368421,11.927701074870273,76.09604299019855,82.20639908461115,79.15122103740485,4.942965779467681,2.5510204081632653,3.866590362380694,69.43620178041543,13.353115727002967,20.77151335311573,93.47181008902076,5.044510385756676,Average,Poor,Below Average,Elite,Poor,2023-24
1626171,Bobby Portis Jr.,Bobby,1610612749,MIL,29.0,82,49,33,0.598,2008.1666666666667,116.0,465,0.228,0.34,68,0.231,34,0.179,563.0,577.0,536.0,2178.0,4.38,4.376075256705451,2,29,437,177,104,452,20,39,36,74,161,132,254,405,472,423,484,170,82,399,266,133,135,0,115,265,20,25,45,0.444,0.556,48,52,96,73,100,0.48,0.52,0.96,0.73,1626171,Bobby Portis Jr.,0.37140211640211646,0.11467460317460318,4090.3,12.698412698412698,37.00906344410876,29.017857142857135,25.28700157051743,22.95684113865932,43.93939393939394,35.54637281910009,47.265625,42.25352112676056,0.0,33.69498239436619,15.94642438610302,65.20130273297383,40.573863559538424,54.24588086185045,25.510204081632654,41.314826310752444,20.178041543026705,72.99703264094956,75.07418397626114,31.454005934718097,91.69139465875371,Below Average,Above Average,Above Average,Below Average,Elite,2023-24
203992,Bogdan Bogdanović,Bogdan,1610612737,ATL,31.0,79,35,44,0.443,2401.4083333333333,114.4,219,0.092,0.134,96,0.249,26,0.125,785.0,611.0,780.0,2496.0,6.37,6.374076032241108,30,155,528,364,43,373,135,428,445,17,124,173,352,531,491,555,525,88,79,508,227,281,183,0,43,109,19,21,40,0.475,0.525,2,49,48,17,51,0.039,0.961,0.96,0.34,203992,Bogdan Bogdanović,0.3755374331550802,0.22820588235294118,4894.9,9.523809523809524,25.0,36.16071428571425,21.599702380952372,19.375573921028465,100.0,67.75022956841138,66.015625,61.97183098591549,0.0,48.09639084507042,14.270571831439726,0.0,7.135285915719863,23.067173637515843,23.97959183673469,23.47776182716433,12.462908011869436,99.70326409495549,94.3620178041543,0.2967359050445104,70.62314540059347,Poor,Elite,Elite,Poor,Above Average,2023-24
202711,Bojan Bogdanovic,Bojan,1610612752,NYK,35.0,57,20,37,0.351,1478.0033333333333,121.3,130,0.092,0.136,30,0.174,5,0.042,593.0,424.0,396.0,1702.0,1.04,1.0435198503860978,241,297,475,422,191,548,251,430,434,263,333,387,497,421,381,366,404,403,57,180,94,86,42,0,17,37,17,12,29,0.586,0.414,0,24,21,5,24,0.0,1.0,0.955,0.227,202711,Bojan Bogdanovic,0.3181470588235294,0.11312745098039215,2978.5,1.1904761904761905,54.98489425981873,5.357142857142868,21.060189181412746,7.162534435261708,26.136363636363637,18.546831955922865,10.9375,15.492957746478872,0.0,9.797535211267604,37.528235314577316,66.08983617784305,51.809035746210185,11.787072243346007,11.224489795918368,11.53391014200357,10.979228486646884,35.90504451038576,16.320474777448073,55.78635014836796,32.047477744807125,Poor,Below Average,Below Average,Average,Below Average,2023-24
203078,Bradley Beal,Bradley,1610612756,PHX,31.0,53,33,20,0.623,1766.7333333333333,113.2,178,0.099,0.146,52,0.184,27,0.141,677.0,509.0,566.0,1850.0,5.35,5.349930079113684,278,173,237,135,147,308,188,389,396,135,305,170,320,474,430,451,427,128,53,228,104,124,104,6,21,45,21,15,36,0.583,0.417,1,9,9,4,10,0.1,0.9,1.0,0.444,203078,Bradley Beal,0.35593247588424437,0.2129742765273312,3574.6,9.920634920634921,49.39577039274924,41.51785714285712,31.636237891430483,8.080808080808081,40.53030303030303,27.55050505050505,35.15625,30.985915492957744,15.789473684210526,28.85493884358784,22.21555396681013,8.747550012053537,15.481551989431834,17.870722433460077,3.571428571428571,11.436040195545901,37.388724035608305,55.78635014836796,65.8753709198813,1.7804154302670623,31.454005934718097,Below Average,Average,Average,Poor,Below Average,2023-24
1641764,Brandin Podziemski,Brandin,1610612744,GSW,21.0,74,41,33,0.554,1968.2533333333333,111.6,309,0.149,0.215,61,0.216,14,0.074,684.0,587.0,576.0,1972.0,6.78,6.776200901479317,87,97,437,262,109,242,65,171,191,103,201,267,452,480,477,459,444,77,72,237,126,111,117,38,60,155,21,29,50,0.42,0.58,5,44,46,14,49,0.102,0.898,0.939,0.286,1641764,Brandin Podziemski,0.3459217877094972,0.15481843575418994,3957.5,4.761904761904762,44.78851963746224,48.6607142857143,29.745922349302262,10.1010101010101,35.60606060606061,25.404040404040405,40.234375,37.32394366197183,100.0,54.157130281690144,26.272422727725264,42.14659745856286,34.20951009314406,34.47401774397972,21.428571428571427,28.60356690204599,30.56379821958457,50.445103857566764,96.14243323442136,19.287833827893174,78.93175074183976,Below Average,Average,Elite,Below Average,Above Average,2023-24
1627742,Brandon Ingram,Brandon,1610612740,NOP,26.0,64,38,26,0.594,2102.68,112.6,281,0.133,0.189,50,0.149,40,0.188,689.0,555.0,611.0,2058.0,6.65,6.65305550425539,185,124,332,181,84,289,82,220,253,148,422,102,238,482,459,480,467,79,64,337,166,171,100,1,29,71,20,19,39,0.513,0.487,1,17,18,8,18,0.056,0.944,1.0,0.444,1627742,Brandon Ingram,0.33364264264264265,0.15887987987987987,4159.0,15.079365079365079,41.54078549848943,44.196428571428584,31.620128099074478,13.774104683195592,58.333333333333336,40.50964187327824,33.59375,29.577464788732392,2.631578947368421,24.447507412898442,31.248592114174627,39.814099754945914,35.53134593456027,30.925221799746517,7.653061224489796,20.45274954088099,37.0919881305638,81.89910979228486,54.3026706231454,21.66172106824926,63.50148367952523,Below Average,Above Average,Average,Below Average,Average,2023-24
1641706,Brandon Miller,Brandon,1610612766,CHA,21.0,74,18,56,0.243,2382.963333333333,119.1,255,0.112,0.166,66,0.193,42,0.189,851.0,704.0,654.0,2710.0,3.17,3.1652605428336114,87,316,563,491,44,521,96,315,325,82,270,90,235,549,538,504,550,236,74,413,221,192,126,11,38,89,23,26,49,0.469,0.531,1,28,29,12,29,0.034,0.966,1.0,0.414,1641706,Brandon Miller,0.36329213483146067,0.15454775280898875,4767.8,15.873015873015872,16.91842900302115,15.17857142857145,16.065299357406612,18.824609733700644,66.28787878787878,47.30257116620753,43.75,40.845070422535215,28.947368421052634,39.032616753150485,19.23302469881548,42.3020513632704,30.76753803104294,27.629911280101393,13.26530612244898,21.16583895915781,3.2640949554896146,92.28486646884274,84.27299703264094,13.056379821958458,65.57863501483679,Poor,Elite,Above Average,Poor,Average,2023-24
201572,Brook Lopez,Brook,1610612749,MIL,36.0,79,48,31,0.608,2411.1516666666666,111.9,292,0.11,0.157,43,0.147,189,0.659,774.0,685.0,757.0,2594.0,8.21,8.20748412202689,30,36,406,160,41,252,76,325,355,183,428,3,12,523,532,548,538,34,79,1234,1105,129,107,0,243,564,17,23,40,0.425,0.575,33,123,152,76,156,0.212,0.788,0.974,0.487,201572,Brook Lopez,0.3704494382022472,0.17860674157303372,4994.2,74.20634920634922,21.299093655589125,47.321428571428534,48.967579604853015,100.0,42.42424242424242,65.45454545454545,36.328125,24.647887323943664,0.0,23.15801056338028,16.332500783728115,28.484912851252137,22.408706817490128,32.31939163498099,61.73469387755102,45.55627764413751,92.28486646884274,99.10979228486647,48.96142433234421,3.5608308605341246,93.76854599406528,Elite,Elite,Average,Poor,Elite,2023-24
1628971,Bruce Brown,Bruce,1610612761,TOR,27.0,67,26,41,0.388,1865.3666666666666,121.4,231,0.126,0.193,59,0.2,17,0.081,714.0,645.0,556.0,2340.0,1.26,1.2586037455771395,166,241,507,398,131,549,123,254,244,108,243,240,440,491,516,444,510,375,67,268,128,140,115,0,21,43,19,12,31,0.613,0.387,4,20,23,14,24,0.167,0.833,1.0,0.609,1628971,Bruce Brown,0.35427761194029855,0.15652835820895522,3896.3,5.952380952380952,30.891238670694865,4.910714285714259,14.420564487124148,10.284664830119375,46.590909090909086,32.0684113865932,39.453125,35.91549295774648,0.0,28.351672535211268,22.8861937590568,41.164584638572244,32.02538919881452,24.58808618504436,9.183673469387756,17.65610046299889,2.0771513353115725,66.46884272997032,64.09495548961425,14.836795252225517,52.6706231454006,Poor,Average,Average,Poor,Average,2023-24
1628981,Bruno Fernando,Bruno,1610612737,ATL,25.0,45,20,25,0.444,682.3033333333333,113.9,134,0.201,0.311,25,0.236,28,0.491,267.0,185.0,208.0,694.0,1.87,1.8711898477717928,323,297,311,359,320,346,246,71,58,293,152,160,48,267,248,252,250,325,42,132,100,32,34,0,107,246,9,7,16,0.563,0.438,14,45,56,35,59,0.237,0.763,0.949,0.593,1628981,Bruno Fernando,0.29799250936329585,0.08982397003745318,1371.9,10.317460317460316,93.05135951661632,38.3928571428571,46.293174243514116,7.7134986225895315,5.681818181818182,6.494490358126722,7.8125,11.971830985915492,0.0,7.315140845070422,45.69594173677897,79.47308462434306,62.58451318056102,12.29404309252218,21.93877551020408,16.634172680479036,85.16320474777447,6.528189910979229,10.979228486646884,76.26112759643917,49.25816023738873,Above Average,Poor,Poor,Above Average,Average,2023-24
1631121,Bryce McGowens,Bryce,1610612766,CHA,21.0,59,11,48,0.186,881.595,116.3,85,0.098,0.153,21,0.186,10,0.114,307.0,263.0,219.0,924.0,1.88,1.8774999301745765,225,392,539,520,285,462,316,394,371,312,296,308,372,291,294,265,290,323,53,126,54,72,28,1,11,28,8,9,17,0.471,0.529,0,13,12,4,13,0.0,1.0,0.923,0.308,1631121,Bryce McGowens,0.23543288590604028,0.09630872483221477,1786.5,3.1746031746031744,84.3655589123867,27.678571428571434,37.717429746319475,3.489439853076217,20.833333333333336,13.89577594123049,5.46875,9.15492957746479,2.631578947368421,6.049620088954781,71.0484627291496,75.7488734326574,73.3986680809035,6.083650190114068,5.612244897959184,5.87151780864437,55.78635014836796,23.738872403560833,8.011869436201781,88.13056379821958,12.166172106824925,Average,Below Average,Poor,Above Average,Poor,2023-24
1627741,Buddy Hield,Buddy,1610612755,PHI,31.0,84,46,38,0.548,2159.8883333333333,115.7,208,0.098,0.151,70,0.21,42,0.153,725.0,632.0,645.0,2516.0,5.07,5.071425770913552,1,52,488,266,72,439,150,393,379,66,215,90,300,503,502,499,530,138,83,388,257,131,137,0,42,90,25,28,53,0.472,0.528,1,17,18,7,18,0.056,0.944,1.0,0.389,1627741,Buddy Hield,0.3880450704225352,0.15710140845070422,4394.2,15.873015873015872,24.244712990936556,30.35714285714284,22.42414161031985,22.130394857667586,43.18181818181818,34.76124885215794,48.046875,43.66197183098591,0.0,34.50044014084507,9.201805127548484,40.8354804254964,25.01864277652244,21.673003802281368,7.653061224489796,15.364029642275161,13.649851632047477,71.81008902077151,77.1513353115727,4.747774480712167,45.103857566765576,Poor,Above Average,Above Average,Poor,Average,2023-24
203468,CJ McCollum,CJ,1610612740,NOP,32.0,66,42,24,0.636,2158.536666666667,112.2,247,0.116,0.164,62,0.173,41,0.192,655.0,550.0,594.0,2116.0,7.06,7.059631679172989,170,88,282,108,73,272,101,296,334,100,339,98,228,456,456,469,475,69,66,316,152,164,97,1,19,39,31,27,58,0.534,0.466,0,29,27,15,29,0.0,1.0,0.931,0.517,203468,CJ McCollum,0.3530594900849858,0.14762606232294617,4282.0,15.476190476190476,39.35045317220544,45.98214285714283,31.458670515033802,12.48852157943067,55.68181818181818,38.40449954086317,32.421875,38.028169014084504,2.631578947368421,26.936503891771682,23.379842189168947,46.277195835090254,34.828519012129604,26.61596958174905,13.77551020408163,20.837762861798712,35.90504451038576,78.63501483679525,60.534124629080125,20.474777448071215,64.68842729970326,Below Average,Above Average,Average,Below Average,Average,2023-24
1630595,Cade Cunningham,Cade,1610612765,DET,22.0,62,9,53,0.145,2074.225,117.8,235,0.115,0.163,56,0.203,22,0.106,865.0,557.0,589.0,2302.0,3.52,3.517130623627761,200,412,555,541,90,495,115,303,337,119,237,193,389,551,462,464,499,215,62,339,184,155,102,1,12,25,22,15,37,0.595,0.405,1,30,30,9,31,0.032,0.968,0.968,0.29,1630595,Cade Cunningham,0.3513813813813814,0.15404504504504504,4250.8,7.936507936507936,32.3262839879154,20.982142857142865,19.73433828465928,15.426997245179063,52.27272727272727,37.53443526170799,34.375,33.80281690140845,2.631578947368421,26.238880652335062,24.059902007058987,42.5907577122196,33.3253298596393,25.09505703422053,14.285714285714285,20.23085279739272,8.30860534124629,77.1513353115727,58.45697329376854,16.913946587537094,62.61127596439169,Poor,Above Average,Average,Below Average,Average,2023-24
1631216,Caleb Houstan,Caleb,1610612753,ORL,21.0,59,31,28,0.525,815.335,111.2,56,0.067,0.101,15,0.143,4,0.047,284.0,225.0,252.0,820.0,2.87,2.870389225345412,225,193,361,292,300,228,362,520,520,348,434,410,488,277,270,279,271,256,49,106,61,45,32,0,13,29,9,10,19,0.474,0.526,5,26,30,11,31,0.161,0.839,0.968,0.355,1631216,Caleb Houstan,0.23303896103896102,0.08517532467532468,1595.6,0.7936507936507936,88.29305135951661,50.44642857142855,43.83163543614827,4.132231404958678,10.606060606060606,8.016528925619834,7.03125,4.929577464788732,0.0,4.537852112676056,72.0186097200159,82.14281349332076,77.08071160666833,2.4081115335868186,12.244897959183673,6.834665425105403,77.74480712166172,8.605341246290802,4.451038575667656,91.0979228486647,15.43026706231454,Above Average,Poor,Poor,Elite,Below Average,2023-24
1628997,Caleb Martin,Caleb,1610612748,MIA,28.0,64,36,28,0.563,1756.5533333333333,111.1,207,0.119,0.174,47,0.186,29,0.25,540.0,483.0,447.0,1588.0,6.27,6.267510293263833,185,146,361,243,151,217,153,284,296,162,297,155,162,393,415,385,386,91,64,223,117,106,86,9,28,68,13,14,27,0.481,0.519,1,31,31,9,32,0.031,0.969,1.0,0.29,1628997,Caleb Martin,0.30950308641975305,0.13043518518518518,3425.4,10.714285714285714,59.29003021148036,50.89285714285715,37.760439145446696,9.274563820018365,33.71212121212121,23.937098255280073,28.125,27.464788732394368,23.684210526315788,26.783728687916977,41.03123740623707,56.14996035088351,48.590598878560286,21.546261089987325,14.795918367346939,18.50860686479915,56.37982195845698,47.18100890207715,60.23738872403561,49.25816023738873,56.37982195845698,Average,Average,Average,Average,Average,2023-24
1629629,Cam Reddish,Cam,1610612747,LAL,24.0,48,27,21,0.563,984.0616666666666,112.5,72,0.071,0.105,47,0.253,14,0.125,396.0,308.0,327.0,1048.0,3.19,3.190928528356474,306,231,253,243,271,286,336,517,516,162,113,267,352,333,326,326,314,233,48,131,72,59,85,1,3,8,13,20,33,0.394,0.606,0,16,16,8,16,0.0,1.0,1.0,0.5,1629629,Cam Reddish,0.2656679841897233,0.11851383399209485,1996.2,4.761904761904762,79.68277945619336,44.64285714285713,40.95444900014386,5.142332415059688,15.909090909090908,11.60238751147842,27.734375,27.464788732394368,2.631578947368421,21.364320793180134,58.795576257299174,62.996422698108525,60.89599947770385,4.435994930291509,7.142857142857142,5.654082925946044,67.65578635014838,16.61721068249258,45.99406528189911,72.99703264094956,10.979228486646884,Average,Below Average,Average,Above Average,Poor,2023-24
1630560,Cam Thomas,Cam,1610612751,BKN,22.0,66,23,43,0.348,2074.85,116.7,186,0.089,0.135,45,0.16,16,0.072,674.0,597.0,742.0,2176.0,4.22,4.21839907177792,170,270,525,425,88,470,176,439,440,173,392,248,457,468,484,544,483,176,65,263,122,141,63,0,16,37,16,16,32,0.5,0.5,0,22,21,3,22,0.0,1.0,0.955,0.136,1630560,Cam Thomas,0.3372301369863014,0.16276986301369864,4090.6,5.555555555555555,37.08459214501511,25.892857142857125,21.67504375869179,9.73370064279155,46.96969696969697,32.0752984389348,19.140625,26.056338028169012,0.0,16.775968309859152,29.794746636351977,37.5800725355761,33.68740958596404,18.88466413181242,10.204081632653061,14.978402007190711,12.759643916913946,66.76557863501483,32.640949554896146,17.50741839762611,43.916913946587535,Poor,Average,Below Average,Below Average,Average,2023-24
1641715,Cam Whitmore,Cam,1610612745,HOU,19.0,47,19,28,0.404,880.3333333333334,111.6,136,0.148,0.221,30,0.185,17,0.177,285.0,248.0,258.0,898.0,3.16,3.1556853002976766,312,307,361,384,286,241,242,174,176,263,301,240,256,278,281,283,284,237,42,90,52,38,72,0,1,3,7,6,13,0.538,0.462,2,14,15,7,16,0.125,0.875,0.938,0.438,1641715,Cam Whitmore,0.24135761589403973,0.09872847682119205,1829.1,5.952380952380952,85.3474320241692,48.6607142857143,44.417732160840174,3.3057851239669422,7.954545454545454,6.095041322314049,22.65625,15.492957746478872,0.0,14.485035211267604,68.64744377964276,74.35920370362888,71.50332374163582,12.547528517110266,6.122448979591836,9.656242725226972,81.30563798219585,5.934718100890208,25.816023738872403,86.35014836795251,24.33234421364985,Above Average,Poor,Below Average,Above Average,Below Average,2023-24
1629661,Cameron Johnson,Cameron,1610612751,BKN,28.0,58,21,37,0.362,1599.0383333333334,114.9,196,0.124,0.184,49,0.224,15,0.085,456.0,478.0,505.0,1588.0,4.02,4.017234248365293,232,289,475,416,173,400,165,262,268,154,176,258,434,363,409,414,386,192,57,217,108,109,92,2,19,43,13,18,31,0.419,0.581,5,37,40,11,42,0.119,0.881,0.952,0.262,1629661,Cameron Johnson,0.31519148936170216,0.14010942249240121,3105.6,5.158730158730158,59.29003021148036,33.928571428571395,31.297145494653037,8.44811753902663,34.84848484848485,24.288337924701562,30.46875,28.87323943661972,5.263157894736842,23.608923276501113,38.72599087454456,50.594021230462026,44.66000605250329,20.15209125475285,17.857142857142858,19.119364475828355,35.311572700296736,47.774480712166174,50.14836795252226,40.35608308605341,59.05044510385756,Below Average,Average,Average,Average,Average,2023-24
1626166,Cameron Payne,Cameron,1610612755,PHI,29.0,78,46,32,0.59,1304.0766666666666,113.2,96,0.073,0.111,42,0.211,11,0.076,381.0,385.0,363.0,1362.0,4.0,3.9987574354234927,43,52,425,189,213,307,304,509,505,194,211,298,450,319,366,350,363,194,70,117,50,67,108,6,6,15,8,12,20,0.4,0.6,1,9,9,5,10,0.1,0.9,0.9,0.5,1626166,Cameron Payne,0.24989106145251397,0.1081927374301676,2644.1,3.571428571428571,67.82477341389728,41.51785714285712,35.54670640914975,3.1221303948576673,18.939393939393938,12.61248852157943,36.71875,23.943661971830984,15.789473684210526,27.015150111193474,65.18923310472894,68.92385473570044,67.0565439202147,7.477820025348543,3.571428571428571,5.719943871084556,48.96142433234421,19.881305637982198,61.12759643916914,82.7893175074184,11.275964391691394,Average,Below Average,Average,Above Average,Poor,2023-24
1627747,Caris LeVert,Caris,1610612739,CLE,29.0,68,38,30,0.559,1958.0833333333333,111.2,241,0.121,0.182,76,0.256,34,0.166,662.0,556.0,571.0,1890.0,7.11,7.113917870603481,148,124,395,253,111,225,111,276,271,42,109,132,279,460,460,456,435,63,68,262,137,125,146,0,16,40,17,21,38,0.447,0.553,0,24,22,10,24,0.0,1.0,0.917,0.417,1627747,Caris LeVert,0.28332386363636364,0.15563352272727274,3939.0,12.698412698412698,47.88519637462236,50.44642857142855,34.45079095334004,11.11111111111111,40.909090909090914,28.98989898989899,51.5625,47.88732394366197,0.0,37.38556338028169,51.64046518768804,41.67849093434944,46.65947806101874,25.85551330798479,11.224489795918368,19.2715527275549,44.80712166172107,57.86350148367953,82.19584569732937,45.99406528189911,60.534124629080125,Average,Average,Above Average,Average,Average,2023-24
1641717,Cason Wallace,Cason,1610612760,OKC,20.0,82,57,25,0.695,1691.9216666666666,110.0,135,0.077,0.121,76,0.224,37,0.163,558.0,546.0,400.0,1740.0,6.65,6.650455514399713,2,4,311,60,160,169,245,497,482,42,177,117,281,401,454,368,410,79,82,304,137,167,161,0,43,99,14,26,40,0.35,0.65,1,16,16,5,17,0.059,0.941,0.941,0.294,1641717,Cason Wallace,0.2809263959390863,0.12200761421319796,3486.5,13.88888888888889,53.54984894259819,55.803571428571416,38.24889554260778,11.11111111111111,56.81818181818182,38.535353535353536,57.421875,47.88732394366197,0.0,39.72931338028169,52.61204792372038,60.989935820419184,56.80099187206979,12.420785804816223,7.142857142857142,10.045717906934637,59.05044510385756,79.22848664688428,85.7566765578635,66.17210682492582,26.112759643916917,Average,Above Average,Above Average,Average,Below Average,2023-24
1626224,Cedi Osman,Cedi,1610612759,SAS,29.0,72,17,55,0.236,1268.7516666666668,119.2,155,0.122,0.185,36,0.199,11,0.071,485.0,406.0,405.0,1420.0,1.67,1.6664580640744768,108,331,560,497,218,526,212,271,262,230,255,298,458,375,374,372,371,338,70,188,109,79,68,4,16,35,13,14,27,0.481,0.519,3,25,25,8,28,0.107,0.893,0.893,0.286,1626224,Cedi Osman,0.324005698005698,0.15659544159544161,2669.3,3.571428571428571,65.6344410876133,14.732142857142842,28.08366152352179,8.539944903581267,23.484848484848484,17.506887052341597,21.09375,19.718309859154928,10.526315789473683,17.970487398072645,35.15399991090453,41.126058478889135,38.14002919489683,14.955640050697086,11.73469387755102,13.506214272781358,27.002967359050444,34.124629080118694,36.49851632047478,27.596439169139465,38.87240356083086,Below Average,Below Average,Below Average,Below Average,Below Average,2023-24
1631096,Chet Holmgren,Chet,1610612760,OKC,22.0,82,57,25,0.695,2412.7966666666666,109.2,519,0.198,0.307,53,0.133,190,0.509,674.0,817.0,608.0,2320.0,10.16,10.164850508551593,2,4,311,60,40,137,15,77,62,129,463,2,36,468,566,477,504,7,82,951,778,173,96,4,176,368,23,20,43,0.535,0.465,15,151,158,81,166,0.09,0.91,0.975,0.5,1631096,Chet Holmgren,0.3309265091863517,0.14544356955380577,5003.4,74.60317460317461,31.64652567975831,59.37499999999998,55.761303829185245,69.9724517906336,59.09090909090909,63.44352617079889,32.03125,31.690140845070424,10.526315789473683,26.53562824314307,32.34931533888756,47.53060698999955,39.93996116444355,61.08998732572877,76.0204081632653,67.80867670262022,98.81305637982196,98.81305637982196,59.34718100890207,30.267062314540063,98.21958456973294,Elite,Elite,Average,Below Average,Elite,2023-24
1629002,Chimezie Metu,Chimezie,1610612765,DET,27.0,51,24,27,0.471,858.9066666666666,112.0,153,0.177,0.267,43,0.295,16,0.203,339.0,245.0,265.0,892.0,2.84,2.840517435155882,284,257,344,342,294,257,215,107,107,183,67,248,215,305,279,289,280,259,48,172,108,64,75,1,29,64,6,1,7,0.857,0.143,6,23,27,12,29,0.207,0.793,0.931,0.414,1629002,Chimezie Metu,0.2654098360655738,0.0653016393442623,1736.4,5.555555555555555,85.57401812688822,46.874999999999986,43.891878566633096,8.44811753902663,17.803030303030305,14.061065197428833,23.828125,24.647887323943664,2.631578947368421,18.815905300222386,58.90019174848917,93.55632158614333,76.22825666731624,14.702154626109,10.714285714285714,12.907613615788522,78.04154302670622,24.92581602373887,39.02077151335311,90.20771513353115,37.68545994065282,Above Average,Below Average,Below Average,Elite,Below Average,2023-24
1628449,Chris Boucher,Chris,1610612761,TOR,31.0,50,16,34,0.32,704.8833333333333,113.6,145,0.202,0.309,14,0.125,24,0.343,214.0,241.0,206.0,704.0,2.01,2.013694329945427,291,343,446,446,318,331,222,67,59,354,476,183,100,234,277,248,252,311,47,152,87,65,34,4,20,44,10,11,21,0.476,0.524,16,13,29,18,29,0.552,0.448,1.0,0.621,1628449,Chris Boucher,0.24757638888888892,0.09438541666666667,1412.0,8.73015873015873,92.6737160120846,39.73214285714287,45.860899810578815,6.519742883379247,18.181818181818183,13.516988062442609,7.8125,4.225352112676056,10.526315789473683,7.235452186805041,66.12726280370666,76.85343420972501,71.49034850671583,13.688212927756654,5.612244897959184,10.054027314347794,83.97626112759644,22.551928783382788,10.385756676557865,86.05341246290801,26.409495548961427,Above Average,Below Average,Poor,Above Average,Below Average,2023-24
1630537,Chris Duarte,Chris,1610612758,SAC,27.0,59,35,24,0.593,719.5183333333333,113.5,80,0.113,0.166,28,0.246,8,0.138,283.0,170.0,178.0,726.0,2.11,2.1109347656199464,225,155,282,182,315,322,325,311,326,274,129,331,327,274,233,228,255,306,47,149,76,73,36,0,8,18,12,9,21,0.571,0.429,1,13,13,1,14,0.071,0.929,1.0,0.077,1630537,Chris Duarte,0.2728833333333333,0.11111,1453.1,2.380952380952381,91.8429003021148,40.178571428571416,43.14203891526398,5.5096418732782375,21.21212121212121,14.931129476584022,8.59375,14.084507042253522,0.0,8.367077464788732,55.871529076042684,67.24846341320483,61.55999624462376,5.4499366286438535,5.612244897959184,5.522975349835752,73.88724035608308,27.299703264094955,13.353115727002967,73.59050445103857,10.385756676557865,Above Average,Below Average,Poor,Above Average,Poor,2023-24
101108,Chris Paul,Chris,1610612744,GSW,39.0,58,33,25,0.569,1530.89,111.0,207,0.126,0.193,70,0.293,6,0.046,509.0,475.0,403.0,1508.0,5.5,5.501598025095671,232,173,311,229,181,213,153,249,245,66,68,370,489,385,407,370,379,121,58,117,34,83,115,2,37,97,13,28,41,0.317,0.683,0,20,20,9,20,0.0,1.0,1.0,0.45,101108,Chris Paul,0.3506303630363036,0.14326402640264027,3054.4,1.5873015873015872,62.311178247734134,51.3392857142857,35.27865445019901,1.6528925619834711,25.0,15.661157024793388,39.453125,43.66197183098591,5.263157894736842,32.37872961452928,24.364254995568412,48.78232417179482,36.573289583681614,21.546261089987325,9.183673469387756,15.983096660717521,48.367952522255194,29.080118694362017,72.70029673590504,23.44213649851632,46.58753709198813,Average,Below Average,Above Average,Below Average,Average,2023-24
1631128,Christian Braun,Christian,1610612743,DEN,23.0,82,57,25,0.695,1655.565,109.3,227,0.126,0.195,42,0.171,35,0.158,559.0,515.0,394.0,1642.0,6.92,6.921282045154422,2,4,311,60,167,141,131,256,238,194,343,128,292,403,434,365,393,74,82,277,176,101,65,3,20,47,19,21,40,0.475,0.525,8,26,34,18,34,0.235,0.765,1.0,0.529,1631128,Christian Braun,0.26503076923076924,0.1099974358974359,3284.6,13.095238095238097,57.250755287009056,58.92857142857143,40.00800244569126,14.692378328741965,31.818181818181817,24.967860422405877,19.921875,23.943661971830984,7.894736842105263,18.32271590066716,59.05380999866071,67.8874118103877,63.47061090452421,24.081115335868187,12.244897959183673,18.754817516360156,65.28189910979229,50.14836795252226,37.98219584569733,77.1513353115727,57.27002967359051,Average,Average,Below Average,Above Average,Average,2023-24
1626174,Christian Wood,Christian,1610612747,LAL,28.0,50,28,22,0.56,871.9433333333334,109.9,215,0.226,0.33,16,0.131,33,0.3,332.0,263.0,299.0,856.0,3.44,3.43892177092065,291,221,262,250,290,162,139,41,45,341,466,137,122,301,294,310,276,222,49,251,159,92,18,0,40,91,5,8,13,0.385,0.615,4,32,36,22,36,0.111,0.889,1.0,0.611,1626174,Christian Wood,0.2666677966101695,0.1259898305084746,1770.5,12.3015873015873,86.93353474320242,56.24999999999996,49.40987208075575,13.131313131313133,28.40909090909091,22.2979797979798,1.5625,5.633802816901409,0.0,2.596830985915493,58.39039854079464,58.7029388615577,58.54666870117617,22.56020278833967,15.306122448979592,19.295866635627636,92.87833827893175,45.40059347181009,2.6706231454005933,69.13946587537092,61.12759643916914,Elite,Average,Poor,Average,Average,2023-24
203991,Clint Capela,Clint,1610612737,ATL,30.0,73,33,40,0.452,1883.0866666666666,115.6,441,0.232,0.335,43,0.15,106,0.564,623.0,522.0,688.0,2078.0,4.41,4.406737329963749,99,173,501,356,128,433,26,35,40,183,421,11,22,434,440,524,469,167,73,626,511,115,86,14,229,523,33,18,51,0.647,0.353,54,122,173,123,176,0.307,0.693,0.989,0.703,203991,Clint Capela,0.31465361445783135,0.1412921686746988,3874.8,41.269841269841265,40.78549848942598,30.80357142857145,38.48375383637846,45.45454545454545,37.121212121212125,40.45454545454545,28.125,24.647887323943664,36.84210526315789,29.087286879169753,38.9439666876658,49.91476708617358,44.429366886919695,51.20405576679341,61.224489795918366,55.71325107989964,59.64391691394659,81.60237388724035,66.76557863501483,40.0593471810089,96.73590504451039,Average,Above Average,Average,Average,Elite,2023-24
1629632,Coby White,Coby,1610612741,CHI,24.0,79,37,42,0.468,2881.3566666666666,115.8,314,0.11,0.162,53,0.125,18,0.068,910.0,825.0,776.0,2728.0,6.54,6.539104101284248,30,139,515,346,3,441,62,330,338,129,475,228,463,562,569,553,554,82,79,489,214,275,88,10,29,60,29,43,72,0.403,0.597,0,19,19,9,19,0.0,1.0,1.0,0.474,1629632,Coby White,0.4107513513513514,0.19323243243243243,5665.7,6.349206349206349,16.238670694864048,29.910714285714292,15.70089585431353,18.181818181818183,97.72727272727273,65.9090909090909,28.90625,31.690140845070424,26.31578947368421,29.2329966641957,0.0,20.08534134722124,10.04267067361062,35.10773130544994,8.673469387755102,23.212313442487265,2.967359050445104,99.40652818991099,67.06231454005935,0.8902077151335311,70.02967359050444,Poor,Elite,Average,Poor,Above Average,2023-24
1630175,Cole Anthony,Cole,1610612753,ORL,24.0,81,47,34,0.58,1817.3116666666667,110.0,247,0.14,0.214,64,0.214,37,0.18,620.0,469.0,508.0,1764.0,7.09,7.088806177573689,18,45,446,207,139,168,101,195,193,90,206,117,251,431,401,416,411,64,78,207,109,98,125,1,12,28,25,26,51,0.49,0.51,2,9,11,4,11,0.182,0.818,1.0,0.364,1630175,Cole Anthony,0.3084892473118279,0.1335967741935484,3556.5,13.88888888888889,52.64350453172205,55.803571428571416,37.93167499880113,8.539944903581267,30.681818181818183,21.825068870523417,43.359375,39.436619718309856,2.631578947368421,31.804461638250555,41.44209949021556,54.334251732576455,47.88817561139601,26.61596958174905,3.571428571428571,16.245926127104834,57.27002967359051,43.32344213649852,70.91988130563797,47.774480712166174,47.774480712166174,Average,Average,Above Average,Average,Average,2023-24
1629012,Collin Sexton,Collin,1610612762,UTA,25.0,78,29,49,0.372,2074.7633333333333,120.4,134,0.064,0.096,62,0.207,18,0.08,833.0,580.0,795.0,2222.0,1.95,1.9548675273818683,43,213,543,411,89,539,246,526,530,100,224,228,444,546,474,558,490,317,78,169,75,94,130,1,44,110,36,25,61,0.59,0.41,1,6,7,1,7,0.143,0.857,1.0,0.143,1629012,Collin Sexton,0.31046965699208445,0.16816358839050133,4287.4,6.349206349206349,35.34743202416919,9.374999999999972,17.25503374814175,5.417814508723599,29.166666666666668,19.66712580348944,45.3125,38.028169014084504,2.631578947368421,32.09275389177168,40.63953107280008,34.48244231686774,37.560986694833915,12.29404309252218,2.0408163265306123,7.680091047825975,5.341246290801187,38.87240356083086,71.51335311572701,25.816023738872403,18.397626112759642,Poor,Below Average,Above Average,Below Average,Below Average,2023-24
1630557,Corey Kispert,Corey,1610612764,WAS,25.0,80,15,65,0.188,2067.435,119.4,195,0.091,0.141,42,0.134,16,0.085,801.0,696.0,643.0,2482.0,2.53,2.5337991368326573,23,347,572,517,91,529,168,434,418,194,459,248,432,536,536,498,523,283,80,359,216,143,67,2,27,62,14,14,28,0.5,0.5,0,37,34,5,37,0.0,1.0,0.919,0.135,1630557,Corey Kispert,0.35409018567639255,0.1594323607427056,4323.2,5.555555555555555,25.528700906344408,13.839285714285685,14.617088968014185,18.365472910927455,47.72727272727273,35.98255280073462,20.703125,23.943661971830984,5.263157894736842,17.977321163825053,22.962148952320472,39.49680858856445,31.229478770442462,20.025348542458808,17.857142857142858,19.049655984066632,2.3738872403560833,73.59050445103857,37.0919881305638,13.353115727002967,58.753709198813056,Poor,Above Average,Below Average,Poor,Average,2023-24
1641854,Craig Porter Jr.,Craig,1610612739,CLE,24.0,51,30,21,0.588,649.355,113.4,88,0.138,0.193,21,0.273,15,0.254,271.0,143.0,185.0,610.0,1.9,1.8989715669501819,284,201,253,191,327,317,311,204,242,312,84,258,155,269,212,234,233,322,39,109,52,57,39,0,2,5,11,5,16,0.688,0.313,0,5,5,1,5,0.0,1.0,1.0,0.2,1641854,Craig Porter Jr.,0.2229963768115942,0.08695652173913043,1279.8,5.158730158730158,96.22356495468279,40.624999999999964,45.89798979763103,3.3057851239669422,15.151515151515152,10.41322314049587,9.765625,9.15492957746479,0.0,7.110475352112676,76.08840447534925,81.11986748386151,78.60413597960539,6.4638783269961975,1.530612244897959,4.243908590051991,84.27299703264094,13.94658753709199,10.089020771513352,92.58160237388724,7.121661721068249,Above Average,Poor,Poor,Elite,Poor,2023-24
1626156,D'Angelo Russell,D'Angelo,1610612747,LAL,28.0,76,46,30,0.605,2484.1283333333336,113.9,208,0.079,0.116,69,0.181,36,0.12,783.0,792.0,809.0,2718.0,7.0,7.000926453568801,61,52,395,161,33,344,150,490,494,70,317,122,365,530,562,560,552,71,74,215,93,122,166,2,34,80,16,25,41,0.39,0.61,0,34,34,11,34,0.0,1.0,1.0,0.324,1626156,D'Angelo Russell,0.38406868131868127,0.17345054945054947,5120.9,13.492063492063492,16.61631419939577,38.3928571428571,20.81074965232819,7.07070707070707,39.77272727272727,26.69191919191919,59.375,42.95774647887324,5.263157894736842,40.101000741289845,10.813251659002937,31.446127117140687,21.12968938807181,21.673003802281368,16.3265306122449,19.267090866764956,10.682492581602373,53.11572700296736,86.35014836795251,3.2640949554896146,60.23738872403561,Poor,Average,Above Average,Poor,Average,2023-24
1630625,Dalano Banton,Dalano,1610612757,POR,24.0,54,24,30,0.444,1046.8466666666666,114.7,137,0.13,0.197,33,0.214,20,0.202,422.0,301.0,369.0,1074.0,2.71,2.7107196763266637,271,257,395,359,254,389,241,232,232,250,204,209,216,346,321,354,317,269,48,147,75,72,70,1,2,5,10,15,25,0.4,0.6,2,13,14,7,15,0.133,0.867,0.933,0.467,1630625,Dalano Banton,0.27040070921985815,0.11117730496453901,2087.7,7.142857142857142,78.70090634441088,34.82142857142855,39.1078172205438,5.417814508723599,20.833333333333336,14.66712580348944,21.875,17.6056338028169,2.631578947368421,15.56986656782802,56.87762176769786,67.20981000068186,62.04371588418986,12.67427122940431,5.612244897959184,9.496359380254004,62.01780415430267,26.706231454005934,28.486646884272997,74.77744807121661,23.44213649851632,Average,Below Average,Below Average,Above Average,Below Average,2023-24
1631207,Dalen Terry,Dalen,1610612741,CHI,21.0,59,27,32,0.458,680.71,110.7,84,0.124,0.176,27,0.223,18,0.254,218.0,176.0,184.0,580.0,2.56,2.5629407360495877,225,231,425,352,321,202,318,264,288,281,179,228,156,236,243,232,227,280,48,119,56,63,55,2,7,15,10,10,20,0.5,0.5,3,12,13,10,15,0.2,0.8,0.867,0.667,1631207,Dalen Terry,0.19264935064935065,0.07976298701298701,1344.5,6.349206349206349,97.35649546827794,52.67857142857141,49.78409881072267,3.6730945821854912,17.424242424242426,11.923783287419651,16.015625,13.380281690140844,5.263157894736842,12.405138065233507,88.38665013790478,85.25113279500697,86.81889146645588,5.9569074778200255,5.1020408163265305,5.572217480147954,93.47181008902076,17.804154302670625,22.8486646884273,99.10979228486647,10.682492581602373,Elite,Below Average,Below Average,Elite,Poor,2023-24
203081,Damian Lillard,Damian,1610612749,MIL,33.0,73,48,25,0.658,2578.4283333333333,112.4,284,0.102,0.147,72,0.207,18,0.064,811.0,719.0,789.0,2786.0,8.39,8.393187232285443,99,36,311,91,25,282,78,377,393,58,225,228,470,539,546,557,558,27,71,196,68,128,180,5,10,24,24,28,52,0.462,0.538,0,11,11,6,11,0.0,1.0,1.0,0.545,203081,Damian Lillard,0.32884873949579835,0.13777310924369748,5358.5,6.349206349206349,14.04833836858006,45.08928571428568,18.72892239725698,4.775022956841139,42.04545454545455,27.137281910009182,64.84375,45.07042253521127,13.157894736842104,45.00162157153447,33.19133926400048,51.93577187847951,42.563555571239995,31.305449936628644,4.591836734693878,19.284323995758,7.121661721068249,54.59940652818991,92.87833827893175,34.124629080118694,60.83086053412463,Poor,Average,Elite,Below Average,Average,2023-24
1629655,Daniel Gafford,Daniel,1610612742,DAL,25.0,74,30,44,0.405,1814.355,116.0,367,0.186,0.293,65,0.228,153,0.577,577.0,641.0,580.0,2010.0,4.07,4.070588352219041,87,201,528,383,141,451,42,93,76,87,167,7,19,408,512,460,457,188,74,653,533,120,115,5,277,613,21,24,45,0.467,0.533,48,119,159,84,167,0.287,0.713,0.964,0.509,1629655,Daniel Gafford,0.34550154798761606,0.15328173374613002,3816.8,59.92063492063492,43.353474320241695,29.017857142857135,46.39643426605284,47.474747474747474,39.015151515151516,42.398989898989896,39.453125,40.140845070422536,13.157894736842104,33.120019458858415,26.44272644411671,43.02912933491469,34.7359278895157,41.825095057034225,59.693877551020414,49.866047179328014,85.45994065281899,84.56973293768546,73.88724035608308,20.178041543026705,95.25222551928783,Above Average,Above Average,Above Average,Below Average,Elite,2023-24
1628464,Daniel Theis,Daniel,1610612746,LAC,32.0,60,38,22,0.633,1014.84,113.2,159,0.15,0.238,21,0.127,51,0.392,317.0,326.0,338.0,1100.0,3.08,3.0788936157432976,215,124,262,117,262,312,207,169,143,312,473,58,74,296,336,335,324,244,60,316,216,100,64,0,126,290,9,11,20,0.45,0.55,30,54,82,46,84,0.357,0.643,0.976,0.548,1628464,Daniel Theis,0.3141050955414013,0.11570382165605096,2047.2,19.444444444444446,77.7190332326284,41.51785714285712,45.358903694912,18.365472910927455,31.439393939393938,26.209825528007347,19.53125,9.15492957746479,0.0,11.016725352112676,39.166256026619486,64.61021993823287,51.888237982426176,15.462610899873258,26.53061224489796,20.44321150513437,83.08605341246292,52.22551928783383,18.694362017804153,56.37982195845698,63.20474777448071,Above Average,Average,Below Average,Average,Average,2023-24
201568,Danilo Gallinari,Danilo,1610612749,MIL,35.0,49,15,34,0.306,629.29,117.5,88,0.146,0.218,14,0.167,6,0.15,203.0,196.0,141.0,722.0,1.11,1.1106859712991703,302,347,446,450,330,489,311,181,180,354,361,370,305,223,256,206,254,392,46,108,82,26,30,1,61,146,6,7,13,0.462,0.538,3,30,31,17,33,0.091,0.909,0.969,0.531,201568,Danilo Gallinari,0.25930708661417323,0.08070866141732283,1269.7,1.5873015873015872,91.99395770392749,22.321428571428566,38.41316297415239,6.0606060606060606,3.4090909090909087,4.469696969696969,6.25,4.225352112676056,2.631578947368421,4.636767976278724,61.37335375023179,84.70802957649157,73.04069166336168,6.4638783269961975,14.285714285714285,9.983704508419336,59.34718100890207,2.967359050445104,5.044510385756676,87.83382789317507,25.519287833827892,Average,Poor,Poor,Above Average,Below Average,2023-24
203957,Dante Exum,Dante,1610612742,DAL,28.0,55,36,19,0.655,1087.6216666666667,110.5,124,0.108,0.16,22,0.158,5,0.045,287.0,306.0,320.0,1092.0,4.13,4.134043356739276,258,146,226,95,247,187,258,341,343,306,396,387,490,280,325,319,322,184,51,117,73,44,48,3,36,85,12,12,24,0.5,0.5,0,7,7,2,7,0.0,1.0,1.0,0.286,203957,Dante Exum,0.30474333333333337,0.10805333333333332,2242.7,1.1904761904761905,78.02114803625378,53.571428571428555,41.17644943173643,5.234159779614325,10.227272727272728,8.230027548209367,13.28125,9.859154929577464,7.894736842105263,10.736888435878427,42.96014511656569,69.00391486349686,55.98202999003128,11.02661596958175,2.5510204081632653,7.212597966943433,68.5459940652819,9.198813056379821,17.804154302670625,64.39169139465875,16.61721068249258,Average,Poor,Below Average,Average,Below Average,2023-24
203967,Dario Saric,Dario,1610612744,GSW,30.0,64,35,29,0.547,1097.7516666666668,115.3,210,0.192,0.28,31,0.193,10,0.13,407.0,277.0,319.0,1168.0,2.61,2.613128081680002,185,155,381,269,245,424,147,84,93,259,272,308,346,342,303,318,332,277,62,307,226,81,81,2,57,136,21,3,24,0.875,0.125,15,55,68,33,70,0.214,0.786,1.0,0.485,203967,Dario Saric,0.324034375,0.12567187500000002,2202.6,3.1746031746031744,75.1510574018127,32.142857142857146,35.60842564619,19.28374655647383,24.242424242424242,22.258953168044076,26.171875,16.19718309859155,5.263157894736842,17.453553558191253,35.142378451888945,58.88554151973001,47.01395998580948,21.926489226869457,27.040816326530614,24.22793642171698,50.14836795252226,45.103857566765576,35.01483679525222,46.88427299703264,71.81008902077151,Average,Average,Below Average,Average,Above Average,2023-24
1629636,Darius Garland,Darius,1610612739,CLE,24.0,57,31,26,0.544,1900.4383333333333,111.4,122,0.064,0.096,74,0.243,7,0.04,691.0,538.0,541.0,1804.0,6.65,6.646641267499311,241,193,332,274,123,231,260,527,531,50,134,343,498,484,450,429,418,79,57,152,71,81,114,3,14,36,21,24,45,0.467,0.533,0,15,14,0,15,0.0,1.0,0.933,0.0,1629636,Darius Garland,0.3089006211180124,0.16972670807453416,3755.4,1.984126984126984,51.13293051359516,49.55357142857139,31.078569330551947,5.05050505050505,24.242424242424242,16.565656565656564,39.0625,46.478873239436616,7.894736842105263,33.86628984432913,41.275388719263916,33.58473870193357,37.430063710598745,10.773130544993663,6.63265306122449,8.909915677297535,34.718100890207715,32.34421364985163,75.66765578635015,25.519287833827892,21.958456973293767,Below Average,Below Average,Above Average,Below Average,Below Average,2023-24
1631223,David Roddy,David,1610612756,PHX,23.0,65,25,40,0.385,1176.9816666666666,113.6,158,0.134,0.205,27,0.158,11,0.076,436.0,371.0,325.0,1232.0,3.44,3.4416186519369933,181,247,501,400,229,330,209,218,213,281,398,298,450,354,359,323,343,222,55,146,77,69,57,0,13,31,12,10,22,0.545,0.455,8,20,26,13,28,0.286,0.714,0.963,0.481,1631223,David Roddy,0.2885865384615385,0.09813141025641026,2402.5,3.571428571428571,72.73413897280967,39.73214285714287,36.81855578334053,5.601469237832874,19.696969696969695,14.058769513314967,16.796875,13.380281690140844,0.0,11.401848591549296,49.50774656491008,74.70210055217863,62.10492355854436,15.335868187579212,9.183673469387756,12.567380564393059,54.00593471810089,24.629080118694365,20.178041543026705,75.07418397626114,35.311572700296736,Average,Below Average,Below Average,Above Average,Below Average,2023-24
1630558,Davion Mitchell,Davion,1610612758,SAC,25.0,72,41,31,0.569,1101.1,112.1,76,0.071,0.102,17,0.1,3,0.037,386.0,265.0,257.0,1074.0,3.64,3.6373664223444377,108,97,406,227,244,262,331,515,518,334,509,428,503,325,297,282,317,210,61,132,50,82,41,5,9,23,9,13,22,0.409,0.591,0,12,12,3,12,0.0,1.0,1.0,0.25,1630558,Davion Mitchell,0.26573563218390805,0.10762068965517241,2204.7,0.3968253968253968,78.70090634441088,46.428571428571445,39.31119023641683,3.1221303948576673,24.62121212121212,16.02157943067034,10.546875,6.338028169014084,13.157894736842104,9.726533543365456,58.768161655070436,69.25238322956685,64.01027244231864,4.942965779467681,5.1020408163265305,5.014549546054163,62.31454005934718,30.267062314540063,16.023738872403563,78.33827893175074,8.902077151335313,Average,Below Average,Below Average,Above Average,Poor,2023-24
202722,Davis Bertans,Davis,1610612766,CHA,31.0,43,20,23,0.465,674.0716666666667,114.2,52,0.081,0.118,26,0.248,12,0.218,240.0,174.0,159.0,670.0,1.82,1.8153696074629468,330,297,272,350,323,364,376,480,488,287,126,286,200,250,241,216,246,328,38,104,51,53,44,3,14,31,2,3,5,0.4,0.6,0,15,14,3,15,0.0,1.0,0.933,0.2,202722,Davis Bertans,0.2717572016460906,0.11686831275720165,1315.4,3.968253968253968,93.95770392749245,37.05357142857141,43.735890819066796,3.213957759412305,13.636363636363635,9.467401285583103,11.71875,12.676056338028168,7.894736842105263,11.097803928836173,56.327898147069824,63.94144973353261,60.13467394030121,1.9011406844106464,6.63265306122449,4.030321253976876,76.8545994065282,12.166172106824925,18.991097922848667,72.10682492581603,5.637982195845697,Above Average,Poor,Below Average,Above Average,Poor,2023-24
1630549,Day'Ron Sharpe,Day'Ron,1610612751,BKN,22.0,61,25,36,0.41,920.575,108.0,228,0.235,0.351,24,0.171,44,0.454,314.0,239.0,270.0,868.0,4.22,4.217415556102631,206,247,469,378,279,108,130,33,29,298,343,83,53,295,274,292,277,176,61,271,206,65,62,1,143,312,21,9,30,0.7,0.3,57,62,116,86,119,0.479,0.521,0.975,0.723,1630549,Day'Ron Sharpe,0.2896303724928367,0.09933237822349571,1809.3,16.666666666666664,86.48036253776435,64.73214285714283,53.117829269169896,17.447199265381084,18.181818181818183,17.887970615243344,18.75,11.267605633802818,2.631578947368421,12.10155670867309,49.08472892623902,74.01238159048582,61.54855525836242,24.20785804816223,30.612244897959183,27.089832130570862,97.03264094955489,35.01483679525222,21.958456973293767,73.29376854599407,77.44807121661721,Elite,Below Average,Below Average,Above Average,Above Average,2023-24
1628368,De'Aaron Fox,De'Aaron,1610612758,SAC,26.0,74,42,32,0.568,2658.7633333333333,112.3,273,0.104,0.148,150,0.35,31,0.132,862.0,576.0,664.0,2678.0,8.78,8.775846429570326,87,88,425,232,14,278,87,364,391,1,20,145,342,550,471,507,546,20,74,306,109,197,270,3,28,71,32,38,70,0.457,0.543,0,15,15,8,15,0.0,1.0,1.0,0.533,1628368,De'Aaron Fox,0.3839810298102981,0.200029810298103,5447.4,11.507936507936508,18.12688821752266,45.535714285714285,22.331514050736104,8.539944903581267,68.18181818181817,44.32506887052341,100.0,100.0,7.894736842105263,76.97368421052632,10.848772760050101,16.181589929835955,13.515181344943027,29.911280101394173,6.63265306122449,19.43589793331782,13.353115727002967,88.4272997032641,100.0,1.1869436201780417,61.42433234421365,Poor,Above Average,Elite,Poor,Average,2023-24
1629631,De'Andre Hunter,De'Andre,1610612737,ATL,26.0,57,26,31,0.456,1681.0933333333332,117.9,191,0.116,0.175,40,0.149,16,0.1,583.0,486.0,564.0,1856.0,2.77,2.7703914667890044,241,241,406,353,165,498,171,293,294,210,423,248,400,413,418,450,429,263,57,268,117,151,77,3,36,87,15,8,23,0.652,0.348,2,26,26,6,28,0.071,0.929,0.929,0.214,1629631,De'Andre Hunter,0.33518902439024395,0.12431707317073172,3449.3,5.555555555555555,49.16918429003021,20.535714285714253,24.565365295161357,9.274563820018365,50.75757575757576,34.164370982552796,24.609375,22.535211267605636,7.894736842105263,19.704758154188287,30.621915137049477,59.66360766020351,45.14276139862649,19.518377693282638,12.244897959183673,16.245311812938105,18.991097922848667,70.32640949554896,41.839762611275965,41.54302670623146,47.47774480712167,Below Average,Above Average,Average,Average,Average,2023-24
201942,DeMar DeRozan,DeMar,1610612741,CHI,34.0,79,37,42,0.468,2988.568333333333,114.6,297,0.101,0.15,90,0.195,45,0.154,930.0,829.0,784.0,2804.0,7.84,7.839976612906228,30,139,515,346,1,384,70,383,386,19,267,79,297,566,572,556,562,40,78,320,129,191,137,5,15,33,26,23,49,0.531,0.469,0,50,49,11,50,0.0,1.0,1.0,0.224,201942,DeMar DeRozan,0.35655968169761276,0.16080636604774537,5894.8,17.063492063492063,13.36858006042296,35.26785714285716,20.321364132259152,10.376492194674013,65.9090909090909,43.69605142332414,48.046875,57.74647887323944,13.157894736842104,42.719491289844335,21.96137646906954,38.70771384305484,30.33454515606219,32.953105196451205,24.489795918367346,29.144616021313468,9.198813056379821,87.24035608308606,90.20771513353115,10.979228486646884,79.52522255192879,Poor,Above Average,Elite,Poor,Above Average,2023-24
1629731,Dean Wade,Dean,1610612739,CLE,27.0,54,36,18,0.667,1108.08,103.5,181,0.154,0.223,40,0.215,25,0.21,382.0,250.0,312.0,1088.0,6.51,6.514584428310625,271,146,215,76,242,51,183,157,173,210,203,175,209,322,283,312,320,83,52,219,158,61,81,1,22,55,7,11,18,0.389,0.611,2,48,45,14,50,0.04,0.96,0.938,0.292,1629731,Dean Wade,0.26746801346801347,0.07222222222222222,2244.4,9.126984126984127,78.17220543806647,84.82142857142854,52.21642269697405,13.039485766758494,16.666666666666664,15.215794306703396,26.171875,22.535211267605636,2.631578947368421,19.013968680504078,58.06610767128837,89.5818132164658,73.82396044387708,18.250950570342205,23.46938775510204,20.599247303484134,96.73590504451039,27.89317507418398,40.35608308605341,89.02077151335311,64.09495548961425,Elite,Below Average,Average,Above Average,Average,2023-24
1629028,Deandre Ayton,Deandre,1610612757,POR,25.0,55,14,41,0.255,1783.4983333333332,115.3,433,0.25,0.374,56,0.2,42,0.275,714.0,496.0,607.0,1994.0,4.27,4.267539672645798,258,361,507,472,143,422,28,20,17,119,243,90,142,491,423,475,451,175,55,476,344,132,87,0,210,473,24,21,45,0.533,0.467,26,46,70,51,72,0.361,0.639,0.972,0.708,1629028,Deandre Ayton,0.3437903225806452,0.1602741935483871,3547.2,15.873015873015872,43.957703927492446,32.142857142857146,29.770117009542993,30.11937557392103,43.56060606060606,38.18411386593205,28.515625,33.80281690140845,0.0,23.237235915492956,27.136206929697792,39.01334186458287,33.07477439714033,50.19011406844106,22.448979591836736,37.70660355396912,30.86053412462908,78.04154302670622,49.25816023738873,16.320474777448073,88.13056379821958,Below Average,Above Average,Average,Below Average,Above Average,2023-24
1627749,Dejounte Murray,Dejounte,1610612737,ATL,27.0,78,34,44,0.436,2783.3433333333332,119.5,354,0.13,0.191,111,0.262,24,0.094,981.0,809.0,977.0,3158.0,3.3,3.303399620994278,43,165,528,368,7,531,46,236,250,6,103,183,414,570,565,572,572,227,78,280,135,145,235,0,12,30,26,33,59,0.441,0.559,0,19,19,9,19,0.0,1.0,1.0,0.474,1627749,Dejounte Murray,0.35707506702412867,0.15339142091152816,5734.5,8.73015873015873,0.0,13.392857142857139,6.840277777777777,10.927456382001836,48.484848484848484,33.461891643709826,86.328125,72.53521126760563,0.0,59.91857394366197,21.752514641143385,42.9661357165145,32.35932517882894,40.17743979721166,8.673469387755102,26.00065311295621,0.2967359050445104,69.43620178041543,97.92284866468842,15.727002967359049,75.07418397626114,Poor,Average,Elite,Below Average,Above Average,2023-24
1626153,Delon Wright,Delon,1610612748,MIA,32.0,47,16,31,0.34,741.5666666666667,109.7,67,0.089,0.134,54,0.406,11,0.177,261.0,218.0,197.0,786.0,3.09,3.0876851933669944,312,343,406,429,310,152,344,437,444,126,12,298,255,262,265,241,265,243,43,81,43,38,81,1,10,23,8,12,20,0.4,0.6,0,7,6,1,7,0.0,1.0,0.857,0.143,1626153,Delon Wright,0.26966791044776117,0.11007462686567164,1500.3,3.571428571428571,89.57703927492447,57.14285714285712,47.06624946050927,2.479338842975207,7.954545454545454,5.764462809917355,26.171875,32.3943661971831,2.631578947368421,22.464672905856194,57.17459120622822,67.84308084076757,62.50883602349789,3.802281368821293,2.5510204081632653,3.239213936525181,87.83382789317507,4.747774480712167,47.774480712166174,75.96439169139467,4.599406528189911,Above Average,Poor,Average,Above Average,Poor,2023-24
1630166,Deni Avdija,Deni,1610612764,WAS,23.0,75,14,61,0.187,2256.6433333333334,116.2,456,0.192,0.293,59,0.169,36,0.163,831.0,768.0,712.0,2792.0,4.92,4.915426201943857,76,361,569,519,59,457,23,83,78,108,353,122,282,544,560,535,560,147,75,469,304,165,96,0,20,48,25,21,46,0.543,0.457,7,34,41,23,41,0.171,0.829,1.0,0.561,1630166,Deni Avdija,0.3692794520547945,0.16767671232876713,4774.1,13.492063492063492,13.821752265861026,28.12499999999998,17.26568868987675,26.446280991735538,56.060606060606055,44.21487603305785,32.03125,35.91549295774648,0.0,25.382922535211268,16.806642038499948,34.7620564789235,25.78434925871172,53.10519645120405,16.3265306122449,36.55479682367243,5.637982195845697,87.53709198813057,56.97329376854599,5.637982195845697,87.24035608308606,Poor,Above Average,Average,Poor,Above Average,2023-24
203471,Dennis Schröder,Dennis,1610612751,BKN,30.0,80,30,50,0.375,2485.945,115.4,203,0.082,0.121,63,0.183,17,0.071,778.0,722.0,740.0,2644.0,5.92,5.923448082468043,23,201,544,407,32,426,157,477,483,94,307,240,459,526,547,543,542,104,79,267,137,130,107,3,25,56,28,39,67,0.418,0.582,1,21,19,0,22,0.045,0.955,0.95,0.0,203471,Dennis Schröder,0.33740374331550804,0.12112566844919787,4929.9,5.952380952380952,19.410876132930515,31.696428571428537,17.098866170335196,11.11111111111111,42.803030303030305,30.12626262626263,36.328125,38.732394366197184,7.894736842105263,30.06127223869533,29.724392023226347,61.49643951850846,45.610415770867405,21.039290240811155,9.693877551020408,15.93385453040532,5.044510385756676,62.01780415430267,67.95252225519289,43.32344213649852,46.29080118694362,Poor,Average,Average,Average,Average,2023-24
1628372,Dennis Smith Jr.,Dennis,1610612751,BKN,26.0,56,19,37,0.339,1058.6583333333333,109.9,114,0.108,0.166,68,0.376,12,0.133,331.0,292.0,277.0,988.0,4.21,4.211044716550051,252,307,475,430,250,166,273,335,327,74,17,286,338,300,309,299,300,178,54,141,70,71,132,2,19,47,22,17,39,0.564,0.436,0,8,8,2,8,0.0,1.0,1.0,0.25,1628372,Dennis Smith Jr.,0.2725484949832776,0.11808361204013379,2071.6,3.968253968253968,81.94864048338368,56.24999999999996,44.33182575648587,4.958677685950414,20.454545454545457,14.25619834710744,46.09375,42.25352112676056,5.263157894736842,34.542021868050405,56.00722356762859,63.24350026065515,59.62536191414188,9.759188846641319,3.061224489795918,6.745104886060888,80.1186943620178,25.816023738872403,77.44807121661721,70.91988130563797,15.133531157270031,Above Average,Below Average,Above Average,Above Average,Below Average,2023-24
1641726,Dereck Lively II,Dereck,1610612742,DAL,20.0,55,35,20,0.636,1294.2816666666668,115.6,243,0.179,0.265,36,0.205,77,0.517,388.0,352.0,454.0,1362.0,2.97,2.9689487196937483,258,155,237,108,215,436,109,100,108,230,233,23,33,326,346,389,363,247,55,525,392,133,68,0,155,355,16,13,29,0.552,0.448,30,50,78,55,80,0.375,0.625,0.975,0.688,1641726,Dereck Lively II,0.3448682432432433,0.17168581081081083,2664.6,29.761904761904763,67.82477341389728,30.80357142857145,43.344325456768814,34.52708907254362,43.93939393939394,40.17447199265381,21.09375,19.718309859154928,0.0,15.338908450704224,26.69937555641914,32.45962101174775,29.579498284083446,26.108998732572875,24.489795918367346,25.380357466180385,75.37091988130564,81.00890207715133,27.74480712166172,9.495548961424333,74.1839762611276,Above Average,Above Average,Below Average,Poor,Above Average,2023-24
1627884,Derrick Jones Jr.,Derrick,1610612742,DAL,27.0,76,47,29,0.618,1782.8566666666666,112.3,168,0.089,0.135,53,0.202,51,0.244,578.0,515.0,600.0,1894.0,5.87,5.869689983892832,61,45,381,141,144,274,196,442,439,129,239,58,176,409,434,473,437,108,76,270,157,113,122,1,50,118,30,15,45,0.667,0.333,3,30,31,12,33,0.091,0.909,0.969,0.375,1627884,Derrick Jones Jr.,0.29042241379310346,0.11262068965517241,3674.9,19.444444444444446,47.73413897280967,45.535714285714285,35.86865498968973,12.947658402203857,36.36363636363637,26.997245179063363,42.1875,31.690140845070424,2.631578947368421,28.624444032616754,48.763751231966964,66.38087049735523,57.5723108646611,16.603295310519645,14.285714285714285,15.560383849357233,51.038575667655785,54.00593471810089,64.98516320474778,67.65578635014838,45.99406528189911,Average,Average,Average,Average,Average,2023-24
1628401,Derrick White,Derrick,1610612738,BOS,29.0,73,58,15,0.795,2380.985,109.9,259,0.1,0.146,74,0.224,87,0.255,624.0,686.0,625.0,2374.0,9.49,9.49401446367376,99,3,168,20,45,163,94,388,401,50,174,16,154,435,533,492,512,15,73,480,300,180,153,7,41,100,14,24,38,0.368,0.632,2,21,21,5,23,0.087,0.913,0.955,0.227,1628401,Derrick White,0.32543296089385476,0.14185474860335195,4808.0,33.730158730158735,29.607250755287005,56.24999999999996,37.91710125641393,26.078971533516988,61.74242424242424,47.47704315886134,54.296875,46.478873239436616,18.421052631578945,42.591618791697556,34.57559629633755,49.591676000570736,42.08363614845415,28.13688212927757,9.693877551020408,19.83753006906185,56.97329376854599,92.58160237388724,89.61424332344214,32.93768545994065,61.72106824925816,Average,Elite,Above Average,Below Average,Average,2023-24
1630217,Desmond Bane,Desmond,1610612763,MEM,26.0,42,14,28,0.333,1442.8483333333334,115.4,149,0.104,0.153,43,0.188,22,0.124,567.0,414.0,456.0,1358.0,3.48,3.4754903511008255,341,361,361,432,196,427,217,365,373,183,289,193,356,406,379,390,362,219,42,232,108,124,78,6,16,35,20,20,40,0.5,0.5,2,15,16,7,17,0.118,0.882,0.941,0.412,1630217,Desmond Bane,0.3193534482758621,0.15413362068965517,2940.9,7.936507936507936,67.97583081570997,31.696428571428537,34.89025110295879,8.44811753902663,40.53030303030303,27.69742883379247,25.0,24.647887323943664,15.789473684210526,22.57412898443291,37.039341484579495,42.53988849396724,39.78961498927337,14.195183776932826,6.63265306122449,10.792044954864075,46.58753709198813,56.37982195845698,48.367952522255194,29.970326409495552,28.18991097922849,Average,Average,Average,Below Average,Below Average,2023-24
1626164,Devin Booker,Devin,1610612756,PHX,27.0,68,43,25,0.632,2446.6566666666668,113.5,252,0.098,0.146,61,0.165,28,0.098,883.0,712.0,697.0,2474.0,7.14,7.144852037269934,148,79,311,118,35,323,97,397,398,103,374,160,407,555,541,525,521,62,68,288,164,124,104,1,17,37,35,34,69,0.507,0.493,2,31,31,9,33,0.061,0.939,0.939,0.273,1626164,Devin Booker,0.3554404761904762,0.1784136904761905,4957.6,10.317460317460316,25.83081570996979,40.178571428571416,23.212412482616408,13.590449954086317,40.53030303030303,29.754361799816344,35.15625,37.32394366197183,2.631578947368421,27.783775018532246,22.414938679747547,28.595782587762685,25.505360633755117,27.249683143219265,14.795918367346939,21.645488994076718,16.023738872403563,59.64391691394659,62.908011869436194,5.341246290801187,67.06231454005935,Below Average,Average,Average,Poor,Average,2023-24
1630170,Devin Vassell,Devin,1610612759,SAS,23.0,68,17,51,0.25,2247.7433333333333,114.6,234,0.102,0.15,73,0.203,23,0.078,919.0,661.0,684.0,2684.0,5.88,5.880814922534297,148,331,548,474,60,382,118,378,385,56,236,188,446,565,522,519,548,106,68,194,107,87,142,0,14,37,14,25,39,0.359,0.641,1,18,18,11,19,0.053,0.947,0.947,0.579,1630170,Devin Vassell,0.3649044776119403,0.1569223880597015,4686.0,8.333333333333332,17.900302114803626,35.26785714285716,18.41540335922889,8.356290174471992,26.515151515151516,19.251606978879707,50.0,45.774647887323944,0.0,36.02112676056338,18.579616766829822,40.93829229191437,29.758954529372097,24.96831432192649,8.16326530612245,17.406042264814673,6.528189910979229,38.27893175074184,78.93175074183976,10.089020771513352,51.632047477744806,Poor,Below Average,Above Average,Poor,Average,2023-24
1628415,Dillon Brooks,Dillon,1610612745,HOU,28.0,72,36,36,0.5,2226.7383333333332,113.6,193,0.084,0.127,64,0.187,10,0.05,720.0,657.0,502.0,2238.0,6.4,6.402931185431638,108,146,469,300,63,332,170,463,466,90,293,308,485,497,520,412,491,87,72,339,148,191,103,0,33,82,12,17,29,0.414,0.586,5,35,35,15,40,0.125,0.875,0.946,0.405,1628415,Dillon Brooks,0.35234571428571426,0.1986885714285714,4527.9,3.1746031746031744,34.74320241691843,39.73214285714287,23.362997830048435,12.121212121212121,65.9090909090909,44.39393939393939,34.765625,39.436619718309856,0.0,27.70906690140845,23.669102496933473,16.951866827995367,20.310484662464418,19.771863117870723,16.83673469387755,18.451055327073796,16.61721068249258,88.72403560830861,62.61127596439169,2.3738872403560833,55.78635014836796,Below Average,Above Average,Average,Poor,Average,2023-24
1627734,Domantas Sabonis,Domantas,1610612758,SAC,28.0,82,46,36,0.561,2928.0216666666665,115.2,826,0.295,0.413,74,0.155,48,0.216,984.0,623.0,718.0,3004.0,7.08,7.079628121011225,2,52,469,248,2,417,1,7,7,50,407,64,203,571,497,536,570,65,82,643,497,146,159,2,488,1157,43,29,72,0.597,0.403,85,134,215,160,219,0.388,0.612,0.982,0.731,1627734,Domantas Sabonis,0.3620972972972973,0.1564054054054054,5936.6,18.253968253968253,5.81570996978852,32.589285714285694,17.484407219584707,44.16896235078053,48.86363636363637,46.98576675849404,56.640625,46.478873239436616,5.263157894736842,40.23964510748703,19.717237070842415,41.23519674674313,30.47621690879277,100.0,67.3469387755102,85.3061224489796,5.934718100890208,91.69139465875371,86.94362017804154,11.572700296735905,100.0,Poor,Elite,Above Average,Poor,Elite,2023-24
1628378,Donovan Mitchell,Donovan,1610612739,CLE,27.0,55,36,19,0.655,1942.65,108.6,234,0.116,0.17,101,0.304,30,0.147,649.0,532.0,563.0,1880.0,8.47,8.46790509076532,258,146,226,95,114,120,118,295,314,12,56,148,310,453,446,449,434,23,54,163,65,98,168,0,5,11,25,31,56,0.446,0.554,0,25,23,13,25,0.0,1.0,0.92,0.52,1628378,Donovan Mitchell,0.33747666666666665,0.16082000000000002,3920.7,11.11111111111111,48.26283987915408,62.053571428571445,36.849831259291236,4.499540863177227,30.681818181818183,20.2089072543618,60.15625,65.49295774647888,0.0,46.98503521126761,29.69483956288672,38.699883829556924,34.19736169622182,24.96831432192649,11.73469387755102,19.013185121957527,54.3026706231454,39.46587537091988,94.06528189910979,18.991097922848667,58.45697329376854,Average,Below Average,Elite,Below Average,Average,2023-24
1628978,Donte DiVincenzo,Donte,1610612752,NYK,27.0,81,50,31,0.617,2360.3933333333334,114.2,234,0.102,0.151,107,0.279,36,0.173,743.0,619.0,687.0,2326.0,6.43,6.426895474929367,18,28,406,147,48,366,118,373,382,9,79,122,259,514,496,523,506,85,80,264,113,151,241,1,18,43,24,32,56,0.429,0.571,1,17,18,10,18,0.056,0.944,1.0,0.556,1628978,Donte DiVincenzo,0.34788617886178863,0.1471788617886179,4649.8,13.492063492063492,31.419939577039273,37.05357142857141,25.657197105931992,8.907254361799815,50.75757575757576,34.017447199265376,88.671875,69.71830985915493,2.631578947368421,60.52805318754633,25.476345878577938,46.534024240725365,36.00518505965165,24.96831432192649,7.653061224489796,17.176450428079978,21.364985163204746,69.73293768545994,98.51632047477746,22.551928783382788,50.74183976261127,Below Average,Average,Elite,Below Average,Average,2023-24
1627827,Dorian Finney-Smith,Dorian,1610612751,BKN,31.0,68,28,40,0.412,1934.5933333333332,113.2,208,0.107,0.159,56,0.208,38,0.193,588.0,544.0,571.0,1978.0,5.81,5.8112817064840545,148,221,501,375,116,313,150,346,347,119,220,108,226,418,452,456,447,110,68,354,231,123,111,0,62,143,16,21,37,0.432,0.568,11,45,54,22,56,0.196,0.804,0.982,0.4,1627827,Dorian Finney-Smith,0.32308035714285716,0.13967857142857143,3796.1,14.285714285714285,44.561933534743204,41.51785714285712,31.690426737160116,19.742883379247015,40.15151515151515,31.988062442607898,37.890625,33.80281690140845,0.0,26.987235915492956,35.52899775062618,50.841460093556854,43.18522892209152,21.673003802281368,21.93877551020408,21.79260107084659,37.68545994065282,66.17210682492582,60.83086053412463,36.795252225519285,67.35905044510386,Below Average,Average,Average,Below Average,Average,2023-24
203926,Doug McDermott,Doug,1610612754,IND,32.0,64,22,42,0.344,904.4783333333334,120.9,49,0.054,0.082,16,0.129,2,0.019,300.0,299.0,271.0,996.0,0.72,0.7238727771405462,185,276,515,428,282,544,383,540,539,341,471,451,518,285,318,295,305,438,57,135,54,81,15,0,11,23,3,4,7,0.429,0.571,0,18,16,6,18,0.0,1.0,0.889,0.333,203926,Doug McDermott,0.27775757575757576,0.14363636363636365,1886.4,0.0,81.64652567975831,7.142857142857116,30.361998273629684,3.489439853076217,24.242424242424242,15.941230486685033,0.390625,5.633802816901409,0.0,2.128080985915493,53.8962241340789,48.5684899503322,51.23235704220555,1.520912547528517,8.16326530612245,4.509971288895787,32.93768545994065,29.821958456973295,2.0771513353115725,55.19287833827893,7.71513353115727,Below Average,Below Average,Poor,Average,Poor,2023-24
203110,Draymond Green,Draymond,1610612744,GSW,34.0,55,33,22,0.6,1490.1833333333334,110.7,322,0.2,0.288,55,0.247,47,0.311,520.0,380.0,474.0,1442.0,5.68,5.677209636532008,258,173,262,170,187,201,59,73,85,124,127,68,117,388,362,402,373,116,55,463,291,172,115,21,139,355,22,14,36,0.611,0.389,13,86,95,47,99,0.131,0.869,0.969,0.48,203110,Draymond Green,0.29549831649831654,0.16005050505050503,3110.4,17.857142857142858,64.8036253776435,52.67857142857141,42.99376888217522,25.252525252525253,58.71212121212122,45.32828282828283,39.453125,33.098591549295776,55.26315789473685,41.18154651593773,46.70672270817683,39.141806738526405,42.92426472335161,36.12167300380228,42.857142857142854,39.15263443780554,73.29376854599407,90.20771513353115,88.13056379821958,35.60830860534125,90.20771513353115,Above Average,Elite,Above Average,Below Average,Elite,2023-24
1629234,Drew Eubanks,Drew,1610612756,PHX,27.0,75,42,33,0.56,1168.705,112.3,219,0.176,0.279,27,0.159,61,0.37,442.0,384.0,383.0,1142.0,3.8,3.8007304086213236,76,88,437,250,234,277,135,109,94,281,395,40,84,356,365,360,329,202,75,284,215,69,82,4,154,343,9,8,17,0.529,0.471,29,59,79,45,88,0.33,0.67,0.952,0.542,1629234,Drew Eubanks,0.28373728813559324,0.12466949152542374,2331.8,23.41269841269841,76.13293051359517,45.535714285714285,47.39553361626624,18.27364554637282,19.696969696969695,19.127640036730945,26.5625,13.380281690140844,10.526315789473683,17.939677538917717,51.47292336572294,59.46121290169087,55.4670681337069,23.067173637515843,29.081632653061224,25.773680194511265,89.02077151335311,37.98219584569733,36.20178041543027,62.31454005934718,74.77744807121661,Above Average,Below Average,Below Average,Average,Above Average,2023-24
1629130,Duncan Robinson,Duncan,1610612748,MIA,30.0,68,38,30,0.559,1905.4483333333333,111.0,158,0.084,0.121,46,0.159,16,0.108,617.0,515.0,521.0,1816.0,6.94,6.944851329762306,148,124,395,253,121,214,209,462,479,168,393,248,386,429,434,420,419,72,67,223,115,108,94,3,35,74,10,19,29,0.345,0.655,0,28,24,5,28,0.0,1.0,0.889,0.185,1629130,Duncan Robinson,0.3034431818181818,0.14107386363636365,3757.6,5.555555555555555,50.6797583081571,51.3392857142857,32.79495905864863,9.090909090909092,34.46969696969697,24.318181818181817,31.25,26.76056338028169,7.894736842105263,23.839881393624907,43.48703637261144,50.04014022559065,46.763588299101045,15.335868187579212,13.26530612244898,14.404115258270608,41.246290801186944,48.07121661721068,51.038575667655785,46.29080118694362,40.94955489614243,Average,Average,Average,Average,Average,2023-24
1641871,Duop Reath,Duop,1610612757,POR,28.0,68,17,51,0.25,1214.115,116.8,157,0.138,0.217,33,0.171,38,0.388,434.0,379.0,433.0,1346.0,2.41,2.4123856403846995,148,331,548,474,226,472,211,205,181,250,348,108,75,353,361,379,359,288,66,338,243,95,64,4,107,240,12,5,17,0.706,0.294,9,59,61,24,68,0.132,0.868,0.91,0.358,1641871,Duop Reath,0.32793393393393394,0.10690390390390389,2410.8,14.285714285714285,68.42900302114803,25.446428571428577,36.02604391454467,20.84481175390266,29.545454545454547,26.06519742883379,19.53125,17.6056338028169,10.526315789473683,16.606050778354337,33.562067633664526,69.66403511177394,51.613051372719234,15.209125475285171,29.081632653061224,21.451753705284396,51.92878338278932,51.92878338278932,31.750741839762615,55.48961424332344,66.46884272997032,Average,Average,Below Average,Average,Average,2023-24
203939,Dwight Powell,Dwight,1610612742,DAL,32.0,63,38,25,0.603,836.3033333333333,114.4,117,0.139,0.214,26,0.205,20,0.377,265.0,273.0,272.0,884.0,2.26,2.2610216202348212,191,124,311,166,297,372,272,201,194,287,231,209,78,266,300,296,279,298,60,315,244,71,58,3,137,320,14,10,24,0.583,0.417,17,55,69,33,72,0.236,0.764,0.972,0.465,203939,Dwight Powell,0.305156146179402,0.09817275747508306,1728.0,7.142857142857142,85.87613293051359,36.16071428571425,41.953967954251176,20.9366391184573,20.454545454545457,20.647382920110196,17.1875,12.676056338028168,7.894736842105263,13.285303928836173,42.792851169327875,74.67835473920654,58.73560295426721,10.139416983523446,27.040816326530614,17.745046687876673,70.32640949554896,40.35608308605341,24.629080118694365,69.43620178041543,53.41246290801187,Above Average,Average,Below Average,Average,Average,2023-24
1630700,Dyson Daniels,Dyson,1610612740,NOP,21.0,61,34,27,0.557,1358.525,111.7,174,0.126,0.19,85,0.341,25,0.202,443.0,392.0,360.0,1314.0,4.73,4.729586951326805,206,165,344,257,205,245,193,253,251,26,26,175,217,357,368,345,356,154,61,308,180,128,171,0,19,43,16,20,36,0.444,0.556,3,11,13,4,14,0.214,0.786,0.929,0.286,1630700,Dyson Daniels,0.2810061919504644,0.134640866873065,2719.5,9.126984126984127,69.63746223564955,48.21428571428569,40.07747686184241,15.059687786960515,42.04545454545455,31.251147842056934,61.328125,54.22535211267606,0.0,43.51012323943662,52.57971029216555,53.73462664800827,53.157168470086916,17.363751584283904,4.591836734693878,11.616389901968393,65.57863501483679,63.798219584569736,91.3946587537092,58.160237388724035,32.640949554896146,Average,Average,Elite,Average,Below Average,2023-24
201569,Eric Gordon,Eric,1610612756,PHX,35.0,68,41,27,0.603,1892.63,112.2,106,0.052,0.08,66,0.221,30,0.118,736.0,587.0,552.0,1978.0,6.3,6.295118601529222,148,97,344,167,125,268,284,542,541,82,187,148,368,508,477,440,447,90,68,132,65,67,99,0,15,33,13,22,35,0.371,0.629,0,15,15,5,15,0.0,1.0,1.0,0.333,201569,Eric Gordon,0.2711037463976945,0.11229106628242076,3847.4,11.11111111111111,44.561933534743204,45.98214285714283,31.536656895890275,4.499540863177227,18.939393939393938,13.163452708907252,33.203125,40.845070422535215,0.0,27.577024647887324,56.59271332636602,66.57017403969341,61.58144368302972,8.745247148288973,6.63265306122449,7.794579809109956,36.49851632047478,21.66172106824926,62.31454005934718,73.88724035608308,18.991097922848667,Below Average,Below Average,Average,Above Average,Below Average,2023-24
1630596,Evan Mobley,Evan,1610612739,CLE,23.0,50,29,21,0.58,1532.35,110.1,357,0.221,0.328,45,0.186,72,0.45,552.0,441.0,461.0,1458.0,6.11,6.1119272835210205,291,213,253,208,180,172,44,46,46,173,295,28,54,400,392,393,374,96,50,515,367,148,111,0,105,247,16,18,34,0.471,0.529,11,75,83,56,86,0.128,0.872,0.988,0.667,1630596,Evan Mobley,0.32719727891156464,0.15031632653061225,3117.0,27.77777777777778,64.19939577039275,55.35714285714287,47.42018534503429,32.231404958677686,49.621212121212125,42.66528925619835,37.890625,26.056338028169012,0.0,24.275968309859152,33.86059983201629,44.73217025002499,39.29638504102064,40.557667934093786,37.244897959183675,39.06692144538424,89.31750741839762,84.86646884272997,53.560830860534125,29.376854599406528,89.91097922848664,Above Average,Above Average,Average,Below Average,Above Average,2023-24
1630532,Franz Wagner,Franz,1610612753,ORL,22.0,72,44,28,0.611,2337.4166666666665,108.2,309,0.137,0.196,76,0.19,28,0.113,729.0,540.0,703.0,2240.0,10.38,10.383759762402683,108,72,361,158,51,113,65,211,233,42,280,160,373,504,451,529,492,3,72,346,186,160,143,4,17,39,26,30,56,0.464,0.536,0,37,37,12,37,0.0,1.0,1.0,0.324,1630532,Franz Wagner,0.32348169014084505,0.18568450704225353,4658.9,10.317460317460316,34.66767371601209,63.83928571428569,32.220491356159776,15.61065197428834,54.166666666666664,38.744260789715334,50.390625,47.88732394366197,10.526315789473683,39.548392327650106,35.366356054686776,24.420134119157648,29.893245086922214,34.47401774397972,17.857142857142858,26.996424044903137,39.762611275964396,79.82195845697329,85.16320474777447,10.385756676557865,77.1513353115727,Below Average,Above Average,Above Average,Poor,Above Average,2023-24
1627832,Fred VanVleet,Fred,1610612745,HOU,30.0,73,38,35,0.521,2684.4266666666667,111.6,245,0.089,0.132,101,0.239,59,0.237,800.0,733.0,573.0,2658.0,9.2,9.204764051829807,99,124,461,295,13,240,106,440,456,12,146,48,183,535,550,458,543,17,73,282,121,161,224,0,55,132,18,29,47,0.383,0.617,0,45,44,10,45,0.0,1.0,0.978,0.222,1627832,Fred VanVleet,0.3448448753462604,0.15589473684210525,5365.4,22.61904761904762,18.882175226586103,48.6607142857143,27.82155894835276,9.641873278236915,54.54545454545454,36.58402203856748,82.03125,65.49295774647888,0.0,55.73503521126761,26.70884548392295,41.52847500303445,34.1186602434787,26.362484157160964,21.93877551020408,24.371815266030367,26.409495548961427,75.37091988130564,96.73590504451039,18.694362017804153,72.70029673590504,Below Average,Above Average,Elite,Below Average,Above Average,2023-24
1641713,GG Jackson,GG,1610612763,MEM,19.0,48,14,34,0.292,1233.165,111.4,143,0.114,0.177,28,0.122,24,0.16,520.0,370.0,441.0,1300.0,4.38,4.380240175334869,306,361,446,457,223,230,228,308,287,274,483,183,286,388,358,384,353,170,46,158,100,58,42,0,14,34,10,9,19,0.526,0.474,3,17,19,8,20,0.15,0.85,0.95,0.4,1641713,GG Jackson,0.27005841924398627,0.13264261168384878,2478.5,8.73015873015873,70.16616314199395,49.55357142857139,40.43861344890422,7.7134986225895315,15.530303030303031,12.403581267217632,10.9375,14.084507042253522,0.0,9.304577464788732,57.01633605846879,54.88222969161674,55.94928287504277,13.434727503168567,7.653061224489796,10.83297767776312,67.06231454005935,18.991097922848667,15.43026706231454,64.09495548961425,28.783382789317507,Average,Below Average,Below Average,Average,Below Average,2023-24
1629726,Garrison Mathews,Garrison,1610612737,ATL,27.0,66,29,37,0.439,992.1216666666667,115.8,75,0.079,0.12,20,0.133,8,0.11,370.0,262.0,328.0,1020.0,2.25,2.2505013782776406,170,213,475,366,268,443,333,489,484,317,460,331,383,314,292,330,307,300,60,127,49,78,27,15,12,26,5,4,9,0.556,0.444,1,13,12,3,14,0.071,0.929,0.857,0.214,1629726,Garrison Mathews,0.2530732394366197,0.12230140845070422,2032.1,2.380952380952381,80.74018126888217,29.910714285714292,36.68912296791828,3.0303030303030303,23.106060606060606,15.075757575757576,5.078125,8.450704225352112,39.473684210526315,14.857417531504819,63.899643594993115,60.82120904168925,62.36042631834118,4.816223067173637,5.612244897959184,5.174432891027133,53.70919881305638,27.596439169139465,26.706231454005934,75.66765578635015,9.495548961424333,Average,Below Average,Below Average,Above Average,Poor,2023-24
203914,Gary Harris,Gary,1610612753,ORL,29.0,54,35,19,0.648,1297.3466666666666,110.3,67,0.055,0.079,49,0.22,14,0.103,406.0,357.0,363.0,1280.0,5.01,5.0129282419055095,271,155,226,102,214,177,344,539,542,154,189,267,395,340,352,350,351,142,53,80,35,45,89,0,16,36,7,15,22,0.318,0.682,0,10,10,2,10,0.0,1.0,1.0,0.2,203914,Gary Harris,0.2752380952380952,0.10209523809523809,2566.0,4.761904761904762,70.9214501510574,54.46428571428571,40.34334088620342,1.7447199265381086,10.606060606060606,7.061524334251606,29.296875,28.87323943661972,0.0,21.824383802816904,54.91725302188291,72.42566413068083,63.671458576281864,3.802281368821293,4.081632653061225,3.9279894467292626,66.46884272997032,8.011869436201781,46.58753709198813,77.44807121661721,5.341246290801187,Average,Poor,Average,Above Average,Poor,2023-24
1627780,Gary Payton II,Gary,1610612744,GSW,31.0,44,27,17,0.614,679.9,108.9,67,0.097,0.142,39,0.273,18,0.243,236.0,162.0,202.0,670.0,2.96,2.957292152071527,326,231,199,155,322,126,344,400,416,218,84,228,177,248,228,246,246,249,43,100,54,46,89,0,39,97,10,13,23,0.435,0.565,5,7,11,7,12,0.417,0.583,0.917,0.583,1627780,Gary Payton II,0.22868821292775668,0.0837148288973384,1397.6,6.349206349206349,93.95770392749245,60.71428571428568,50.603450342876314,3.489439853076217,10.984848484848484,7.986685032139578,29.296875,21.830985915492956,0.0,19.359595070422536,73.78176663698792,82.98157993768652,78.38167328733722,3.802281368821293,2.5510204081632653,3.239213936525181,94.65875370919882,8.30860534124629,40.652818991097924,92.28486646884274,4.599406528189911,Elite,Poor,Average,Elite,Poor,2023-24
1629018,Gary Trent Jr.,Gary,1610612761,TOR,25.0,71,24,47,0.338,1993.5983333333334,118.2,163,0.083,0.128,77,0.243,10,0.053,683.0,665.0,591.0,2324.0,3.12,3.1241254851419566,118,257,534,431,106,505,202,470,460,38,136,308,482,479,526,467,505,240,69,106,39,67,146,1,11,23,16,26,42,0.381,0.619,0,14,14,5,14,0.0,1.0,1.0,0.357,1629018,Gary Trent Jr.,0.301366391184573,0.11786225895316804,4054.3,3.1746031746031744,31.49546827794562,19.19642857142855,17.092362309979375,2.1120293847566574,18.939393939393938,12.208448117539024,51.5625,48.59154929577465,2.631578947368421,38.28993699036322,44.32866353124198,63.370623902162436,53.849643716702204,15.96958174904943,6.122448979591836,11.538372002793512,4.747774480712167,18.694362017804153,83.38278931750742,59.64391691394659,32.34421364985163,Poor,Below Average,Above Average,Average,Below Average,2023-24
1627777,Georges Niang,Georges,1610612739,CLE,31.0,82,48,34,0.585,1831.125,113.9,256,0.138,0.206,30,0.121,18,0.102,656.0,522.0,558.0,1798.0,5.17,5.165737638537656,2,36,446,199,134,343,95,208,212,263,484,228,399,457,440,446,416,133,82,306,170,136,72,3,71,169,15,13,28,0.536,0.464,0,60,59,24,60,0.0,1.0,0.983,0.4,1627777,Georges Niang,0.35196791443850267,0.1626283422459893,3648.8,6.349206349206349,51.3595166163142,38.3928571428571,30.113727641106784,14.14141414141414,45.07575757575758,32.7020202020202,22.65625,15.492957746478872,7.894736842105263,16.45871942179392,23.82220729565226,37.66134827284605,30.74177778424915,27.756653992395435,29.591836734693878,28.582486226429737,32.047477744807125,67.95252225519289,30.56379821958457,12.759643916913946,78.63501483679525,Below Average,Average,Below Average,Poor,Above Average,2023-24
203507,Giannis Antetokounmpo,Giannis,1610612749,MIL,29.0,73,45,28,0.616,2567.2433333333333,113.2,645,0.237,0.343,87,0.239,79,0.285,772.0,692.0,653.0,2704.0,7.8,7.798067533981302,99,66,361,150,26,311,5,29,33,23,145,22,134,522,535,503,549,41,73,472,263,209,159,1,150,364,37,25,62,0.597,0.403,33,37,66,50,70,0.471,0.529,0.943,0.714,203507,Giannis Antetokounmpo,0.3296831955922865,0.15690358126721765,5323.0,30.555555555555557,17.14501510574018,41.51785714285712,28.602441794945562,22.681359044995407,72.72727272727273,52.708907254361804,56.640625,55.633802816901415,2.631578947368421,42.7859757227576,32.85317281519055,40.949093080728254,36.9011329479594,77.0595690747782,17.857142857142858,50.418477276842296,29.080118694362017,96.14243323442136,90.50445103857567,24.629080118694365,95.54896142433235,Below Average,Elite,Elite,Below Average,Elite,2023-24
1629048,Goga Bitadze,Goga,1610612753,ORL,24.0,62,34,28,0.548,957.0866666666667,110.3,177,0.187,0.271,32,0.211,72,0.537,319.0,261.0,282.0,988.0,3.67,3.6744636428658377,200,165,361,265,276,179,191,90,101,256,212,28,27,297,290,300,300,209,56,287,227,60,74,1,110,246,11,10,21,0.524,0.476,45,40,81,42,85,0.529,0.471,0.953,0.494,1629048,Goga Bitadze,0.31275563909774434,0.09736466165413535,1897.4,27.77777777777778,81.94864048338368,54.46428571428571,53.40920670886683,19.375573921028465,16.28787878787879,17.522956841138658,23.4375,16.901408450704224,2.631578947368421,15.948387694588583,39.71312828903773,75.1424462269462,57.427787257991966,17.743979721166035,19.387755102040817,18.48367864255969,97.92284866468842,34.42136498516321,29.673590504451035,67.35905044510386,56.083086053412465,Elite,Below Average,Below Average,Average,Average,2023-24
202330,Gordon Hayward,Gordon,1610612760,OKC,34.0,51,25,26,0.49,1245.25,118.0,143,0.116,0.171,40,0.205,13,0.09,458.0,392.0,381.0,1366.0,2.0,1.9994559794539373,284,247,332,328,222,500,228,298,306,210,229,277,423,364,368,359,365,312,51,188,125,63,69,0,20,45,13,17,30,0.433,0.567,0,8,7,2,8,0.0,1.0,0.875,0.25,202330,Gordon Hayward,0.2378458781362007,0.1014336917562724,2542.8,4.365079365079365,67.6737160120846,20.089285714285708,30.454153778832783,10.009182736455463,17.424242424242426,14.45821854912764,21.484375,22.535211267605636,0.0,16.481073943661972,70.07058861820059,72.80559187773844,71.43809024796951,13.434727503168567,3.061224489795918,8.766651147150876,33.23442136498516,26.409495548961427,31.15727002967359,85.7566765578635,21.66172106824926,Below Average,Below Average,Below Average,Above Average,Below Average,2023-24
1641711,Gradey Dick,Gradey,1610612761,TOR,20.0,60,18,42,0.3,1267.6683333333333,119.1,105,0.085,0.133,34,0.162,2,0.022,512.0,418.0,427.0,1490.0,1.7,1.7047681940389101,215,316,515,452,219,522,288,457,450,246,380,451,515,386,380,377,376,336,55,120,56,64,59,5,6,12,12,13,25,0.48,0.52,1,19,20,9,20,0.05,0.95,1.0,0.45,1641711,Gradey Dick,0.3335757575757576,0.11087603305785124,2619.0,0.0,62.99093655589124,15.17857142857145,25.841470651704793,3.6730945821854912,17.803030303030305,12.151056014692378,17.578125,18.30985915492958,13.157894736842104,16.72917438843588,31.275697537266545,67.38283122386419,49.32926438056536,8.61850443599493,8.673469387755102,8.643238664287008,22.255192878338278,18.100890207715135,32.047477744807125,50.14836795252226,20.77151335311573,Below Average,Below Average,Below Average,Average,Below Average,2023-24
1629684,Grant Williams,Grant,1610612766,CHA,25.0,76,34,42,0.447,2129.56,116.6,232,0.11,0.168,44,0.146,39,0.2,715.0,641.0,674.0,2384.0,4.41,4.405657570204109,61,165,515,358,76,468,121,326,317,179,431,104,219,494,512,516,513,167,76,383,248,135,77,12,144,333,23,13,36,0.639,0.361,28,125,139,55,153,0.183,0.817,0.933,0.369,1629684,Grant Williams,0.3503050847457627,0.1613276836158192,4296.2,14.682539682539684,29.229607250755286,26.339285714285733,22.688199839351658,21.30394857667585,44.696969696969695,35.339761248852156,24.609375,25.352112676056336,31.57894736842105,26.61172627872498,24.496075237340413,38.40831983620492,31.452197536772665,24.714828897338403,62.755102040816325,41.83295181190347,14.243323442136498,72.70029673590504,59.64391691394659,13.649851632047477,91.98813056379822,Poor,Above Average,Average,Poor,Elite,2023-24
1628960,Grayson Allen,Grayson,1610612756,PHX,28.0,75,45,30,0.6,2513.3,113.9,247,0.094,0.14,69,0.185,45,0.153,945.0,734.0,732.0,2668.0,7.05,7.053034473610221,76,66,395,170,29,347,101,419,423,70,300,79,299,568,551,540,545,70,75,391,216,175,158,1,52,114,26,34,60,0.433,0.567,0,27,25,10,27,0.0,1.0,0.962,0.385,1628960,Grayson Allen,0.3163703703703704,0.1403960113960114,5102.8,17.063492063492063,18.50453172205438,38.3928571428571,22.900197213830133,18.365472910927455,59.84848484848485,43.25528007346189,56.25,42.95774647887324,2.631578947368421,38.193106004447735,38.248244944053305,50.42943249333658,44.338838718694944,26.61596958174905,12.755102040816327,20.378579188329326,15.133531157270031,85.7566765578635,83.08605341246292,39.46587537091988,62.908011869436194,Below Average,Above Average,Above Average,Below Average,Average,2023-24
203084,Harrison Barnes,Harrison,1610612758,SAC,32.0,82,46,36,0.561,2380.87,115.7,182,0.079,0.111,54,0.141,12,0.072,794.0,503.0,585.0,2502.0,5.45,5.450834503972525,2,52,469,248,46,440,180,488,506,126,446,286,455,534,427,462,526,124,82,431,272,159,101,0,43,102,20,14,34,0.588,0.412,7,53,58,23,60,0.117,0.883,0.967,0.383,203084,Harrison Barnes,0.31868888888888885,0.18871111111111114,4876.6,3.968253968253968,24.773413897280967,30.35714285714284,17.847282165635633,23.507805325987142,53.78787878787878,41.67584940312212,33.984375,32.3943661971831,0.0,24.931778169014088,37.30865665749494,22.681947695340032,29.99530217641749,18.377693282636248,26.02040816326531,21.81691497891933,6.231454005934718,83.38278931750742,55.78635014836796,10.682492581602373,67.65578635014838,Poor,Above Average,Average,Poor,Average,2023-24
1629312,Haywood Highsmith,Haywood,1610612748,MIA,27.0,66,39,27,0.591,1365.835,109.0,145,0.107,0.156,53,0.241,30,0.288,489.0,382.0,384.0,1288.0,5.76,5.761560052215786,170,117,344,186,204,130,222,343,361,129,141,148,127,377,364,361,352,111,64,322,203,119,111,0,20,48,13,19,32,0.406,0.594,6,19,23,10,25,0.24,0.76,0.92,0.4,1629312,Haywood Highsmith,0.30493390804597703,0.1350057471264368,2705.3,11.11111111111111,70.61933534743203,60.26785714285713,44.228176101759935,17.17171717171717,38.63636363636363,30.05050505050505,37.890625,31.690140845070424,0.0,26.247799295774648,42.882914002695344,53.52507498935035,48.203994496022844,13.688212927756654,8.673469387755102,11.431578334755956,79.82195845697329,61.12759643916914,58.753709198813056,48.6646884272997,31.15727002967359,Above Average,Average,Average,Average,Below Average,2023-24
1630529,Herbert Jones,Herbert,1610612740,NOP,25.0,76,46,30,0.605,2321.4283333333333,111.0,198,0.084,0.121,105,0.263,62,0.253,722.0,587.0,617.0,2218.0,8.44,8.443877138929361,61,52,395,161,54,210,163,460,478,11,99,38,159,499,477,487,488,24,76,463,206,257,195,12,43,106,22,29,51,0.431,0.569,1,62,59,19,63,0.016,0.984,0.952,0.306,1630529,Herbert Jones,0.28243396226415096,0.13537196765498652,4634.6,23.809523809523807,35.49848942598187,51.3392857142857,34.7831022514746,17.447199265381084,90.9090909090909,61.52433425160697,70.703125,68.30985915492957,31.57894736842105,60.084437546330605,52.00110104150798,53.31475360724478,52.65792732437638,20.405576679340935,30.612244897959183,24.998577377719148,45.40059347181009,98.51632047477746,98.21958456973294,57.566765578635014,73.59050445103857,Average,Elite,Elite,Average,Above Average,2023-24
1630193,Immanuel Quickley,Immanuel,1610612761,TOR,25.0,68,28,40,0.412,1985.3366666666666,114.2,242,0.12,0.178,50,0.161,10,0.055,603.0,562.0,540.0,2056.0,5.38,5.376615085581129,148,221,501,375,108,365,110,281,281,148,383,308,480,424,463,427,466,126,68,302,131,171,88,0,23,50,17,22,39,0.436,0.564,0,22,22,5,22,0.0,1.0,1.0,0.227,1630193,Immanuel Quickley,0.35671676300578037,0.1563670520231214,4040.0,3.1746031746031744,41.616314199395774,37.05357142857141,25.09894409677264,10.560146923783286,58.333333333333336,39.22405876951331,28.90625,29.577464788732392,0.0,21.914612676056336,21.897718682421424,41.257223191853505,31.577470937137463,25.982256020278832,10.204081632653061,18.88207754584724,19.584569732937684,80.41543026706232,46.88427299703264,13.94658753709199,57.86350148367953,Below Average,Above Average,Average,Poor,Average,2023-24
1630171,Isaac Okoro,Isaac,1610612739,CLE,23.0,69,41,28,0.594,1887.0566666666666,110.7,139,0.072,0.106,57,0.202,34,0.18,682.0,474.0,545.0,1848.0,7.07,7.069182679887259,138,97,361,180,127,199,236,513,511,115,240,132,252,478,406,433,426,67,69,283,196,87,106,6,27,67,22,18,40,0.55,0.45,2,38,39,4,40,0.05,0.95,0.975,0.1,1630171,Isaac Okoro,0.29942492012779554,0.15034824281150158,3780.6,12.698412698412698,49.47129909365559,52.67857142857141,35.56396261928739,16.528925619834713,26.515151515151516,22.520661157024794,35.9375,34.50704225352113,15.789473684210526,30.399833209785022,45.11545192610278,44.71384064863728,44.91464628737003,12.927756653992395,18.367346938775512,15.375572282144798,49.554896142433236,45.99406528189911,69.13946587537092,40.94955489614243,45.40059347181009,Average,Average,Average,Average,Average,2023-24
1628392,Isaiah Hartenstein,Isaiah,1610612752,NYK,26.0,75,47,28,0.627,1896.3483333333334,110.3,382,0.201,0.29,87,0.279,85,0.491,551.0,471.0,547.0,1830.0,7.37,7.369643499024459,76,45,361,126,124,178,38,69,84,23,80,17,47,398,404,437,423,58,75,553,461,92,146,0,264,623,28,28,56,0.5,0.5,68,114,175,120,182,0.374,0.626,0.978,0.67,1628392,Isaiah Hartenstein,0.32350700280112044,0.11703921568627451,3758.7,32.93650793650794,50.15105740181269,54.46428571428571,44.34354469380905,40.86317722681359,28.40909090909091,33.390725436179984,51.5625,55.633802816901415,0.0,40.096830985915496,35.35609800459728,63.84329974617161,49.59969887538445,43.72623574144487,57.14285714285714,49.76371537208039,80.41543026706232,68.84272997032642,86.05341246290801,51.038575667655785,94.95548961424333,Above Average,Average,Above Average,Average,Elite,2023-24
1630543,Isaiah Jackson,Isaiah,1610612754,IND,22.0,60,37,23,0.617,770.905,111.7,144,0.187,0.305,34,0.236,61,0.555,283.0,271.0,216.0,902.0,2.7,2.6974149019680493,215,139,272,148,305,247,226,92,63,246,151,40,23,274,299,264,285,270,54,264,204,60,74,0,101,225,15,9,24,0.625,0.375,25,25,46,34,50,0.5,0.5,0.958,0.708,1630543,Isaiah Jackson,0.27565448504983386,0.09911295681063123,1610.2,23.41269841269841,85.1963746223565,48.21428571428569,51.23738191147556,17.26354453627181,16.28787878787879,16.678145087235997,23.4375,18.30985915492958,0.0,15.783450704225352,54.74850949595158,74.13839586663784,64.4434526812947,13.561470215462613,11.73469387755102,12.739420863402398,95.54896142433235,32.640949554896146,29.376854599406528,79.22848664688428,36.795252225519285,Elite,Below Average,Below Average,Above Average,Below Average,2023-24
1630198,Isaiah Joe,Isaiah,1610612760,OKC,24.0,78,54,24,0.692,1444.8666666666666,107.5,148,0.098,0.153,46,0.173,22,0.129,483.0,439.0,327.0,1308.0,6.75,6.754979602984168,43,18,282,64,195,97,218,392,369,168,338,193,348,374,390,326,355,78,78,208,97,111,68,19,31,65,13,17,30,0.433,0.567,1,24,24,5,25,0.04,0.96,0.96,0.2,1630198,Isaiah Joe,0.3161930294906166,0.1489490616621984,2944.2,7.936507936507936,69.86404833836858,66.9642857142857,44.3680915216036,7.43801652892562,35.60606060606061,24.33884297520661,21.09375,26.76056338028169,50.0,30.303697183098592,38.320112997732295,45.51739394561619,41.91875347167424,14.068441064638785,11.224489795918368,12.788662993714597,80.71216617210682,48.367952522255194,68.84272997032642,32.640949554896146,37.0919881305638,Above Average,Average,Average,Below Average,Below Average,2023-24
1630191,Isaiah Stewart,Isaiah,1610612765,DET,23.0,46,9,37,0.196,1422.8166666666666,114.5,231,0.161,0.228,17,0.096,38,0.247,586.0,400.0,377.0,1580.0,3.75,3.7467745146839304,315,412,475,514,198,377,123,146,162,334,522,108,173,416,371,356,384,204,46,432,281,151,21,1,62,137,13,6,19,0.684,0.316,16,39,53,28,55,0.291,0.709,0.964,0.509,1630191,Isaiah Stewart,0.2562490974729242,0.12968592057761733,2905.6,14.285714285714285,59.592145015105736,35.7142857142857,35.500107898144144,24.334251606978878,50.75757575757576,40.18824609733701,2.734375,6.338028169014084,2.631578947368421,3.9699545959970344,62.61261526770128,56.58026492296884,59.596440095335055,24.58808618504436,18.877551020408163,22.018345360958072,48.6646884272997,81.30563798219585,3.857566765578635,70.62314540059347,67.95252225519289,Average,Above Average,Poor,Above Average,Average,2023-24
202397,Ish Smith,Ish,1610612766,CHA,35.0,43,6,37,0.14,740.8466666666667,119.2,65,0.094,0.138,17,0.189,4,0.054,279.0,187.0,212.0,840.0,0.97,0.9742841336222373,330,458,475,546,311,527,350,418,425,334,286,410,481,273,249,259,275,409,40,75,21,54,37,3,21,47,6,12,18,0.333,0.667,0,6,6,0,6,0.0,1.0,1.0,0.0,202397,Ish Smith,0.25650787401574804,0.09035433070866142,1511.1,0.7936507936507936,87.53776435045317,14.732142857142842,34.63871355440463,0.4591368227731864,14.015151515151514,8.592745638200183,8.984375,6.338028169014084,7.894736842105263,7.785744069681245,62.507745107497115,79.1684971403353,70.83812112391621,3.5487959442332064,2.0408163265306123,2.8702051162670394,45.103857566765576,10.385756676557865,12.166172106824925,85.16320474777447,2.967359050445104,Average,Poor,Poor,Above Average,Poor,2023-24
1627826,Ivica Zubac,Ivica,1610612746,LAC,27.0,68,42,26,0.618,1794.4483333333333,112.4,430,0.235,0.336,22,0.077,83,0.474,558.0,481.0,506.0,1692.0,5.71,5.708293878474778,148,88,332,142,142,279,29,32,39,306,531,19,49,401,413,415,402,115,68,669,525,144,40,0,218,509,24,12,36,0.667,0.333,41,93,132,76,135,0.304,0.689,0.985,0.567,1627826,Ivica Zubac,0.36014106583072103,0.17211912225705328,3545.7,32.142857142857146,55.36253776435045,45.08928571428568,43.50635250323694,46.74012855831038,48.10606060606061,47.55968778696052,10.15625,9.859154929577464,0.0,7.513204225352112,20.510007176886884,32.2107691447681,26.36038816082749,49.80988593155893,46.42857142857143,48.28829440521456,75.66765578635015,92.87833827893175,11.275964391691394,6.528189910979229,94.65875370919882,Above Average,Elite,Poor,Poor,Elite,2023-24
1630550,JT Thor,JT,1610612766,CHA,21.0,63,16,47,0.254,780.6266666666667,110.7,103,0.132,0.193,11,0.107,27,0.365,262.0,216.0,211.0,806.0,2.95,2.9509706566705325,191,343,534,473,304,198,291,229,243,377,504,170,88,265,264,256,269,250,57,168,108,60,36,0,27,67,7,3,10,0.7,0.3,6,10,16,9,16,0.375,0.625,1.0,0.563,1630550,JT Thor,0.2684741935483871,0.09193225806451613,1578.7,9.920634920634921,88.82175226586104,52.67857142857141,48.225510118448184,8.44811753902663,16.28787878787879,13.151974288337925,8.59375,2.112676056338028,0.0,4.17693661971831,57.65834943682254,78.26228944176694,67.96031943929474,8.365019011406844,4.081632653061225,6.437495150151316,91.0979228486647,21.364985163204746,4.154302670623145,84.56973293768546,14.243323442136498,Elite,Below Average,Poor,Above Average,Poor,2023-24
1631095,Jabari Smith Jr.,Jabari,1610612745,HOU,21.0,76,39,37,0.513,2423.845,113.8,477,0.191,0.285,52,0.149,61,0.288,722.0,710.0,560.0,2454.0,6.81,6.806786464717232,61,117,475,296,37,342,18,85,89,135,425,40,128,499,540,448,519,76,76,538,329,209,129,0,51,124,27,23,50,0.54,0.46,22,63,81,55,85,0.259,0.741,0.976,0.663,1631095,Jabari Smith Jr.,0.3398898071625344,0.16063360881542701,4858.9,23.41269841269841,26.586102719033235,38.839285714285715,28.380036745312424,28.74196510560147,72.72727272727273,55.13314967860423,44.921875,30.985915492957744,0.0,28.81382042253521,28.716905366706197,38.8069287614916,33.761917064098895,55.766793409378955,31.122448979591837,44.67683841597476,28.486646884272997,97.03264094955489,65.57863501483679,17.804154302670625,93.47181008902076,Below Average,Elite,Average,Below Average,Elite,2023-24
1631133,Jabari Walker,Jabari,1610612757,POR,21.0,72,18,54,0.25,1700.5733333333333,116.5,357,0.222,0.349,42,0.162,22,0.141,674.0,511.0,620.0,1916.0,3.49,3.4894817261243,108,316,558,474,158,466,44,42,30,194,382,193,321,468,432,489,438,217,72,225,134,91,76,4,79,180,13,17,30,0.433,0.567,12,22,34,17,34,0.353,0.647,1.0,0.5,1631133,Jabari Walker,0.3057955182072829,0.09952380952380953,3372.8,7.936507936507936,46.903323262839876,26.785714285714278,26.2871948880257,10.835629017447198,28.030303030303028,21.152433425160694,24.21875,23.943661971830984,10.526315789473683,20.699360637509265,42.53374326772965,73.9024421072468,58.21809268748822,40.557667934093786,10.204081632653061,26.898554098445462,22.8486646884273,42.13649851632047,44.510385756676556,68.84272997032642,76.8545994065282,Below Average,Average,Average,Average,Above Average,2023-24
1631367,Jacob Gilyard,Jacob,1610612751,BKN,25.0,41,12,29,0.293,698.405,117.7,37,0.056,0.092,33,0.3,5,0.069,240.0,223.0,185.0,748.0,1.18,1.182851351726119,346,384,381,456,319,494,406,538,536,250,58,387,462,250,267,234,256,384,35,51,20,31,80,0,9,25,5,10,15,0.333,0.667,0,6,6,1,6,0.0,1.0,1.0,0.167,1631367,Jacob Gilyard,0.24581960784313725,0.08823137254901961,1373.5,1.1904761904761905,91.01208459214502,21.42857142857141,37.68756294058409,0.3673094582185491,5.303030303030303,3.328741965105601,25.78125,17.6056338028169,0.0,16.474471830985916,66.83920488200016,80.3877174174081,73.61346114970414,0.0,2.0408163265306123,0.9183673469387755,55.48961424332344,1.483679525222552,30.86053412462908,88.72403560830861,0.2967359050445104,Average,Poor,Below Average,Above Average,Poor,2023-24
1630702,Jaden Hardy,Jaden,1610612742,DAL,21.0,73,44,29,0.603,989.2133333333334,114.5,111,0.11,0.171,22,0.158,4,0.044,370.0,326.0,336.0,1090.0,2.64,2.638947330724118,99,72,381,169,269,381,278,327,310,306,396,410,492,314,336,334,321,276,61,95,44,51,45,6,11,25,9,5,14,0.643,0.357,1,12,13,5,13,0.077,0.923,1.0,0.385,1630702,Jaden Hardy,0.26409248554913295,0.11541040462427746,2079.5,0.7936507936507936,78.09667673716012,35.7142857142857,36.579868604037785,2.571166207529844,12.878787878787879,8.755739210284665,12.109375,9.859154929577464,15.789473684210526,12.241822646404744,59.43405296402536,64.77873008674993,62.10639152538765,9.37896070975919,5.1020408163265305,7.454346757714494,53.11572700296736,11.275964391691394,22.255192878338278,75.37091988130564,17.50741839762611,Average,Poor,Below Average,Above Average,Below Average,2023-24
1631093,Jaden Ivey,Jaden,1610612765,DET,22.0,77,14,63,0.182,2217.4766666666665,117.7,178,0.081,0.114,57,0.206,41,0.19,908.0,635.0,657.0,2544.0,3.85,3.851712656380213,54,361,570,523,67,492,188,482,500,115,227,98,233,560,507,505,533,199,77,309,188,121,102,1,21,48,42,20,62,0.677,0.323,6,32,38,15,38,0.158,0.842,1.0,0.395,1631093,Jaden Ivey,0.3144863523573201,0.14209429280397023,4587.9,15.476190476190476,23.187311178247736,21.42857142857141,19.663177960005747,15.794306703397613,39.39393939393939,29.954086317722677,34.375,34.50704225352113,2.631578947368421,26.4853595255745,39.011750278424415,49.454105156170165,44.23292771729729,17.870722433460077,15.306122448979592,16.71665244044386,8.011869436201781,60.534124629080125,59.05044510385756,38.57566765578635,49.85163204747774,Poor,Average,Average,Below Average,Average,2023-24
1630183,Jaden McDaniels,Jaden,1610612750,MIN,23.0,72,48,24,0.667,2105.4533333333334,110.4,168,0.078,0.115,63,0.192,42,0.173,712.0,572.0,567.0,2020.0,7.93,7.929057692452316,108,36,282,76,83,183,196,493,498,94,274,90,260,489,468,453,458,38,71,374,233,141,140,0,13,33,20,25,45,0.444,0.556,1,22,21,5,23,0.043,0.957,0.913,0.217,1630183,Jaden McDaniels,0.27487430167597765,0.12879888268156425,4166.4,15.873015873015872,42.97583081570997,54.0178571428571,34.895211420419116,19.92653810835629,46.96969696969697,36.152433425160694,49.21875,38.732394366197184,0.0,33.243838028169016,55.06468172127042,57.089693045462965,56.07718738336669,16.603295310519645,10.204081632653061,13.723649155479684,46.88427299703264,74.4807121661721,74.4807121661721,64.98516320474778,39.16913946587537,Average,Above Average,Above Average,Average,Below Average,2023-24
1630531,Jaden Springer,Jaden,1610612738,BOS,21.0,49,32,17,0.653,506.995,112.9,45,0.093,0.144,36,0.34,15,0.273,136.0,143.0,142.0,552.0,1.6,1.5954186567990893,302,183,199,97,360,299,390,423,408,230,27,258,143,182,212,208,220,349,38,65,38,27,54,0,3,7,13,14,27,0.481,0.519,2,11,12,3,13,0.154,0.846,0.923,0.231,1630531,Jaden Springer,0.22689270386266094,0.07224034334763949,1033.5,5.158730158730158,98.41389728096676,42.85714285714282,47.22264182611613,2.0202020202020203,3.787878787878788,3.0808080808080813,15.625,19.718309859154928,0.0,13.151408450704224,74.50940338972403,89.57140620799426,82.04040479885914,1.0139416983523446,4.591836734693878,2.623994464706035,88.13056379821958,0.8902077151335311,23.738872403560833,97.03264094955489,2.0771513353115725,Above Average,Poor,Below Average,Elite,Poor,2023-24
203109,Jae Crowder,Jae,1610612749,MIL,33.0,50,25,25,0.5,1155.6983333333333,114.9,130,0.113,0.164,38,0.217,9,0.086,335.0,273.0,360.0,1246.0,2.93,2.927771600759997,291,247,311,300,239,399,251,313,332,223,199,319,431,302,300,345,346,252,49,126,61,65,75,1,12,27,11,17,28,0.393,0.607,4,13,17,11,17,0.235,0.765,1.0,0.647,203109,Jae Crowder,0.25904301075268815,0.12007885304659499,2381.7,2.7777777777777777,72.20543806646525,33.928571428571395,34.865157291516795,4.132231404958678,18.181818181818183,12.561983471074381,23.828125,21.12676056338028,2.631578947368421,17.583510934025202,61.48037147911013,62.097628269878335,61.78899987449424,11.787072243346007,5.612244897959184,9.008399937921936,45.99406528189911,19.584569732937684,35.311572700296736,74.4807121661721,22.255192878338278,Average,Below Average,Below Average,Above Average,Below Average,2023-24
1630256,Jae'Sean Tate,Jae'Sean,1610612745,HOU,28.0,65,32,33,0.492,1031.4566666666667,105.0,136,0.127,0.181,42,0.216,15,0.16,299.0,292.0,232.0,972.0,5.62,5.624488268254253,181,183,437,327,257,68,242,244,275,194,200,258,289,284,309,269,297,117,63,225,110,115,78,10,32,79,18,21,39,0.462,0.538,14,36,45,20,50,0.28,0.72,0.918,0.408,1630256,Jae'Sean Tate,0.21352312138728324,0.07652023121387283,2094.1,5.158730158730158,82.55287009063444,78.12499999999997,50.48824659521411,8.631772268135904,37.121212121212125,25.725436179981635,25.0,23.943661971830984,26.31578947368421,24.959229058561895,79.92747660747344,87.11345570792885,83.52046615770115,12.547528517110266,17.346938775510203,14.707263133390239,94.06528189910979,51.038575667655785,56.083086053412465,97.62611275964392,42.13649851632047,Elite,Average,Average,Elite,Average,2023-24
1631170,Jaime Jaquez Jr.,Jaime,1610612748,MIA,23.0,75,44,31,0.587,2113.195,110.4,203,0.094,0.138,77,0.242,20,0.129,684.0,595.0,552.0,2038.0,8.12,8.1190959302373,76,72,406,195,80,182,157,414,429,38,138,209,347,480,482,440,459,37,75,355,220,135,140,1,23,57,21,24,45,0.467,0.533,4,49,50,15,53,0.075,0.925,0.962,0.288,1631170,Jaime Jaquez Jr.,0.37567307692307694,0.16707417582417583,4202.0,7.142857142857142,42.296072507552864,54.0178571428571,31.16523252050063,18.732782369146005,44.696969696969695,34.311294765840216,49.21875,48.59154929577465,2.631578947368421,37.35243699036322,14.215601687989754,35.10809472783474,24.661848207912247,21.039290240811155,23.97959183673469,22.36242595897675,35.01483679525222,70.91988130563797,81.89910979228486,4.451038575667656,68.5459940652819,Below Average,Above Average,Above Average,Poor,Average,2023-24
1627751,Jakob Poeltl,Jakob,1610612761,TOR,28.0,50,21,29,0.42,1319.1083333333333,114.2,283,0.214,0.309,35,0.167,76,0.531,425.0,358.0,372.0,1390.0,3.59,3.5885818869123063,291,289,381,370,210,363,80,55,60,239,361,24,29,347,353,355,368,212,50,465,375,90,64,1,159,351,19,7,26,0.731,0.269,30,72,99,61,102,0.294,0.706,0.98,0.604,1627751,Jakob Poeltl,0.3260476190476191,0.13973469387755102,2704.1,29.365079365079367,66.76737160120845,37.05357142857141,44.37800466359756,32.966023875114786,27.65151515151515,29.777318640955006,19.53125,19.014084507042252,2.631578947368421,15.125324314306893,34.3265037845022,50.80922882819529,42.56786630634875,31.1787072243346,35.714285714285715,33.21971754481261,81.00890207715133,59.940652818991104,27.299703264094955,34.42136498516321,84.56973293768546,Above Average,Average,Below Average,Below Average,Above Average,2023-24
1628973,Jalen Brunson,Jalen,1610612752,NYK,27.0,77,49,28,0.636,2726.3033333333333,112.6,235,0.088,0.128,70,0.161,13,0.058,793.0,714.0,819.0,2720.0,8.67,8.67496120821845,54,29,361,108,10,287,115,446,463,66,383,277,476,533,543,563,553,22,77,281,113,168,112,35,13,28,28,30,58,0.483,0.517,2,20,22,7,22,0.091,0.909,1.0,0.318,1628973,Jalen Brunson,0.3535573770491804,0.16585792349726777,5338.7,4.365079365079365,16.540785498489427,44.196428571428584,18.584413813360193,8.907254361799815,57.1969696969697,37.88108356290174,38.28125,43.66197183098591,92.10526315789474,53.62050593031876,23.17807163790924,35.806591536294434,29.492331587101837,25.09505703422053,9.183673469387756,17.934934430045782,6.824925816023739,77.74480712166172,95.84569732937686,9.198813056379821,54.3026706231454,Poor,Above Average,Elite,Poor,Average,2023-24
1631105,Jalen Duren,Jalen,1610612765,DET,20.0,61,13,48,0.213,1777.4816666666666,117.0,517,0.285,0.398,33,0.15,47,0.26,737.0,481.0,514.0,1994.0,3.44,3.4400190492808727,206,377,539,507,146,477,16,9,10,250,418,68,150,509,413,418,451,222,61,486,329,157,71,0,286,633,28,21,49,0.571,0.429,48,89,133,105,137,0.35,0.65,0.971,0.766,1631105,Jalen Duren,0.3341406727828746,0.1670611620795107,3660.0,17.857142857142858,43.957703927492446,24.553571428571423,28.666446374622353,28.74196510560147,53.03030303030303,43.314967860422406,22.265625,17.6056338028169,0.0,15.068221830985916,31.046763540291167,35.11556855453468,33.08116604741292,60.836501901140686,44.38775510204081,53.43456584154575,29.673590504451035,86.05341246290801,27.002967359050444,16.61721068249258,96.43916913946587,Below Average,Above Average,Below Average,Below Average,Elite,2023-24
1630224,Jalen Green,Jalen,1610612745,HOU,22.0,82,41,41,0.5,2601.3816666666667,113.8,382,0.143,0.211,66,0.171,28,0.126,791.0,760.0,646.0,2680.0,7.33,7.3305158903869785,2,97,507,300,21,341,38,186,200,82,343,160,350,532,557,500,547,59,82,331,182,149,124,3,10,21,19,18,37,0.514,0.486,2,17,18,5,19,0.105,0.895,0.947,0.263,1630224,Jalen Green,0.3593945945945946,0.1414972972972973,5246.4,10.317460317460316,18.051359516616312,38.839285714285715,20.154781386371262,15.243342516069788,50.0,36.097337006427914,42.96875,40.845070422535215,7.894736842105263,33.45695885841364,20.812517432515683,49.79696119586706,35.30473931419137,43.72623574144487,7.653061224489796,27.493307208815086,8.605341246290802,74.1839762611276,74.77744807121661,21.364985163204746,77.74480712166172,Poor,Above Average,Above Average,Below Average,Above Average,2023-24
1630552,Jalen Johnson,Jalen,1610612737,ATL,22.0,56,27,29,0.482,1888.8666666666666,115.2,414,0.211,0.312,67,0.22,47,0.24,627.0,531.0,705.0,2048.0,4.7,4.702836494767353,252,231,381,333,126,415,34,56,56,80,188,68,181,437,445,530,463,158,56,364,222,142,116,3,77,183,15,15,30,0.5,0.5,4,28,31,19,32,0.125,0.875,0.969,0.594,1630552,Jalen Johnson,0.34363608562691134,0.1346544342507645,3970.4,17.857142857142858,41.918429003021146,32.589285714285694,29.961628722485965,18.91643709825528,47.34848484848485,35.97566574839302,39.84375,41.54929577464789,7.894736842105263,32.453437731653075,27.198712031091315,53.726834868446915,40.46277344976912,47.78200253485424,13.26530612244898,32.24948914927188,31.454005934718097,73.29376854599407,72.99703264094956,31.15727002967359,84.27299703264094,Below Average,Above Average,Above Average,Below Average,Above Average,2023-24
1629667,Jalen McDaniels,Jalen,1610612761,TOR,26.0,50,12,38,0.24,538.0066666666667,115.0,61,0.11,0.172,19,0.235,6,0.103,227.0,193.0,186.0,620.0,1.36,1.3607669146996797,291,384,488,493,355,402,355,329,304,325,154,370,394,246,254,237,236,368,45,101,53,48,41,0,10,21,9,7,16,0.563,0.438,0,8,8,2,8,0.0,1.0,1.0,0.25,1629667,Jalen McDaniels,0.22305882352941175,0.10144290657439446,1112.3,1.5873015873015872,95.84592145015107,33.48214285714285,42.55152885675922,3.3976124885215793,11.742424242424242,8.404499540863178,10.546875,7.746478873239436,0.0,6.930017605633802,76.06309770978893,72.80029978422594,74.43169874700743,3.041825095057034,3.061224489795918,3.050554822689532,72.10682492581603,9.792284866468842,9.495548961424333,89.31750741839762,3.857566765578635,Above Average,Poor,Poor,Above Average,Poor,2023-24
1630188,Jalen Smith,Jalen,1610612754,IND,24.0,61,36,25,0.59,1046.625,118.6,225,0.219,0.342,17,0.097,38,0.365,353.0,352.0,324.0,1276.0,1.55,1.5453034319991008,206,146,311,187,255,513,133,48,34,334,520,108,86,311,346,320,350,352,61,283,200,83,25,1,105,233,10,10,20,0.5,0.5,32,46,75,50,78,0.41,0.59,0.962,0.641,1630188,Jalen Smith,0.3053448275862069,0.11121316614420061,2178.8,14.285714285714285,71.07250755287009,17.410714285714306,34.94234192921883,16.89623507805326,25.0,21.758494031221304,4.296875,6.338028169014084,2.631578947368421,4.594954595997034,42.71638732471795,67.18921483388378,54.95280107930087,23.827629911280102,22.448979591836736,23.207237267530587,47.47774480712167,43.02670623145401,4.747774480712167,61.12759643916914,69.73293768545994,Average,Average,Poor,Average,Average,2023-24
1630591,Jalen Suggs,Jalen,1610612753,ORL,23.0,75,43,32,0.573,2024.59,110.8,181,0.095,0.134,106,0.299,47,0.225,733.0,489.0,621.0,1996.0,7.63,7.634000308652061,76,79,425,221,101,204,183,412,446,10,63,68,191,506,420,490,453,47,75,292,167,125,190,7,22,50,24,39,63,0.381,0.619,4,4,8,4,8,0.5,0.5,1.0,0.5,1630591,Jalen Suggs,0.2967521613832853,0.11279827089337176,4079.3,17.857142857142858,43.8821752265861,52.23214285714286,35.55965418644799,13.86593204775023,40.909090909090914,30.09182736455464,68.75,69.01408450704226,18.421052631578945,56.260192735359524,46.198597386913235,66.27888514005697,56.2387412634851,18.250950570342205,1.0204081632653061,10.497206487157602,49.25816023738873,61.72106824925816,97.03264094955489,65.28189910979229,27.299703264094955,Average,Average,Elite,Average,Below Average,2023-24
1631114,Jalen Williams,Jalen,1610612760,OKC,23.0,71,51,20,0.718,2223.5983333333334,108.9,245,0.102,0.158,80,0.205,45,0.138,632.0,718.0,567.0,2190.0,9.56,9.559032182845755,118,26,237,45,64,125,106,376,354,32,232,79,326,442,545,453,486,14,71,282,164,118,195,1,20,46,22,29,51,0.431,0.569,4,48,49,26,52,0.077,0.923,0.942,0.5,1631114,Jalen Williams,0.2974714714714715,0.10935735735735735,4635.6,17.063492063492063,36.5558912386707,60.71428571428568,34.79853018750299,13.590449954086317,38.25757575757576,28.39072543617998,70.703125,50.70422535211267,2.631578947368421,46.685623610081535,45.90709428790202,68.25501054587791,57.08105241688996,26.362484157160964,23.46938775510204,25.06059077623445,45.6973293768546,56.97329376854599,93.47181008902076,66.76557863501483,73.88724035608308,Average,Average,Elite,Average,Above Average,2023-24
1630592,Jalen Wilson,Jalen,1610612751,BKN,23.0,43,14,29,0.326,664.5366666666666,113.0,84,0.128,0.195,11,0.136,4,0.061,223.0,180.0,220.0,658.0,1.99,1.990801322113372,330,361,381,442,326,303,318,243,237,377,455,410,474,243,246,267,244,315,39,99,39,60,22,0,14,34,10,9,19,0.526,0.474,3,19,21,6,22,0.136,0.864,1.0,0.286,1630592,Jalen Wilson,0.20696691176470589,0.08854044117647059,1293.2,0.7936507936507936,94.41087613293051,42.41071428571427,43.96394553541456,2.1120293847566574,16.28787878787879,10.617539026629936,3.125,2.112676056338028,0.0,1.9894366197183098,82.58440503672371,80.21021851763757,81.39731177718065,5.9569074778200255,8.673469387755102,7.1793603372908095,78.33827893175074,14.243323442136498,1.7804154302670623,96.14243323442136,16.023738872403563,Above Average,Poor,Poor,Elite,Below Average,2023-24
1627750,Jamal Murray,Jamal,1610612743,DEN,27.0,59,44,15,0.746,1861.37,112.4,200,0.105,0.156,57,0.204,39,0.163,635.0,545.0,566.0,2042.0,5.98,5.982164275885012,225,72,168,37,132,283,161,363,359,115,235,104,280,443,453,451,461,101,59,328,166,162,108,1,17,39,17,21,38,0.447,0.553,4,9,13,5,13,0.308,0.692,1.0,0.385,1627750,Jamal Murray,0.31519631901840495,0.13541717791411043,3623.7,14.682539682539684,42.14501510574018,45.08928571428568,31.896092588596357,13.774104683195592,54.92424242424242,38.464187327823694,36.71875,34.50704225352113,2.631578947368421,27.4228595255745,38.72403363813269,53.28878924030461,46.00641143921865,20.659062103929024,3.571428571428571,12.969627014303821,38.27893175074184,78.93175074183976,61.72106824925816,44.80712166172107,38.57566765578635,Below Average,Above Average,Average,Average,Below Average,2023-24
201935,James Harden,James,1610612746,LAC,34.0,72,46,26,0.639,2469.6683333333335,115.2,335,0.134,0.201,77,0.191,57,0.221,757.0,675.0,706.0,2506.0,5.88,5.880917216526617,108,52,332,107,34,418,52,216,221,38,278,53,198,520,528,531,527,106,72,320,142,178,137,0,15,33,21,31,52,0.404,0.596,0,44,43,25,44,0.0,1.0,0.977,0.568,201935,James Harden,0.3663651685393258,0.15982865168539326,4883.4,21.825396825396826,24.622356495468278,32.589285714285694,25.49530493214405,11.570247933884298,60.984848484848484,41.21900826446281,48.046875,48.59154929577465,0.0,36.22579225352112,17.987666314551127,39.26921769104689,28.62844200279901,37.76932826362484,21.428571428571427,30.41598768785081,20.474777448071215,82.49258160237389,79.82195845697329,8.30860534124629,81.60237388724035,Below Average,Above Average,Above Average,Poor,Above Average,2023-24
1630164,James Wiseman,James,1610612765,DET,23.0,63,9,54,0.143,1091.0433333333333,118.2,226,0.207,0.322,12,0.082,39,0.351,471.0,369.0,362.0,1248.0,1.75,1.7494570423289615,191,412,558,542,246,504,132,62,51,367,529,104,98,368,357,348,347,332,62,411,329,82,15,0,196,437,13,6,19,0.684,0.316,28,48,72,50,76,0.368,0.632,0.96,0.667,1630164,James Wiseman,0.2662049180327869,0.06452732240437159,2256.0,14.682539682539684,72.1299093655589,19.19642857142855,35.917591293818624,28.74196510560147,24.62121212121212,26.26951331496786,0.390625,2.8169014084507045,0.0,1.1421654929577465,58.577981812583815,94.00101377647599,76.2894977945299,23.954372623574145,23.46938775510204,23.7361294327617,51.632047477744806,52.52225519287834,0.5934718100890208,90.50445103857567,71.2166172106825,Average,Average,Poor,Elite,Above Average,2023-24
1630215,Jared Butler,Jared,1610612764,WAS,23.0,40,6,34,0.15,565.6516666666666,111.4,49,0.083,0.128,29,0.312,8,0.16,212.0,160.0,125.0,540.0,1.98,1.9836574301693664,349,458,446,540,346,232,383,465,461,269,52,331,286,232,225,194,217,316,36,88,36,52,47,2,6,14,4,10,14,0.286,0.714,0,4,2,1,4,0.0,1.0,0.5,0.25,1630215,Jared Butler,0.2690082987551867,0.10573858921161826,1167.3,2.380952380952381,98.86706948640483,49.55357142857139,47.944248129765484,1.8365472910927456,13.257575757575758,8.689164370982553,12.890625,14.788732394366196,5.263157894736842,11.648095811712379,57.44190130751476,70.33327830696022,63.88758980723749,1.520912547528517,1.0204081632653061,1.2956855746100722,89.91097922848664,10.979228486646884,20.474777448071215,78.04154302670622,0.5934718100890208,Above Average,Poor,Below Average,Above Average,Poor,2023-24
1628991,Jaren Jackson Jr.,Jaren,1610612763,MEM,24.0,66,22,44,0.333,2124.18,113.9,280,0.132,0.201,80,0.222,106,0.371,749.0,636.0,668.0,2074.0,6.0,5.995549882671909,170,276,528,432,77,345,83,224,222,32,180,11,82,518,509,514,468,100,66,549,406,143,180,2,113,277,30,22,52,0.577,0.423,7,55,58,26,62,0.113,0.887,0.951,0.426,1628991,Jaren Jackson Jr.,0.33164285714285713,0.13521739130434782,4309.6,41.269841269841265,40.93655589123867,38.3928571428571,40.433945355584314,35.81267217630854,47.72727272727273,42.96143250688705,64.84375,50.70422535211267,5.263157894736842,44.999768346923645,32.059012654800036,53.40352719903635,42.73126992691819,30.798479087452474,27.040816326530614,29.107530845037637,66.76557863501483,85.45994065281899,92.58160237388724,34.718100890207715,79.22848664688428,Average,Above Average,Elite,Below Average,Above Average,2023-24
1628386,Jarrett Allen,Jarrett,1610612739,CLE,26.0,77,46,31,0.597,2442.0616666666665,110.7,568,0.231,0.336,53,0.135,81,0.363,883.0,642.0,725.0,2388.0,9.16,9.161889773223102,54,52,406,179,36,200,11,36,38,129,458,20,91,555,515,539,514,18,77,738,582,156,124,0,312,743,36,18,54,0.667,0.333,21,134,148,88,155,0.135,0.865,0.974,0.579,1628386,Jarrett Allen,0.316558988764045,0.12056460674157303,4894.5,31.349206349206348,29.078549848942597,52.67857142857141,35.8868178439553,51.974288337924705,52.65151515151515,52.38062442607897,42.96875,31.690140845070424,0.0,28.279049295774648,38.171806635749725,61.81865868590868,49.9952326608292,67.30038022813687,67.3469387755102,67.32133157445487,51.33531157270029,95.84569732937686,63.798219584569736,52.52225519287834,97.92284866468842,Average,Elite,Average,Average,Elite,2023-24
1629637,Jaxson Hayes,Jaxson,1610612747,LAL,24.0,70,41,29,0.586,877.1333333333333,114.4,142,0.149,0.227,34,0.27,29,0.414,336.0,294.0,327.0,962.0,2.38,2.37615372441225,128,97,381,197,287,371,231,170,167,246,91,155,63,304,313,326,294,291,68,312,207,105,60,0,88,201,7,11,18,0.389,0.611,15,40,55,29,55,0.273,0.727,1.0,0.527,1629637,Jaxson Hayes,0.2970293255131965,0.10028739002932552,1793.1,10.714285714285714,82.93051359516616,36.16071428571425,42.351572615451005,17.53902662993572,33.33333333333333,27.015610651974285,17.96875,18.30985915492958,0.0,13.595950704225352,46.086275588386,73.46391587851527,59.775095733450634,13.307984790874524,19.387755102040817,16.043881430899358,71.81008902077151,54.3026706231454,24.92581602373887,71.2166172106825,47.18100890207715,Above Average,Average,Below Average,Above Average,Average,2023-24
1627759,Jaylen Brown,Jaylen,1610612738,BOS,27.0,70,52,18,0.743,2342.5216666666665,111.6,303,0.119,0.175,83,0.255,37,0.11,663.0,690.0,669.0,2334.0,8.25,8.252060239995155,128,25,215,38,50,239,68,285,292,27,111,117,382,461,534,515,508,33,70,291,142,149,125,1,17,42,40,34,74,0.541,0.459,9,52,58,31,61,0.148,0.852,0.983,0.525,1627759,Jaylen Brown,0.3011785714285714,0.16061011904761907,4752.9,13.88888888888889,31.1178247734139,48.6607142857143,28.611972797678995,11.570247933884298,50.0,34.62809917355372,43.359375,52.816901408450704,2.631578947368421,36.48756022979985,44.40477818864662,38.82041899495904,41.61259859180283,33.71356147021547,25.510204081632654,30.022050645353204,29.376854599406528,71.2166172106825,80.1186943620178,32.34421364985163,80.71216617210682,Below Average,Above Average,Above Average,Below Average,Above Average,2023-24
1631119,Jaylin Williams,Jaylin,1610612760,OKC,22.0,69,48,21,0.696,896.9466666666667,107.9,198,0.216,0.325,28,0.174,27,0.293,303.0,251.0,214.0,836.0,4.04,4.040558348070469,138,36,253,59,283,105,163,54,49,274,335,170,126,288,284,262,274,189,69,319,213,106,52,19,74,166,7,13,20,0.35,0.65,3,55,54,29,58,0.052,0.948,0.931,0.5,1631119,Jaylin Williams,0.3167,0.11328285714285714,1815.0,9.920634920634921,87.68882175226587,65.17857142857139,50.953984438689865,18.089990817263544,33.71212121212121,27.463269054178145,14.84375,14.084507042253522,50.0,23.367077464788732,38.11466130586851,66.00058602300658,52.05762366443754,20.405576679340935,27.040816326530614,23.39143452057629,95.25222551928783,55.48961424332344,49.85163204747774,56.676557863501486,70.32640949554896,Elite,Average,Average,Average,Above Average,2023-24
1628369,Jayson Tatum,Jayson,1610612738,BOS,26.0,74,57,17,0.77,2645.213333333333,110.5,534,0.187,0.275,75,0.201,43,0.123,708.0,766.0,698.0,2636.0,9.97,9.96708367668554,87,4,199,29,16,190,14,91,97,47,242,88,361,488,558,526,541,10,74,274,138,136,146,0,35,89,24,23,47,0.511,0.489,3,37,39,24,40,0.075,0.925,1.0,0.615,1628369,Jayson Tatum,0.333328729281768,0.16482320441988949,5284.4,16.26984126984127,19.71299093655589,53.571428571428555,26.800340478588208,11.202938475665748,45.07575757575758,31.526629935720848,51.5625,47.183098591549296,0.0,37.139084507042256,31.375806675764796,36.400833337285235,33.888320006525014,62.99112801013942,17.857142857142858,42.68083469129097,24.33234421364985,65.57863501483679,81.30563798219585,18.397626112759642,92.87833827893175,Below Average,Average,Above Average,Below Average,Elite,2023-24
201145,Jeff Green,Jeff,1610612745,HOU,37.0,78,39,39,0.5,1307.3383333333334,112.7,132,0.099,0.15,16,0.078,31,0.218,406.0,372.0,326.0,1380.0,4.15,4.15010878129925,43,117,497,300,212,293,248,391,384,341,530,145,199,340,360,324,367,183,77,337,209,128,43,2,97,232,9,7,16,0.563,0.438,0,45,42,8,45,0.0,1.0,0.955,0.182,201145,Jeff Green,0.2665190217391304,0.11797826086956521,2627.5,11.507936507936508,67.14501510574019,43.74999999999998,39.041429890183664,17.722681359044994,42.04545454545455,32.31634527089072,11.328125,5.633802816901409,5.263157894736842,7.818870459599704,58.450690112781686,63.30400370618335,60.87734690948252,12.040557667934094,21.93877551020408,16.49475569695559,61.72106824925816,67.06231454005935,12.462908011869436,72.70029673590504,48.6646884272997,Average,Average,Poor,Above Average,Average,2023-24
203924,Jerami Grant,Jerami,1610612757,POR,30.0,54,17,37,0.315,1830.1866666666667,117.5,154,0.087,0.137,45,0.164,34,0.193,671.0,548.0,622.0,2132.0,3.26,3.2600288978726657,271,331,475,448,135,487,214,451,430,173,376,132,224,466,455,491,478,230,54,207,114,93,93,4,15,34,13,17,30,0.433,0.567,0,39,36,5,39,0.0,1.0,0.947,0.132,203924,Jerami Grant,0.30910932475884245,0.13765916398713826,3656.6,12.698412698412698,38.74622356495468,22.321428571428566,24.22090046995636,8.999081726354454,28.78787878787879,20.872359963269055,30.859375,26.056338028169012,10.526315789473683,24.095047257227574,41.1908107895559,52.00121092947649,46.5960108595162,14.82889733840304,18.877551020408163,16.650791495305345,18.397626112759642,41.246290801186944,52.52225519287834,45.6973293768546,49.554896142433236,Below Average,Average,Average,Average,Average,2023-24
1631110,Jeremy Sochan,Jeremy,1610612759,SAS,21.0,74,18,56,0.243,2193.095,115.0,339,0.153,0.223,62,0.19,40,0.137,881.0,613.0,664.0,2562.0,5.41,5.4083863207837695,87,316,563,491,71,406,51,159,172,100,284,102,329,554,493,507,536,125,74,490,293,197,136,0,41,95,29,24,53,0.547,0.453,3,16,18,5,19,0.158,0.842,0.947,0.263,1631110,Jeremy Sochan,0.3436842105263158,0.16214619883040937,4558.6,15.079365079365079,22.507552870090635,33.48214285714285,22.279925250563466,25.436179981634528,68.18181818181817,51.08356290174471,47.65625,38.028169014084504,0.0,32.372359154929576,27.179209235917984,37.938244464164,32.55872685004099,38.27629911280101,7.142857142857142,24.266250226326274,13.056379821958458,95.25222551928783,72.40356083086054,16.023738872403563,72.10682492581603,Poor,Elite,Above Average,Below Average,Above Average,2023-24
1630579,Jericho Sims,Jericho,1610612752,NYK,25.0,45,30,15,0.667,584.7833333333333,109.7,91,0.153,0.235,8,0.105,19,0.413,192.0,165.0,133.0,558.0,2.27,2.2687936019177717,323,201,168,76,338,159,307,160,148,407,506,219,65,218,231,200,222,296,38,155,127,28,20,0,54,123,4,5,9,0.444,0.556,18,41,54,31,59,0.305,0.695,0.982,0.564,1630579,Jericho Sims,0.23773504273504276,0.07193589743589743,1107.3,6.746031746031746,98.18731117824774,57.14285714285712,51.34968589651368,10.192837465564738,4.166666666666666,6.577134986225895,2.34375,0.0,0.0,0.9375,70.11550507835919,89.74625027036168,79.93087767436043,6.844106463878327,19.897959183673468,12.718340187786142,95.84569732937686,7.121661721068249,0.2967359050445104,94.3620178041543,36.49851632047478,Elite,Poor,Poor,Elite,Below Average,2023-24
1628975,Jevon Carter,Jevon,1610612741,CHI,28.0,72,35,37,0.486,1003.6016666666667,108.6,49,0.049,0.074,37,0.182,16,0.147,275.0,298.0,265.0,894.0,4.43,4.42938035941064,108,155,475,330,266,119,383,544,545,227,309,248,311,270,317,289,282,166,68,112,39,73,90,2,11,24,7,12,19,0.368,0.632,1,7,7,0,8,0.125,0.875,0.875,0.0,1628975,Jevon Carter,0.23504899135446686,0.09654466858789625,2005.5,5.555555555555555,85.49848942598187,62.053571428571445,47.660086378458736,2.1120293847566574,21.21212121212121,13.57208448117539,29.6875,20.422535211267608,5.263157894736842,20.338676797627873,71.20403742956755,75.61337033295237,73.40870388125995,1.520912547528517,2.5510204081632653,1.984461084814154,89.61424332344214,23.14540059347181,44.21364985163205,88.4272997032641,1.483679525222552,Above Average,Below Average,Average,Above Average,Poor,2023-24
202710,Jimmy Butler III,Jimmy,1610612748,MIA,34.0,60,33,27,0.55,2042.0583333333334,110.5,213,0.106,0.153,79,0.237,17,0.113,663.0,570.0,569.0,1968.0,7.72,7.720631560515728,215,173,344,263,95,185,140,352,370,34,150,240,377,461,465,455,442,44,60,194,80,114,136,1,43,100,31,27,58,0.534,0.466,13,24,35,18,37,0.351,0.649,0.946,0.486,202710,Jimmy Butler III,0.309742946708464,0.17029153605015673,4030.4,5.952380952380952,44.93957703927492,53.571428571428555,31.50266148755574,5.876951331496786,36.74242424242424,24.39623507805326,47.65625,50.0,2.631578947368421,37.2203947368421,40.934033128642035,33.26035655723166,37.097194842936844,22.306717363751584,11.224489795918368,17.319714958226637,36.20178041543027,48.96142433234421,81.60237388724035,24.92581602373887,51.18694362017804,Below Average,Average,Above Average,Below Average,Average,2023-24
1629111,Jock Landale,Jock,1610612745,HOU,28.0,56,28,28,0.5,763.46,105.3,84,0.102,0.151,20,0.157,33,0.375,261.0,230.0,212.0,750.0,4.09,4.091020836981267,252,221,361,300,307,74,318,374,383,317,401,137,79,262,272,259,257,186,55,236,187,49,32,0,137,324,10,4,14,0.714,0.286,27,36,58,33,63,0.429,0.571,0.983,0.559,1629111,Jock Landale,0.2751036789297659,0.0988294314381271,1550.9,12.3015873015873,90.93655589123867,76.78571428571428,55.944858053997024,15.702479338842975,12.121212121212121,13.553719008264462,7.03125,8.450704225352112,0.0,5.770246478873239,54.97172573271955,74.30122521004799,64.63647547138376,5.9569074778200255,17.346938775510203,11.082421561780606,99.10979228486647,22.8486646884273,7.418397626112759,79.82195845697329,29.376854599406528,Elite,Below Average,Poor,Above Average,Below Average,2023-24
204060,Joe Ingles,Joe,1610612753,ORL,36.0,68,42,26,0.618,1169.0316666666668,110.3,124,0.111,0.17,43,0.217,5,0.042,388.0,313.0,342.0,1172.0,4.5,4.5021853320667145,148,88,332,142,233,176,258,324,312,183,198,387,495,326,329,336,334,161,64,61,18,43,65,1,25,52,7,10,17,0.412,0.588,4,15,18,12,19,0.211,0.789,1.0,0.667,204060,Joe Ingles,0.22669161676646707,0.0748502994011976,2312.5,1.1904761904761905,75.0,54.46428571428571,40.3422619047619,0.18365472910927455,9.848484848484848,5.982552800734618,19.921875,24.647887323943664,2.631578947368421,17.253405300222386,74.59089468627944,88.07250180033327,81.33169824330636,11.02661596958175,6.63265306122449,9.049332660820983,66.17210682492582,5.637982195845697,34.124629080118694,95.84569732937686,22.551928783382788,Average,Poor,Below Average,Elite,Below Average,2023-24
1628381,John Collins,John,1610612762,UTA,26.0,68,27,41,0.397,1901.06,121.7,418,0.222,0.325,40,0.161,61,0.303,722.0,532.0,769.0,2106.0,1.07,1.0700970686573779,148,231,507,393,122,552,33,45,48,210,383,40,120,499,446,552,473,399,68,433,271,162,63,7,120,280,39,19,58,0.672,0.328,33,47,77,47,80,0.413,0.588,0.963,0.588,1628381,John Collins,0.32782890855457225,0.1699911504424779,3923.2,23.41269841269841,39.72809667673716,3.571428571428558,24.16277034479451,23.415977961432507,54.92424242424242,42.32093663911846,19.140625,22.535211267605636,18.421052631578945,20.14883710155671,33.60462956079662,33.43286877663624,33.518749168716425,48.28897338403042,22.95918367346939,36.89056801427796,17.50741839762611,83.97626112759644,42.72997032640949,17.210682492581604,87.53709198813057,Below Average,Above Average,Average,Below Average,Above Average,2023-24
1629723,John Konchar,John,1610612763,MEM,28.0,55,18,37,0.327,1173.5733333333333,112.2,185,0.164,0.243,51,0.258,51,0.297,469.0,315.0,334.0,1202.0,3.86,3.8558324919807703,258,316,475,441,232,267,178,140,137,139,106,58,125,366,332,332,338,198,52,207,115,92,100,5,24,58,12,23,35,0.343,0.657,3,13,16,4,16,0.188,0.813,1.0,0.25,1629723,John Konchar,0.32922600619195047,0.1286346749226006,2338.1,19.444444444444446,73.86706948640483,45.98214285714283,45.126787812305174,9.090909090909092,28.40909090909091,20.681818181818183,33.59375,30.28169014084507,13.157894736842104,27.325565233506303,33.03845052673923,57.18399797958137,45.1112242531603,18.75792141951838,5.612244897959184,12.842366984816742,82.7893175074184,40.652818991097924,61.42433234421365,41.246290801186944,37.388724035608305,Above Average,Average,Average,Average,Below Average,2023-24
1631098,Johnny Davis,Johnny,1610612764,WAS,22.0,50,8,42,0.16,613.48,115.2,54,0.088,0.135,18,0.182,10,0.172,195.0,190.0,181.0,716.0,1.51,1.5116106204298947,291,423,515,534,334,420,368,447,442,331,310,308,261,220,251,230,253,358,45,58,38,20,45,0,6,14,7,5,12,0.583,0.417,0,10,10,3,10,0.0,1.0,1.0,0.3,1631098,Johnny Davis,0.21330034129692832,0.06313651877133106,1324.9,3.1746031746031744,92.22054380664653,32.589285714285694,41.69435303073898,2.0202020202020203,1.1363636363636365,1.48989898989899,12.109375,7.042253521126761,0.0,7.308538732394366,80.01775907091033,94.7997558445324,87.40875745772136,2.1546261089987326,4.081632653061225,3.021779053826854,69.73293768545994,0.2967359050445104,10.682492581602373,99.40652818991099,3.5608308605341246,Average,Poor,Poor,Elite,Poor,2023-24
202685,Jonas Valanciunas,Jonas,1610612740,NOP,32.0,82,49,33,0.598,1924.8316666666667,113.4,535,0.272,0.382,33,0.11,68,0.337,597.0,499.0,552.0,1834.0,5.61,5.614921492092003,2,29,437,177,118,319,13,12,14,250,498,32,102,423,424,440,425,118,82,525,413,112,52,0,200,447,20,22,42,0.476,0.524,85,142,212,152,227,0.374,0.626,0.959,0.688,202685,Jonas Valanciunas,0.33724022346368715,0.12786871508379888,3804.3,26.190476190476193,50.0,40.624999999999964,38.13244047619047,36.455463728191,35.984848484848484,36.17309458218549,14.84375,17.6056338028169,0.0,12.099471830985916,29.790659053730312,57.62389066547775,43.707274859604034,63.11787072243346,71.42857142857143,66.85768604019555,58.160237388724035,74.77744807121661,21.66172106824926,37.68545994065282,97.62611275964392,Average,Above Average,Below Average,Below Average,Elite,2023-24
1628371,Jonathan Isaac,Jonathan,1610612753,ORL,26.0,58,35,23,0.603,914.61,102.1,187,0.201,0.308,43,0.243,70,0.543,295.0,194.0,246.0,768.0,5.73,5.73273695857399,232,155,272,165,280,46,174,72,61,183,135,30,25,282,255,275,259,114,57,221,183,38,80,0,30,67,11,13,24,0.458,0.542,17,40,54,37,57,0.298,0.702,1.0,0.685,1628371,Jonathan Isaac,0.23033766233766234,0.06926298701298701,1807.1,26.984126984126984,90.25679758308158,91.07142857142857,65.15138709058648,15.335169880624427,7.954545454545454,10.906795224977044,25.78125,24.647887323943664,0.0,18.93926056338028,73.11332110487791,91.28130953265135,82.19731531876462,19.011406844106464,19.387755102040817,19.180763560176924,100.0,14.836795252225517,40.0593471810089,97.3293768545994,59.34718100890207,Elite,Poor,Average,Elite,Average,2023-24
1630228,Jonathan Kuminga,Jonathan,1610612744,GSW,21.0,74,40,34,0.541,1949.5133333333333,112.2,263,0.126,0.186,55,0.186,36,0.188,652.0,556.0,592.0,2050.0,6.48,6.483457199977078,87,110,446,275,113,273,91,250,258,124,294,122,237,454,460,468,464,84,74,362,219,143,92,1,45,115,25,28,53,0.472,0.528,10,36,43,18,46,0.217,0.783,0.956,0.4,1630228,Jonathan Kuminga,0.32703621169916436,0.16454038997214485,4008.8,13.492063492063492,41.842900302114806,45.98214285714283,31.537376216851285,18.640955004591365,47.72727272727273,36.092745638200185,30.46875,33.098591549295776,2.631578947368421,24.429901779095626,33.925872921237335,36.56325439479566,35.2445636580165,28.643852978453737,17.346938775510203,23.56024158712915,36.795252225519285,73.88724035608308,54.00593471810089,21.068249258160236,70.91988130563797,Below Average,Above Average,Average,Below Average,Above Average,2023-24
203903,Jordan Clarkson,Jordan,1610612762,UTA,32.0,55,22,33,0.4,1682.3416666666667,119.7,139,0.083,0.123,35,0.163,6,0.031,672.0,501.0,637.0,1816.0,1.93,1.933540895615983,258,276,437,385,164,535,236,471,475,239,378,370,507,467,426,496,419,318,55,154,60,94,72,0,39,93,13,16,29,0.448,0.552,0,21,21,5,21,0.0,1.0,1.0,0.238,203903,Jordan Clarkson,0.33957272727272725,0.14916363636363636,3446.5,1.5873015873015872,50.6797583081571,12.499999999999984,21.497836042775617,4.040404040404041,29.166666666666668,19.116161616161616,22.65625,19.014084507042252,0.0,15.717429577464788,28.84540317596951,45.39416314817827,37.11978316207389,12.927756653992395,9.693877551020408,11.472511057655002,12.166172106824925,37.68545994065282,28.783382789317507,25.222551928783382,31.750741839762615,Poor,Below Average,Below Average,Below Average,Below Average,2023-24
1630692,Jordan Goodwin,Jordan,1610612763,MEM,25.0,57,30,27,0.526,1055.77,109.7,165,0.151,0.231,48,0.253,18,0.123,401.0,269.0,293.0,1064.0,4.2,4.202968563306887,241,201,344,290,251,156,200,167,158,157,114,228,358,337,298,306,315,179,49,123,66,57,105,0,16,36,18,26,44,0.409,0.591,6,17,21,11,23,0.261,0.739,0.913,0.478,1630692,Jordan Goodwin,0.28239482200647253,0.12351456310679611,2080.0,6.349206349206349,79.0785498489426,57.14285714285712,44.50288927252672,4.591368227731864,15.151515151515152,10.927456382001838,35.546875,28.169014084507044,0.0,24.077904929577464,52.0169627770748,60.124491233467324,56.07072700527107,16.223067173637514,7.653061224489796,12.366564496521042,81.60237388724035,15.133531157270031,52.22551928783383,64.68842729970326,34.42136498516321,Above Average,Below Average,Average,Average,Below Average,2023-24
1641722,Jordan Hawkins,Jordan,1610612740,NOP,22.0,67,38,29,0.567,1160.58,114.3,119,0.1,0.155,19,0.101,7,0.073,392.0,344.0,361.0,1152.0,3.16,3.1616232977579175,166,124,381,233,236,367,268,385,364,325,508,343,454,331,343,347,330,237,60,197,76,121,23,1,13,27,15,8,23,0.652,0.348,0,12,12,3,12,0.0,1.0,1.0,0.25,1641722,Jordan Hawkins,0.24786501377410466,0.10857575757575756,2308.9,1.984126984126984,75.75528700906344,36.60714285714286,36.45978696110871,5.5096418732782375,39.39393939393939,25.84022038567493,3.515625,7.746478873239436,2.631578947368421,4.775412342475907,66.01029649129985,68.70388529074943,67.35709089102464,10.392902408111533,5.1020408163265305,8.012014691808282,52.52225519287834,51.33531157270029,5.341246290801187,83.67952522255193,19.584569732937684,Average,Average,Poor,Above Average,Below Average,2023-24
1629162,Jordan McLaughlin,Jordan,1610612750,MIN,28.0,56,35,21,0.625,626.12,100.1,54,0.087,0.124,35,0.269,7,0.103,168.0,145.0,154.0,556.0,4.28,4.2835550836669745,252,155,253,128,331,40,368,450,472,239,92,343,395,206,216,215,221,174,48,63,35,28,66,2,10,22,7,13,20,0.35,0.65,0,9,9,3,9,0.0,1.0,1.0,0.333,1629162,Jordan McLaughlin,0.2077766323024055,0.08831615120274913,1260.9,1.984126984126984,98.26283987915407,100.0,60.185644751354715,1.7447199265381086,4.166666666666666,3.197887970615243,20.3125,19.014084507042252,5.263157894736842,16.095719051148997,82.25626276547092,80.33902882068729,81.29764579307911,2.1546261089987326,3.571428571428571,2.79218721709216,99.40652818991099,1.1869436201780417,30.267062314540063,95.54896142433235,2.3738872403560833,Elite,Poor,Below Average,Elite,Poor,2023-24
1629670,Jordan Nwora,Jordan,1610612761,TOR,25.0,52,14,38,0.269,711.3933333333333,116.8,121,0.166,0.263,26,0.198,13,0.157,286.0,239.0,276.0,832.0,1.46,1.4573109556763926,282,361,488,468,316,473,262,137,110,287,257,277,293,279,274,298,272,362,41,94,58,36,33,1,1,3,6,10,16,0.375,0.625,1,8,8,3,9,0.111,0.889,0.889,0.333,1629670,Jordan Nwora,0.2294952076677316,0.06096805111821086,1506.1,4.365079365079365,87.83987915407855,25.446428571428577,38.85159659281638,3.8567493112947657,7.196969696969697,5.860881542699724,7.421875,12.676056338028168,2.631578947368421,8.063264455151963,73.4547290054407,96.04511233959714,84.74992067251893,10.646387832699618,3.061224489795918,7.233064328392954,61.12759643916914,5.341246290801187,12.759643916913946,98.21958456973294,16.913946587537094,Average,Poor,Poor,Elite,Below Average,2023-24
1629673,Jordan Poole,Jordan,1610612764,WAS,25.0,78,15,63,0.192,2345.555,119.5,180,0.074,0.115,86,0.242,25,0.098,814.0,817.0,752.0,2892.0,2.83,2.834273430293751,43,347,570,516,49,530,186,506,496,25,137,175,408,540,566,547,566,261,78,248,97,151,141,1,19,42,19,31,50,0.38,0.62,1,8,9,2,9,0.111,0.889,1.0,0.222,1629673,Jordan Poole,0.337574931880109,0.15207629427792915,4979.1,9.126984126984127,10.045317220543806,13.392857142857139,10.514868963698268,7.43801652892562,50.75757575757576,33.429752066115704,49.609375,54.929577464788736,2.631578947368421,39.72699684951816,29.655017218234676,43.72141629108454,36.68821675465961,18.124207858048162,3.061224489795918,11.345865342334653,0.5934718100890208,69.13946587537092,85.45994065281899,23.738872403560833,29.970326409495552,Poor,Average,Above Average,Below Average,Below Average,2023-24
1630631,Jose Alvarado,Jose,1610612740,NOP,26.0,56,38,18,0.679,1028.37,105.2,103,0.096,0.147,59,0.28,15,0.161,341.0,278.0,290.0,948.0,5.49,5.487072569386976,252,124,215,72,259,72,291,404,395,108,78,258,285,307,305,304,292,122,54,67,22,45,118,1,9,21,14,17,31,0.452,0.548,0,20,19,5,20,0.0,1.0,0.95,0.25,1630631,Jose Alvarado,0.23552034883720932,0.127375,2021.5,5.158730158730158,83.45921450151057,77.23214285714283,50.58225285330647,0.5509641873278237,10.606060606060606,6.584022038567493,40.625,35.91549295774648,2.631578947368421,29.478317272053374,71.01301804972259,57.90743249532044,64.46022527252151,8.365019011406844,9.183673469387756,8.733413517498256,94.3620178041543,7.418397626112759,67.35905044510386,79.52522255192879,21.364985163204746,Elite,Poor,Average,Above Average,Below Average,2023-24
1630581,Josh Giddey,Josh,1610612760,OKC,21.0,80,56,24,0.7,2011.5583333333334,111.5,403,0.19,0.29,52,0.158,44,0.149,592.0,663.0,546.0,2044.0,7.08,7.080604467176967,23,10,282,52,103,235,36,87,83,135,399,83,308,420,523,435,462,65,80,317,156,161,89,0,26,54,32,24,56,0.571,0.429,3,18,20,7,21,0.143,0.857,1.0,0.35,1630581,Josh Giddey,0.3435094339622642,0.13937466307277627,4160.5,16.666666666666664,42.06948640483384,49.10714285714285,33.66777262264422,12.85583103764922,54.54545454545454,37.86960514233241,29.296875,30.985915492957744,0.0,22.56382042253521,27.250038091083983,51.01599543617511,39.13301676362955,46.38783269961977,8.16326530612245,29.18677737254598,42.13649851632047,77.44807121661721,48.07121661721068,28.783382789317507,79.82195845697329,Average,Above Average,Average,Below Average,Above Average,2023-24
1630182,Josh Green,Josh,1610612742,DAL,23.0,57,32,25,0.561,1504.72,118.8,144,0.096,0.144,47,0.216,9,0.065,526.0,472.0,495.0,1646.0,2.13,2.130571164154988,241,183,311,246,185,515,226,405,407,162,202,319,468,390,405,410,396,304,57,157,90,67,91,3,40,93,31,18,49,0.633,0.367,0,19,18,7,19,0.0,1.0,1.0,0.389,1630182,Josh Green,0.29419710144927536,0.13811304347826087,3100.7,2.7777777777777777,57.09969788519638,16.51785714285715,25.22546965664413,6.7952249770431585,18.939393939393938,14.081726354453625,30.078125,27.464788732394368,7.894736842105263,23.617610266864343,47.23404496530239,51.74054678194684,49.48729587362462,13.561470215462613,8.673469387755102,11.361869842994233,19.881305637982198,25.222551928783382,50.445103857566764,50.445103857566764,30.86053412462908,Below Average,Below Average,Average,Average,Below Average,2023-24
1628404,Josh Hart,Josh,1610612752,NYK,29.0,81,49,32,0.605,2706.7716666666665,110.6,547,0.205,0.3,75,0.179,23,0.097,778.0,678.0,722.0,2584.0,10.06,10.05809220551949,18,29,425,163,11,196,12,64,65,47,323,188,409,526,530,537,537,9,81,363,148,215,150,6,67,160,40,40,80,0.5,0.5,5,17,21,14,22,0.227,0.773,0.955,0.636,1628404,Josh Hart,0.33120942408376963,0.17167277486910998,5259.2,8.333333333333332,21.676737160120847,53.125000000000014,24.201441339375634,12.121212121212121,75.0,49.84848484848485,53.125,47.183098591549296,15.789473684210526,41.711452928094886,32.23466302035589,32.467107586261825,32.35088530330886,64.63878326996198,7.653061224489796,38.9952083494995,18.100890207715135,94.06528189910979,89.02077151335311,15.43026706231454,89.61424332344214,Below Average,Elite,Above Average,Below Average,Above Average,2023-24
1629006,Josh Okogie,Josh,1610612756,PHX,25.0,60,37,23,0.617,959.715,111.5,80,0.081,0.124,48,0.289,24,0.205,391.0,309.0,293.0,1020.0,3.39,3.3907408934379717,215,139,272,148,275,238,325,479,473,157,70,183,214,330,327,306,307,226,55,130,72,58,93,3,20,44,25,21,46,0.543,0.457,8,10,17,12,18,0.444,0.556,0.944,0.667,1629006,Josh Okogie,0.2607161716171617,0.10148184818481848,1949.2,8.73015873015873,80.74018126888217,49.10714285714285,44.027912650457964,5.142332415059688,15.530303030303031,11.375114784205694,30.859375,28.169014084507044,7.894736842105263,24.17658914010378,60.8023167915022,72.77793551819684,66.79012615484952,5.4499366286438535,4.081632653061225,4.834199839631671,78.93175074183976,15.875370919881307,52.818991097922854,82.19584569732937,8.605341246290802,Above Average,Below Average,Average,Above Average,Poor,2023-24
1626196,Josh Richardson,Josh,1610612748,MIA,30.0,43,24,19,0.558,1102.83,113.7,103,0.094,0.14,24,0.151,14,0.215,383.0,314.0,262.0,1112.0,3.18,3.1823952092886927,330,257,226,256,243,334,291,415,422,298,417,267,204,323,330,285,325,234,43,137,62,75,61,1,14,33,4,11,15,0.267,0.733,2,8,9,3,10,0.2,0.8,0.9,0.3,1626196,Josh Richardson,0.3496770428015564,0.1604396887159533,2188.9,4.761904761904762,77.26586102719033,39.28571428571426,38.769241835707085,4.224058769513315,21.96969696969697,14.871441689623508,18.359375,11.267605633802818,2.631578947368421,11.94530670867309,24.75059158022503,38.91829756842571,31.834444574325367,8.365019011406844,3.061224489795918,5.978311476681927,60.534124629080125,27.002967359050444,21.068249258160236,14.540059347181009,12.759643916913946,Average,Below Average,Below Average,Poor,Poor,2023-24
201950,Jrue Holiday,Jrue,1610612738,BOS,34.0,69,53,16,0.768,2263.278333333333,110.9,289,0.117,0.172,61,0.197,53,0.176,629.0,664.0,610.0,2198.0,8.32,8.320456070276132,138,22,184,30,58,207,77,291,303,103,260,55,257,439,525,478,487,29,69,349,164,185,155,6,34,86,25,27,52,0.481,0.519,4,46,46,17,50,0.08,0.92,0.958,0.354,201950,Jrue Holiday,0.3245284090909091,0.16467613636363637,4536.9,20.238095238095237,36.25377643504532,51.78571428571425,33.73048841893252,13.590449954086317,63.63636363636363,43.61799816345271,55.078125,37.32394366197183,15.789473684210526,39.041998702742774,34.942169291914105,36.48529489649172,35.71373209420291,31.93916349809886,22.448979591836736,27.668580740280902,42.433234421364986,86.94362017804154,84.56973293768546,22.255192878338278,78.04154302670622,Average,Above Average,Above Average,Below Average,Above Average,2023-24
1630577,Julian Champagnie,Julian,1610612759,SAS,23.0,74,19,55,0.257,1467.875,113.5,164,0.111,0.159,48,0.202,42,0.184,578.0,401.0,438.0,1706.0,4.29,4.287623178514293,87,307,560,471,192,326,201,322,348,157,241,90,246,409,372,382,405,173,73,243,133,110,92,0,12,31,8,21,29,0.276,0.724,0,29,28,15,29,0.0,1.0,0.966,0.517,1630577,Julian Champagnie,0.24586233766233764,0.1160155844155844,3073.8,15.873015873015872,54.833836858006045,40.178571428571416,35.585692106651315,10.743801652892563,35.22727272727273,25.433884297520663,30.46875,28.169014084507044,0.0,22.046654929577464,66.82188846322379,64.43117379154693,65.62653112738536,16.09632446134347,13.77551020408163,15.051958045575644,49.85163204747774,50.74183976261127,47.18100890207715,80.41543026706232,44.21364985163205,Average,Average,Average,Above Average,Average,2023-24
1631124,Julian Strawther,Julian,1610612743,DEN,22.0,50,34,16,0.68,545.415,115.4,56,0.096,0.149,17,0.218,7,0.1,222.0,161.0,153.0,560.0,1.34,1.3368882102077884,291,165,184,70,351,428,362,403,390,334,196,343,400,242,226,214,223,370,42,82,52,30,34,1,8,20,5,5,10,0.5,0.5,0,14,14,4,14,0.0,1.0,1.0,0.286,1631124,Julian Strawther,0.16399236641221374,0.062339694656488545,1100.6,1.984126984126984,98.1117824773414,31.696428571428537,43.056881803577404,3.3057851239669422,4.924242424242424,4.276859504132231,7.8125,6.338028169014084,2.631578947368421,6.001204595997034,100.0,95.25737396275309,97.62868698137655,2.4081115335868186,6.122448979591836,4.079563384289076,73.59050445103857,2.6706231454005933,7.71513353115727,100.0,6.528189910979229,Above Average,Poor,Poor,Elite,Poor,2023-24
203944,Julius Randle,Julius,1610612752,NYK,29.0,46,29,17,0.63,1630.095,113.8,324,0.198,0.286,25,0.099,12,0.09,540.0,406.0,539.0,1642.0,4.73,4.729512712774943,315,213,199,121,170,337,58,76,86,293,518,286,424,393,374,426,393,154,46,247,112,135,49,0,48,112,24,13,37,0.649,0.351,21,21,42,27,42,0.5,0.5,1.0,0.643,203944,Julius Randle,0.28574418604651164,0.13977740863787375,3260.5,3.968253968253968,57.250755287009056,38.839285714285715,31.334887366326186,8.81542699724518,44.696969696969695,30.34435261707989,13.671875,11.971830985915492,0.0,9.658890845070422,50.65962049392948,50.78469763257127,50.72215906325037,36.37515842839037,9.693877551020408,24.36858203357389,35.60830860534125,62.61127596439169,15.727002967359049,53.70919881305638,72.40356083086054,Below Average,Average,Below Average,Average,Above Average,2023-24
203200,Justin Holiday,Justin,1610612743,DEN,35.0,58,38,20,0.655,862.0133333333333,109.1,62,0.069,0.105,36,0.242,9,0.081,296.0,242.0,270.0,904.0,3.68,3.678209063207759,232,124,237,94,293,133,353,519,514,230,139,319,441,283,278,292,286,208,49,106,60,46,68,0,3,7,6,12,18,0.333,0.667,0,8,8,2,8,0.0,1.0,1.0,0.25,203200,Justin Holiday,0.20258471760797342,0.076687707641196,1734.6,2.7777777777777777,85.12084592145015,59.821428571428584,45.85876432647581,4.040404040404041,10.984848484848484,8.207070707070708,21.09375,19.718309859154928,0.0,15.338908450704224,84.36030558105985,87.01727356924809,85.68878957515398,3.1685678073510775,3.061224489795918,3.1202633144512557,83.67952522255193,8.902077151335313,27.74480712166172,98.81305637982196,4.154302670623145,Above Average,Poor,Below Average,Elite,Poor,2023-24
203994,Jusuf Nurkić,Jusuf,1610612756,PHX,29.0,76,48,28,0.632,2078.035,111.3,613,0.284,0.4,81,0.253,80,0.359,747.0,509.0,605.0,2148.0,7.4,7.4043129712463625,61,36,361,119,86,229,6,10,9,29,112,21,96,517,430,474,479,57,76,567,483,84,166,1,337,748,35,24,59,0.593,0.407,97,163,247,171,260,0.373,0.627,0.965,0.668,203994,Jusuf Nurkić,0.3374780058651026,0.1326217008797654,4218.4,30.952380952380953,38.14199395770393,50.0,38.23065026614876,42.88337924701561,25.37878787878788,32.38062442607897,59.375,51.40845070422535,2.631578947368421,42.400852483320975,29.694296847720214,54.894238819649985,42.2942678336851,73.00380228136882,82.14285714285714,77.11637696903857,58.753709198813056,67.35905044510386,89.31750741839762,33.531157270029674,98.81305637982196,Average,Average,Above Average,Below Average,Elite,2023-24
1630231,KJ Martin,KJ,1610612755,PHI,23.0,60,33,27,0.55,746.495,110.5,90,0.12,0.194,22,0.149,12,0.136,252.0,258.0,199.0,814.0,2.9,2.8993800035376984,215,173,344,263,309,188,309,280,240,306,424,286,331,259,288,243,270,254,46,99,64,35,41,0,32,76,11,7,18,0.611,0.389,2,11,12,3,13,0.154,0.846,0.923,0.231,1630231,KJ Martin,0.2084525993883792,0.08664525993883791,1517.2,3.968253968253968,88.51963746223565,53.571428571428555,45.962031841941204,4.40771349862259,6.8181818181818175,5.853994490358126,10.546875,9.859154929577464,0.0,7.669454225352112,81.98232457994126,81.29862592837974,81.64047525416049,6.7173637515842834,4.591836734693878,5.7608765939836015,84.56973293768546,5.044510385756676,11.869436201780417,96.73590504451039,11.572700296735905,Above Average,Poor,Poor,Elite,Poor,2023-24
1626157,Karl-Anthony Towns,Karl-Anthony,1610612750,MIN,28.0,62,42,20,0.677,2025.565,109.1,421,0.204,0.294,43,0.147,41,0.182,691.0,530.0,546.0,1992.0,8.44,8.440375953519904,200,88,237,73,100,134,31,65,74,183,428,98,248,484,444,435,450,24,62,459,292,167,83,1,60,133,28,22,50,0.56,0.44,19,64,78,54,83,0.229,0.771,0.975,0.675,1626157,Karl-Anthony Towns,0.34283431952662724,0.1691360946745562,4017.3,15.476190476190476,44.03323262839879,59.821428571428584,36.55746475327291,25.344352617079892,56.81818181818182,44.22865013774105,26.953125,24.647887323943664,2.631578947368421,20.065905300222386,27.52363073688104,33.92392948150386,30.72378010919245,48.669201520912544,31.63265306122449,41.00275471405293,52.818991097922854,87.83382789317507,42.433234421364986,12.166172106824925,91.3946587537092,Average,Above Average,Average,Poor,Elite,2023-24
202695,Kawhi Leonard,Kawhi,1610612746,LAC,33.0,68,44,24,0.647,2330.04,111.1,332,0.138,0.205,111,0.27,59,0.243,678.0,647.0,631.0,2274.0,8.32,8.319101459985749,148,72,282,103,53,219,54,203,216,6,90,48,178,475,518,494,495,29,68,368,197,171,192,3,33,74,38,43,81,0.469,0.531,3,50,50,19,53,0.057,0.943,0.943,0.358,202695,Kawhi Leonard,0.36381952662721895,0.21010650887573967,4645.8,22.61904761904762,33.383685800604226,50.89285714285715,33.455123363544814,16.62075298438935,58.333333333333336,41.64830119375574,69.53125,72.53521126760563,7.894736842105263,55.17350815418828,19.019297204398868,10.39451627696747,14.70690674068317,37.38910012674271,24.489795918367346,31.584413232973798,41.839762611275965,83.08605341246292,96.43916913946587,1.483679525222552,83.97626112759644,Average,Above Average,Elite,Poor,Above Average,2023-24
1631099,Keegan Murray,Keegan,1610612758,SAC,23.0,77,43,34,0.558,2588.5666666666666,113.4,314,0.126,0.178,79,0.18,59,0.277,869.0,550.0,581.0,2630.0,7.59,7.587336140226336,54,79,446,255,23,320,62,251,284,34,320,48,139,552,456,461,540,49,77,421,295,126,127,13,26,64,28,36,64,0.438,0.563,9,53,57,23,62,0.145,0.855,0.95,0.383,1631099,Keegan Murray,0.32680851063829786,0.16150265957446808,5248.2,22.61904761904762,19.939577039274926,40.624999999999964,26.182721011365267,25.6198347107438,41.28787878787879,35.02066115702479,44.140625,50.0,34.21052631578947,43.70888157894737,34.01814962634806,38.30783069758669,36.16299016196737,35.10773130544994,26.02040816326531,31.018435891466858,22.551928783382788,72.40356083086054,91.69139465875371,22.8486646884273,82.7893175074184,Below Average,Above Average,Elite,Below Average,Above Average,2023-24
1628966,Keita Bates-Diop,Keita,1610612751,BKN,28.0,53,29,24,0.547,664.59,113.1,79,0.118,0.181,25,0.275,22,0.224,247.0,164.0,207.0,664.0,2.03,2.033562465126829,278,213,282,268,325,306,328,286,274,293,81,193,192,255,230,250,245,310,47,130,80,50,36,0,17,42,9,6,15,0.6,0.4,1,10,11,4,11,0.091,0.909,1.0,0.364,1628966,Keita Bates-Diop,0.23597569444444444,0.07552083333333333,1314.8,7.936507936507936,94.18429003021149,41.96428571428573,46.630176113748625,5.876951331496786,12.5,9.850780532598714,8.59375,11.971830985915492,0.0,7.627640845070422,70.82848754221243,87.68741245563174,79.25794999892209,5.323193916349809,4.081632653061225,4.764491347869947,86.64688427299704,13.056379821958458,11.572700296735905,93.76854599406528,8.30860534124629,Above Average,Poor,Poor,Elite,Poor,2023-24
1629640,Keldon Johnson,Keldon,1610612759,SAS,24.0,69,17,52,0.246,2038.3616666666667,116.1,282,0.135,0.198,51,0.175,20,0.084,745.0,631.0,626.0,2316.0,4.47,4.4691855625186925,138,331,551,489,98,456,81,214,227,139,332,209,435,515,501,493,503,163,68,253,133,120,95,2,20,45,30,16,46,0.652,0.348,9,36,39,14,45,0.2,0.8,0.975,0.35,1629640,Keldon Johnson,0.34965633802816903,0.14948732394366196,4265.9,7.142857142857142,31.797583081570995,28.57142857142859,21.129154078549853,10.743801652892563,39.015151515151516,27.706611570247937,31.640625,30.28169014084507,5.263157894736842,24.570631022979985,24.758982266948152,45.20826854671782,34.983625406832985,31.05196451204056,17.346938775510203,24.884702930601904,11.275964391691394,56.676557863501486,54.59940652818991,20.77151335311573,73.29376854599407,Poor,Average,Average,Below Average,Above Average,2023-24
203482,Kelly Olynyk,Kelly,1610612761,TOR,33.0,78,31,47,0.397,1758.73,119.1,303,0.169,0.264,74,0.264,30,0.17,775.0,612.0,611.0,1966.0,2.37,2.3713829325736246,43,193,534,391,150,519,68,125,109,50,98,148,266,524,492,480,441,292,78,336,203,133,176,10,125,291,21,15,36,0.583,0.417,21,50,67,43,71,0.296,0.704,0.944,0.606,203482,Kelly Olynyk,0.3665901639344262,0.1705846994535519,3635.4,11.11111111111111,45.01510574018127,15.17857142857145,23.99437431065075,17.17171717171717,43.93939393939394,33.23232323232323,63.28125,46.478873239436616,26.31578947368421,48.15905300222387,17.896486090594586,33.09199206813812,25.494239079366352,33.71356147021547,24.489795918367346,29.562866971883814,17.210682492581604,68.5459940652819,94.65875370919882,5.044510385756676,80.41543026706232,Below Average,Average,Elite,Poor,Above Average,2023-24
1626162,Kelly Oubre Jr.,Kelly,1610612755,PHI,28.0,68,40,28,0.588,2055.32,114.0,247,0.121,0.183,77,0.212,47,0.184,613.0,601.0,679.0,2080.0,5.76,5.764412347211731,148,110,361,191,93,351,101,277,270,38,208,68,245,427,487,517,470,111,68,221,124,97,166,5,7,16,28,23,51,0.549,0.451,2,18,20,7,20,0.1,0.9,1.0,0.35,1626162,Kelly Oubre Jr.,0.3300057803468208,0.1321127167630058,4124.4,17.857142857142858,40.70996978851964,37.94642857142856,30.877953711696158,9.917355371900827,30.303030303030305,22.148760330578515,59.375,48.59154929577465,13.157894736842104,44.04651593773165,32.72244413894238,55.18654969400373,43.954496916473055,26.61596958174905,8.16326530612245,18.31225265771708,33.82789317507419,44.510385756676556,91.98813056379822,38.27893175074184,55.48961424332344,Below Average,Average,Elite,Below Average,Average,2023-24
1629026,Kenrich Williams,Kenrich,1610612760,OKC,29.0,69,49,20,0.71,1029.0066666666667,106.7,148,0.14,0.209,38,0.194,9,0.067,335.0,297.0,263.0,992.0,5.01,5.006848088741763,138,29,237,48,258,88,218,196,204,223,268,319,465,302,315,287,304,142,68,149,88,61,78,13,47,107,7,17,24,0.292,0.708,13,33,46,23,46,0.283,0.717,1.0,0.5,1629026,Kenrich Williams,0.2823753753753754,0.1166156156156156,2113.9,2.7777777777777777,81.797583081571,70.53571428571426,47.37419376108953,6.6115702479338845,16.666666666666664,12.644628099173552,25.0,21.12676056338028,34.21052631578947,25.946997776130466,52.02484359693713,64.08657434542417,58.05570897118065,14.068441064638785,15.816326530612246,14.854989524326843,88.72403560830861,20.474777448071215,57.27002967359051,67.95252225519289,43.62017804154303,Above Average,Below Average,Average,Average,Average,2023-24
203484,Kentavious Caldwell-Pope,Kentavious,1610612743,DEN,31.0,76,54,22,0.711,2401.7566666666667,111.0,152,0.062,0.09,98,0.266,42,0.169,740.0,634.0,701.0,2554.0,8.68,8.680602587123829,61,18,262,47,42,215,216,530,538,16,96,90,269,510,504,527,535,21,74,179,110,69,182,0,39,88,27,30,57,0.474,0.526,2,14,14,7,16,0.125,0.875,0.933,0.467,203484,Kentavious Caldwell-Pope,0.2607159090909091,0.09577272727272729,4734.7,15.873015873015872,22.80966767371601,51.3392857142857,27.167411463578375,8.631772268135904,19.696969696969695,15.270890725436178,65.625,63.38028169014085,0.0,48.433098591549296,60.802423181246304,76.05669819595794,68.42956068860212,14.575411913814957,6.122448979591836,10.771578593414553,25.519287833827892,28.486646884272997,94.95548961424333,84.86646884272997,27.89317507418398,Below Average,Below Average,Elite,Above Average,Below Average,2023-24
1631165,Keon Ellis,Keon,1610612758,SAC,24.0,57,33,24,0.579,978.485,109.0,92,0.094,0.136,51,0.313,29,0.282,310.0,206.0,219.0,974.0,4.1,4.1040596868840655,241,173,282,210,273,127,306,417,436,139,49,155,136,293,260,265,298,185,51,148,81,67,104,0,10,27,17,15,32,0.531,0.469,0,11,11,1,11,0.0,1.0,1.0,0.091,1631165,Keon Ellis,0.22619932432432432,0.0755641891891892,1959.5,10.714285714285714,82.4773413897281,60.26785714285713,48.2197480578334,5.968778696051423,18.939393939393938,13.75114784205693,35.15625,30.28169014084507,0.0,24.661091549295776,74.79039803658873,87.66251307721053,81.22645555689962,6.970849176172369,4.591836734693878,5.900293577507049,90.80118694362018,23.44213649851632,54.89614243323442,95.25222551928783,12.462908011869436,Elite,Below Average,Average,Elite,Poor,2023-24
201142,Kevin Durant,Kevin,1610612756,PHX,35.0,75,44,31,0.587,2790.6366666666668,113.3,454,0.155,0.229,69,0.158,91,0.277,1062.0,827.0,851.0,2990.0,8.35,8.349201357826214,76,72,406,195,6,316,24,156,161,70,400,13,140,572,571,565,569,28,75,444,247,197,117,4,34,77,25,32,57,0.439,0.561,0,44,40,20,44,0.0,1.0,0.93,0.465,201142,Kevin Durant,0.30694134078212293,0.16089385474860335,5685.1,35.317460317460316,6.3444108761329305,41.07142857142858,26.615385076487797,21.21212121212121,68.18181818181817,49.393939393939384,40.234375,42.95774647887324,10.526315789473683,33.76054021497405,42.06939439098149,38.65746885936717,40.36343162517433,52.851711026615966,21.428571428571427,38.71129820749593,23.44213649851632,93.17507418397626,75.37091988130564,30.86053412462908,88.72403560830861,Below Average,Elite,Above Average,Below Average,Above Average,2023-24
1628989,Kevin Huerter,Kevin,1610612758,SAC,25.0,64,37,27,0.578,1562.2266666666667,115.0,186,0.124,0.174,45,0.177,23,0.183,500.0,367.0,379.0,1712.0,3.91,3.9120920200306855,185,139,344,214,178,405,176,261,295,173,324,188,247,380,356,358,407,195,63,263,141,122,111,0,24,56,10,11,21,0.476,0.524,5,21,25,12,26,0.192,0.808,1.0,0.48,1628989,Kevin Huerter,0.3288,0.1447174603174603,3205.3,8.333333333333332,54.607250755287005,33.48214285714285,30.816406811969493,11.47842056932966,39.77272727272727,28.45500459136823,37.890625,26.056338028169012,0.0,24.275968309859152,33.21109112665723,47.94761337342804,40.57935225004263,18.88466413181242,9.693877551020408,14.748810170456018,33.531157270029674,57.27002967359051,53.560830860534125,31.750741839762615,42.72997032640949,Below Average,Average,Average,Below Average,Average,2023-24
201567,Kevin Love,Kevin,1610612748,MIA,35.0,55,31,24,0.564,924.2633333333333,108.2,279,0.295,0.435,18,0.143,10,0.213,301.0,203.0,222.0,914.0,4.2,4.202797705042633,258,193,282,239,278,112,85,6,6,331,434,308,208,286,258,268,288,179,53,122,86,36,41,10,43,96,10,6,16,0.625,0.375,22,62,79,56,84,0.262,0.738,0.94,0.667,201567,Kevin Love,0.2779591836734694,0.05408163265306123,1856.2,3.1746031746031744,84.74320241691842,63.83928571428569,46.889783544334136,6.42791551882461,7.196969696969697,6.889348025711662,10.546875,7.042253521126761,26.31578947368421,13.26248610081542,53.81452177339552,100.0,76.90726088669776,30.671736375158424,30.612244897959183,30.644965210418768,87.53709198813057,7.71513353115727,24.33234421364985,90.80118694362018,81.89910979228486,Above Average,Poor,Below Average,Elite,Above Average,2023-24
1626172,Kevon Looney,Kevon,1610612744,GSW,28.0,74,43,31,0.581,1194.4283333333333,114.0,276,0.222,0.321,28,0.187,29,0.309,449.0,302.0,392.0,1182.0,3.28,3.2846313525923105,87,79,406,205,228,352,86,43,53,274,292,155,119,359,322,364,335,229,74,425,290,135,39,0,202,508,18,11,29,0.621,0.379,34,65,92,57,99,0.343,0.657,0.948,0.588,1626172,Kevon Looney,0.29183548387096775,0.13902903225806454,2397.2,10.714285714285714,74.62235649546828,37.94642857142856,39.890146201985324,25.160697887970617,44.696969696969695,36.882460973370065,9.765625,14.084507042253522,0.0,8.835827464788732,48.1910993067644,51.214492093193,49.7027956999787,30.2915082382763,32.142857142857146,31.124615245337683,64.68842729970326,75.96439169139467,13.94658753709199,51.92878338278932,83.08605341246292,Average,Above Average,Poor,Average,Above Average,2023-24
1641718,Keyonte George,Keyonte,1610612762,UTA,20.0,75,27,48,0.36,2022.5766666666666,118.9,196,0.095,0.139,36,0.148,7,0.029,824.0,605.0,847.0,2244.0,2.78,2.782679115553801,76,231,539,418,102,516,165,411,424,230,427,343,511,543,488,564,493,262,72,196,55,141,56,6,15,33,10,20,30,0.333,0.667,0,9,9,0,9,0.0,1.0,1.0,0.0,1641718,Keyonte George,0.3303829787234043,0.16076329787234042,4158.3,1.984126984126984,34.516616314199396,16.07142857142854,16.892323646477717,3.581267217630854,46.96969696969697,29.61432506887052,16.40625,19.718309859154928,15.789473684210526,17.411276871756854,32.569583088441426,38.732448005860526,35.651015547150976,20.15209125475285,3.571428571428571,12.690793047256927,4.154302670623145,59.05044510385756,34.718100890207715,21.958456973293767,35.90504451038576,Poor,Average,Below Average,Below Average,Below Average,2023-24
203114,Khris Middleton,Khris,1610612749,MIL,32.0,55,31,24,0.564,1487.27,114.6,217,0.134,0.197,51,0.274,15,0.088,448.0,458.0,426.0,1558.0,3.89,3.8949968560280417,258,193,282,239,190,386,138,215,230,139,82,258,428,358,394,376,382,196,55,176,83,93,101,3,14,35,19,17,36,0.528,0.472,3,29,31,13,32,0.094,0.906,1.0,0.419,203114,Khris Middleton,0.30821739130434783,0.10633333333333334,3080.0,5.158730158730158,60.42296072507553,35.26785714285716,32.02849260298279,6.152433425160698,28.78787878787879,19.733700642791554,33.984375,30.28169014084507,7.894736842105263,26.16602575982209,41.552270152308026,69.99171524337766,55.77199269784284,22.813688212927758,13.77551020408163,18.746508108947,38.87240356083086,39.16913946587537,57.86350148367953,63.50148367952523,56.97329376854599,Below Average,Below Average,Average,Average,Average,2023-24
1630165,Killian Hayes,Killian,1610612765,DET,22.0,42,7,35,0.167,1007.6583333333333,117.6,108,0.107,0.158,36,0.288,20,0.189,412.0,304.0,284.0,1188.0,1.79,1.786675312172098,341,440,461,530,265,490,281,344,351,230,71,209,236,345,323,301,336,330,42,147,88,59,73,1,4,9,12,10,22,0.545,0.455,0,16,16,9,16,0.0,1.0,1.0,0.563,1630165,Killian Hayes,0.3324137931034483,0.1110344827586207,2099.2,7.142857142857142,74.39577039274926,21.875000000000018,34.3644124946051,6.6115702479338845,15.909090909090908,12.190082644628099,23.046875,19.718309859154928,2.631578947368421,16.77805318754633,31.74658797823503,67.29183315722926,49.519210567732145,8.99873257287706,7.142857142857142,8.163588629368098,44.21364985163205,18.397626112759642,32.93768545994065,50.74183976261127,19.881305637982198,Average,Below Average,Below Average,Average,Below Average,2023-24
202691,Klay Thompson,Klay,1610612744,GSW,34.0,77,41,36,0.532,2284.1683333333335,116.1,219,0.093,0.138,50,0.161,35,0.172,808.0,636.0,702.0,2470.0,5.04,5.040621991278629,54,97,469,284,56,454,135,427,426,148,387,128,261,538,509,528,520,139,76,284,160,124,81,0,41,93,23,13,36,0.639,0.361,1,20,21,6,21,0.048,0.952,1.0,0.286,202691,Klay Thompson,0.3094770114942529,0.15280459770114943,4697.4,13.095238095238097,25.981873111782477,28.57142857142859,21.474607970076253,13.223140495867769,40.53030303030303,29.607438016528924,26.171875,29.577464788732392,0.0,20.820862676056336,41.04180436715506,43.30314978054647,42.172477073850764,23.067173637515843,9.183673469387756,16.819598561858207,11.869436201780417,58.753709198813056,44.80712166172107,33.23442136498516,50.14836795252226,Poor,Average,Average,Below Average,Average,2023-24
1627739,Kris Dunn,Kris,1610612762,UTA,30.0,66,25,41,0.379,1249.1766666666667,117.2,139,0.109,0.162,68,0.337,28,0.217,467.0,353.0,490.0,1322.0,2.36,2.3632401355218207,170,247,507,405,221,483,236,334,341,74,28,160,202,365,349,406,358,293,64,189,99,90,145,0,14,34,15,23,38,0.395,0.605,1,4,5,4,5,0.2,0.8,1.0,0.8,1627739,Kris Dunn,0.2255457142857143,0.11046285714285714,2594.9,10.317460317460316,69.33534743202418,23.660714285714267,34.309534299621156,7.621671258034894,27.65151515151515,19.639577594123047,51.171875,42.25352112676056,0.0,35.25748239436619,75.05527594519708,67.62011920397393,71.3376975745855,12.927756653992395,1.0204081632653061,7.569449833165206,43.916913946587535,38.57566765578635,78.04154302670622,85.45994065281899,18.100890207715135,Average,Below Average,Above Average,Above Average,Below Average,2023-24
1631200,Kris Murray,Kris,1610612757,POR,23.0,62,12,50,0.194,1348.2716666666668,112.1,139,0.107,0.16,53,0.25,21,0.188,551.0,353.0,489.0,1372.0,4.46,4.463642010141536,200,384,544,515,208,266,236,348,344,129,115,202,239,398,349,405,366,164,57,179,121,58,94,1,20,49,11,13,24,0.458,0.542,8,24,30,12,32,0.25,0.75,0.938,0.375,1631200,Kris Murray,0.26598275862068965,0.09602586206896552,2702.2,7.5396825396825395,67.44712990936556,46.428571428571445,38.22951134129382,9.641873278236915,15.530303030303031,13.174931129476585,31.25,31.690140845070424,2.631578947368421,24.249444032616754,58.668012743839284,75.91132223788517,67.28966749086223,12.927756653992395,11.224489795918368,12.161286567859083,58.45697329376854,21.958456973293767,53.11572700296736,83.08605341246292,33.82789317507419,Average,Below Average,Average,Above Average,Below Average,2023-24
204001,Kristaps Porziņģis,Kristaps,1610612738,BOS,28.0,57,43,14,0.754,1689.9483333333333,109.6,312,0.163,0.238,42,0.193,111,0.422,469.0,503.0,513.0,1626.0,6.94,6.940617069993822,241,79,162,33,162,150,64,142,145,194,271,10,62,366,427,417,390,72,57,665,495,170,66,0,134,307,11,13,24,0.458,0.542,19,93,110,47,112,0.17,0.83,0.991,0.423,204001,Kristaps Porziņģis,0.3238682432432432,0.18283445945945945,3430.1,43.25396825396825,57.85498489425982,57.58928571428572,51.948153443149664,43.98530762167126,57.95454545454546,52.36685032139577,20.3125,23.943661971830984,0.0,16.505281690140844,35.20970396662056,26.056923703438077,30.63331383502932,34.85424588086185,46.42857142857143,40.06269237733117,96.43916913946587,95.54896142433235,31.454005934718097,11.869436201780417,90.80118694362018,Elite,Elite,Below Average,Poor,Elite,2023-24
203937,Kyle Anderson,Kyle,1610612750,MIN,30.0,79,55,24,0.696,1781.8816666666667,105.1,213,0.116,0.171,71,0.228,47,0.196,603.0,484.0,466.0,1656.0,9.67,9.668846043530253,30,14,282,57,145,70,140,302,309,62,166,68,223,424,417,397,398,13,79,285,159,126,158,0,59,141,12,11,23,0.522,0.478,5,24,28,12,29,0.172,0.828,0.966,0.414,203937,Kyle Anderson,0.2965113924050633,0.13312151898734176,3571.1,17.857142857142858,56.72205438066465,77.67857142857143,46.41521903323263,13.131313131313133,41.28787878787879,30.025252525252526,56.25,44.36619718309859,0.0,38.028169014084504,46.29616991432552,54.6071920077109,50.45168096101821,22.306717363751584,11.224489795918368,17.319714958226637,85.7566765578635,60.83086053412463,82.7893175074184,53.41246290801187,51.18694362017804,Above Average,Average,Above Average,Average,Average,2023-24
1628398,Kyle Kuzma,Kyle,1610612764,WAS,28.0,70,13,57,0.186,2281.141666666667,120.8,402,0.17,0.271,37,0.106,49,0.19,775.0,817.0,733.0,2918.0,1.92,1.916133170313846,128,377,566,521,57,543,37,122,102,227,505,61,232,524,566,541,568,319,70,371,227,144,56,5,31,70,12,14,26,0.462,0.538,2,26,27,14,28,0.071,0.929,0.964,0.5,1628398,Kyle Kuzma,0.337201166180758,0.14635276967930028,4817.9,18.650793650793652,9.06344410876133,7.589285714285725,12.529844326955358,19.375573921028465,48.10606060606061,36.61386593204775,16.40625,20.422535211267608,13.157894736842104,16.999861008154188,29.806487163470173,47.008451042702376,38.40746910308627,46.261089987325725,12.244897959183673,30.953803574661805,1.483679525222552,75.66765578635015,33.531157270029674,27.89317507418398,82.49258160237389,Poor,Above Average,Below Average,Below Average,Above Average,2023-24
200768,Kyle Lowry,Kyle,1610612755,PHI,38.0,60,32,28,0.533,1689.7666666666667,111.6,160,0.098,0.145,59,0.222,21,0.14,578.0,432.0,544.0,1606.0,5.74,5.735757572703146,215,183,361,280,163,243,206,398,402,108,186,202,322,409,386,431,389,113,60,177,73,104,116,19,36,82,14,20,34,0.412,0.588,1,20,21,6,21,0.048,0.952,1.0,0.286,200768,Kyle Lowry,0.33473378839590445,0.18848122866894199,3313.1,7.5396825396825395,58.610271903323266,48.6607142857143,35.69464675346473,5.234159779614325,32.95454545454545,21.866391184573,39.84375,35.91549295774648,50.0,41.007922535211264,30.806401223524414,22.813969767260154,26.810185495392282,15.5893536121673,9.183673469387756,12.706797547916509,50.445103857566764,43.62017804154303,87.83382789317507,6.824925816023739,36.20178041543027,Average,Average,Above Average,Poor,Below Average,2023-24
202681,Kyrie Irving,Kyrie,1610612742,DAL,32.0,58,39,19,0.672,2029.6083333333333,112.6,246,0.116,0.175,74,0.25,28,0.122,583.0,599.0,587.0,2088.0,6.41,6.411378597614113,232,117,226,74,99,291,105,300,293,50,115,160,363,413,486,463,472,86,58,176,100,76,146,5,35,80,28,42,70,0.4,0.6,0,15,14,5,15,0.0,1.0,0.933,0.333,202681,Kyrie Irving,0.33627002967359054,0.14925519287833827,4151.6,10.317460317460316,40.40785498489426,44.196428571428584,29.31884051455426,7.7134986225895315,22.348484848484848,16.494490358126722,51.5625,46.478873239436616,13.157894736842104,40.18207931801334,30.18383370969508,45.34158200864158,37.76270785916833,26.489226869455006,6.63265306122449,17.553768655751277,29.970326409495552,31.454005934718097,86.64688427299704,26.409495548961427,52.22551928783383,Below Average,Below Average,Above Average,Below Average,Average,2023-24
1629013,Landry Shamet,Landry,1610612764,WAS,27.0,46,6,40,0.13,726.4966666666667,119.2,46,0.065,0.097,25,0.229,10,0.172,237.0,214.0,210.0,894.0,0.94,0.9427756746155268,315,458,501,548,314,524,389,524,528,293,164,308,261,249,263,255,282,413,45,126,79,47,50,0,13,35,5,7,12,0.417,0.583,0,12,11,1,12,0.0,1.0,0.917,0.083,1629013,Landry Shamet,0.28375510204081633,0.09348571428571428,1513.0,3.1746031746031744,85.49848942598187,14.732142857142842,34.877348283220634,5.785123966942149,11.363636363636363,9.132231404958677,14.0625,11.971830985915492,0.0,9.815140845070422,51.46570421411738,77.37013557814618,64.41791989613178,1.1406844106463878,5.1020408163265305,2.9232947932024524,46.29080118694362,11.572700296735905,16.61721068249258,78.93175074183976,3.2640949554896146,Average,Poor,Below Average,Above Average,Poor,2023-24
1626204,Larry Nance Jr.,Larry,1610612740,NOP,31.0,61,34,27,0.557,1216.1383333333333,108.4,213,0.176,0.261,61,0.265,19,0.186,410.0,300.0,344.0,1160.0,5.36,5.363493979783059,206,165,344,257,225,115,140,111,115,103,97,219,243,343,319,337,331,127,61,180,125,55,108,10,129,288,9,14,23,0.391,0.609,17,94,103,42,111,0.153,0.847,0.936,0.382,1626204,Larry Nance Jr.,0.28612130177514794,0.09787573964497041,2433.9,6.746031746031746,75.45317220543807,62.94642857142853,44.84363011317315,10.009182736455463,14.393939393939394,12.640036730945823,36.71875,37.32394366197183,26.31578947368421,34.32982765011119,50.5067929368177,74.84893283537902,62.67786288609836,22.306717363751584,46.93877551020408,33.39114352965521,82.49258160237389,20.178041543026705,76.8545994065282,76.55786350148368,84.86646884272997,Above Average,Below Average,Above Average,Above Average,Above Average,2023-24
1628374,Lauri Markkanen,Lauri,1610612762,UTA,27.0,55,22,33,0.4,1819.7466666666667,116.9,327,0.176,0.258,50,0.195,26,0.136,703.0,516.0,666.0,1974.0,3.58,3.5829152359863836,258,276,437,385,138,475,56,110,118,148,266,173,332,487,439,510,446,214,55,427,295,132,77,0,87,202,16,21,37,0.432,0.568,8,46,54,30,54,0.148,0.852,1.0,0.556,1628374,Lauri Markkanen,0.33294224924012156,0.15187537993920971,3769.5,9.523809523809524,44.71299093655589,24.999999999999968,25.709070637318362,25.6198347107438,43.56060606060606,36.38429752066116,24.609375,29.577464788732392,0.0,20.195862676056336,31.53242915568858,43.83680190742788,37.68461553155823,36.755386565272495,22.448979591836736,30.317503427226406,21.66172106824926,75.07418397626114,43.32344213649852,26.112759643916917,81.30563798219585,Below Average,Above Average,Average,Below Average,Above Average,2023-24
2544,LeBron James,LeBron,1610612747,LAL,39.0,71,41,30,0.577,2503.6833333333334,113.6,457,0.172,0.253,89,0.231,38,0.13,886.0,767.0,815.0,2626.0,7.2,7.202759734406472,118,97,395,215,30,327,22,118,127,20,162,108,345,557,559,562,539,61,71,269,133,136,128,8,43,95,20,19,39,0.513,0.487,10,48,57,34,58,0.172,0.828,0.983,0.586,2544,LeBron James,0.30810404624277454,0.1533063583815029,5131.2,14.285714285714285,20.090634441087612,39.73214285714287,22.679043482952096,10.743801652892563,45.07575757575758,31.342975206611573,44.53125,57.04225352112676,21.052631578947366,43.04044662713121,41.598203661720554,43.01498734411485,42.3065955029177,53.2319391634981,23.46938775510204,39.83879102971987,13.94658753709199,64.39169139465875,90.80118694362018,33.82789317507419,90.50445103857567,Poor,Average,Elite,Below Average,Elite,2023-24
1629022,Lonnie Walker IV,Lonnie,1610612751,BKN,25.0,58,23,35,0.397,1011.14,111.8,114,0.11,0.165,32,0.196,20,0.208,374.0,300.0,324.0,1008.0,3.49,3.489944476659423,232,270,461,395,263,250,273,332,330,256,262,209,211,316,319,320,306,217,51,116,59,57,53,0,4,10,2,15,17,0.118,0.882,0,5,5,2,5,0.0,1.0,1.0,0.4,1629022,Lonnie Walker IV,0.2042065868263473,0.0900688622754491,2022.8,7.142857142857142,81.19335347432025,47.767857142857146,43.21678085886923,3.948576675849403,15.151515151515152,10.670339761248853,15.234375,16.901408450704224,0.0,12.009242957746478,83.70303702454754,79.33244238845803,81.5177397065028,9.759188846641319,1.530612244897959,6.056329375856807,74.4807121661721,14.540059347181009,21.364985163204746,96.43916913946587,13.056379821958458,Above Average,Poor,Below Average,Elite,Poor,2023-24
1629652,Luguentz Dort,Luguentz,1610612760,OKC,25.0,79,54,25,0.684,2245.971666666667,112.1,210,0.089,0.137,71,0.19,47,0.152,676.0,735.0,615.0,2150.0,7.5,7.495874058421485,30,18,311,67,61,263,147,441,431,62,283,68,301,473,552,483,481,53,79,335,135,200,132,4,60,131,23,44,67,0.343,0.657,14,32,40,17,46,0.304,0.696,0.909,0.386,1629652,Luguentz Dort,0.2793943661971831,0.1356225352112676,4673.9,17.857142857142858,38.066465256797585,46.428571428571445,32.07326283987916,10.927456382001836,69.31818181818183,45.961891643709826,46.09375,44.36619718309859,10.526315789473683,36.59724796145292,53.23290869694859,53.17085202161673,53.20188035928266,21.926489226869457,15.306122448979592,18.94732417681902,39.16913946587537,91.3946587537092,80.41543026706232,58.45697329376854,58.160237388724035,Below Average,Elite,Above Average,Average,Average,2023-24
1629029,Luka Dončić,Luka,1610612742,DAL,25.0,70,46,24,0.657,2624.04,113.8,588,0.218,0.322,99,0.257,38,0.135,780.0,728.0,879.0,2766.0,7.45,7.449062214873966,128,52,282,92,19,336,9,51,52,15,107,108,334,528,548,568,556,56,70,333,138,195,184,7,13,31,35,42,77,0.455,0.545,1,40,41,24,41,0.024,0.976,1.0,0.585,1629029,Luka Dončić,0.35584848484848486,0.17688980716253444,5401.7,14.285714285714285,14.803625377643503,38.839285714285715,20.60537602503237,11.202938475665748,67.42424242424242,44.935720844811755,66.40625,64.08450704225352,18.421052631578945,53.597340622683475,22.24959164765901,29.470952655276317,25.86027215146766,69.83523447401775,19.387755102040817,47.13386875662813,10.089020771513352,89.61424332344214,95.54896142433235,5.934718100890208,94.06528189910979,Poor,Above Average,Elite,Poor,Elite,2023-24
1628436,Luke Kornet,Luke,1610612738,BOS,28.0,63,48,15,0.762,983.31,109.7,143,0.141,0.203,23,0.183,61,0.526,275.0,263.0,262.0,928.0,3.89,3.8931759377713666,191,36,168,32,272,153,228,189,217,301,308,40,30,270,294,285,291,196,63,417,308,109,34,0,122,301,5,12,17,0.294,0.706,32,57,86,53,89,0.36,0.64,0.989,0.609,1628436,Luke Kornet,0.312619335347432,0.12069486404833837,1934.4,23.41269841269841,84.21450151057401,57.14285714285712,53.12586917949454,26.813590449954088,34.84848484848485,31.634527089072545,7.8125,10.56338028169014,0.0,6.822183098591548,39.768365892785354,61.74385158294062,50.75610873786299,13.434727503168567,28.061224489795915,20.016651147150874,97.3293768545994,65.8753709198813,9.198813056379821,54.00593471810089,62.31454005934718,Elite,Average,Poor,Average,Average,2023-24
1630201,Malachi Flynn,Malachi,1610612765,DET,26.0,69,28,41,0.406,876.9216666666666,114.6,93,0.106,0.172,38,0.255,8,0.088,345.0,305.0,241.0,968.0,2.25,2.248452573644482,138,221,507,382,288,387,305,350,305,223,110,331,427,308,324,273,296,300,54,111,59,52,60,0,6,14,17,20,37,0.459,0.541,0,7,7,3,7,0.0,1.0,1.0,0.429,1630201,Malachi Flynn,0.27204307692307694,0.09457846153846154,1758.9,2.380952380952381,82.70392749244712,35.26785714285716,38.715719860451735,3.948576675849403,13.257575757575758,9.533976124885216,17.96875,21.12676056338028,0.0,14.581866197183096,56.212046123664514,76.74256804827559,66.47730708597005,7.097591888466413,2.5510204081632653,5.051634722329997,60.23738872403561,12.759643916913946,26.409495548961427,81.30563798219585,9.198813056379821,Average,Poor,Below Average,Above Average,Poor,2023-24
1631103,Malaki Branham,Malaki,1610612759,SAS,21.0,75,18,57,0.24,1594.3266666666666,117.0,120,0.074,0.109,27,0.13,8,0.038,641.0,479.0,491.0,1866.0,3.08,3.0766699935223163,76,316,566,493,174,479,265,505,508,281,470,331,502,446,411,408,431,244,72,158,80,78,40,0,11,25,18,15,33,0.545,0.455,0,8,8,0,8,0.0,1.0,1.0,0.0,1631103,Malaki Branham,0.29935483870967744,0.11536559139784945,3362.0,2.380952380952381,48.79154078549849,24.553571428571423,24.167813084448277,5.876951331496786,23.106060606060606,16.21441689623508,10.15625,13.380281690140844,0.0,8.745598591549296,45.14385268246648,64.80446643680185,54.97415955963416,10.519645120405578,3.061224489795918,7.163355836631231,17.804154302670625,30.86053412462908,13.649851632047477,61.42433234421365,15.727002967359049,Below Average,Below Average,Poor,Average,Below Average,2023-24
1627736,Malik Beasley,Malik,1610612749,MIL,27.0,79,46,33,0.582,2337.3716666666664,112.6,249,0.098,0.141,59,0.187,9,0.034,713.0,641.0,709.0,2532.0,7.53,7.5283833136889715,30,52,437,203,52,288,100,396,420,108,291,319,504,490,512,533,532,50,78,228,118,110,110,2,21,50,10,19,29,0.345,0.655,1,16,16,4,17,0.059,0.941,0.941,0.235,1627736,Malik Beasley,0.29567877094972067,0.11893296089385476,4868.5,2.7777777777777777,23.6404833836858,44.196428571428584,20.434387438258284,9.366391184573002,35.22727272727273,24.88292011019284,37.5,35.91549295774648,5.263157894736842,28.886212008895477,46.63359286796102,62.75571705114532,54.69465495955317,26.869455006337134,7.142857142857142,17.992485967771138,9.792284866468842,49.85163204747774,66.17210682492582,60.534124629080125,54.89614243323442,Poor,Average,Average,Average,Average,2023-24
1628370,Malik Monk,Malik,1610612758,SAC,26.0,72,42,30,0.583,1872.3066666666666,115.1,184,0.101,0.146,45,0.172,39,0.229,648.0,459.0,453.0,1890.0,4.71,4.713123072538965,108,88,395,201,130,408,179,384,397,173,342,104,186,452,395,388,435,157,71,253,138,115,96,2,23,55,17,19,36,0.472,0.528,0,9,9,1,9,0.0,1.0,1.0,0.111,1628370,Malik Monk,0.30881267217630853,0.13632231404958678,3818.7,14.682539682539684,47.88519637462236,33.0357142857143,30.891763175562275,11.202938475665748,37.121212121212125,26.753902662993575,32.03125,26.056338028169012,5.263157894736842,23.24800778354336,41.311030356274856,52.76896725282357,47.039998804549214,18.631178707224336,3.571428571428571,11.854291146116243,34.42136498516321,53.41246290801187,49.554896142433236,47.18100890207715,33.23442136498516,Below Average,Average,Average,Average,Below Average,2023-24
1630699,MarJon Beauchamp,MarJon,1610612749,MIL,23.0,48,30,18,0.625,607.6883333333334,114.5,77,0.123,0.186,13,0.126,7,0.121,219.0,201.0,167.0,644.0,1.64,1.6350872236610725,306,201,215,128,335,379,329,266,260,359,474,343,364,238,257,221,242,345,40,76,35,41,36,1,2,4,5,6,11,0.455,0.545,1,9,10,3,10,0.1,0.9,1.0,0.3,1630699,MarJon Beauchamp,0.2143576923076923,0.08910384615384616,1266.9,1.984126984126984,94.93957703927492,35.7142857142857,42.95107418596844,1.7447199265381086,9.090909090909092,6.152433425160698,8.59375,3.5211267605633805,2.631578947368421,5.327789103039288,79.58926362584081,79.88665360445249,79.73795861514665,5.069708491761723,3.571428571428571,4.395482527611805,72.99703264094956,6.231454005934718,6.824925816023739,94.06528189910979,7.418397626112759,Above Average,Poor,Poor,Elite,Poor,2023-24
202694,Marcus Morris Sr.,Marcus,1610612739,CLE,34.0,49,26,23,0.531,816.9766666666667,114.6,111,0.139,0.213,15,0.12,13,0.169,261.0,228.0,284.0,834.0,2.12,2.12142260872748,302,241,272,286,299,388,278,199,197,348,486,277,268,262,271,301,273,305,44,78,48,30,26,0,23,54,4,5,9,0.444,0.556,6,22,24,9,28,0.214,0.786,0.889,0.333,202694,Marcus Morris Sr.,0.27333797909407664,0.11382229965156795,1612.9,4.365079365079365,87.7643504531722,35.26785714285716,41.2805186903563,2.938475665748393,4.924242424242424,4.129935720844811,4.6875,4.929577464788732,0.0,3.600352112676056,55.68728218393642,65.69078281659473,60.689032500265576,9.37896070975919,10.204081632653061,9.750265125061432,68.84272997032642,2.3738872403560833,3.5608308605341246,72.40356083086054,24.629080118694365,Average,Poor,Poor,Above Average,Below Average,2023-24
1631204,Marcus Sasser,Marcus,1610612765,DET,23.0,71,11,60,0.155,1351.11,115.7,114,0.085,0.128,44,0.235,12,0.103,562.0,395.0,433.0,1516.0,3.12,3.1192102113767772,118,392,568,539,207,438,273,455,465,179,153,286,397,404,370,379,380,240,64,170,89,81,82,1,10,21,10,17,27,0.37,0.63,0,6,6,1,6,0.0,1.0,1.0,0.167,1631204,Marcus Sasser,0.2836844783715013,0.09753689567430025,2786.4,3.968253968253968,62.00906344410876,30.35714285714284,30.879759507025362,6.703397612488522,24.242424242424242,17.226813590449954,26.5625,25.352112676056336,2.631578947368421,20.156134173461822,51.49432471980331,75.0435317905815,63.26892825519241,9.759188846641319,2.0408163265306123,6.285921212591501,34.124629080118694,33.23442136498516,43.02670623145401,76.8545994065282,13.94658753709199,Below Average,Below Average,Average,Above Average,Poor,2023-24
1628365,Markelle Fultz,Markelle,1610612753,ORL,26.0,43,25,18,0.581,909.9383333333334,109.0,82,0.094,0.136,42,0.239,15,0.214,289.0,239.0,272.0,908.0,3.85,3.85425738829103,330,247,215,204,281,128,323,413,438,194,147,258,205,281,274,296,287,199,42,108,56,52,68,0,17,39,11,12,23,0.478,0.522,0,6,6,2,6,0.0,1.0,1.0,0.333,1628365,Markelle Fultz,0.268504,0.119664,1820.5,5.158730158730158,84.96978851963746,60.26785714285713,46.86988233107945,3.6730945821854912,13.257575757575758,9.423783287419651,21.09375,23.943661971830984,0.0,16.817781690140844,57.6462702610145,62.33587943093719,59.991074845975845,5.7034220532319395,2.0408163265306123,4.055249476216343,87.24035608308606,11.869436201780417,33.23442136498516,71.81008902077151,6.231454005934718,Above Average,Poor,Below Average,Above Average,Poor,2023-24
1628963,Marvin Bagley III,Marvin,1610612764,WAS,25.0,50,7,43,0.14,1053.3516666666667,115.5,182,0.175,0.253,20,0.136,33,0.363,379.0,295.0,314.0,1244.0,2.44,2.437838788598935,291,440,525,545,252,432,180,113,126,317,454,137,92,318,314,313,344,284,50,349,235,114,42,9,138,312,17,8,25,0.68,0.32,20,59,76,39,79,0.253,0.747,0.974,0.5,1628963,Marvin Bagley III,0.32653198653198656,0.11761952861952862,2174.4,12.3015873015873,72.2809667673716,31.249999999999993,38.03147328921498,20.110192837465565,36.74242424242424,30.08953168044077,10.9375,8.450704225352112,23.684210526315788,13.253799110452185,34.13021205292171,63.510024550870355,48.82011830189603,18.377693282636248,29.081632653061224,23.194465999327488,57.566765578635014,61.42433234421365,24.03560830860534,49.554896142433236,69.43620178041543,Average,Average,Below Average,Average,Average,2023-24
203486,Mason Plumlee,Mason,1610612746,LAC,34.0,46,29,17,0.63,673.9266666666666,115.5,174,0.244,0.377,14,0.131,17,0.266,220.0,223.0,253.0,770.0,1.61,1.6073734468529224,315,213,199,121,324,431,193,21,16,354,468,240,145,240,267,280,263,347,44,149,120,29,40,4,90,209,9,10,19,0.474,0.526,15,22,37,28,37,0.405,0.595,1.0,0.757,203486,Mason Plumlee,0.28078308823529413,0.06862867647058823,1362.4,5.952380952380952,90.18126888217523,31.249999999999993,41.75689648971371,9.550045913682277,4.545454545454546,6.547291092745638,10.15625,4.225352112676056,10.526315789473683,8.172952186805041,52.670123905767205,91.64559569238618,72.15785979907669,17.363751584283904,10.204081632653061,14.141900106050025,70.02967359050444,6.824925816023739,13.056379821958458,86.64688427299704,40.0593471810089,Above Average,Poor,Poor,Above Average,Average,2023-24
1629680,Matisse Thybulle,Matisse,1610612757,POR,27.0,65,18,47,0.277,1487.3833333333334,115.1,106,0.074,0.121,113,0.401,49,0.325,587.0,489.0,541.0,1692.0,3.7,3.7018813155409225,181,316,534,462,189,411,284,504,480,4,13,61,113,417,420,429,402,206,65,162,79,83,220,1,29,77,8,21,29,0.276,0.724,0,10,10,2,10,0.0,1.0,1.0,0.2,1629680,Matisse Thybulle,0.29356797583081573,0.1038761329305136,2973.3,18.650793650793652,55.36253776435045,33.0357142857143,35.096134249268694,5.785123966942149,25.0,17.31404958677686,80.46875,73.94366197183099,2.631578947368421,58.72567642698295,47.489000471224415,71.40289169183612,59.445946081530266,8.745247148288973,4.081632653061225,6.646620625436486,48.07121661721068,33.531157270029674,97.62611275964392,70.32640949554896,14.688427299703264,Average,Below Average,Elite,Above Average,Poor,2023-24
1631108,Max Christie,Max,1610612747,LAL,21.0,67,38,29,0.567,944.3183333333334,110.3,127,0.122,0.175,20,0.157,17,0.153,364.0,289.0,344.0,990.0,3.69,3.689626258471407,166,124,381,233,277,180,254,272,290,317,401,240,298,313,308,337,302,207,56,219,122,97,29,0,12,29,10,7,17,0.588,0.412,0,6,5,1,6,0.0,1.0,1.0,0.2,1631108,Max Christie,0.22505833333333333,0.08507777777777778,1943.9,5.952380952380952,81.87311178247734,54.46428571428571,44.65261293339087,9.73370064279155,30.303030303030305,22.075298438934805,5.859375,8.450704225352112,0.0,5.301496478873239,75.25278889594179,82.19883492497948,78.72581191046064,11.406844106463879,2.0408163265306123,7.192131605493909,81.89910979228486,44.21364985163205,6.528189910979229,92.87833827893175,16.320474777448073,Above Average,Average,Poor,Elite,Below Average,2023-24
1629622,Max Strus,Max,1610612739,CLE,28.0,70,43,27,0.614,2239.175,109.7,272,0.117,0.173,64,0.168,29,0.134,803.0,613.0,667.0,2148.0,9.09,9.094730253451077,128,79,344,152,62,157,89,290,302,90,356,155,336,537,493,512,479,19,70,341,181,160,116,5,53,119,15,22,37,0.405,0.595,5,24,28,14,29,0.172,0.828,0.966,0.483,1629622,Max Strus,0.3266519174041298,0.18820058997050146,4522.1,10.714285714285714,38.14199395770393,57.14285714285712,31.92112645662494,15.151515151515152,54.166666666666664,38.56060606060606,39.84375,39.436619718309856,13.157894736842104,33.029790585618976,34.08160961918548,22.975141286404806,28.528375452795142,29.784537389100123,11.224489795918368,21.432515972168332,38.57566765578635,79.52522255192879,73.59050445103857,8.011869436201781,66.17210682492582,Below Average,Above Average,Above Average,Poor,Average,2023-24
1628467,Maxi Kleber,Maxi,1610612742,DAL,32.0,43,27,16,0.628,871.4116666666666,109.9,113,0.125,0.179,17,0.153,30,0.38,283.0,221.0,249.0,882.0,3.47,3.4687816995766645,330,231,184,124,292,164,276,259,279,334,412,148,77,274,266,277,278,220,43,284,199,85,28,4,65,153,8,7,15,0.533,0.467,9,41,46,12,50,0.18,0.82,0.939,0.245,1628467,Maxi Kleber,0.3014733096085409,0.10290747330960855,1798.0,11.11111111111111,85.95166163141994,56.24999999999996,48.59002601544141,16.804407713498623,25.757575757575758,22.176308539944902,5.46875,6.338028169014084,10.526315789473683,7.037388806523349,44.28533444071493,71.95919537875776,58.122264909736344,9.632446134347274,19.897959183673468,14.251927006544062,91.98813056379822,44.80712166172107,9.792284866468842,68.24925816023739,40.652818991097924,Elite,Average,Poor,Average,Average,2023-24
1629008,Michael Porter Jr.,Michael,1610612743,DEN,26.0,81,57,24,0.704,2564.605,112.1,459,0.177,0.253,42,0.114,53,0.201,766.0,638.0,762.0,2716.0,8.42,8.418660122207529,18,4,282,51,27,265,21,108,125,194,494,55,218,521,511,550,551,26,81,316,195,121,86,0,30,71,24,8,32,0.75,0.25,12,22,32,26,34,0.353,0.647,0.97,0.788,1629008,Michael Porter Jr.,0.3402907608695652,0.1463070652173913,5012.5,20.238095238095237,16.691842900302113,46.428571428571445,25.544525967486695,16.437098255280073,39.39393939393939,30.21120293847566,28.125,23.943661971830984,0.0,19.630281690140844,28.55441737984335,47.03469923156047,37.79455830570191,53.48542458808618,10.204081632653061,34.008820258141284,21.068249258160236,62.31454005934718,41.246290801186944,27.002967359050444,85.16320474777447,Below Average,Average,Average,Below Average,Above Average,2023-24
1628969,Mikal Bridges,Mikal,1610612751,BKN,27.0,82,32,50,0.39,2854.24,114.3,304,0.105,0.156,81,0.209,30,0.093,878.0,826.0,932.0,2902.0,7.66,7.662915895758479,2,183,544,397,4,368,67,354,358,29,218,148,416,553,570,571,567,46,82,337,173,164,124,1,14,32,27,23,50,0.54,0.46,1,37,37,8,38,0.026,0.974,0.974,0.211,1628969,Mikal Bridges,0.3210911528150134,0.15528150134048258,5614.2,11.11111111111111,9.667673716012084,36.60714285714286,16.97991595933439,14.416896235078053,55.68181818181818,39.17584940312213,42.96875,51.40845070422535,2.631578947368421,35.838352483320975,36.33513023181402,41.88065771318519,39.1078939724996,33.840304182509506,17.857142857142858,26.647881586094513,4.451038575667656,80.1186943620178,78.63501483679525,28.486646884272997,76.55786350148368,Poor,Above Average,Above Average,Below Average,Above Average,2023-24
201144,Mike Conley,Mike,1610612750,MIN,36.0,76,53,23,0.697,2193.4583333333335,108.0,181,0.081,0.118,88,0.262,17,0.063,782.0,598.0,597.0,2116.0,9.72,9.72059995079994,61,22,272,55,70,107,183,483,489,21,102,240,472,529,485,471,475,12,76,192,94,98,168,1,21,51,23,26,49,0.469,0.531,0,10,9,2,10,0.0,1.0,1.0,0.222,201144,Mike Conley,0.3140254957507082,0.13637960339943345,4306.9,5.952380952380952,39.35045317220544,64.73214285714283,32.33664670550999,7.162534435261708,30.681818181818183,21.274104683195596,60.15625,56.33802816901409,2.631578947368421,44.43870459599703,39.19851413900909,52.73606583332261,45.96728998616585,18.250950570342205,4.081632653061225,11.874757507565764,40.0593471810089,42.433234421364986,92.28486646884274,44.510385756676556,33.531157270029674,Average,Average,Elite,Average,Below Average,2023-24
203488,Mike Muscala,Mike,1610612760,OKC,33.0,53,17,36,0.321,600.18,114.0,86,0.139,0.206,9,0.113,13,0.26,221.0,170.0,197.0,702.0,1.69,1.6876348498800335,278,331,469,445,337,353,314,200,210,398,495,277,149,241,233,241,251,337,49,203,153,50,22,0,61,151,6,2,8,0.75,0.25,8,32,37,16,40,0.2,0.8,0.925,0.4,203488,Mike Muscala,0.24855038759689924,0.07105813953488371,1242.1,4.365079365079365,92.74924471299094,37.94642857142856,43.69487453843571,12.580348943985308,12.5,12.532139577594123,3.125,0.7042253521126761,0.0,1.4964788732394365,65.73254619055048,90.25034886807373,77.9914475293121,6.2103929024081115,15.306122448979592,10.303471198365278,76.26112759643917,19.287833827893174,0.8902077151335311,91.98813056379822,26.706231454005934,Above Average,Below Average,Poor,Elite,Below Average,2023-24
1628970,Miles Bridges,Miles,1610612766,CHA,26.0,69,17,52,0.246,2581.116666666667,120.1,434,0.176,0.261,65,0.185,33,0.151,887.0,748.0,747.0,2864.0,2.65,2.6541941635612334,138,331,551,489,24,537,27,112,112,87,301,137,302,558,555,545,564,275,68,472,261,211,106,2,35,82,19,23,42,0.452,0.548,9,44,51,33,53,0.17,0.83,0.981,0.635,1628970,Miles Bridges,0.31547142857142857,0.16272857142857142,5173.6,12.3015873015873,11.10271903323263,10.714285714285737,11.485158010837775,22.497704315886132,73.48484848484848,53.08999081726354,35.9375,40.140845070422536,5.263157894736842,29.740085248332097,38.61254446456056,37.60378639806131,38.10816543131094,50.31685678073511,21.428571428571427,37.31712837226145,1.1869436201780417,96.73590504451039,67.65578635014838,27.299703264094955,87.83382789317507,Poor,Elite,Average,Below Average,Above Average,2023-24
1630540,Miles McBride,Miles,1610612752,NYK,23.0,68,42,26,0.618,1327.74,110.6,69,0.053,0.08,50,0.24,7,0.064,426.0,338.0,333.0,1244.0,4.93,4.9328001409565125,148,88,332,142,209,194,340,541,540,148,142,343,471,348,340,331,344,146,62,195,110,85,117,9,21,51,8,9,17,0.471,0.529,0,15,15,5,15,0.0,1.0,1.0,0.333,1630540,Miles McBride,0.2602845303867403,0.09888674033149171,2566.1,1.984126984126984,72.2809667673716,53.125000000000014,39.37323916223086,8.631772268135904,25.757575757575758,18.907254361799815,40.234375,29.577464788732392,23.684210526315788,32.36691530763528,60.97724101180074,74.26831256665488,67.62277678922781,4.055766793409378,6.63265306122449,5.215365613926179,63.20474777448071,37.388724035608305,72.10682492581603,83.97626112759644,9.792284866468842,Average,Below Average,Above Average,Above Average,Poor,2023-24
1628964,Mo Bamba,Mo,1610612755,PHI,26.0,57,30,27,0.526,740.3516666666667,110.5,161,0.218,0.333,22,0.171,60,0.583,209.0,189.0,269.0,690.0,2.77,2.773451096198963,241,201,344,290,312,186,204,52,43,306,349,45,18,227,250,291,249,263,55,210,166,44,23,0,83,196,8,5,13,0.615,0.385,21,46,65,42,67,0.313,0.687,0.97,0.627,1628964,Mo Bamba,0.25882332155477034,0.08333922261484099,1441.8,23.015873015873016,93.202416918429,53.571428571428555,55.220052270656495,13.774104683195592,10.227272727272728,11.646005509641874,3.515625,9.859154929577464,0.0,4.856954225352112,61.56940134684604,83.19729158218453,72.38334646451528,15.716096324461343,22.448979591836736,18.745893794780272,98.51632047477746,17.210682492581604,5.637982195845697,87.24035608308606,56.676557863501486,Elite,Below Average,Poor,Above Average,Average,2023-24
1629021,Moritz Wagner,Moritz,1610612753,ORL,27.0,80,46,34,0.575,1414.7366666666667,110.8,230,0.168,0.257,39,0.167,21,0.15,496.0,351.0,438.0,1394.0,5.27,5.272758011126052,23,52,446,218,199,205,129,128,121,218,358,202,305,378,345,382,369,132,80,326,229,97,93,24,143,313,19,17,36,0.528,0.472,45,96,138,82,141,0.319,0.681,0.979,0.582,1629021,Moritz Wagner,0.3378406593406594,0.1120412087912088,2796.3,7.5396825396825395,66.61631419939576,52.23214285714286,39.38961869994725,19.55922865013774,30.303030303030305,26.00550964187328,30.859375,21.830985915492956,63.1578947368421,35.77406875463306,29.547330172668364,66.71366783314414,48.130499002906255,24.461343472750315,47.95918367346938,35.035371563073895,63.50148367952523,51.632047477744806,78.33827893175074,48.07121661721068,85.7566765578635,Average,Average,Above Average,Average,Above Average,2023-24
1630541,Moses Moody,Moses,1610612744,GSW,22.0,66,38,28,0.576,1155.885,110.2,131,0.108,0.157,42,0.237,24,0.226,396.0,297.0,377.0,1128.0,4.44,4.438301644316355,170,124,361,217,238,174,250,339,357,194,149,183,189,333,315,356,326,165,65,187,92,95,80,10,14,32,18,26,44,0.409,0.591,8,21,28,11,29,0.276,0.724,0.966,0.379,1630541,Moses Moody,0.25803869047619044,0.10702678571428571,2322.0,8.73015873015873,76.66163141993958,54.910714285714256,44.0513130604709,6.978879706152434,29.545454545454547,20.5188246097337,25.78125,23.943661971830984,26.31578947368421,25.271729058561895,61.88737602111107,69.59346377516022,65.74041989813564,11.913814955640051,9.693877551020408,10.914843123561212,79.22848664688428,40.0593471810089,56.676557863501486,80.71216617210682,29.080118694362017,Above Average,Average,Average,Above Average,Below Average,2023-24
1626167,Myles Turner,Myles,1610612754,IND,28.0,77,45,32,0.584,2076.4366666666665,115.5,420,0.198,0.291,39,0.135,144,0.533,642.0,574.0,540.0,2514.0,4.86,4.858691501651646,54,66,425,200,87,430,32,78,81,218,457,9,28,449,470,427,529,149,77,679,526,153,111,3,235,537,13,9,22,0.591,0.409,33,110,139,82,143,0.231,0.769,0.979,0.577,1626167,Myles Turner,0.3470536277602524,0.11897476340694008,4314.1,56.34920634920635,24.3202416918429,31.249999999999993,38.86426713182755,46.83195592286501,51.515151515151516,49.641873278236915,37.890625,21.830985915492956,7.894736842105263,24.77077928094885,25.813740321070718,62.73170976143274,44.27272504125173,48.542458808618505,55.10204081632652,51.494270712087115,61.42433234421365,93.76854599406528,55.48961424332344,39.16913946587537,95.84569732937686,Average,Elite,Average,Below Average,Elite,2023-24
1630230,Naji Marshall,Naji,1610612740,NOP,26.0,66,41,25,0.621,1257.1233333333332,106.8,187,0.142,0.212,49,0.211,12,0.113,393.0,341.0,368.0,1168.0,6.2,6.196160121857311,170,97,311,137,220,89,174,188,198,154,210,286,374,332,341,352,332,94,65,191,94,97,98,1,17,38,14,11,25,0.56,0.44,1,31,28,13,32,0.031,0.969,0.875,0.406,1630230,Naji Marshall,0.2693921052631579,0.09345789473684211,2501.9,3.968253968253968,75.1510574018127,70.08928571428571,45.412493106507455,7.162534435261708,30.303030303030305,21.04683195592287,32.8125,28.87323943661972,2.631578947368421,23.88852853965901,57.28636228709537,77.38611241590434,67.33623735149985,19.011406844106464,14.795918367346939,17.11443702956468,83.38278931750742,41.54302670623146,51.33531157270029,83.38278931750742,50.445103857566764,Above Average,Average,Average,Above Average,Average,2023-24
1629675,Naz Reid,Naz,1610612750,MIN,24.0,81,56,25,0.691,1963.8283333333334,105.5,350,0.17,0.252,63,0.182,73,0.264,654.0,523.0,549.0,1870.0,10.36,10.360491831499438,18,10,311,65,110,76,49,121,128,94,316,27,147,455,442,438,432,4,81,435,261,174,103,1,55,127,17,15,32,0.531,0.469,6,59,64,30,65,0.092,0.908,0.985,0.462,1629675,Naz Reid,0.3296405063291139,0.12983037974683545,3936.6,28.174603174603174,48.6404833836858,75.89285714285712,47.267224739845574,22.497704315886132,59.46969696969697,44.680899908172634,34.765625,38.732394366197184,2.631578947368421,28.120482765011122,32.87047279848522,56.49730165422993,44.68388722635757,39.670468948035484,29.081632653061224,34.90549261529707,88.4272997032641,89.31750741839762,63.50148367952523,40.652818991097924,85.45994065281899,Above Average,Above Average,Average,Average,Above Average,2023-24
1629651,Nic Claxton,Nic,1610612751,BKN,25.0,71,27,44,0.38,2115.6633333333334,114.1,513,0.239,0.359,46,0.16,146,0.575,663.0,606.0,751.0,2116.0,5.87,5.867820114069447,118,231,528,404,79,357,17,27,25,168,391,8,20,461,489,546,475,108,71,772,587,185,112,0,247,545,22,19,41,0.537,0.463,51,111,156,92,162,0.315,0.685,0.981,0.579,1629651,Nic Claxton,0.3525297450424929,0.1668356940509915,4141.7,57.14285714285714,39.35045317220544,37.500000000000014,46.004801467414765,52.43342516069789,63.63636363636363,59.15518824609734,38.28125,26.76056338028169,0.0,24.678697183098592,23.59452334561137,35.24505541745459,29.41978938153298,60.329531051964516,55.61224489795919,58.20675228266212,84.86646884272997,97.92284866468842,55.19287833827893,8.605341246290802,97.03264094955489,Above Average,Elite,Average,Poor,Elite,2023-24
1630208,Nick Richards,Nick,1610612766,CHA,26.0,67,14,53,0.209,1758.7366666666667,118.2,367,0.218,0.327,26,0.107,74,0.43,629.0,464.0,526.0,1988.0,2.74,2.7395878876519735,166,361,555,509,149,506,42,50,47,287,501,26,59,439,398,421,449,266,67,437,341,96,49,1,289,655,21,10,31,0.677,0.323,64,77,138,94,141,0.454,0.546,0.979,0.667,1630208,Nick Richards,0.31686880466472306,0.12167055393586004,3497.5,28.57142857142857,44.18429003021148,19.19642857142855,31.692180082002587,29.843893480257115,29.924242424242426,29.8921028466483,13.671875,12.676056338028168,2.631578947368421,10.563264455151963,38.0462525852034,61.18351039599891,49.61488149060115,41.825095057034225,38.265306122448976,40.22319003647087,37.98219584569733,60.23738872403561,17.50741839762611,51.33531157270029,91.0979228486647,Below Average,Average,Below Average,Average,Elite,2023-24
1641733,Nick Smith Jr.,Nick,1610612766,CHA,20.0,51,9,42,0.176,728.71,114.9,54,0.078,0.119,10,0.096,7,0.1,250.0,207.0,207.0,750.0,1.84,1.8363234979745309,284,412,515,528,313,395,368,495,487,386,521,343,400,258,261,250,257,327,44,92,41,51,14,2,9,20,8,3,11,0.727,0.273,0,4,4,2,4,0.0,1.0,1.0,0.5,1641733,Nick Smith Jr.,0.21319867549668872,0.09867549668874172,1446.9,1.984126984126984,90.93655589123867,33.928571428571395,41.103588212727175,2.295684113865932,12.878787878787879,8.6455463728191,0.0,1.4084507042253522,5.263157894736842,1.8087472201630836,80.05895951605913,74.38963032860595,77.22429492233255,2.1546261089987326,1.0204081632653061,1.6442280334186907,68.24925816023739,10.682492581602373,1.483679525222552,91.3946587537092,0.8902077151335311,Average,Poor,Poor,Elite,Poor,2023-24
1629638,Nickeil Alexander-Walker,Nickeil,1610612750,MIN,25.0,82,56,26,0.683,1920.9183333333333,105.5,132,0.066,0.097,64,0.199,42,0.167,609.0,490.0,497.0,1776.0,10.14,10.138028938342007,2,10,332,69,119,77,248,523,527,90,254,90,270,426,422,411,413,8,82,240,172,68,157,5,19,49,19,21,40,0.475,0.525,3,35,34,8,38,0.079,0.921,0.944,0.222,1629638,Nickeil Alexander-Walker,0.2876842105263158,0.1373859649122807,3864.2,15.873015873015872,52.190332326283986,75.89285714285712,43.58903694912002,14.325068870523417,19.318181818181817,17.320936639118457,55.859375,39.436619718309856,13.157894736842104,39.436040585618976,49.87341832978836,52.158109853852885,51.01576409182062,12.040557667934094,16.83673469387755,14.19883732960865,75.96439169139467,33.82789317507419,84.86646884272997,54.59940652818991,40.35608308605341,Above Average,Below Average,Above Average,Average,Average,2023-24
201587,Nicolas Batum,Nicolas,1610612755,PHI,35.0,60,36,24,0.6,1529.5866666666666,111.9,178,0.115,0.175,48,0.189,38,0.179,478.0,433.0,450.0,1626.0,5.13,5.126137972915685,215,146,282,170,182,255,188,307,289,157,285,108,253,371,387,386,390,134,59,254,137,117,114,1,30,73,7,19,26,0.269,0.731,5,26,30,13,31,0.161,0.839,0.968,0.419,201587,Nicolas Batum,0.2804953271028037,0.0966760124610592,3050.2,14.285714285714285,57.85498489425982,47.321428571428534,37.79388757013378,11.11111111111111,37.878787878787875,27.17171717171717,39.0625,28.169014084507044,2.631578947368421,26.14204966641957,52.786740179156965,75.5379392121353,64.16233969564612,17.870722433460077,12.244897959183673,15.339101420035696,56.676557863501486,54.89614243323442,57.566765578635014,78.63501483679525,44.80712166172107,Average,Average,Average,Above Average,Average,2023-24
203999,Nikola Jokić,Nikola,1610612743,DEN,29.0,79,55,24,0.696,2736.5333333333333,110.6,753,0.27,0.385,108,0.26,68,0.253,839.0,667.0,805.0,2882.0,10.25,10.252356030448672,30,14,282,57,9,193,2,13,13,8,104,32,160,547,527,559,565,6,79,556,393,163,238,4,345,790,31,24,55,0.564,0.436,46,119,165,110,165,0.279,0.721,1.0,0.667,203999,Nikola Jokić,0.3789782016348774,0.14010626702997275,5388.2,26.190476190476193,10.42296072507553,53.125000000000014,27.405476729966917,34.61891643709826,55.3030303030303,47.029384756657485,87.5,70.4225352112676,10.526315789473683,62.27946627131208,12.876187557794802,50.59583342056989,31.736010489182345,90.74778200253485,59.693877551020414,76.77352499935336,25.816023738872403,91.98813056379822,99.10979228486647,14.243323442136498,98.51632047477746,Below Average,Elite,Elite,Poor,Elite,2023-24
1631107,Nikola Jović,Nikola,1610612748,MIA,21.0,46,24,22,0.522,896.2366666666667,107.9,167,0.186,0.261,25,0.169,14,0.209,275.0,256.0,215.0,892.0,4.03,4.029587765287027,315,257,262,294,284,106,198,94,113,293,352,267,210,270,286,263,280,191,43,175,110,65,44,3,27,66,9,6,15,0.6,0.4,1,12,13,4,13,0.077,0.923,1.0,0.308,1631107,Nikola Jović,0.2906086956521739,0.11896014492753623,1778.4,4.761904761904762,85.57401812688822,65.17857142857139,48.15031110631563,8.631772268135904,18.181818181818183,14.361799816345272,11.71875,11.971830985915492,7.894736842105263,10.851325055596737,48.688259813035906,62.74010519137948,55.71418250220769,16.476552598225602,5.1020408163265305,11.35802229637102,90.20771513353115,26.112759643916917,18.397626112759642,62.908011869436194,30.56379821958457,Elite,Below Average,Below Average,Average,Below Average,2023-24
202696,Nikola Vučević,Nikola,1610612741,CHI,33.0,76,36,40,0.474,2609.5016666666666,115.7,591,0.229,0.339,50,0.129,60,0.252,844.0,737.0,722.0,2476.0,5.98,5.978624413911663,61,146,501,340,20,437,8,37,37,148,472,45,161,548,553,537,522,101,76,624,405,219,137,1,317,676,21,17,38,0.553,0.447,53,117,164,110,170,0.312,0.688,0.976,0.655,202696,Nikola Vučević,0.35764606741573035,0.13411516853932584,5138.7,23.015873015873016,25.755287009063444,30.35714285714284,25.809985373807123,35.720844811753906,76.51515151515152,60.19742883379247,48.046875,29.577464788732392,2.631578947368421,30.228757412898442,21.521114600434625,54.03653653973517,37.7788255700849,70.21546261089988,58.673469387755105,65.02156566048473,21.958456973293767,98.21958456973294,68.24925816023739,26.706231454005934,97.3293768545994,Below Average,Elite,Average,Below Average,Elite,2023-24
1626181,Norman Powell,Norman,1610612746,LAC,31.0,76,48,28,0.632,1990.3783333333333,113.0,179,0.085,0.13,43,0.136,22,0.096,660.0,592.0,616.0,2054.0,6.23,6.22935232858435,61,36,361,119,107,300,187,454,458,183,453,193,413,458,480,484,465,93,76,207,105,102,93,0,25,57,12,16,28,0.429,0.571,0,26,26,9,26,0.0,1.0,1.0,0.346,1626181,Norman Powell,0.2944114441416894,0.1182534059945504,4034.3,7.936507936507936,41.69184290030212,42.41071428571427,28.369426761137483,8.172635445362717,32.196969696969695,22.587235996326903,30.859375,24.647887323943664,0.0,20.97051056338028,47.14718178888475,63.145987160263175,55.14658447457396,17.99746514575412,12.244897959183673,15.40880991179742,28.18991097922849,46.29080118694362,45.6973293768546,62.01780415430267,45.6973293768546,Below Average,Average,Average,Average,Average,2023-24
1628384,OG Anunoby,OG,1610612752,NYK,26.0,50,31,19,0.62,1702.035,107.2,161,0.091,0.131,68,0.245,36,0.206,530.0,466.0,478.0,1766.0,8.2,8.19564148668966,291,193,226,139,157,94,204,432,457,74,131,122,212,391,399,403,412,36,50,356,236,120,130,0,18,41,18,12,30,0.6,0.4,1,48,48,18,49,0.02,0.98,0.98,0.367,1628384,OG Anunoby,0.2484558303886926,0.11757243816254419,3422.9,13.492063492063492,52.567975830815705,68.3035714285714,40.87150979475375,20.2020202020202,39.015151515151516,31.48989898989899,45.3125,42.25352112676056,0.0,32.91373239436619,65.77086585223573,63.53706872022965,64.65396728623269,15.716096324461343,23.46938775510204,19.20507746824966,67.35905044510386,64.98516320474778,73.29376854599407,80.1186943620178,59.64391691394659,Average,Average,Above Average,Above Average,Average,2023-24
1630167,Obi Toppin,Obi,1610612754,IND,26.0,82,47,35,0.573,1730.6016666666667,116.6,235,0.137,0.212,47,0.165,43,0.197,585.0,515.0,544.0,2218.0,3.59,3.58751470678607,2,45,461,222,155,469,115,210,199,162,372,88,222,415,434,431,488,212,81,291,174,117,82,0,57,130,17,21,38,0.447,0.553,14,32,46,30,46,0.304,0.696,1.0,0.652,1630167,Obi Toppin,0.29005649717514126,0.10757909604519773,3636.9,16.26984126984127,35.49848942598187,26.339285714285733,25.517229235601597,14.508723599632692,37.878787878787875,28.5307621671258,26.5625,27.464788732394368,0.0,20.237676056338028,48.912040307662615,69.27627054569103,59.09415542667682,25.09505703422053,15.306122448979592,20.690036470862108,20.77151335311573,57.566765578635014,43.916913946587535,70.02967359050444,64.39169139465875,Below Average,Average,Average,Above Average,Average,2023-24
1630534,Ochai Agbaji,Ochai,1610612761,TOR,24.0,78,31,47,0.397,1641.6116666666667,117.2,142,0.083,0.127,47,0.209,44,0.222,674.0,571.0,532.0,1832.0,3.1,3.0951085256154545,43,193,534,391,169,482,231,469,467,162,216,83,194,468,467,422,424,242,78,330,191,139,77,0,29,69,10,12,22,0.455,0.545,1,25,26,12,26,0.038,0.962,1.0,0.462,1630534,Ochai Agbaji,0.27425606469002695,0.12855525606469004,3392.6,16.666666666666664,50.07552870090635,23.660714285714267,30.10828028341245,16.069788797061523,46.21212121212121,34.15518824609734,24.609375,27.464788732394368,0.0,19.456426056338028,55.31522456821201,57.229608431914954,56.272416500063486,13.307984790874524,11.73469387755102,12.600003879878948,31.750741839762615,70.02967359050444,40.94955489614243,65.57863501483679,35.60830860534125,Below Average,Above Average,Average,Average,Below Average,2023-24
1630209,Omer Yurtseven,Omer,1610612762,UTA,26.0,48,17,31,0.354,545.1016666666667,117.2,136,0.255,0.371,8,0.125,18,0.36,219.0,142.0,208.0,614.0,1.01,1.0104960990973835,306,331,406,421,352,480,242,17,18,407,476,228,93,238,210,252,235,404,43,124,95,29,25,0,67,160,6,0,6,1.0,0.0,13,26,37,30,39,0.333,0.667,1.0,0.811,1630209,Omer Yurtseven,0.3026050420168067,0.09908823529411764,1108.2,6.349206349206349,96.07250755287009,23.660714285714267,42.080238754615635,7.254361799816346,4.545454545454546,5.629017447199266,4.296875,0.0,0.0,1.71875,43.82669565658111,74.15259349652351,58.98964457655231,12.547528517110266,12.244897959183673,12.4113447660433,70.91988130563797,4.154302670623145,1.1869436201780417,69.73293768545994,35.01483679525222,Above Average,Poor,Poor,Average,Below Average,2023-24
1630168,Onyeka Okongwu,Onyeka,1610612737,ATL,23.0,55,23,32,0.418,1404.7366666666667,119.0,231,0.169,0.252,26,0.116,60,0.504,479.0,411.0,458.0,1586.0,1.91,1.9081731694534578,258,270,425,372,202,518,123,126,129,287,491,45,37,372,377,392,385,320,55,433,298,135,69,0,164,387,19,14,33,0.576,0.424,26,71,91,58,97,0.268,0.732,0.958,0.611,1630168,Onyeka Okongwu,0.38222435897435897,0.17548397435897437,2942.6,23.015873015873016,59.3655589123867,15.624999999999996,33.89054482568455,25.895316804407713,44.696969696969695,37.1763085399449,21.484375,12.676056338028168,0.0,13.030369718309858,11.560670175405571,30.27832601423302,20.919498094819296,24.58808618504436,35.204081632653065,29.36528413646828,43.02670623145401,76.55786350148368,23.44213649851632,2.6706231454005933,80.1186943620178,Average,Above Average,Below Average,Poor,Above Average,2023-24
1629052,Oshae Brissett,Oshae,1610612738,BOS,26.0,55,46,9,0.836,630.165,106.4,99,0.148,0.215,19,0.196,8,0.113,189.0,165.0,191.0,680.0,3.23,3.2256272776489383,258,52,118,15,329,84,301,176,190,325,264,331,376,215,231,238,248,231,49,78,42,36,38,0,25,64,9,8,17,0.529,0.471,15,23,36,18,38,0.395,0.605,0.973,0.486,1629052,Oshae Brissett,0.2003939393939394,0.08417508417508418,1282.1,2.380952380952381,93.58006042296071,71.87499999999996,51.67415210041719,2.3875114784205693,7.196969696969697,5.273186409550046,9.375,7.746478873239436,0.0,6.461267605633802,85.24812663226669,82.71725415966361,83.98269039596515,7.858048162230672,10.714285714285714,9.143355060655441,96.14243323442136,3.857566765578635,8.605341246290802,97.92284866468842,22.8486646884273,Elite,Poor,Poor,Elite,Below Average,2023-24
1629023,P.J. Washington,P.J.,1610612742,DAL,25.0,73,30,43,0.411,2220.6783333333333,115.6,326,0.147,0.216,72,0.218,59,0.223,741.0,628.0,651.0,2308.0,5.11,5.1132242179909575,99,201,525,377,66,434,57,180,189,58,197,48,193,511,500,502,501,136,72,457,285,172,159,0,95,231,27,17,44,0.614,0.386,9,50,58,28,59,0.153,0.847,0.983,0.475,1629023,P.J. Washington,0.3727138461538462,0.17234153846153846,4549.6,22.61904761904762,32.09969788519638,30.80357142857145,27.983406164580643,24.701561065197428,58.71212121212122,45.1078971533517,56.640625,45.07042253521127,0.0,38.430897887323944,15.414841006452933,32.08303495216222,23.748937979307577,36.628643852978456,24.489795918367346,31.16616228240346,26.706231454005934,89.91097922848664,83.67952522255193,3.857566765578635,83.38278931750742,Below Average,Above Average,Above Average,Poor,Above Average,2023-24
1631094,Paolo Banchero,Paolo,1610612753,ORL,21.0,80,46,34,0.575,2798.701666666667,111.9,472,0.178,0.257,71,0.148,47,0.158,934.0,729.0,852.0,2798.0,9.45,9.449807073581958,23,52,446,218,5,253,19,105,122,62,426,68,290,567,549,566,561,16,80,476,240,236,112,0,64,143,21,23,44,0.477,0.523,5,39,42,21,44,0.114,0.886,1.0,0.5,1631094,Paolo Banchero,0.3867603305785124,0.17171349862258953,5576.4,17.857142857142858,13.595166163141995,47.321428571428534,23.731522442813976,20.56932966023875,82.95454545454545,58.000459136822776,38.28125,44.36619718309859,0.0,30.840669014084504,9.722450746324922,32.44371983093783,21.083085288631377,55.13307984790875,18.877551020408163,38.81809187553349,16.913946587537094,97.3293768545994,70.02967359050444,2.967359050445104,89.02077151335311,Below Average,Elite,Above Average,Poor,Above Average,2023-24
1627783,Pascal Siakam,Pascal,1610612754,IND,30.0,80,38,42,0.475,2657.8883333333333,115.3,426,0.159,0.233,63,0.168,25,0.091,814.0,738.0,711.0,3022.0,6.24,6.2432489661731765,23,124,515,339,15,425,30,151,151,94,355,175,419,540,554,534,571,92,80,429,228,201,122,1,62,143,29,35,64,0.453,0.547,11,72,80,42,83,0.133,0.867,1.0,0.525,1627783,Pascal Siakam,0.39435277777777783,0.205175,5433.6,9.126984126984127,5.13595166163142,32.142857142857146,13.484091018078935,19.4674012855831,69.6969696969697,49.60514233241506,42.1875,38.732394366197184,2.631578947368421,31.089232765011122,6.645583169998129,13.226694382107684,9.936138776052907,49.30291508238277,35.714285714285715,43.188031866739095,1.7804154302670623,93.47181008902076,70.62314540059347,0.5934718100890208,93.17507418397626,Poor,Elite,Above Average,Poor,Elite,2023-24
1626192,Pat Connaughton,Pat,1610612749,MIL,31.0,76,45,31,0.592,1676.28,115.9,188,0.112,0.164,40,0.162,19,0.123,500.0,469.0,468.0,1792.0,3.75,3.751130290588737,61,66,406,184,166,446,173,316,335,210,379,219,360,380,401,399,414,204,76,291,123,168,66,2,21,46,14,23,37,0.378,0.622,4,19,23,7,23,0.174,0.826,1.0,0.304,1626192,Pat Connaughton,0.3130238726790451,0.13961007957559682,3432.0,6.746031746031746,51.586102719033235,29.464285714285683,28.11962007864575,9.82552800734619,57.1969696969697,38.24839302112029,20.3125,22.535211267605636,5.263157894736842,17.32811341734618,39.60442562867994,50.88079513913072,45.24261038390533,19.138149556400506,8.673469387755102,14.429043480510074,27.596439169139465,78.33827893175074,34.42136498516321,42.72997032640949,41.246290801186944,Below Average,Above Average,Below Average,Average,Average,2023-24
201976,Patrick Beverley,Patrick,1610612749,MIL,35.0,73,43,30,0.589,1462.5116666666668,112.2,190,0.125,0.193,43,0.174,31,0.181,433.0,434.0,404.0,1400.0,4.69,4.68720579034438,99,79,395,190,193,271,172,260,246,183,334,145,250,352,388,371,370,159,70,166,76,90,95,6,20,47,14,21,35,0.4,0.6,1,5,6,0,6,0.167,0.833,1.0,0.0,201976,Patrick Beverley,0.29370738636363636,0.12382386363636363,2907.9,11.507936507936508,66.38972809667673,45.98214285714283,39.33511515129717,5.5096418732782375,27.65151515151515,18.794765840220386,31.640625,24.647887323943664,15.789473684210526,25.23037898443291,47.43250383226514,59.94685915172073,53.689681491992935,19.39163498098859,1.530612244897959,11.354174749747807,62.61127596439169,36.795252225519285,56.37982195845698,59.34718100890207,30.267062314540063,Average,Below Average,Average,Average,Below Average,2023-24
1630172,Patrick Williams,Patrick,1610612741,CHI,22.0,43,19,24,0.442,1174.085,115.5,120,0.105,0.152,40,0.223,33,0.297,381.0,314.0,362.0,1140.0,2.76,2.7621710199971528,330,307,282,365,231,429,265,356,376,210,178,137,124,319,330,348,328,265,43,203,108,95,76,2,21,48,19,7,26,0.731,0.269,7,38,42,16,45,0.156,0.844,0.955,0.364,1630172,Patrick Williams,0.30329545454545453,0.13042424242424244,2321.8,12.3015873015873,76.20845921450152,31.249999999999993,39.40609564571045,8.44811753902663,29.545454545454547,21.10651974288338,24.21875,22.535211267605636,5.263157894736842,18.89061341734618,43.546903401471084,56.15624480635803,49.85157410391456,10.519645120405578,18.367346938775512,14.05111093867205,63.798219584569736,41.839762611275965,39.762611275964396,52.22551928783383,39.762611275964396,Average,Average,Below Average,Average,Below Average,2023-24
202331,Paul George,Paul,1610612746,LAC,34.0,74,48,26,0.649,2501.766666666667,112.1,351,0.138,0.202,113,0.269,37,0.14,749.0,682.0,686.0,2440.0,8.21,8.213799167293034,87,36,332,100,31,261,48,209,219,4,94,117,324,518,531,521,518,34,74,438,236,202,218,5,38,85,25,28,53,0.472,0.528,2,43,43,27,45,0.044,0.956,0.956,0.6,202331,Paul George,0.3450395480225989,0.17895762711864407,4979.1,13.88888888888889,27.114803625377643,46.428571428571445,26.652879681580593,20.2020202020202,70.07575757575758,50.12626262626263,79.6875,73.94366197183099,13.157894736842104,61.044755374351375,26.62995365496422,28.283398388898302,27.45667602193126,39.79721166032953,20.918367346938776,31.301731719303696,23.738872403560833,94.3620178041543,98.81305637982196,7.121661721068249,83.67952522255193,Below Average,Elite,Elite,Poor,Above Average,2023-24
1630194,Paul Reed,Paul,1610612755,PHI,25.0,82,47,35,0.573,1589.5016666666668,112.0,295,0.194,0.293,67,0.228,84,0.414,455.0,468.0,490.0,1684.0,5.28,5.278536542745401,2,45,461,222,175,259,73,81,77,80,169,18,64,362,400,406,401,131,82,535,408,127,168,0,204,472,41,26,67,0.612,0.388,16,82,95,48,98,0.163,0.837,0.979,0.495,1630194,Paul Reed,0.3451424870466321,0.11580051813471502,3162.7,32.53968253968254,55.66465256797583,46.874999999999986,44.21725141466456,35.99632690541782,41.66666666666667,39.39853076216713,60.15625,41.54929577464789,0.0,38.60475352112676,26.588237231119074,64.55468690430409,45.57146206771158,32.69961977186312,40.816326530612244,36.35213781330023,79.52522255192879,80.71216617210682,83.97626112759644,43.02670623145401,86.94362017804154,Above Average,Above Average,Above Average,Average,Above Average,2023-24
1630202,Payton Pritchard,Payton,1610612738,BOS,26.0,82,64,18,0.78,1825.7333333333333,109.2,195,0.103,0.152,39,0.155,6,0.026,496.0,487.0,462.0,1818.0,7.5,7.501445883168546,2,1,215,23,136,136,168,369,374,218,408,370,513,378,419,394,421,53,79,130,72,58,81,0,26,64,18,25,43,0.419,0.581,5,30,33,15,35,0.143,0.857,0.971,0.441,1630202,Payton Pritchard,0.2766172839506173,0.10041234567901235,3583.2,1.5873015873015872,50.60422960725075,59.37499999999998,33.190150997458396,5.142332415059688,15.530303030303031,11.375114784205694,26.171875,21.830985915492956,0.0,18.109595070422536,54.35833164649216,73.39215353070777,63.87524258859997,20.025348542458808,14.285714285714285,17.442513126923775,41.54302670623146,15.875370919881307,37.388724035608305,77.74480712166172,51.92878338278932,Average,Below Average,Below Average,Above Average,Average,2023-24
1631212,Peyton Watson,Peyton,1610612743,DEN,21.0,80,56,24,0.7,1487.8366666666666,109.7,202,0.121,0.191,42,0.205,88,0.402,542.0,476.0,389.0,1518.0,6.04,6.039192004232612,23,10,282,52,188,158,160,274,248,194,230,14,71,395,408,363,381,99,80,425,300,125,81,0,22,54,17,23,40,0.425,0.575,3,29,30,16,32,0.094,0.906,0.938,0.5,1631212,Peyton Watson,0.29033333333333333,0.12217847769028871,2947.3,34.12698412698413,61.933534743202415,57.14285714285712,49.61324509662877,26.078971533516988,40.909090909090914,34.97704315886134,26.171875,23.943661971830984,0.0,18.849031690140844,48.79985142089914,60.89180849043198,54.84582995566556,20.912547528517113,13.77551020408163,17.70088073252115,93.17507418397626,72.10682492581603,39.46587537091988,60.83086053412463,53.11572700296736,Elite,Above Average,Below Average,Average,Average,2023-24
1630173,Precious Achiuwa,Precious,1610612752,NYK,24.0,74,40,34,0.541,1623.7533333333333,112.3,296,0.182,0.277,46,0.185,68,0.405,547.0,461.0,467.0,1630.0,5.31,5.305433967287847,87,110,446,275,171,275,72,98,95,168,304,32,70,397,396,398,392,129,74,542,385,157,95,3,112,257,32,15,47,0.681,0.319,44,57,94,67,101,0.436,0.564,0.979,0.698,1630173,Precious Achiuwa,0.34187605633802814,0.1273774647887324,3159.8,26.190476190476193,57.70392749244713,45.535714285714285,42.056493669975545,33.88429752066116,53.03030303030303,45.37190082644628,31.640625,26.76056338028169,7.894736842105263,23.996131393624907,27.91197047204223,57.90601696087497,42.9089937164586,32.826362484157166,28.061224489795915,30.682050386694605,70.62314540059347,90.50445103857567,51.92878338278932,35.311572700296736,82.19584569732937,Above Average,Elite,Average,Below Average,Above Average,2023-24
1629656,Quentin Grimes,Quentin,1610612765,DET,24.0,51,32,19,0.627,1024.9433333333334,109.1,85,0.08,0.119,35,0.24,7,0.08,313.0,293.0,317.0,1038.0,4.17,4.166952013958553,284,183,226,125,260,132,316,486,486,239,143,343,443,294,312,317,312,182,50,141,75,66,60,0,8,16,7,11,18,0.389,0.611,1,5,4,1,6,0.167,0.833,0.8,0.2,1629656,Quentin Grimes,0.22935830618892508,0.0935928338762215,2030.9,1.984126984126984,80.06042296072508,59.821428571428584,43.770155972761714,5.417814508723599,18.560606060606062,13.303489439853077,17.96875,19.014084507042252,0.0,13.842429577464788,73.5102088408924,77.30861652454402,75.40941268271821,6.083650190114068,1.530612244897959,4.034783114766819,77.1513353115727,22.255192878338278,25.222551928783382,89.61424332344214,5.934718100890208,Above Average,Below Average,Below Average,Above Average,Poor,2023-24
1629628,RJ Barrett,RJ,1610612761,TOR,24.0,58,26,32,0.448,1838.1333333333334,116.9,262,0.14,0.213,31,0.107,22,0.134,621.0,570.0,617.0,2038.0,3.62,3.61529031219979,232,241,425,357,133,476,92,198,196,259,502,193,337,432,465,487,459,211,57,323,182,141,83,2,18,41,25,15,40,0.625,0.375,5,23,27,16,28,0.179,0.821,0.964,0.571,1629628,RJ Barrett,0.3220881458966565,0.1389696048632219,3823.2,7.936507936507936,42.296072507552864,24.999999999999968,24.22822855224667,15.243342516069788,46.96969696969697,34.279155188246094,26.953125,16.19718309859155,5.263157894736842,17.766053558191253,35.93109506288631,51.248621397379544,43.589858230132926,28.517110266159694,10.714285714285714,20.505839217816405,18.694362017804153,70.62314540059347,35.90504451038576,37.388724035608305,63.798219584569736,Below Average,Above Average,Below Average,Below Average,Average,2023-24
202704,Reggie Jackson,Reggie,1610612743,DEN,34.0,82,57,25,0.695,1816.82,110.6,122,0.063,0.095,44,0.17,12,0.059,636.0,515.0,472.0,1826.0,6.89,6.893419833130581,2,4,311,60,140,195,260,528,532,179,350,286,475,444,434,400,422,75,82,271,129,142,88,5,17,40,19,14,33,0.576,0.424,2,30,31,5,32,0.063,0.938,0.969,0.156,202704,Reggie Jackson,0.34703100775193796,0.16103359173126616,3592.0,3.968253968253968,50.30211480362537,53.125000000000014,32.47429176857047,10.376492194674013,47.34848484848485,32.55968778696052,28.90625,25.352112676056336,13.157894736842104,23.725213120830244,25.82290716389916,38.57721755439175,32.200062359145456,10.773130544993663,14.285714285714285,12.353793228317944,40.652818991097924,67.65578635014838,50.74183976261127,15.133531157270031,34.124629080118694,Average,Average,Average,Below Average,Below Average,2023-24
1626158,Richaun Holmes,Richaun,1610612764,WAS,30.0,40,13,27,0.325,554.11,115.8,111,0.198,0.297,11,0.136,19,0.422,208.0,155.0,184.0,612.0,1.23,1.229885626374906,349,377,344,443,349,444,278,75,71,377,455,219,61,226,220,232,234,377,37,112,95,17,28,1,68,162,6,7,13,0.462,0.538,18,25,43,27,43,0.419,0.581,1.0,0.628,1626158,Richaun Holmes,0.2757488789237668,0.07174887892376682,1141.7,6.746031746031746,96.14803625377644,29.910714285714292,43.827903958663015,7.254361799816346,0.0,2.9017447199265387,5.46875,2.112676056338028,2.631578947368421,3.5848313565604153,54.71025602609061,89.85365547811014,72.28195575210037,9.37896070975919,11.73469387755102,10.439040635265513,77.44807121661721,0.5934718100890208,3.2640949554896146,86.94362017804154,27.002967359050444,Above Average,Poor,Poor,Above Average,Below Average,2023-24
1626220,Royce O'Neale,Royce,1610612756,PHX,31.0,79,38,41,0.481,1954.2416666666666,110.4,317,0.155,0.231,59,0.186,44,0.19,714.0,514.0,598.0,1874.0,7.51,7.508199386617012,30,124,507,334,112,184,60,155,157,108,298,83,230,491,433,472,433,51,78,239,117,122,125,1,52,119,10,19,29,0.345,0.655,4,49,49,21,53,0.075,0.925,0.961,0.412,1626220,Royce O'Neale,0.3256610644257703,0.16139495798319328,3920.1,16.666666666666664,48.48942598187311,54.0178571428571,37.14243004603653,9.274563820018365,39.77272727272727,27.57346189164371,43.359375,35.91549295774648,2.631578947368421,30.572067272053374,34.48315648833145,38.36968399571169,36.42642024202157,35.48795944233207,23.97959183673469,30.309194019813255,54.59940652818991,56.083086053412465,69.73293768545994,23.14540059347181,81.00890207715133,Average,Average,Average,Below Average,Above Average,2023-24
203497,Rudy Gobert,Rudy,1610612750,MIN,32.0,76,53,23,0.697,2593.1133333333332,106.6,697,0.256,0.368,52,0.132,162,0.5,917.0,663.0,708.0,2352.0,12.5,12.499614918148495,61,22,272,55,22,87,4,16,19,135,464,5,38,564,523,532,511,1,76,834,705,129,124,1,362,869,18,12,30,0.6,0.4,71,144,211,145,215,0.33,0.67,0.995,0.684,203497,Rudy Gobert,0.31810263157894736,0.1250921052631579,5111.1,63.49206349206349,30.438066465256796,70.98214285714286,53.79568437395099,63.26905417814509,42.42424242424242,50.76216712580349,42.96875,30.985915492957744,2.631578947368421,28.690465159377315,37.54623962132749,59.21850475594863,48.38237218863806,83.65019011406845,72.44897959183673,78.60964537906418,98.21958456973294,94.95548961424333,65.28189910979229,48.96142433234421,99.10979228486647,Elite,Elite,Average,Average,Elite,2023-24
1629060,Rui Hachimura,Rui,1610612747,LAL,26.0,68,40,28,0.588,1825.4933333333333,113.5,236,0.121,0.177,41,0.152,25,0.123,596.0,553.0,557.0,1968.0,5.3,5.298915808172555,148,110,361,191,137,324,113,275,285,207,415,175,359,422,458,445,442,130,68,305,185,120,87,2,26,61,16,18,34,0.471,0.529,11,57,68,42,68,0.162,0.838,1.0,0.618,1629060,Rui Hachimura,0.3034767801857585,0.1403467492260062,3729.3,9.126984126984127,44.93957703927492,40.178571428571416,29.424288471682726,15.5188246097337,39.015151515151516,29.61662075298439,28.515625,23.239436619718308,5.263157894736842,20.855842290585617,43.47342050870075,50.45772388301384,46.96557219585729,25.221799746514574,28.061224489795915,26.49954088099118,30.267062314540063,59.34718100890207,45.103857566765576,46.58753709198813,75.66765578635015,Below Average,Average,Average,Average,Above Average,2023-24
201566,Russell Westbrook,Russell,1610612746,LAC,35.0,68,45,23,0.662,1528.8166666666666,112.8,250,0.154,0.232,74,0.282,23,0.151,506.0,483.0,545.0,1652.0,4.95,4.9547526883854145,148,66,272,88,183,296,99,158,153,50,75,188,303,383,415,433,397,145,66,132,73,59,124,5,26,58,27,29,56,0.482,0.518,9,7,15,11,16,0.563,0.438,0.938,0.688,201566,Russell Westbrook,0.2678830769230769,0.13050461538461539,3160.4,8.333333333333332,56.87311178247734,43.30357142857143,34.06481531434326,5.234159779614325,15.909090909090908,11.639118457300276,42.96875,46.478873239436616,13.157894736842104,36.74457931801334,57.897901656352055,56.11008641055075,57.003994033451406,26.996197718631176,2.5510204081632653,15.995867928920617,43.32344213649852,16.913946587537094,80.71216617210682,66.46884272997032,46.88427299703264,Average,Below Average,Above Average,Average,Average,2023-24
1630180,Saddiq Bey,Saddiq,1610612737,ATL,25.0,63,28,35,0.444,2061.6583333333333,119.1,244,0.119,0.179,51,0.173,11,0.057,698.0,613.0,685.0,2400.0,2.73,2.732121975465595,191,221,461,359,92,523,108,283,280,139,336,298,479,486,493,520,515,267,63,206,130,76,89,0,37,87,27,20,47,0.574,0.426,10,23,33,23,33,0.303,0.697,1.0,0.697,1630180,Saddiq Bey,0.31884660766961653,0.15073746312684366,4259.1,3.571428571428571,28.625377643504528,15.17857142857145,15.242096460940877,10.46831955922865,22.348484848484848,17.596418732782368,29.296875,30.28169014084507,0.0,22.317341549295776,37.24474053271166,44.49031043040924,40.86752548156045,26.23574144486692,10.714285714285714,19.25108636610538,2.6706231454005933,34.718100890207715,47.47774480712167,32.047477744807125,59.940652818991104,Poor,Below Average,Average,Below Average,Average,2023-24
1630573,Sam Hauser,Sam,1610612738,BOS,26.0,79,62,17,0.785,1740.585,107.1,231,0.122,0.178,40,0.167,25,0.104,485.0,479.0,398.0,1714.0,8.28,8.277313578521943,30,2,199,21,152,92,123,269,283,210,359,175,393,375,411,367,408,31,79,278,193,85,72,1,29,72,12,11,23,0.522,0.478,0,34,31,9,34,0.0,1.0,0.912,0.265,1630573,Sam Hauser,0.3201742424242424,0.1306388888888889,3463.6,9.126984126984127,54.53172205438066,68.75000000000001,39.92439636982688,16.2534435261708,25.757575757575758,21.955922865013772,22.65625,22.535211267605636,2.631578947368421,17.607718680504078,36.7067115912515,56.032972795126746,46.36984219318912,24.58808618504436,16.3265306122449,20.870386177284605,64.98516320474778,43.916913946587535,35.60830860534125,45.103857566765576,64.98516320474778,Average,Average,Below Average,Average,Average,2023-24
1630241,Sam Merrill,Sam,1610612739,CLE,28.0,61,36,25,0.59,1068.9183333333333,111.1,98,0.091,0.132,19,0.138,4,0.044,381.0,254.0,324.0,1038.0,3.78,3.7826064965582726,206,146,311,187,248,223,302,431,452,325,448,410,492,319,285,320,312,203,51,126,69,57,40,14,15,37,12,12,24,0.5,0.5,0,20,19,4,20,0.0,1.0,0.95,0.2,1630241,Sam Merrill,0.2222,0.0810483870967742,2094.3,0.7936507936507936,80.06042296072508,50.89285714285715,41.06182263942838,4.866850321395775,15.151515151515152,11.037649219467403,10.15625,7.746478873239436,36.84210526315789,15.984293921423275,76.41113915177475,84.5129242536908,80.46203170273277,7.731305449936629,9.183673469387756,8.384871058689637,67.95252225519289,15.43026706231454,29.970326409495552,94.65875370919882,20.474777448071215,Average,Below Average,Below Average,Elite,Below Average,2023-24
1630583,Santi Aldama,Santi,1610612763,MEM,23.0,61,23,38,0.377,1618.0566666666666,114.6,280,0.173,0.271,43,0.167,54,0.25,613.0,478.0,502.0,1594.0,4.19,4.189300361005456,206,270,488,406,172,383,83,115,103,183,360,54,162,427,409,412,388,181,60,348,218,130,75,1,51,127,15,13,28,0.536,0.464,8,40,48,30,48,0.167,0.833,1.0,0.625,1630583,Santi Aldama,0.3149318885448916,0.1780278637770898,3206.4,20.634920634920633,59.06344410876133,35.26785714285716,37.74313797774901,18.54912764003673,42.803030303030305,33.10146923783287,23.828125,24.647887323943664,2.631578947368421,18.815905300222386,38.831195074859515,28.817363843541656,33.82427945920058,30.798479087452474,19.387755102040817,25.66365329401723,56.083086053412465,68.24925816023739,39.02077151335311,18.100890207715135,74.4807121661721,Average,Average,Below Average,Below Average,Above Average,2023-24
1628426,Sasha Vezenkov,Sasha,1610612758,SAC,28.0,42,22,20,0.524,511.0733333333333,112.6,66,0.129,0.201,20,0.317,7,0.14,199.0,128.0,151.0,516.0,1.67,1.6728579653511955,341,276,237,293,357,290,348,239,220,317,46,343,322,221,196,213,216,338,38,115,64,51,38,0,18,43,3,4,7,0.429,0.571,6,16,20,10,22,0.273,0.727,0.952,0.476,1628426,Sasha Vezenkov,0.230336,0.101336,1052.6,1.984126984126984,99.77341389728097,44.196428571428584,46.76345280055627,4.40771349862259,12.878787878787879,9.490358126721762,9.375,8.450704225352112,0.0,6.707746478873239,73.11399477342245,72.86169650213209,72.98784563777727,3.67553865652725,7.142857142857142,5.235831975375701,86.94362017804154,12.462908011869436,8.902077151335313,87.53709198813057,10.089020771513352,Above Average,Poor,Poor,Above Average,Poor,2023-24
1630703,Scoot Henderson,Scoot,1610612757,POR,20.0,62,18,44,0.29,1765.3933333333334,119.6,141,0.083,0.132,48,0.176,13,0.088,717.0,536.0,646.0,1996.0,2.1,2.09615353074699,200,316,528,458,148,532,234,467,451,157,329,277,425,496,449,500,453,308,61,176,56,120,106,3,10,22,20,27,47,0.426,0.574,1,14,13,0,15,0.067,0.933,0.867,0.0,1630703,Scoot Henderson,0.3766312684365782,0.1616991150442478,3548.5,4.365079365079365,43.8821752265861,12.946428571428594,20.34140021819403,3.6730945821854912,39.015151515151516,24.878328741965106,35.9375,28.169014084507044,7.894736842105263,26.20783914010378,13.82729099942959,38.19500582102967,26.01114841022963,13.181242078580482,6.122448979591836,10.004785184035592,9.495548961424333,49.554896142433236,58.160237388724035,6.231454005934718,25.816023738872403,Poor,Average,Average,Poor,Below Average,2023-24
1630567,Scottie Barnes,Scottie,1610612761,TOR,22.0,60,22,38,0.367,2094.2483333333334,115.8,353,0.167,0.251,75,0.228,88,0.381,681.0,645.0,537.0,2326.0,4.77,4.770996583170469,215,276,488,414,85,442,47,132,132,47,168,14,76,477,516,425,506,153,60,425,262,163,135,1,43,98,16,33,49,0.327,0.673,26,90,111,60,116,0.224,0.776,0.982,0.531,1630567,Scottie Barnes,0.3691804733727811,0.17234615384615384,4286.2,34.12698412698413,31.419939577039273,29.910714285714292,32.125451074185975,22.58953168044077,55.3030303030303,42.21763085399449,47.265625,47.183098591549296,2.631578947368421,36.07822924388436,16.846753518954383,32.0803843250248,24.46356892198959,40.050697084917616,44.89795918367347,42.23196502935775,39.46587537091988,83.67952522255193,79.22848664688428,4.154302670623145,92.28486646884274,Below Average,Above Average,Above Average,Poor,Elite,2023-24
203552,Seth Curry,Seth,1610612766,CHA,33.0,44,25,19,0.568,615.4133333333333,107.5,50,0.078,0.12,22,0.206,6,0.097,211.0,191.0,192.0,626.0,2.9,2.9006032137957893,326,247,226,231,332,96,379,494,485,306,228,370,410,230,253,239,238,254,36,58,20,38,42,2,10,25,9,8,17,0.529,0.471,0,6,6,0,6,0.0,1.0,1.0,0.0,203552,Seth Curry,0.2500873362445415,0.07787336244541485,1229.4,1.5873015873015872,95.61933534743203,66.9642857142857,50.842759435093264,0.3673094582185491,7.954545454545454,4.919651056014692,10.9375,9.859154929577464,5.263157894736842,9.141493699036323,65.10969201240522,86.33634899598364,75.72302050419444,1.6476552598225602,2.0408163265306123,1.8245777398411838,94.95548961424333,3.5608308605341246,15.133531157270031,89.91097922848664,1.1869436201780417,Elite,Poor,Below Average,Above Average,Poor,2023-24
1628983,Shai Gilgeous-Alexander,Shai,1610612760,OKC,25.0,75,55,20,0.733,2552.6866666666665,109.7,350,0.128,0.197,150,0.328,67,0.19,721.0,805.0,632.0,2438.0,10.32,10.324710586872039,76,14,237,41,28,155,49,242,231,1,40,35,234,498,564,495,517,5,75,451,206,245,263,0,40,90,27,43,70,0.386,0.614,2,23,25,11,25,0.08,0.92,1.0,0.44,1628983,Shai Gilgeous-Alexander,0.33190735694822887,0.15560217983651226,5317.0,25.793650793650798,27.19033232628399,57.14285714285712,34.119790917374,17.447199265381084,86.36363636363636,58.79706152433425,97.265625,100.0,0.0,73.90625,31.95182312107871,41.69649123632605,36.82415717870238,39.670468948035484,10.714285714285714,26.640186492848088,43.62017804154303,97.62611275964392,99.40652818991099,24.33234421364985,76.26112759643917,Average,Elite,Elite,Below Average,Above Average,2023-24
1629003,Shake Milton,Shake,1610612752,NYK,27.0,48,32,16,0.667,581.16,109.4,61,0.102,0.145,19,0.209,6,0.082,207.0,175.0,185.0,590.0,2.55,2.5472187870714604,306,183,184,76,341,143,355,380,405,325,217,370,437,224,242,234,230,282,38,75,36,39,24,2,4,11,8,5,13,0.615,0.385,0,6,6,1,6,0.0,1.0,1.0,0.167,1629003,Shake Milton,0.22986617100371748,0.0848810408921933,1211.0,1.5873015873015872,96.97885196374622,58.48214285714282,49.19805453651752,1.8365472910927456,8.333333333333332,5.734618916437097,3.90625,7.746478873239436,5.263157894736842,5.589557079318013,73.30439472842242,82.31182141934977,77.8081080738861,3.041825095057034,2.0408163265306123,2.5913711492201443,92.58160237388724,4.451038575667656,7.121661721068249,91.69139465875371,1.7804154302670623,Elite,Poor,Poor,Elite,Poor,2023-24
1631323,Simone Fontecchio,Simone,1610612765,DET,28.0,66,29,37,0.439,1643.8933333333334,114.5,182,0.107,0.154,44,0.171,23,0.128,573.0,429.0,607.0,1796.0,4.39,4.389670026293003,170,213,475,366,168,376,180,347,366,179,346,188,349,407,384,475,415,169,64,257,174,83,73,1,21,45,18,18,36,0.5,0.5,5,30,34,15,35,0.143,0.857,0.971,0.429,1631323,Simone Fontecchio,0.2961076923076923,0.10640615384615384,3406.4,8.333333333333332,51.43504531722054,35.7142857142857,30.264170622931942,14.508723599632692,25.0,20.803489439853077,23.046875,25.352112676056336,2.631578947368421,18.749884173461822,46.45977088612826,69.9498942374316,58.204832561779924,18.377693282636248,14.285714285714285,16.536302734021366,32.640949554896146,40.94955489614243,38.57566765578635,68.5459940652819,48.96142433234421,Below Average,Average,Below Average,Average,Average,2023-24
203915,Spencer Dinwiddie,Spencer,1610612747,LAL,31.0,76,38,38,0.5,2152.4083333333333,115.2,175,0.077,0.114,51,0.196,22,0.085,641.0,634.0,662.0,2274.0,5.13,5.127895608391995,61,124,488,300,74,419,192,496,499,139,263,193,433,446,504,506,495,134,76,298,169,129,85,0,22,51,11,11,22,0.5,0.5,1,23,24,10,24,0.042,0.958,1.0,0.417,203915,Spencer Dinwiddie,0.2932473404255319,0.13810106382978724,4328.5,7.936507936507936,33.383685800604226,32.589285714285694,23.006214633386076,14.049586776859504,42.42424242424242,31.074380165289256,27.734375,30.28169014084507,0.0,21.692341549295776,47.618939166410286,51.74742672457073,49.68318294549051,17.490494296577946,10.714285714285714,14.441200434546442,15.43026706231454,63.20474777448071,46.29080118694362,51.632047477744806,41.54302670623146,Below Average,Average,Average,Average,Average,2023-24
201939,Stephen Curry,Stephen,1610612744,GSW,36.0,74,43,31,0.581,2421.5383333333334,114.7,293,0.116,0.169,54,0.161,28,0.126,906.0,650.0,814.0,2530.0,6.32,6.32149559645446,87,79,406,205,38,390,75,301,316,126,388,160,351,559,519,561,531,89,74,303,113,190,117,7,79,182,27,28,55,0.491,0.509,2,21,22,6,23,0.087,0.913,0.957,0.261,201939,Stephen Curry,0.32675830815709966,0.16730815709969787,4980.4,10.317460317460316,23.716012084592144,34.82142857142855,21.132945499448514,8.907254361799815,65.53030303030303,42.88108356290174,40.234375,32.3943661971831,18.421052631578945,32.03704132690882,34.038494369300615,34.97371868548261,34.50610652739161,32.44613434727503,9.693877551020408,22.20761878896045,11.572700296735905,85.16320474777447,71.2166172106825,19.881305637982198,68.24925816023739,Poor,Above Average,Above Average,Below Average,Average,2023-24
204456,T.J. McConnell,T.J.,1610612754,IND,32.0,71,40,31,0.563,1290.9766666666667,115.2,155,0.125,0.194,72,0.32,8,0.057,431.0,404.0,355.0,1562.0,3.18,3.181441410308732,118,110,406,241,216,414,212,258,239,58,42,331,478,351,373,343,383,234,69,93,43,50,142,7,2,4,15,38,53,0.283,0.717,0,7,7,2,7,0.0,1.0,1.0,0.286,204456,T.J. McConnell,0.3076542857142857,0.06928571428571428,2678.0,2.380952380952381,60.27190332326284,32.589285714285694,30.19486854409437,2.479338842975207,12.5,8.491735537190083,50.0,45.07042253521127,18.421052631578945,40.37991104521868,41.780470795215116,91.26825720205039,66.52436399863275,14.955640050697086,2.5510204081632653,9.373561211556868,32.34421364985163,10.089020771513352,87.53709198813057,81.60237388724035,23.14540059347181,Below Average,Poor,Above Average,Above Average,Below Average,2023-24
1629659,Talen Horton-Tucker,Talen,1610612762,UTA,23.0,51,14,37,0.275,1008.6983333333334,117.9,100,0.094,0.146,45,0.298,19,0.146,410.0,315.0,326.0,1020.0,1.66,1.6620411936364725,284,361,475,464,264,497,299,416,399,173,64,219,312,343,332,324,307,340,49,139,59,80,85,0,7,14,14,14,28,0.5,0.5,3,8,10,4,11,0.273,0.727,0.909,0.364,1629659,Talen Horton-Tucker,0.29297454545454543,0.15163636363636365,2060.3,6.746031746031746,80.74018126888217,20.535714285714253,36.09140471395002,3.948576675849403,23.863636363636363,15.89761248852158,27.734375,26.056338028169012,0.0,20.213468309859152,47.729490346969634,43.9740695787936,45.85177996288162,7.984790874524715,3.061224489795918,5.769186001396756,52.22551928783383,29.376854599406528,43.62017804154303,44.21364985163205,11.869436201780417,Average,Below Average,Average,Average,Poor,2023-24
1627752,Taurean Prince,Taurean,1610612747,LAL,30.0,78,44,34,0.564,2107.6216666666664,116.5,209,0.095,0.141,58,0.184,35,0.15,724.0,659.0,777.0,2298.0,4.36,4.355620123212868,43,72,446,237,81,465,149,407,421,114,306,128,304,502,521,554,497,172,77,297,166,131,120,11,21,48,10,36,46,0.217,0.783,4,49,48,22,53,0.075,0.925,0.923,0.423,1627752,Taurean Prince,0.31423919308357345,0.13901152737752162,4334.2,13.095238095238097,32.477341389728096,26.785714285714278,23.30159329592864,13.774104683195592,43.18181818181818,31.418732782369144,41.40625,35.2112676056338,28.947368421052634,36.12328576723499,39.11191249695826,51.22454519066396,45.16822884381111,21.799746514575414,23.97959183673469,22.78067690954709,16.320474777448073,64.68842729970326,79.52522255192879,41.839762611275965,68.84272997032642,Below Average,Average,Above Average,Average,Average,2023-24
1641707,Taylor Hendricks,Taylor,1610612762,UTA,20.0,40,13,27,0.325,856.4316666666666,118.2,139,0.159,0.232,28,0.239,30,0.33,375.0,260.0,352.0,918.0,1.35,1.348365110686777,349,377,344,443,296,507,236,150,154,274,144,148,111,317,289,341,289,369,39,176,112,64,48,0,10,23,9,6,15,0.6,0.4,0,14,14,5,14,0.0,1.0,1.0,0.357,1641707,Taylor Hendricks,0.2920330578512397,0.12207438016528926,1769.4,11.11111111111111,84.59214501510573,19.19642857142855,38.85080234258859,8.81542699724518,17.803030303030305,14.207988980716253,13.28125,14.084507042253522,0.0,10.242077464788732,48.1110317135537,60.951591964117505,54.531311838835606,12.927756653992395,6.122448979591836,9.865368200512144,60.83086053412463,25.519287833827892,16.913946587537094,59.940652818991104,25.222551928783382,Average,Below Average,Below Average,Average,Below Average,2023-24
1629611,Terance Mann,Terance,1610612746,LAC,27.0,75,47,28,0.627,1872.8916666666667,114.8,167,0.088,0.128,43,0.155,15,0.088,646.0,523.0,549.0,1926.0,4.72,4.715194896713398,76,45,361,126,129,394,198,448,462,183,406,258,426,451,442,438,439,156,73,188,119,69,71,1,50,115,14,12,26,0.538,0.462,7,23,30,16,30,0.233,0.767,1.0,0.533,1629611,Terance Mann,0.31572386058981233,0.13592761394101877,3722.8,5.158730158730158,46.52567975830816,34.37500000000001,26.94122997889992,9.45821854912764,19.696969696969695,15.601469237832873,22.265625,24.647887323943664,2.631578947368421,18.190905300222386,38.51024544657504,52.99564453025525,45.752944988415145,16.476552598225602,10.714285714285714,13.883532500452652,24.629080118694365,28.783382789317507,37.68545994065282,43.916913946587535,39.46587537091988,Below Average,Below Average,Below Average,Average,Below Average,2023-24
1626179,Terry Rozier,Terry,1610612748,MIA,30.0,61,22,39,0.361,2040.3816666666667,117.2,212,0.11,0.16,63,0.21,21,0.119,664.0,578.0,616.0,2084.0,3.82,3.818506282753464,206,276,497,417,96,484,144,331,345,94,214,202,367,464,473,484,471,201,61,227,82,145,91,3,21,45,25,28,53,0.472,0.528,0,13,13,4,13,0.0,1.0,1.0,0.308,1626179,Terry Rozier,0.36264193548387097,0.15870645161290323,4082.7,7.5396825396825395,40.55891238670695,23.660714285714267,23.126670922649016,6.0606060606060606,48.484848484848484,31.515151515151516,30.078125,38.732394366197184,7.894736842105263,27.56127223869533,19.496520412152957,39.913700050295674,29.705110231224317,22.17997465145754,5.612244897959184,14.724496262383282,15.727002967359049,65.28189910979229,62.01780415430267,9.792284866468842,42.433234421364986,Below Average,Average,Average,Poor,Average,2023-24
203501,Tim Hardaway Jr.,Tim,1610612742,DAL,32.0,79,49,30,0.62,2120.3283333333334,115.8,232,0.106,0.164,42,0.143,6,0.031,640.0,698.0,666.0,2312.0,4.79,4.7940574030863115,30,29,395,138,78,445,121,353,331,194,433,370,506,445,537,510,502,151,79,258,120,138,67,21,51,114,17,21,38,0.447,0.553,2,22,23,11,24,0.083,0.917,0.958,0.458,203501,Tim Hardaway Jr.,0.36267302452316075,0.16590190735694824,4379.7,1.5873015873015872,31.948640483383684,29.910714285714292,19.294623375533497,9.550045913682277,45.83333333333333,31.320018365472908,20.703125,23.943661971830984,55.26315789473685,30.477321163825057,19.483921462899925,35.781331493677584,27.632626478288756,24.714828897338403,10.204081632653061,18.18499262823,7.71513353115727,64.09495548961425,69.43620178041543,7.418397626112759,55.19287833827893,Poor,Average,Average,Poor,Average,2023-24
202699,Tobias Harris,Tobias,1610612755,PHI,31.0,70,41,29,0.586,2367.78,112.4,373,0.156,0.232,70,0.176,46,0.147,678.0,634.0,758.0,2492.0,7.67,7.667002130019988,128,97,381,197,47,281,41,154,156,66,328,77,309,475,504,549,524,45,70,318,161,157,110,0,36,82,26,29,55,0.473,0.527,18,84,96,44,102,0.176,0.824,0.98,0.449,202699,Tobias Harris,0.30505982905982904,0.14066951566951566,4734.9,17.46031746031746,25.151057401812686,45.08928571428568,27.059318503332843,13.314967860422405,53.03030303030303,37.144168962350776,37.5,43.66197183098591,0.0,30.28169014084507,42.83188404166553,50.27235829260023,46.55212116713288,42.585551330798474,41.83673469387755,42.24858384418406,24.92581602373887,76.26112759643917,68.5459940652819,45.40059347181009,92.58160237388724,Below Average,Above Average,Average,Average,Elite,2023-24
1628470,Torrey Craig,Torrey,1610612741,CHI,33.0,53,22,31,0.415,1048.6016666666667,118.4,148,0.148,0.216,30,0.169,21,0.226,302.0,292.0,286.0,1022.0,1.6,1.5974854295732734,278,276,406,374,253,511,218,179,188,263,354,202,190,287,309,303,310,349,53,213,105,108,67,1,26,57,13,18,31,0.419,0.581,3,19,22,14,22,0.136,0.864,1.0,0.636,1628470,Torrey Craig,0.2861241379310345,0.1483896551724138,2066.9,7.5396825396825395,80.66465256797582,18.3035714285714,35.8243942718074,8.172635445362717,34.46969696969697,23.950872359963267,20.703125,15.492957746478872,2.631578947368421,14.361679948109709,50.50564357405499,45.83866251719586,48.17215304562542,14.068441064638785,8.673469387755102,11.640703810041128,50.74183976261127,47.47774480712167,25.519287833827892,48.367952522255194,32.93768545994065,Average,Average,Below Average,Average,Below Average,2023-24
1641739,Toumani Camara,Toumani,1610612757,POR,24.0,70,19,51,0.271,1739.32,111.5,204,0.119,0.182,66,0.227,33,0.221,689.0,500.0,616.0,1856.0,6.15,6.153980429323992,128,307,548,467,154,236,156,282,272,82,170,137,197,482,425,484,429,95,69,306,189,117,141,13,40,95,23,21,44,0.523,0.477,23,43,62,32,66,0.348,0.652,0.939,0.485,1641739,Toumani Camara,0.33727195467422094,0.12600566572237962,3493.1,12.3015873015873,49.16918429003021,49.10714285714285,34.406635136431206,15.886134067952252,37.878787878787875,29.081726354453625,49.609375,40.845070422535215,34.21052631578947,42.6921562268347,29.777799862182896,58.69384465788858,44.23582226003574,21.166032953105194,20.918367346938776,21.054583430330307,44.510385756676556,58.45697329376854,89.91097922848664,38.87240356083086,65.28189910979229,Average,Average,Above Average,Below Average,Average,2023-24
1629027,Trae Young,Trae,1610612737,ATL,25.0,54,22,32,0.407,1941.7133333333334,119.1,126,0.065,0.099,72,0.233,11,0.058,660.0,625.0,734.0,2336.0,2.67,2.6708555547848607,271,276,425,380,115,520,255,525,523,58,159,298,477,458,498,542,509,273,54,131,35,96,129,12,10,24,17,19,36,0.472,0.528,0,2,2,1,2,0.0,1.0,1.0,0.5,1629027,Trae Young,0.3581666666666667,0.1596320754716981,4115.1,3.571428571428571,31.042296072507554,15.17857142857145,16.088017911091935,1.7447199265381086,29.924242424242426,18.652433425160698,44.921875,45.07042253521127,31.57894736842105,41.638134729429204,21.31013981016924,39.382111911142005,30.346125860655622,11.280101394169835,0.0,6.2040557667934095,3.5608308605341246,36.20178041543027,88.4272997032641,11.275964391691394,13.649851632047477,Poor,Below Average,Above Average,Poor,Poor,2023-24
1631218,Trayce Jackson-Davis,Trayce,1610612744,GSW,24.0,68,39,29,0.574,1130.4516666666666,113.0,206,0.172,0.257,29,0.17,76,0.551,399.0,352.0,316.0,1192.0,3.46,3.4561823529009685,148,117,381,220,240,302,155,119,123,269,351,24,24,335,346,316,337,221,66,424,323,101,50,0,183,418,9,10,19,0.474,0.526,19,65,79,46,84,0.226,0.774,0.952,0.554,1631218,Trayce Jackson-Davis,0.3082138554216867,0.11506626506024095,2299.9,29.365079365079367,74.24471299093656,42.41071428571427,48.33435986428811,28.191000918273645,31.818181818181817,30.36730945821855,14.0625,14.788732394366196,0.0,10.801056338028168,41.55370308195879,64.97637031470765,53.26503669833322,21.419518377693283,32.142857142857146,26.245020822017022,91.69139465875371,62.908011869436194,18.100890207715135,58.753709198813056,75.37091988130564,Elite,Average,Below Average,Average,Above Average,2023-24
1630200,Tre Jones,Tre,1610612759,SAS,24.0,77,21,56,0.273,2138.18,111.8,231,0.104,0.151,78,0.232,9,0.03,820.0,627.0,590.0,2416.0,7.28,7.275826788271641,54,289,563,465,75,249,123,366,378,36,160,319,509,542,499,465,516,60,76,196,122,74,170,8,29,75,23,37,60,0.383,0.617,0,9,9,3,9,0.0,1.0,1.0,0.333,1630200,Tre Jones,0.30508469945355193,0.11614754098360655,4442.6,2.7777777777777777,28.02114803625378,47.767857142857146,22.860477209514222,9.73370064279155,21.59090909090909,16.848025711662075,60.9375,49.29577464788733,21.052631578947366,46.8916790214974,42.82180522174777,64.35539079851202,53.5885980101299,24.58808618504436,3.571428571428571,15.130590258917257,14.836795252225517,32.93768545994065,93.76854599406528,59.05044510385756,44.510385756676556,Poor,Below Average,Elite,Average,Average,2023-24
1630544,Tre Mann,Tre,1610612766,CHA,23.0,41,21,20,0.512,987.0983333333334,114.1,129,0.132,0.206,51,0.313,3,0.033,321.0,312.0,264.0,1034.0,2.66,2.6645358059411826,346,289,237,297,270,358,253,226,209,139,49,428,505,298,328,288,311,274,34,113,50,63,89,1,11,23,11,10,21,0.524,0.476,0,7,7,0,7,0.0,1.0,1.0,0.0,1630544,Tre Mann,0.30937394957983194,0.12935714285714286,1938.5,0.3968253968253968,80.21148036253777,37.500000000000014,37.60774828561838,3.1221303948576673,17.424242424242426,11.703397612488523,29.296875,30.28169014084507,2.631578947368421,22.975236286137882,41.083570592788696,56.76908280505083,48.926326698919766,11.660329531051964,2.5510204081632653,7.5611404257520505,55.19287833827893,17.50741839762611,48.6646884272997,49.85163204747774,17.804154302670625,Average,Below Average,Average,Average,Below Average,2023-24
1630570,Trendon Watford,Trendon,1610612751,BKN,23.0,63,25,38,0.397,856.52,112.8,142,0.162,0.238,23,0.2,19,0.238,329.0,245.0,306.0,790.0,2.7,2.6951531906602337,191,247,488,394,295,297,231,144,144,301,243,219,182,299,279,311,266,270,51,149,70,79,43,1,26,58,15,21,36,0.417,0.583,1,12,12,5,13,0.077,0.923,0.923,0.385,1630570,Trendon Watford,0.26706547619047616,0.1303065476190476,1705.1,6.746031746031746,89.42598187311178,43.30357142857143,44.823399211144675,4.958677685950414,23.484848484848484,16.074380165289256,11.328125,10.56338028169014,2.631578947368421,8.886327835433653,58.22923740601175,56.22383723268446,57.226537319348104,13.307984790874524,5.1020408163265305,9.615310002327927,82.19584569732937,30.56379821958457,14.391691394658753,67.06231454005935,23.738872403560833,Above Average,Below Average,Poor,Average,Below Average,2023-24
1626168,Trey Lyles,Trey,1610612758,SAC,28.0,58,33,25,0.569,1158.2183333333332,110.2,196,0.166,0.24,17,0.115,19,0.162,388.0,277.0,296.0,1094.0,4.5,4.495245258482151,232,173,311,229,237,175,165,138,140,334,492,219,283,326,303,309,323,161,58,208,118,90,49,7,35,81,8,12,20,0.4,0.6,10,53,61,32,63,0.159,0.841,0.968,0.508,1626168,Trey Lyles,0.31255963302752293,0.1030611620795107,2346.6,6.746031746031746,77.94561933534743,54.910714285714256,43.70705803721286,9.366391184573002,27.65151515151515,20.33746556473829,13.671875,6.338028169014084,18.421052631578945,12.292323017049664,39.79256048084617,71.87093152684338,55.83174600384477,20.15209125475285,26.02040816326531,22.79283386358346,76.55786350148368,39.762611275964396,22.551928783382788,63.798219584569736,69.13946587537092,Above Average,Below Average,Below Average,Average,Average,2023-24
1630530,Trey Murphy III,Trey,1610612740,NOP,24.0,57,35,22,0.614,1690.265,108.2,238,0.139,0.198,51,0.163,28,0.172,508.0,411.0,451.0,1644.0,7.5,7.5019256764128865,241,155,262,154,161,111,112,202,229,139,377,160,264,384,377,387,395,53,57,232,112,120,95,1,21,48,13,21,34,0.382,0.618,0,23,23,10,23,0.0,1.0,1.0,0.435,1630530,Trey Murphy III,0.2645014164305949,0.13802832861189804,3348.3,10.317460317460316,57.175226586102724,63.83928571428569,40.0981348606915,8.81542699724518,39.015151515151516,26.935261707988982,31.640625,30.28169014084507,2.631578947368421,23.912736286137882,59.268332197438966,51.78919874542053,55.52876547142975,25.475285171102662,10.714285714285714,18.832835415535037,65.8753709198813,53.70919881305638,51.632047477744806,62.61127596439169,57.566765578635014,Average,Average,Average,Average,Average,2023-24
202684,Tristan Thompson,Tristan,1610612739,CLE,33.0,49,28,21,0.571,548.9166666666666,113.8,101,0.179,0.26,12,0.176,14,0.359,200.0,136.0,181.0,510.0,1.56,1.5566154186198082,302,221,253,225,350,339,297,102,116,367,325,267,95,222,205,230,213,351,44,160,107,53,28,0,87,203,8,6,14,0.571,0.429,35,39,71,43,74,0.473,0.527,0.986,0.597,202684,Tristan Thompson,0.23142481203007517,0.11810526315789474,1086.5,4.761904761904762,100.0,38.839285714285715,46.614583333333336,8.356290174471992,13.636363636363635,11.524334251606977,5.46875,2.8169014084507045,0.0,3.1734154929577465,72.67274963280731,63.23106596859171,67.9519078006995,8.111533586818757,18.877551020408163,12.95624143193399,86.35014836795251,16.320474777448073,2.967359050445104,84.27299703264094,38.27893175074184,Above Average,Below Average,Poor,Above Average,Below Average,2023-24
1628972,Troy Brown Jr.,Troy,1610612765,DET,24.0,59,30,29,0.508,826.5116666666667,114.2,119,0.143,0.206,24,0.198,3,0.038,350.0,232.0,240.0,956.0,2.24,2.2431498154993164,225,201,381,299,298,362,268,185,211,298,258,428,500,309,273,271,293,302,52,127,74,53,47,0,4,11,7,12,19,0.368,0.632,1,13,14,6,14,0.071,0.929,1.0,0.429,1628972,Troy Brown Jr.,0.32225766871165645,0.10608282208588957,1688.8,0.3968253968253968,83.1570996978852,37.05357142857141,38.52710791013283,5.325987144168963,13.636363636363635,10.312213039485766,12.890625,11.267605633802818,0.0,9.099911971830986,35.86239530914006,70.13558449069706,52.998989899918556,10.392902408111533,5.612244897959184,8.241606528542976,59.940652818991104,13.649851632047477,14.836795252225517,57.86350148367953,20.178041543026705,Average,Poor,Poor,Average,Below Average,2023-24
1629639,Tyler Herro,Tyler,1610612748,MIA,24.0,42,23,19,0.548,1407.105,111.1,203,0.14,0.207,30,0.141,3,0.03,472.0,424.0,421.0,1484.0,5.11,5.10807756797621,341,270,226,266,200,222,157,193,207,263,445,428,508,370,381,374,375,136,42,157,69,88,51,0,12,25,11,18,29,0.379,0.621,0,8,8,3,8,0.0,1.0,1.0,0.375,1629639,Tyler Herro,0.3189163763066202,0.13553658536585367,2810.7,0.3968253968253968,63.21752265861027,50.89285714285715,35.00807737495804,4.866850321395775,26.89393939393939,18.083103764921944,14.453125,15.492957746478872,0.0,11.203785211267604,37.21646653206246,53.220213236704275,45.21833988438337,21.039290240811155,3.061224489795918,12.9491606528543,47.774480712166174,35.311572700296736,19.287833827893174,42.433234421364986,37.98219584569733,Average,Below Average,Below Average,Average,Below Average,2023-24
1630169,Tyrese Haliburton,Tyrese,1610612754,IND,24.0,69,40,29,0.58,2223.5383333333334,116.2,236,0.102,0.155,83,0.249,48,0.162,675.0,706.0,641.0,2804.0,4.79,4.794293365895394,138,110,381,209,65,460,113,375,363,27,125,64,284,472,539,497,562,151,69,230,108,122,154,0,16,35,20,32,52,0.385,0.615,0,13,13,9,13,0.0,1.0,1.0,0.692,1630169,Tyrese Haliburton,0.37301246105919,0.14778193146417445,4650.2,18.253968253968253,13.36858006042296,28.12499999999998,19.01184032273533,8.44811753902663,39.77272727272727,27.242883379247015,54.6875,52.816901408450704,0.0,40.360915492957744,15.293826201088304,46.18767979037108,30.740752995729693,25.221799746514574,5.612244897959184,16.39750006466465,7.418397626112759,55.19287833827893,87.24035608308606,12.462908011869436,48.367952522255194,Poor,Average,Above Average,Poor,Average,2023-24
1630178,Tyrese Maxey,Tyrese,1610612755,PHI,23.0,70,43,27,0.614,2625.806666666667,113.2,222,0.085,0.128,69,0.157,33,0.096,730.0,750.0,875.0,2782.0,7.88,7.8763095635568865,128,79,344,152,18,309,134,459,464,70,405,137,412,505,556,567,557,39,69,221,102,119,111,3,12,26,20,46,66,0.303,0.697,0,39,36,8,39,0.0,1.0,0.947,0.211,1630178,Tyrese Maxey,0.3110809248554913,0.1455057803468208,5230.4,12.3015873015873,14.19939577039275,41.51785714285712,20.269887725986663,7.897153351698806,38.63636363636363,26.3406795224977,37.890625,42.95774647887324,7.894736842105263,32.16514547813195,40.39181248879082,47.49487917315483,43.943345830972824,23.44740177439797,18.877551020408163,21.390968935102556,8.902077151335313,52.818991097922854,71.81008902077151,37.98219584569733,65.8753709198813,Poor,Average,Above Average,Below Average,Average,2023-24
1626145,Tyus Jones,Tyus,1610612764,WAS,28.0,66,11,55,0.167,1932.6666666666667,122.5,159,0.081,0.129,71,0.234,18,0.079,665.0,713.0,665.0,2546.0,0.66,0.6620650538543075,170,392,560,530,117,555,207,481,459,62,156,228,445,465,542,509,534,448,66,117,43,74,127,0,19,42,12,23,35,0.343,0.657,0,7,6,4,7,0.0,1.0,0.857,0.571,1626145,Tyus Jones,0.35672063492063494,0.11614920634920636,4096.5,6.349206349206349,23.11178247734139,0.0,10.628806406752025,2.479338842975207,21.59090909090909,13.946280991735536,44.140625,44.36619718309859,0.0,33.184419014084504,21.89614957446958,64.35443437480728,43.12529197463843,15.462610899873258,2.5510204081632653,9.652395178603761,0.8902077151335311,24.03560830860534,74.1839762611276,36.49851632047478,24.03560830860534,Poor,Below Average,Above Average,Below Average,Below Average,2023-24
203995,Vasilije Micic,Vasilije,1610612766,CHA,30.0,60,34,26,0.567,1175.73,114.8,74,0.063,0.098,31,0.173,7,0.063,429.0,391.0,327.0,1226.0,2.97,2.965519170839192,215,165,332,235,230,393,334,529,525,259,337,343,473,349,367,326,342,247,54,51,16,35,70,2,22,47,8,16,24,0.333,0.667,0,9,9,0,9,0.0,1.0,1.0,0.0,203995,Vasilije Micic,0.29123432343234323,0.13503630363036304,2322.1,1.984126984126984,72.9607250755287,34.37500000000001,34.92365457008584,0.0,6.8181818181818175,4.09090909090909,21.875,16.19718309859155,5.263157894736842,15.734803558191254,48.434721819141316,53.50752631133513,50.97112406523822,4.689480354879595,3.571428571428571,4.186357052326635,47.18100890207715,2.0771513353115725,29.080118694362017,54.3026706231454,6.824925816023739,Average,Poor,Below Average,Average,Poor,2023-24
1641705,Victor Wembanyama,Victor,1610612759,SAS,20.0,71,19,52,0.268,2106.235,111.2,594,0.273,0.389,88,0.274,254,0.708,832.0,566.0,610.0,2298.0,7.61,7.605742051065426,118,307,551,469,82,226,7,11,12,21,83,1,9,545,464,478,497,48,71,644,511,133,204,11,134,296,17,20,37,0.459,0.541,20,41,59,34,61,0.328,0.672,1.0,0.576,1641705,Victor Wembanyama,0.32018803418803415,0.1423789173789174,4393.5,100.0,32.477341389728096,50.44642857142855,63.97867662926197,45.45454545454545,43.93939393939394,44.54545454545455,74.21875,56.33802816901409,28.947368421052634,56.642651964418086,36.701122427478936,49.29064453799795,42.99588348273844,70.595690747782,19.897959183673468,47.78171154393317,99.70326409495549,89.02077151335311,97.3293768545994,35.90504451038576,94.3620178041543,Elite,Above Average,Elite,Below Average,Elite,2023-24
1631246,Vince Williams Jr.,Vince,1610612763,MEM,23.0,52,18,34,0.346,1436.53,111.4,231,0.163,0.249,47,0.189,34,0.169,513.0,409.0,413.0,1496.0,5.03,5.028288292363857,282,316,446,427,197,234,123,141,134,162,287,132,267,387,376,373,377,140,51,172,96,76,121,4,9,21,19,16,35,0.543,0.457,4,20,23,9,24,0.167,0.833,0.958,0.375,1631246,Vince Williams Jr.,0.30377170418006433,0.10960450160771705,2857.3,12.698412698412698,62.7643504531722,49.55357142857139,39.43528059511819,7.3461891643709825,22.348484848484848,16.347566574839302,41.796875,27.464788732394368,10.526315789473683,28.96300500370645,43.35390145881547,68.11307497355776,55.733488216186615,24.58808618504436,9.183673469387756,17.65610046299889,64.09495548961425,31.15727002967359,66.46884272997032,63.20474777448071,52.6706231454006,Average,Below Average,Average,Average,Average,2023-24
1631117,Walker Kessler,Walker,1610612762,UTA,22.0,64,26,38,0.406,1493.1066666666666,116.0,316,0.199,0.298,30,0.155,154,0.72,641.0,469.0,590.0,1506.0,3.3,3.3030634567494883,185,241,488,381,186,449,61,74,69,263,409,6,8,446,401,465,378,227,64,667,550,117,48,1,145,341,12,4,16,0.75,0.25,35,72,104,68,107,0.327,0.673,0.981,0.642,1631117,Walker Kessler,0.3327994350282486,0.15508474576271186,3050.0,60.317460317460316,62.38670694864048,29.017857142857135,53.216795844722576,49.03581267217631,37.878787878787875,42.34159779614325,13.28125,15.492957746478872,2.631578947368421,11.392929948109709,31.590305148292526,41.99365494252564,36.79198004540908,35.361216730038024,35.714285714285715,35.520097772949484,97.62611275964392,84.27299703264094,19.881305637982198,24.03560830860534,86.05341246290801,Elite,Above Average,Below Average,Below Average,Above Average,2023-24
1628976,Wendell Carter Jr.,Wendell,1610612753,ORL,25.0,55,30,25,0.545,1406.3033333333333,109.6,269,0.207,0.29,35,0.142,28,0.248,471.0,331.0,434.0,1316.0,5.61,5.612852441386472,258,201,311,270,201,151,90,61,82,239,444,160,172,368,339,381,357,118,54,360,276,84,60,1,142,309,11,17,28,0.393,0.607,40,89,125,67,129,0.31,0.69,0.984,0.528,1628976,Wendell Carter Jr.,0.3589578947368421,0.11005263157894737,2773.9,10.317460317460316,69.5619335347432,57.58928571428572,42.87098229271568,23.875114784205692,25.37878787878788,24.777318640955002,17.96875,19.014084507042252,2.631578947368421,14.500324314306893,20.98949168042817,67.85571278994304,44.42260223518561,29.404309252218,44.38775510204081,36.14685988463827,72.70029673590504,49.25816023738873,26.112759643916917,39.762611275964396,86.35014836795251,Above Average,Average,Below Average,Below Average,Above Average,2023-24
1630214,Xavier Tillman,Xavier,1610612738,BOS,25.0,54,30,24,0.556,974.555,109.4,141,0.149,0.225,51,0.271,44,0.341,339.0,275.0,293.0,990.0,4.01,4.007407676378206,271,201,282,259,274,144,234,173,169,139,88,83,101,305,302,306,302,193,53,320,236,84,80,0,74,174,23,18,41,0.561,0.439,10,35,45,24,45,0.222,0.778,1.0,0.533,1630214,Xavier Tillman,0.2948546712802768,0.11262975778546712,1946.2,16.666666666666664,81.87311178247734,58.48214285714282,49.94279150481944,20.2020202020202,25.37878787878788,23.30808080808081,25.78125,30.28169014084507,0.0,20.911091549295776,46.96756233604225,66.37566264703551,56.67161249153888,13.181242078580482,16.83673469387755,14.826213755464163,93.76854599406528,46.58753709198813,45.40059347181009,65.8753709198813,43.02670623145401,Elite,Average,Average,Average,Average,2023-24
1628380,Zach Collins,Zach,1610612759,SAS,26.0,69,19,50,0.275,1525.7283333333332,116.3,252,0.162,0.235,34,0.176,52,0.364,627.0,429.0,472.0,1724.0,3.22,3.223640989934644,138,307,544,463,184,463,97,145,147,246,327,57,89,437,384,400,409,232,69,612,493,119,74,2,201,440,14,14,28,0.5,0.5,26,95,117,62,121,0.215,0.785,0.975,0.517,1628380,Zach Collins,0.3205243553008596,0.14030659025787964,3182.0,19.841269841269842,54.15407854984894,27.678571428571434,33.81007828609793,43.80165289256198,38.63636363636363,40.70247933884298,23.4375,18.30985915492958,5.263157894736842,17.09924017790956,36.56482704074423,50.480787280671414,43.52280716070782,27.249683143219265,47.44897959183674,36.33936654509713,42.72997032640949,82.19584569732937,33.82789317507419,37.0919881305638,86.64688427299704,Average,Above Average,Below Average,Below Average,Above Average,2023-24
1630192,Zeke Nnaji,Zeke,1610612743,DEN,23.0,58,41,17,0.707,576.12,114.8,64,0.103,0.173,15,0.165,38,0.365,209.0,212.0,112.0,586.0,1.5,1.502642298952482,232,97,199,49,343,392,351,371,299,348,375,108,86,227,262,181,229,360,53,214,152,62,35,0,87,204,3,4,7,0.429,0.571,11,26,36,19,37,0.297,0.703,1.0,0.528,1630192,Zeke Nnaji,0.21683946488294312,0.08361204013377926,1149.7,14.285714285714285,97.1299093655589,34.37500000000001,48.30350399223133,12.48852157943067,17.045454545454543,15.222681359044993,8.203125,4.929577464788732,0.0,5.006602112676056,78.58351602323054,83.0406117863442,80.81206390478738,3.4220532319391634,12.244897959183673,7.392333359199193,91.3946587537092,28.18991097922849,6.231454005934718,94.95548961424333,17.210682492581604,Elite,Below Average,Poor,Elite,Below Average,2023-24
1630533,Ziaire Williams,Ziaire,1610612763,MEM,22.0,51,20,31,0.392,1037.6816666666666,112.4,145,0.138,0.215,36,0.197,9,0.072,400.0,325.0,335.0,1086.0,3.4,3.396899347443932,284,297,406,396,256,284,222,207,192,230,261,319,456,336,335,333,319,225,46,180,93,87,79,4,9,22,11,10,21,0.524,0.476,0,18,18,10,18,0.0,1.0,1.0,0.556,1630533,Ziaire Williams,0.2797128027681661,0.13039446366782007,2110.7,2.7777777777777777,78.24773413897282,45.08928571428568,39.77013948832301,7.07070707070707,26.515151515151516,18.737373737373737,25.390625,19.718309859154928,10.526315789473683,19.689237398072645,53.103861087573165,56.17334682200129,54.63860395478723,13.688212927756654,8.16326530612245,11.201986498021263,64.39169139465875,36.49851632047478,41.54302670623146,60.23738872403561,29.673590504451035,Average,Below Average,Average,Average,Below Average,2023-24
1629627,Zion Williamson,Zion,1610612740,NOP,23.0,70,42,28,0.6,2206.923333333333,111.6,284,0.127,0.185,76,0.191,47,0.205,741.0,596.0,686.0,2162.0,7.77,7.771318007854527,128,88,361,170,69,244,78,248,264,42,276,68,213,511,483,521,482,43,70,289,126,163,143,1,66,152,45,23,68,0.662,0.338,10,35,43,32,45,0.222,0.778,0.977,0.727,1629627,Zion Williamson,0.3145870786516854,0.1599073033707865,4443.2,17.857142857142858,37.61329305135951,48.6607142857143,32.472688282261544,10.1010101010101,55.3030303030303,37.22222222222222,50.390625,47.88732394366197,2.631578947368421,37.57470811712379,38.970930571539114,39.22404782784356,39.09748919969134,31.305449936628644,16.83673469387755,24.794528077390655,40.35608308605341,76.8545994065282,82.49258160237389,28.18991097922849,72.99703264094956,Average,Above Average,Above Average,Below Average,Above Average,2023-24
