PLAYER_ID,PLAYER_NAME,NICKNAME,TEAM_ID,TEAM_ABBREVIATION,AGE,GP,W,L,W_PCT,MIN,DEF_RATING,DREB,DREB_PCT,PCT_DREB,STL,PCT_STL,BLK,PCT_BLK,OPP_PTS_OFF_TOV,OPP_PTS_2ND_CHANCE,OPP_PTS_FB,OPP_PTS_PAINT,DEF_WS,DEF_WS_RAW,GP_RANK,W_RANK,L_RANK,W_PCT_RANK,MIN_RANK,DEF_RATING_RANK,DREB_RANK,DREB_PCT_RANK,PCT_DREB_RANK,STL_RANK,PCT_STL_RANK,BLK_RANK,PCT_BLK_RANK,OPP_PTS_OFF_TOV_RANK,OPP_PTS_2ND_CHANCE_RANK,OPP_PTS_FB_RANK,OPP_PTS_PAINT_RANK,DEF_WS_RANK,G,CONTESTED_SHOTS,CONTESTED_SHOTS_2PT,CONTESTED_SHOTS_3PT,DEFLECTIONS,CHARGES_DRAWN,SCREEN_ASSISTS,SCREEN_AST_PTS,OFF_LOOSE_BALLS_RECOVERED,DEF_LOOSE_BALLS_RECOVERED,LOOSE_BALLS_RECOVERED,PCT_LOOSE_BALLS_RECOVERED_OFF,PCT_LOOSE_BALLS_RECOVERED_DEF,OFF_BOXOUTS,DEF_BOXOUTS,BOX_OUT_PLAYER_TEAM_REBS,BOX_OUT_PLAYER_REBS,BOX_OUTS,PCT_BOX_OUTS_OFF,PCT_BOX_OUTS_DEF,PCT_BOX_OUTS_TEAM_REB,PCT_BOX_OUTS_REB,DEF_PLAYER_ID,DEF_PLAYER_NAME,avg_fg_pct_allowed,avg_3fg_pct_allowed,total_possessions,BLK_score,OPP_PTS_PAINT_score,DEF_RATING_score,rim_protection_score,CONTESTED_SHOTS_2PT_score,CONTESTED_SHOTS_3PT_score,shot_contesting_score,DEFLECTIONS_score,STL_score,CHARGES_DRAWN_score,ball_disruption_score,avg_fg_pct_allowed_score,avg_3fg_pct_allowed_score,on_ball_matchup_def_score,DREB_score,DEF_BOXOUTS_score,def_reb_score,SEASON
203932,Aaron Gordon,Aaron,1610612743,DEN,27.0,68,45,23,0.662,2055.1066666666666,110.9,282,0.136,0.197,54,0.16,51,0.273,683.0,543.0,582.0,2250.0,7.3,7.3014627478501435,133,35,226,64,96,191,80,210,227,121,367,51,136,435,423,434,459,47,68,374,267,107,79,1,59,144,28,23,51,0.549,0.451,12,20,31,22,32,0.375,0.625,0.969,0.688,203932,Aaron Gordon,0.26981065088757394,0.12198816568047337,4181.9,24.46808510638298,49.42922374429224,70.4697986577181,44.704912017485,19.69823973176865,19.069767441860467,19.32115635782374,17.194570135746606,31.48148148148148,3.7037037037037033,18.822272498743086,80.1274271796573,59.59111390412719,69.85927054189224,26.198083067092654,12.76595744680851,20.15362653796479,2022-23
1630174,Aaron Nesmith,Aaron,1610612754,IND,23.0,73,30,43,0.411,1816.4033333333334,118.5,215,0.119,0.184,55,0.204,34,0.147,679.0,563.0,559.0,2014.0,2.44,2.441571566481779,92,207,499,402,143,501,146,276,258,119,226,95,283,431,439,421,417,302,73,396,246,150,109,12,29,71,11,23,34,0.324,0.676,5,37,29,13,42,0.119,0.881,0.906,0.406,1630174,Aaron Nesmith,0.326413407821229,0.1550586592178771,3765.7,15.425531914893616,62.89954337899544,19.46308724832218,33.050824760686396,17.93797150041911,39.06976744186046,30.617049065283922,30.76923076923077,32.407407407407405,44.44444444444444,34.761396011396016,51.92710569614435,31.752881717752846,41.8399937069486,15.495207667731629,24.822695035460992,19.692576983209843,2022-23
201143,Al Horford,Al,1610612738,BOS,37.0,63,44,19,0.698,1921.375,111.1,317,0.159,0.22,30,0.12,61,0.286,597.0,478.0,483.0,1972.0,6.63,6.626101033639162,189,40,176,33,123,204,60,143,175,252,465,37,127,384,382,380,409,67,63,636,407,229,75,0,117,280,19,10,29,0.655,0.345,15,73,81,38,88,0.17,0.83,0.953,0.447,201143,Al Horford,0.3242333333333333,0.17607,3897.6,29.78723404255319,65.29680365296804,69.12751677852353,52.05065409019097,31.43336127409891,75.81395348837209,58.06171660266281,15.384615384615385,9.25925925925926,0.0,9.394586894586894,53.013250695913946,14.065858614265943,33.539554655089944,31.789137380191697,50.35460992907801,40.14360002719054,2022-23
1627936,Alex Caruso,Alex,1610612741,CHI,29.0,67,33,34,0.493,1575.3766666666668,106.5,154,0.099,0.143,98,0.35,46,0.28,499.0,354.0,367.0,1364.0,7.51,7.512243147872922,145,162,403,292,174,68,220,373,392,14,28,65,130,340,313,319,328,43,67,354,163,191,227,14,56,127,14,25,39,0.359,0.641,0,21,17,4,21,0.0,1.0,1.0,0.235,1627936,Alex Caruso,0.3071358024691358,0.1438858024691358,3172.4,21.808510638297875,100.0,100.0,68.72340425531915,10.980720871751885,58.139534883720934,39.27600927893331,84.16289592760181,72.22222222222221,51.85185185185185,71.90589911178147,61.53149067333762,41.15802047096718,51.3447555721524,5.7507987220447285,13.47517730496454,9.226769084358644,2022-23
1630578,Alperen Sengun,Alperen,1610612745,HOU,20.0,75,18,57,0.24,2170.6566666666668,120.3,436,0.204,0.293,70,0.232,70,0.366,893.0,608.0,855.0,2222.0,1.81,1.8070077758993786,70,339,534,492,73,521,27,66,76,63,142,29,81,526,467,534,455,345,75,628,499,129,133,9,253,580,25,17,42,0.595,0.405,37,102,132,81,139,0.266,0.734,0.992,0.609,1630578,Alperen Sengun,0.368432664756447,0.14667908309455588,4372.9,34.57446808510639,51.02739726027398,7.382550335570524,33.535013859031075,39.14501257334451,29.30232558139535,33.23940037817501,41.6289592760181,46.2962962962963,33.33333333333333,41.188620747444276,30.99249723775453,38.8066798559807,34.89958854686761,50.798722044728436,70.92198581560284,59.85419074162192,2022-23
1629614,Andrew Nembhard,Andrew,1610612754,IND,23.0,75,32,43,0.427,2073.5316666666668,118.2,164,0.078,0.121,70,0.226,13,0.051,786.0,680.0,663.0,2354.0,2.99,2.985792484036291,70,178,499,382,94,493,208,472,463,63,157,262,464,487,511,478,475,260,75,269,156,113,138,15,16,40,18,24,42,0.429,0.571,0,19,16,4,19,0.0,1.0,0.941,0.235,1629614,Andrew Nembhard,0.3114097035040431,0.11875741239892183,4301.0,4.25531914893617,43.49315068493151,21.476510067114106,22.29385791607902,10.393964794635373,21.86046511627907,17.273864987621593,43.89140271493213,46.2962962962963,55.55555555555556,47.64915367856544,59.40217065957265,62.31071226412745,60.85644146185005,7.348242811501597,12.056737588652481,9.467065461219496,2022-23
1629014,Anfernee Simons,Anfernee,1610612757,POR,24.0,62,27,35,0.435,2170.66,115.7,143,0.067,0.1,42,0.145,14,0.07,745.0,609.0,640.0,2368.0,4.66,4.656906422690617,203,238,420,374,72,426,238,508,508,181,402,248,434,466,468,466,477,161,62,283,146,137,101,2,15,34,11,16,27,0.407,0.593,0,5,5,3,5,0.0,1.0,1.0,0.6,1629014,Anfernee Simons,0.3689382352941177,0.12585000000000002,4369.5,4.787234042553192,42.69406392694064,38.255033557046985,26.421574380712247,9.555741827326068,33.02325581395349,23.63625021930252,27.149321266968325,20.37037037037037,7.4074074074074066,19.84120998826881,30.740614600454418,56.34028124477487,43.540447922614646,3.993610223642172,2.127659574468085,3.1539324315138333,2022-23
203076,Anthony Davis,Anthony,1610612747,LAL,30.0,56,31,25,0.554,1904.51,109.5,507,0.248,0.357,59,0.208,114,0.591,638.0,498.0,632.0,1996.0,7.46,7.456244374169742,253,191,256,178,127,143,15,23,23,102,210,7,17,408,393,463,413,45,55,592,453,139,116,2,178,397,26,31,57,0.456,0.544,39,72,108,83,111,0.351,0.649,1.0,0.769,203076,Anthony Davis,0.3260408163265306,0.1150952380952381,3955.9,57.97872340425532,63.926940639269404,79.86577181208054,65.53236153846655,35.28918692372171,33.95348837209302,34.48776779274449,33.93665158371041,36.11111111111111,7.4074074074074066,28.0654013742249,52.112736229032244,65.39347419683386,58.75310521293305,62.14057507987221,49.645390070921984,56.51774182584461,2022-23
1630162,Anthony Edwards,Anthony,1610612750,MIN,21.0,79,40,39,0.506,2841.455,111.9,411,0.139,0.21,125,0.259,58,0.172,1049.0,819.0,839.0,2994.0,9.17,9.165744824637706,27,74,472,261,2,257,34,207,195,3,101,44,235,538,537,533,534,13,79,358,176,182,204,0,2,5,25,24,49,0.51,0.49,2,14,15,9,16,0.125,0.875,0.938,0.563,1630162,Anthony Edwards,0.35962500000000003,0.17286141304347827,5866.9,28.191489361702125,6.963470319634703,63.75838926174494,29.653407671989232,12.070410729253982,53.95348837209303,37.20025731495741,73.7556561085973,97.22222222222221,0.0,63.530040221216694,35.38060465700868,16.766797703209356,26.07370118010902,46.80511182108626,8.51063829787234,29.572598735639996,2022-23
1630559,Austin Reaves,Austin,1610612747,LAL,25.0,64,35,29,0.547,1843.2266666666667,110.5,160,0.079,0.118,33,0.14,19,0.099,649.0,533.0,592.0,1990.0,6.74,6.7425347580559345,181,137,327,193,136,181,213,470,470,231,417,198,368,416,415,443,412,64,64,337,181,156,67,19,18,41,13,14,27,0.481,0.519,0,17,17,2,17,0.0,1.0,1.0,0.118,1630559,Austin Reaves,0.3415907780979827,0.1359077809798271,3845.0,7.446808510638298,64.26940639269407,73.15436241610739,43.76160624572509,12.489522212908634,41.86046511627907,30.1120879549309,11.76470588235294,12.037037037037036,70.37037037037037,26.51143790849673,44.365517811292,47.87379610207667,46.11965695668434,6.7092651757188495,10.638297872340425,8.47732988919856,2022-23
1630245,Ayo Dosunmu,Ayo,1610612741,CHI,23.0,80,40,40,0.5,2097.616666666667,110.1,175,0.081,0.115,62,0.188,26,0.138,710.0,535.0,619.0,2082.0,7.97,7.967028574883144,15,74,481,264,90,163,187,465,476,92,282,144,308,446,418,456,437,33,80,417,218,199,110,1,18,38,18,27,45,0.4,0.6,0,8,7,2,8,0.0,1.0,0.875,0.25,1630245,Ayo Dosunmu,0.30844132653061224,0.14556377551020408,4317.7,11.170212765957446,59.018264840182646,75.83892617449669,44.08420934407108,15.590947191953058,61.86046511627907,43.35265794654867,31.221719457013574,38.88888888888889,3.7037037037037033,27.02572481984247,60.88105948884161,39.74552860516229,50.313294047001946,9.105431309904153,4.25531914893617,6.922880837468561,2022-23
1628389,Bam Adebayo,Bam,1610612748,MIA,25.0,75,40,35,0.533,2597.9933333333333,111.2,504,0.206,0.296,88,0.205,61,0.401,793.0,625.0,643.0,2466.0,8.9,8.896611822370092,70,74,420,217,18,205,16,62,70,26,225,37,68,492,482,467,496,16,75,556,386,170,134,2,331,778,33,18,51,0.647,0.353,24,143,139,57,167,0.144,0.856,0.946,0.388,1628389,Bam Adebayo,0.32107267441860465,0.12620348837209303,5113.0,29.78723404255319,37.10045662100457,68.45637583892616,42.01414739410441,29.67309304274937,48.372093023255815,40.892493031053235,42.081447963800905,62.96296296296296,7.4074074074074066,40.72146807440925,54.58793720101743,56.042720176737625,55.31532868887753,61.66134185303515,100.0,78.91373801916933,2022-23
1631097,Bennedict Mathurin,Bennedict,1610612754,IND,21.0,78,33,45,0.423,2222.38,115.8,231,0.103,0.163,48,0.137,13,0.049,879.0,726.0,681.0,2508.0,4.73,4.732211556342568,38,162,511,386,66,431,130,351,321,149,428,262,468,522,528,496,503,157,77,233,111,122,92,2,21,49,24,22,46,0.522,0.478,6,37,36,10,43,0.14,0.86,0.947,0.263,1631097,Bennedict Mathurin,0.34999457994579947,0.16239837398373982,4589.6,4.25531914893617,34.70319634703196,37.583892617449706,23.24421953539808,6.621961441743504,26.046511627906977,18.276691553441587,23.076923076923077,25.925925925925924,7.4074074074074066,20.156695156695154,40.1786208007815,25.574422856751887,32.8765218287667,18.051118210862622,24.822695035460992,21.09832778193189,2022-23
1626171,Bobby Portis Jr.,Bobby,1610612749,MIL,28.0,70,47,23,0.671,1818.4316666666666,112.0,518,0.263,0.378,29,0.129,16,0.092,680.0,542.0,518.0,1910.0,5.84,5.843389949486165,116,22,226,54,141,259,12,14,15,259,447,228,384,432,422,399,399,100,69,388,226,162,58,0,89,212,23,14,37,0.622,0.378,24,57,71,57,81,0.296,0.704,0.922,0.74,1626171,Bobby Portis Jr.,0.3571949860724234,0.13848189415041784,3743.6,5.851063829787234,68.83561643835617,63.08724832214766,42.20470336587647,16.261525565800504,44.651162790697676,33.295307900738806,7.6923076923076925,8.333333333333332,0.0,5.993589743589743,36.59127314171512,45.70694727546749,41.14911020859131,63.897763578274756,39.00709219858156,52.69696145741282,2022-23
203992,Bogdan Bogdanović,Bogdan,1610612737,ATL,30.0,54,27,27,0.5,1508.6083333333333,116.1,142,0.093,0.137,43,0.21,18,0.107,500.0,452.0,479.0,1600.0,3.03,3.031773981874791,270,238,291,264,188,442,245,407,419,172,207,207,354,341,364,376,357,257,54,329,151,178,103,1,31,70,6,8,14,0.429,0.571,1,8,7,6,9,0.111,0.889,1.0,0.857,203992,Bogdan Bogdanović,0.370453947368421,0.16326644736842105,3095.3,6.914893617021277,86.5296803652968,35.57046979865778,41.943963024326834,9.97485331098072,52.093023255813954,35.24575527788066,28.054298642533936,21.296296296296298,3.7037037037037033,19.601349086643207,29.985464673359935,24.84369204953742,27.414578361448676,3.8338658146964857,4.25531914893617,4.023519815104344,2022-23
202711,Bojan Bogdanovic,Bojan,1610612765,DET,34.0,59,15,44,0.254,1892.8666666666666,119.5,187,0.099,0.152,34,0.131,8,0.057,738.0,627.0,535.0,2198.0,2.03,2.025913746973743,230,369,504,483,129,513,174,370,357,226,442,333,457,462,483,408,452,323,59,277,151,126,56,0,23,52,17,11,28,0.607,0.393,2,34,31,5,36,0.056,0.944,1.0,0.161,202711,Bojan Bogdanovic,0.3181345029239766,0.13541520467836257,3872.7,1.5957446808510638,52.3972602739726,12.751677852349028,22.165258431318094,9.97485331098072,27.906976744186046,20.734127370903913,6.787330316742081,12.962962962962962,0.0,7.251969163733869,56.051777218904256,48.28843924715599,52.17010823303012,11.022364217252397,22.69503546099291,16.27506627693563,2022-23
1629626,Bol Bol,Bol,1610612753,ORL,23.0,70,26,44,0.371,1505.4183333333333,112.0,336,0.22,0.319,30,0.135,85,0.48,608.0,451.0,526.0,1460.0,4.85,4.853607585604729,116,253,504,424,190,261,50,45,47,252,433,19,49,390,363,403,340,147,70,419,219,200,51,0,37,80,13,9,22,0.591,0.409,5,32,34,25,37,0.135,0.865,0.971,0.714,1629626,Bol Bol,0.3374240687679083,0.14527507163323783,3094.8,42.5531914893617,94.52054794520548,63.08724832214766,65.87528045710351,15.67476948868399,62.32558139534884,43.6652566326829,4.524886877828054,9.25925925925926,0.0,5.050695491871962,46.441433349720235,39.988555082859186,43.21499421628971,34.82428115015975,21.27659574468085,28.727822717694245,2022-23
203078,Bradley Beal,Bradley,1610612764,WAS,30.0,50,24,26,0.48,1672.9333333333334,115.9,155,0.091,0.131,45,0.198,33,0.173,554.0,490.0,464.0,1730.0,3.42,3.4185089671408884,294,271,273,317,164,437,219,420,437,159,244,102,232,362,389,367,377,235,49,221,103,118,96,4,18,42,13,9,22,0.591,0.409,0,5,5,3,5,0.0,1.0,1.0,0.6,203078,Bradley Beal,0.30466666666666664,0.15585144927536232,3331.9,14.893617021276595,79.1095890410959,36.912751677852334,42.873990892357284,5.951383067896061,24.186046511627907,16.892181134135168,24.8868778280543,23.14814814814815,14.814814814814813,21.760306686777273,62.76165024838617,31.085523256036478,46.92358675221132,5.9105431309904155,2.127659574468085,4.208245530555367,2022-23
1627742,Brandon Ingram,Brandon,1610612740,NOP,25.0,45,23,22,0.511,1538.0766666666666,112.5,223,0.145,0.214,32,0.126,19,0.143,573.0,441.0,423.0,1532.0,4.63,4.630385315275813,321,281,214,253,182,288,141,191,191,239,454,198,292,373,361,348,349,163,45,264,129,135,76,2,30,66,12,9,21,0.571,0.429,0,11,10,2,11,0.0,1.0,0.909,0.182,1627742,Brandon Ingram,0.3314214559386973,0.14591954022988507,3091.9,7.446808510638298,90.41095890410958,59.73154362416109,49.55544492673394,8.130762782900252,32.093023255813954,22.508119066648472,15.837104072398189,11.11111111111111,7.4074074074074066,12.075582369700015,49.43202286682131,39.4460513427804,44.43903710480086,16.773162939297126,6.382978723404255,12.097580042145335,2022-23
201572,Brook Lopez,Brook,1610612749,MIL,35.0,78,57,21,0.731,2372.4766666666665,106.6,363,0.135,0.186,37,0.128,193,0.668,791.0,591.0,583.0,2316.0,11.31,11.306201509297255,38,1,200,23,42,72,44,213,253,208,450,1,6,490,450,435,468,1,78,1360,1225,135,77,0,222,517,16,13,29,0.552,0.448,31,111,134,69,142,0.218,0.782,0.957,0.493,201572,Brook Lopez,0.36724932975871316,0.17665415549597854,4931.7,100.0,45.662100456621005,99.32885906040272,80.81394992491803,100.0,32.093023255813954,59.25581395348837,16.289592760180994,15.74074074074074,0.0,12.025096363331656,31.582052043325216,13.574125513530552,22.578088778427883,39.13738019169329,77.30496453900709,56.31279314798449,2022-23
1628971,Bruce Brown,Bruce,1610612743,DEN,26.0,80,53,27,0.663,2279.485,113.0,265,0.116,0.174,87,0.248,51,0.217,861.0,652.0,600.0,2398.0,6.64,6.643156053624746,15,6,291,63,55,312,94,287,287,28,120,51,178,516,496,447,484,66,80,402,211,191,165,0,19,42,18,21,39,0.462,0.538,1,14,15,5,15,0.067,0.933,1.0,0.333,1628971,Bruce Brown,0.31280205655526994,0.12590231362467866,4599.1,24.46808510638298,40.98173515981735,56.37583892617452,38.22480108003289,15.004191114836546,58.139534883720934,40.88539737616718,56.10859728506787,62.03703703703704,0.0,44.15640187699012,58.70848000225769,56.29624444113092,57.502362221694305,23.482428115015974,8.51063829787234,16.74512269730134,2022-23
1627741,Buddy Hield,Buddy,1610612754,IND,30.0,80,35,45,0.438,2481.875,116.3,333,0.132,0.203,92,0.226,26,0.086,918.0,830.0,746.0,2736.0,4.88,4.880053933341024,15,137,511,372,21,453,53,229,213,18,156,144,402,529,538,520,529,145,80,443,222,221,170,0,39,81,34,33,67,0.507,0.493,4,13,17,10,17,0.235,0.765,1.0,0.588,1627741,Buddy Hield,0.39211878453038673,0.17486187845303866,5114.8,11.170212765957446,21.689497716894977,34.22818791946313,20.616456287162002,15.926236378876782,72.09302325581395,49.62630850503908,58.371040723981906,66.66666666666666,0.0,46.68174962292609,19.191725888312742,15.082836727871443,17.137281308092092,34.34504792332269,7.801418439716312,22.40041465569982,2022-23
203468,CJ McCollum,CJ,1610612740,NOP,31.0,75,38,37,0.507,2649.1683333333335,113.5,273,0.104,0.151,70,0.172,38,0.163,953.0,731.0,798.0,2816.0,7.34,7.3390664886264245,70,95,450,260,15,344,88,348,358,63,330,82,252,533,529,529,532,46,75,394,178,216,112,2,29,62,26,24,50,0.52,0.48,0,17,16,6,17,0.0,1.0,0.941,0.353,203468,CJ McCollum,0.3787703081232493,0.15952380952380954,5338.3,17.5531914893617,17.123287671232877,53.02013422818794,26.269460837723173,12.238055322715843,69.76744186046511,46.7556872453654,32.126696832579185,46.2962962962963,7.4074074074074066,30.90623428858723,25.842132094455394,27.99418695188796,26.918159523171678,24.76038338658147,10.638297872340425,18.405444905173002,2022-23
1628997,Caleb Martin,Caleb,1610612748,MIA,27.0,71,38,33,0.535,2077.7383333333332,110.7,256,0.13,0.194,71,0.214,31,0.228,692.0,519.0,517.0,2032.0,7.49,7.492789159611156,109,95,385,214,93,185,102,233,230,61,188,111,171,438,408,397,424,44,71,315,136,179,139,16,24,59,23,20,43,0.535,0.465,1,40,35,12,41,0.024,0.976,0.972,0.333,1628997,Caleb Martin,0.38096883852691216,0.15505949008498582,4133.1,13.829787234042554,61.87214611872146,71.81208053691275,45.140186169397715,8.717518860016764,52.55813953488372,35.02189126493694,44.34389140271493,47.22222222222222,59.25925925925925,49.08014915367856,24.746792087479403,31.75218230661577,28.249487197047586,22.044728434504794,26.95035460992908,24.252260213445723,2022-23
1627747,Caris LeVert,Caris,1610612739,CLE,28.0,74,45,29,0.608,2237.34,108.5,229,0.105,0.158,72,0.229,24,0.105,713.0,583.0,593.0,2176.0,9.49,9.491273025921943,79,35,327,112,65,118,136,342,340,58,148,160,358,448,447,445,450,10,74,294,166,128,146,6,18,44,28,33,61,0.459,0.541,0,22,21,7,22,0.0,1.0,0.955,0.318,1627747,Caris LeVert,0.3159222520107239,0.1433941018766756,4407.9,10.106382978723403,53.65296803652968,86.5771812080537,44.46538730628817,11.232187761944678,28.837209302325583,21.795200686173217,47.511312217194565,48.148148148148145,22.22222222222222,41.411932294285236,57.15395298446009,41.57192645769227,49.36293972107618,17.731629392971247,14.184397163120568,16.135374889538443,2022-23
1626224,Cedi Osman,Cedi,1610612739,CLE,28.0,77,48,29,0.623,1548.3133333333333,108.0,151,0.1,0.155,35,0.156,11,0.077,474.0,414.0,401.0,1534.0,6.81,6.8063479999335765,46,16,327,104,179,103,226,367,347,223,374,298,414,329,349,337,350,61,68,190,108,82,61,5,20,46,8,8,16,0.5,0.5,0,9,8,6,9,0.0,1.0,1.0,0.75,1626224,Cedi Osman,0.22992307692307692,0.08116710875331565,3045.7,3.1914893617021276,90.29680365296804,89.93288590604027,55.36369849972973,6.3704945515507125,7.441860465116279,7.013314099690053,9.049773755656108,13.88888888888889,18.51851851851852,13.110650243003183,100.0,93.95365099617676,96.97682549808837,5.271565495207668,4.964539007092199,5.1334035755557075,2022-23
1628449,Chris Boucher,Chris,1610612761,TOR,30.0,76,39,37,0.513,1523.47,111.6,264,0.19,0.278,47,0.163,64,0.37,432.0,366.0,471.0,1496.0,5.02,5.0224495250751175,55,89,450,249,186,238,96,89,94,152,357,33,79,312,322,372,345,140,76,353,224,129,74,10,37,89,13,14,27,0.481,0.519,21,19,38,26,40,0.525,0.475,0.974,0.667,1628449,Chris Boucher,0.339103825136612,0.11998907103825136,3036.5,31.382978723404253,92.46575342465754,65.77181208053696,61.359158208126075,16.093880972338642,29.30232558139535,24.018947737772667,14.93212669683258,25.0,37.03703703703704,23.98210993799229,45.604554155532824,61.27392098862896,53.43923757208089,23.322683706070286,12.056737588652481,18.253007953232277,2022-23
101108,Chris Paul,Chris,1610612756,PHX,38.0,59,33,26,0.559,1888.635,112.5,224,0.118,0.18,91,0.326,22,0.104,578.0,550.0,538.0,1796.0,5.66,5.663204635122493,230,162,273,168,130,289,140,279,269,20,38,174,360,375,428,409,384,113,59,163,66,97,142,3,20,44,17,29,46,0.37,0.63,1,11,12,4,12,0.083,0.917,1.0,0.333,101108,Chris Paul,0.3257798165137615,0.1589480122324159,3730.8,9.042553191489363,75.34246575342466,59.73154362416109,44.91977019633465,2.8499580888516345,14.418604651162791,9.791146026238328,45.70135746606335,65.74074074074075,11.11111111111111,44.06758002346238,52.24277015363158,28.478884244717058,40.360827199174324,16.93290734824281,6.382978723404255,12.185439467065462,2022-23
1626174,Christian Wood,Christian,1610612742,DAL,27.0,67,33,34,0.493,1738.3583333333333,116.7,404,0.238,0.365,30,0.144,72,0.434,542.0,552.0,431.0,1782.0,3.21,3.2060180280517487,145,162,403,292,154,468,36,27,21,252,407,27,58,358,430,353,382,250,67,514,387,127,41,0,114,261,14,19,33,0.424,0.576,13,67,76,40,80,0.163,0.838,0.962,0.506,1626174,Christian Wood,0.35061309523809525,0.14332440476190478,3429.0,35.638297872340424,76.14155251141553,31.54362416107383,48.79076856820006,29.7569153394803,28.37209302325581,28.926021949745607,0.0,9.25925925925926,0.0,3.2407407407407405,39.870467434583205,41.63059641559646,40.75053192508983,45.68690095846645,46.09929078014184,45.872476378220384,2022-23
203991,Clint Capela,Clint,1610612737,ATL,29.0,65,35,30,0.538,1730.0833333333333,116.4,459,0.268,0.386,45,0.188,79,0.485,527.0,469.0,569.0,2004.0,3.37,3.3727816425049104,171,137,342,207,156,458,20,13,11,159,283,21,47,352,376,424,415,240,65,597,492,105,69,16,294,628,21,13,34,0.618,0.382,27,73,91,66,100,0.27,0.73,0.978,0.71,203991,Clint Capela,0.3479073482428115,0.12070607028753993,3611.3,39.361702127659576,63.4703196347032,33.55704697986576,46.34855446817639,38.558256496228,18.13953488372093,26.307023528723757,12.669683257918551,23.14814814814815,59.25925925925925,27.984539969834085,41.218510167015594,60.67036206210202,50.94443611455881,54.47284345047924,50.35460992907801,52.61963836584869,2022-23
1629632,Coby White,Coby,1610612741,CHI,23.0,74,37,37,0.5,1730.2283333333332,110.1,196,0.11,0.163,54,0.182,6,0.041,560.0,487.0,453.0,1620.0,6.58,6.57539683571139,79,110,450,264,155,162,162,312,320,121,298,365,477,368,387,365,361,69,73,332,159,173,69,8,12,25,11,29,40,0.275,0.725,0,13,13,8,13,0.0,1.0,1.0,0.615,1629632,Coby White,0.322307901907357,0.16721798365122617,3527.7,0.5319148936170213,85.38812785388129,75.83892617449669,49.05834224992943,10.645431684828164,49.76744186046512,34.118637790210336,12.669683257918551,31.48148148148148,29.629629629629626,23.49379922909334,53.97252879734344,21.51734965887446,37.74493922810895,12.460063897763577,7.801418439716312,10.363673441642309,2022-23
1630175,Cole Anthony,Cole,1610612753,ORL,23.0,60,28,32,0.467,1551.76,112.5,241,0.152,0.223,37,0.174,31,0.187,583.0,463.0,428.0,1444.0,4.74,4.7368074212776206,222,230,377,338,177,287,118,161,166,208,326,111,207,378,371,351,335,156,60,213,106,107,68,2,11,26,18,20,38,0.474,0.526,1,3,4,2,4,0.25,0.75,1.0,0.5,1630175,Cole Anthony,0.3226468926553672,0.1245,3132.0,13.829787234042554,95.4337899543379,59.73154362416109,53.866627283675555,6.202849958088851,19.069767441860467,13.923000448351821,12.217194570135746,15.74074074074074,7.4074074074074066,12.24798893916541,53.80363864796378,57.47669045527244,55.64016455161811,19.64856230031949,0.7092198581560284,11.125858201345935,2022-23
1630557,Corey Kispert,Corey,1610612764,WAS,24.0,74,31,43,0.419,2093.29,115.6,174,0.082,0.117,32,0.11,9,0.045,749.0,603.0,613.0,2338.0,4.57,4.565176568260316,79,191,499,389,91,423,189,464,472,239,480,321,473,467,458,453,472,164,73,337,211,126,57,0,38,84,10,13,23,0.435,0.565,2,18,20,4,20,0.1,0.9,1.0,0.2,1630557,Corey Kispert,0.3618243626062323,0.15443626062322946,4265.2,2.127659574468085,44.40639269406393,38.92617449664436,26.124844896870698,15.004191114836546,27.906976744186046,22.745862492446243,7.239819004524888,11.11111111111111,0.0,6.7848164906988435,34.28485003453923,32.27680727001825,33.28082865227874,8.945686900958465,11.347517730496454,10.02651077425056,2022-23
1626156,D'Angelo Russell,D'Angelo,1610612747,LAL,27.0,71,39,32,0.549,2304.096666666667,112.1,180,0.075,0.115,70,0.199,29,0.113,870.0,680.0,649.0,2438.0,7.23,7.227511876416053,109,89,377,187,51,264,183,479,475,63,242,126,345,520,511,470,490,49,70,272,114,158,156,2,19,43,22,16,38,0.579,0.421,1,9,8,3,10,0.1,0.9,0.889,0.333,1626156,D'Angelo Russell,0.3303121387283237,0.11300867052023121,4745.9,12.76595744680851,38.6986301369863,62.41610738255039,34.254930372306205,6.873428331936295,42.7906976744186,28.42378993742568,52.03619909502263,46.2962962962963,7.4074074074074066,38.87003519356461,49.98470092800474,67.14991464910302,58.56730778855388,9.904153354632587,4.964539007092199,7.681326898239413,2022-23
203081,Damian Lillard,Damian,1610612757,POR,32.0,58,27,31,0.466,2106.59,117.4,233,0.112,0.167,50,0.174,18,0.089,752.0,606.0,664.0,2400.0,3.5,3.502695488390156,240,238,357,343,89,483,127,301,303,138,327,207,393,470,465,481,485,230,55,164,78,86,90,5,10,20,17,21,38,0.447,0.553,1,9,10,6,10,0.1,0.9,1.0,0.6,203081,Damian Lillard,0.3478198198198198,0.13674474474474474,4278.7,6.914893617021277,40.8675799086758,26.845637583892607,23.781019810818194,3.8558256496227994,9.30232558139535,7.123725608686329,22.171945701357465,27.77777777777778,18.51851851851852,23.220630132394838,41.26211810770661,47.1692528937025,44.21568550070455,18.370607028753994,4.964539007092199,12.337876419006188,2022-23
1627814,Damion Lee,Damion,1610612756,PHX,30.0,74,40,34,0.541,1506.295,107.3,186,0.124,0.184,30,0.133,7,0.042,543.0,361.0,419.0,1530.0,6.96,6.962423903526555,79,74,403,204,189,83,176,254,255,252,434,345,476,360,319,346,348,50,68,188,83,105,41,0,15,31,11,10,21,0.524,0.476,0,18,17,4,18,0.0,1.0,1.0,0.235,1627814,Damion Lee,0.3300082191780822,0.12128219178082192,3055.0,1.0638297872340425,90.52511415525115,94.6308724832215,55.76703999003689,4.274937133277452,18.13953488372093,12.593695783543538,0.0,9.25925925925926,0.0,3.2407407407407405,50.136118093638224,60.18539186111591,55.16075497737707,10.86261980830671,11.347517730496454,11.080823873292095,2022-23
1629655,Daniel Gafford,Daniel,1610612764,WAS,24.0,78,32,46,0.41,1604.22,114.3,270,0.159,0.237,33,0.155,99,0.51,596.0,520.0,464.0,1670.0,4.12,4.116373971380117,38,178,514,403,170,378,90,144,143,231,376,13,34,383,409,367,366,193,78,567,467,100,78,1,240,523,21,17,38,0.553,0.447,27,114,129,54,141,0.191,0.809,0.963,0.403,1629655,Daniel Gafford,0.34011714285714284,0.12924857142857143,3238.7,50.0,82.53424657534246,47.65100671140943,60.799737979222215,36.46269907795474,15.813953488372093,24.07345172420515,16.7420814479638,12.037037037037036,3.7037037037037033,11.835721468074409,45.0997044444595,53.47941615295089,49.2895602987052,24.281150159744406,79.43262411347519,49.09931343892326,2022-23
1629636,Darius Garland,Darius,1610612739,CLE,23.0,69,40,29,0.58,2447.15,108.8,157,0.067,0.1,85,0.227,9,0.038,743.0,605.0,657.0,2296.0,10.05,10.050128756348004,123,74,327,144,27,127,217,503,506,31,153,321,481,464,463,476,466,5,69,240,110,130,138,7,13,33,15,24,39,0.385,0.615,0,6,6,1,6,0.0,1.0,1.0,0.167,1629636,Darius Garland,0.3243306010928962,0.12645081967213115,4783.4,2.127659574468085,46.80365296803653,84.56375838926176,38.37328196591546,6.538139145012574,29.767441860465116,20.4757207742841,43.89140271493213,60.18518518518518,25.925925925925924,45.10285738226915,52.96479047527719,55.8345204971764,54.39965548622679,6.230031948881789,2.8368794326241136,4.703113316565835,2022-23
1628368,De'Aaron Fox,De'Aaron,1610612758,SAC,25.0,73,44,29,0.603,2435.241666666667,116.8,266,0.111,0.159,83,0.234,23,0.135,808.0,616.0,628.0,2748.0,4.52,4.5159431992347745,92,40,327,118,29,470,93,305,335,32,138,166,314,499,476,460,530,168,73,361,133,228,196,5,13,34,31,17,48,0.646,0.354,1,6,7,2,7,0.143,0.857,1.0,0.286,1628368,De'Aaron Fox,0.3608904109589041,0.17052876712328768,5073.7,9.574468085106384,21.00456621004566,30.872483221476553,18.899506212927673,8.466051969823972,75.34883720930232,48.59572311351098,70.13574660633483,58.333333333333336,18.51851851851852,53.10059493883024,34.75015840698445,18.730383116938334,26.74027076196139,23.642172523961662,2.8368794326241136,14.279790632859767,2022-23
1629631,De'Andre Hunter,De'Andre,1610612737,ATL,25.0,67,35,32,0.522,2125.63,115.5,238,0.112,0.162,35,0.119,17,0.081,663.0,594.0,710.0,2450.0,4.68,4.681690021174731,145,137,377,229,85,418,121,303,325,223,467,216,409,423,453,507,492,159,65,382,175,207,92,4,31,72,14,12,26,0.538,0.462,1,31,23,6,32,0.031,0.969,0.885,0.231,1629631,De'Andre Hunter,0.3201570996978852,0.13637764350453171,4443.7,6.382978723404255,38.013698630136986,39.59731543624163,25.757314868970052,11.986588432523051,65.58139534883722,44.14347258231155,23.076923076923077,13.88888888888889,14.814814814814813,17.795584045584047,55.04408991981043,47.47827306449002,51.26118149215023,19.169329073482427,20.56737588652482,19.798450139351505,2022-23
1629001,De'Anthony Melton,De'Anthony,1610612755,PHI,25.0,77,50,27,0.649,2149.826666666667,112.8,243,0.114,0.172,126,0.364,41,0.184,705.0,603.0,680.0,2148.0,6.37,6.366081316411317,46,13,291,78,77,304,116,293,291,2,22,77,211,444,458,495,445,76,77,305,150,155,234,0,22,52,28,24,52,0.538,0.462,1,22,21,8,23,0.043,0.957,0.955,0.364,1629001,De'Anthony Melton,0.3757106741573034,0.16478932584269662,4253.0,19.148936170212767,55.25114155251142,57.71812080536917,41.427004212806395,9.89103101424979,41.3953488372093,28.793621708025498,87.33031674208145,98.14814814814815,0.0,69.28397854868443,27.366486492292992,23.56175640165948,25.464121446976236,19.968051118210862,14.184397163120568,17.36540683842023,2022-23
201942,DeMar DeRozan,DeMar,1610612741,CHI,33.0,74,37,37,0.5,2681.61,110.7,309,0.116,0.167,83,0.19,36,0.153,826.0,635.0,700.0,2562.0,9.57,9.573051791533938,79,110,450,264,11,186,62,288,306,32,275,89,272,509,490,504,512,9,74,359,159,200,136,13,9,24,21,23,44,0.477,0.523,2,32,31,11,34,0.059,0.941,0.969,0.344,201942,DeMar DeRozan,0.37813314447592067,0.17455807365439094,5445.0,16.48936170212766,31.621004566210047,71.81208053691275,35.61611641325277,10.645431684828164,62.32558139534884,41.65352151114057,42.98642533936652,58.333333333333336,48.148148148148145,49.64827383945031,26.159576343917234,15.338574928891163,20.7490756364042,30.5111821086262,21.27659574468085,26.355618244850795,2022-23
1629028,Deandre Ayton,Deandre,1610612756,PHX,24.0,67,36,31,0.537,2035.3366666666666,113.2,495,0.247,0.37,37,0.12,53,0.294,640.0,599.0,581.0,2050.0,5.79,5.790167291594436,145,126,357,209,99,323,17,24,19,208,464,47,124,409,456,433,430,104,67,643,505,138,76,0,302,651,16,12,28,0.571,0.429,18,76,88,67,94,0.191,0.809,0.978,0.744,1629028,Deandre Ayton,0.341235294117647,0.13317058823529412,4066.0,25.53191489361702,60.84474885844748,55.033557046979865,45.266817319648396,39.64794635373009,33.48837209302326,35.95220179730599,15.837104072398189,15.74074074074074,0.0,11.844100888218534,44.54262513027746,50.177922802665066,47.36027396647126,60.22364217252396,52.4822695035461,56.74002447148392,2022-23
1627749,Dejounte Murray,Dejounte,1610612737,ATL,26.0,74,38,36,0.514,2693.395,115.4,336,0.127,0.18,112,0.278,19,0.071,826.0,714.0,864.0,3116.0,6.02,6.018678322462056,79,95,441,247,10,409,50,243,266,6,80,198,430,509,525,536,539,95,72,257,145,112,232,0,11,25,27,32,59,0.458,0.542,1,8,8,7,9,0.111,0.889,1.0,0.875,1627749,Dejounte Murray,0.3605583333333333,0.11686666666666667,5591.7,7.446808510638298,0.0,40.26845637583891,13.045837498215047,9.471919530595137,21.3953488372093,16.625977114563636,86.42533936651584,85.18518518518519,0.0,64.38495056142115,34.915604337640346,63.902312904752414,49.408958621196376,34.82428115015975,4.25531914893617,21.06824824960914,2022-23
1630166,Deni Avdija,Deni,1610612764,WAS,22.0,76,33,43,0.434,2020.38,114.1,413,0.196,0.283,65,0.217,29,0.142,695.0,594.0,557.0,2150.0,5.24,5.244501434239529,55,162,499,376,103,374,31,76,87,82,179,126,303,440,453,419,447,126,76,415,261,154,95,0,25,63,27,24,51,0.529,0.471,3,17,18,9,20,0.15,0.85,0.947,0.474,1630166,Deni Avdija,0.3664212034383954,0.1739942693409742,4113.6,12.76595744680851,55.13698630136986,48.99328859060408,36.65265033185388,19.19530595138307,40.93023255813954,32.23626191543695,24.43438914027149,41.66666666666667,0.0,24.357088989441934,31.9946366898521,15.813176717546742,23.90390670369942,47.12460063897764,10.638297872340425,30.705764393990894,2022-23
203471,Dennis Schröder,Dennis,1610612747,LAL,29.0,66,37,29,0.561,1985.945,112.2,144,0.067,0.098,50,0.202,10,0.06,661.0,537.0,650.0,2206.0,6.2,6.197431790551687,162,110,327,167,107,268,236,501,510,138,231,311,451,422,421,471,453,85,66,250,128,122,106,10,17,44,22,18,40,0.55,0.45,0,6,6,0,6,0.0,1.0,1.0,0.0,203471,Dennis Schröder,0.3154776119402985,0.11487462686567164,4106.9,2.6595744680851063,51.9406392694064,61.74496644295302,34.679295142264536,8.046940486169321,26.046511627906977,18.846683171211914,29.411764705882355,27.77777777777778,37.03703703703704,30.746187363834423,57.375479171694124,65.57918133255129,61.477330252122705,4.15335463258786,2.8368794326241136,3.5609407926041743,2022-23
1628401,Derrick White,Derrick,1610612738,BOS,28.0,82,57,25,0.695,2319.3283333333334,107.2,241,0.098,0.139,54,0.189,76,0.296,693.0,611.0,590.0,2342.0,10.64,10.642163386606311,2,1,256,38,49,80,118,377,414,121,279,23,121,439,471,440,473,3,81,507,335,172,130,13,32,81,12,20,32,0.375,0.625,0,15,15,5,15,0.0,1.0,1.0,0.333,1628401,Derrick White,0.33646236559139786,0.13786290322580644,4721.8,37.765957446808514,44.178082191780824,95.30201342281877,54.39421510155138,25.39815590947192,49.30232558139535,39.740657712625975,40.27149321266968,31.48148148148148,48.148148148148145,39.16415284062343,46.9205679399505,46.228004303573265,46.57428612176189,19.64856230031949,9.219858156028367,14.955645435388487,2022-23
1630217,Desmond Bane,Desmond,1610612763,MEM,25.0,58,38,20,0.655,1841.4533333333334,107.4,248,0.123,0.185,56,0.166,22,0.093,588.0,549.0,515.0,1796.0,8.41,8.40995528195764,240,95,195,70,137,88,108,255,254,112,344,174,381,379,427,395,384,21,58,288,123,165,106,0,25,54,12,16,28,0.429,0.571,1,9,9,6,10,0.1,0.9,0.9,0.6,1630217,Desmond Bane,0.29305438066465256,0.13793051359516617,3833.9,9.042553191489363,75.34246575342466,93.95973154362413,53.47681717620041,7.627829002514669,46.04651162790698,30.679038577750056,29.411764705882355,33.33333333333333,0.0,23.431372549019606,68.547060997886,46.171090935821006,57.35907596685351,20.766773162939298,4.964539007092199,13.655767792808104,2022-23
1626164,Devin Booker,Devin,1610612756,PHX,26.0,53,34,19,0.642,1835.4133333333334,113.4,194,0.105,0.161,51,0.192,18,0.089,590.0,576.0,455.0,1824.0,5.15,5.15010665244629,277,149,176,85,138,338,164,343,329,135,268,207,394,380,444,366,387,133,52,229,114,115,103,1,16,38,21,22,43,0.488,0.512,3,22,24,8,25,0.12,0.88,0.96,0.32,1626164,Devin Booker,0.35078767123287674,0.16415068493150686,3685.7,6.914893617021277,73.74429223744292,53.691275167785214,41.999278521859836,6.873428331936295,22.790697674418606,16.42378993742568,28.054298642533936,28.703703703703702,3.7037037037037033,22.1939416792358,39.7834911203038,24.099354485864364,31.94142280308408,12.140575079872203,14.184397163120568,13.060295017333967,2022-23
1628415,Dillon Brooks,Dillon,1610612763,MEM,27.0,73,46,27,0.63,2214.2633333333333,108.5,199,0.084,0.122,65,0.179,16,0.063,664.0,628.0,592.0,2078.0,9.34,9.341379534880367,92,32,291,95,69,117,159,456,462,82,308,228,448,424,485,443,434,11,73,280,124,156,152,1,26,63,10,20,30,0.333,0.667,0,33,31,7,33,0.0,1.0,1.0,0.226,1628415,Dillon Brooks,0.3359942196531792,0.16590751445086707,4592.3,5.851063829787234,59.24657534246576,86.5771812080537,44.721022203791335,7.711651299245599,41.86046511627907,28.200939589465683,50.2262443438914,41.66666666666667,3.7037037037037033,35.59975699681582,47.1538050943605,22.620482450994047,34.88714377267728,12.939297124600637,21.98581560283688,17.010230439806946,2022-23
1627734,Domantas Sabonis,Domantas,1610612758,SAC,27.0,79,47,32,0.595,2735.555,116.8,722,0.275,0.392,65,0.167,39,0.25,923.0,695.0,674.0,3074.0,5.0,4.9976348908102635,27,22,377,122,6,469,2,10,9,82,340,80,152,530,515,490,537,142,79,752,641,111,123,3,435,1054,30,22,52,0.577,0.423,52,112,161,116,164,0.317,0.683,0.988,0.712,1627734,Domantas Sabonis,0.3942021857923497,0.13800273224043716,5611.7,18.085106382978726,2.3972602739726026,30.872483221476553,15.79120445445104,51.04777870913663,20.930232558139537,32.977251018538375,37.10407239819005,41.66666666666667,11.11111111111111,32.20274007038713,18.15374490382858,46.110298392372414,32.1320216481005,96.48562300319489,78.01418439716312,88.1734756304806,2022-23
1628378,Donovan Mitchell,Donovan,1610612739,CLE,26.0,68,44,24,0.647,2432.38,110.4,226,0.097,0.142,99,0.289,27,0.119,779.0,556.0,674.0,2246.0,8.88,8.880848275783986,133,40,238,80,30,179,139,381,400,13,63,140,335,482,432,490,458,17,68,238,96,142,166,2,13,27,37,34,71,0.521,0.479,0,23,22,7,23,0.0,1.0,0.957,0.304,1628378,Donovan Mitchell,0.33858529411764704,0.1384235294117647,4765.0,11.702127659574469,49.65753424657534,73.82550335570467,40.51736388905732,5.364626990779548,35.348837209302324,23.355153121893213,56.56108597285068,73.14814814814815,7.4074074074074066,50.07813809284398,45.8628938941983,45.756077813670245,45.80948585393428,17.252396166134183,14.893617021276595,16.190945550948268,2022-23
1628978,Donte DiVincenzo,Donte,1610612744,GSW,26.0,72,42,30,0.583,1894.38,110.6,245,0.123,0.183,97,0.321,10,0.064,731.0,490.0,558.0,1986.0,6.88,6.877380365111564,102,60,342,137,128,184,114,258,260,15,41,311,446,458,389,420,411,54,72,276,128,148,179,0,28,75,24,19,43,0.558,0.442,1,8,9,1,9,0.111,0.889,1.0,0.111,1628978,Donte DiVincenzo,0.3471939058171745,0.13938781163434905,3976.3,2.6595744680851063,64.49771689497716,72.48322147651012,41.758836069603575,8.046940486169321,38.139534883720934,26.10249712470029,62.44343891402715,71.29629629629629,0.0,49.93107926931456,41.57395761962859,44.94435988828957,43.25915875395908,20.287539936102235,4.25531914893617,13.073040581877507,2022-23
1627827,Dorian Finney-Smith,Dorian,1610612751,BKN,30.0,66,31,35,0.47,2008.825,114.3,202,0.105,0.159,55,0.177,36,0.214,623.0,561.0,556.0,2106.0,5.01,5.013202294492352,162,191,420,332,105,379,155,344,337,119,314,89,181,399,437,418,439,141,66,403,276,127,100,0,52,127,28,20,48,0.583,0.417,2,36,31,9,38,0.053,0.947,0.969,0.281,1627827,Dorian Finney-Smith,0.3280316455696203,0.15884177215189874,3958.5,16.48936170212766,57.64840182648402,47.65100671140943,38.68543699797282,20.452640402347026,28.37209302325581,25.2043119748923,26.69683257918552,32.407407407407405,0.0,22.0213256242668,51.120875978484506,28.568315508438317,39.84459574346141,13.418530351437699,24.113475177304963,18.23125552307797,2022-23
203110,Draymond Green,Draymond,1610612744,GSW,33.0,73,41,32,0.562,2297.635,109.2,459,0.185,0.271,74,0.22,61,0.349,861.0,604.0,666.0,2250.0,9.29,9.291201137474097,92,65,377,166,52,137,20,97,106,54,171,37,92,516,462,483,459,12,73,735,500,235,201,13,234,605,16,17,33,0.485,0.515,5,112,111,55,117,0.043,0.957,0.974,0.482,203110,Draymond Green,0.32682681564245813,0.1479245810055866,4836.5,29.78723404255319,49.42922374429224,81.87919463087248,49.68492058524168,39.22883487007544,78.6046511627907,62.854324645704594,72.39819004524887,50.0,48.148148148148145,58.49631305513658,51.72113987232194,37.758238894683835,44.73968938350289,54.47284345047924,78.01418439716312,65.06644687648699,2022-23
1629234,Drew Eubanks,Drew,1610612757,POR,26.0,78,31,47,0.397,1583.6766666666667,117.1,286,0.183,0.284,40,0.169,102,0.548,567.0,484.0,511.0,1766.0,2.77,2.7721973200152106,38,191,517,412,172,474,74,103,84,197,337,11,25,372,385,392,380,273,77,481,395,86,97,8,258,604,21,9,30,0.7,0.3,22,63,76,38,85,0.259,0.741,0.927,0.463,1629234,Drew Eubanks,0.3316730769230769,0.13182417582417583,3207.4,51.59574468085106,77.05479452054794,28.859060402684626,54.822241055203364,30.427493713327745,9.30232558139535,17.752392834168308,25.339366515837103,18.51851851851852,29.629629629629626,24.024635495223727,49.30666161171815,51.31131203608954,50.308986823903844,26.837060702875398,43.262411347517734,34.22846849296445,2022-23
201569,Eric Gordon,Eric,1610612746,LAC,34.0,69,25,44,0.362,1965.5083333333334,116.4,118,0.059,0.087,43,0.153,25,0.118,832.0,573.0,695.0,2078.0,3.94,3.9403750601912715,123,262,504,428,111,454,270,517,519,172,384,154,336,512,443,502,434,204,65,128,51,77,93,0,24,57,13,10,23,0.565,0.435,0,6,5,0,6,0.0,1.0,1.0,0.0,201569,Eric Gordon,0.28217088607594937,0.12514873417721517,4051.3,10.638297872340425,59.24657534246576,33.55704697986576,33.38088226376563,1.5926236378876781,5.116279069767442,3.7068168970155364,23.52941176470588,21.296296296296298,0.0,16.865468409586057,73.96937720459033,56.93059601515994,65.44998660987514,0.0,2.8368794326241136,1.2765957446808511,2022-23
1630596,Evan Mobley,Evan,1610612739,CLE,22.0,79,48,31,0.608,2715.2616666666668,109.0,524,0.2,0.297,60,0.149,119,0.438,863.0,674.0,713.0,2456.0,11.05,11.05191285029567,27,16,357,113,9,129,10,71,68,98,399,6,56,519,510,509,494,2,79,895,614,281,145,1,213,484,30,24,54,0.556,0.444,19,87,95,58,106,0.179,0.821,0.99,0.604,1630596,Evan Mobley,0.3727206266318538,0.17346475195822453,5333.3,60.63829787234043,37.67123287671233,83.22147651006712,58.245619783302274,48.78457669740151,100.0,79.5138306789606,47.05882352941176,37.03703703703704,3.7037037037037033,32.712418300653596,28.856171907572232,16.25891629597288,22.557544101772557,64.85623003194888,60.28368794326241,62.79858609203997,2022-23
1630532,Franz Wagner,Franz,1610612753,ORL,21.0,80,33,47,0.413,2608.7266666666665,110.1,259,0.098,0.141,77,0.193,17,0.068,925.0,671.0,765.0,2526.0,9.85,9.847723406647166,15,162,517,399,16,165,101,378,405,48,267,216,439,531,505,523,506,6,80,452,230,222,159,2,30,71,15,22,37,0.405,0.595,9,39,42,14,48,0.188,0.813,0.894,0.298,1630532,Franz Wagner,0.3457989417989418,0.1731164021164021,5323.1,6.382978723404255,33.67579908675799,75.83892617449669,33.29945271335117,16.596814752724224,72.55813953488372,50.173609622019924,53.39366515837104,52.77777777777778,7.4074074074074066,41.681540137422495,42.26894909889886,16.55215182835981,29.410550463629335,22.523961661341854,26.24113475177305,24.196689552035892,2022-23
1627832,Fred VanVleet,Fred,1610612761,TOR,29.0,69,34,35,0.493,2534.9866666666667,112.8,250,0.11,0.16,123,0.25,38,0.151,762.0,559.0,767.0,2590.0,7.52,7.522653950039502,123,149,420,291,20,299,106,310,334,4,114,82,274,477,435,524,514,42,69,286,109,177,262,1,29,63,19,45,64,0.297,0.703,1,17,16,7,18,0.056,0.944,0.889,0.389,1627832,Fred VanVleet,0.3793247126436782,0.1763448275862069,5057.1,17.5531914893617,30.02283105022831,57.71812080536917,31.95879766466688,6.454316848281643,51.627906976744185,33.55847092535917,100.0,95.37037037037037,3.7037037037037033,74.30555555555554,25.565919652606805,13.83451298444052,19.700216318523662,21.08626198083067,10.638297872340425,16.384678132010063,2022-23
1629216,Gabe Vincent,Gabe,1610612748,MIA,27.0,68,37,31,0.544,1758.6766666666667,111.7,118,0.071,0.104,62,0.212,5,0.049,577.0,465.0,465.0,1704.0,5.83,5.825083936820111,133,110,357,199,151,247,270,487,497,92,194,385,469,374,372,370,375,102,67,278,122,156,130,8,25,53,14,13,27,0.519,0.481,0,18,14,1,18,0.0,1.0,0.933,0.067,1629216,Gabe Vincent,0.30080851063829783,0.14349240121580548,3505.3,0.0,80.59360730593608,65.1006711409396,44.48293034231253,7.5440067057837386,41.86046511627907,28.13388175208094,40.27149321266968,38.88888888888889,29.629629629629626,37.12711580358639,64.68384001841947,41.489179587786325,53.0865098031029,0.0,11.347517730496454,5.1063829787234045,2022-23
1629018,Gary Trent Jr.,Gary,1610612761,TOR,24.0,66,31,35,0.47,2117.9933333333333,113.8,143,0.073,0.107,104,0.24,14,0.059,621.0,533.0,703.0,2252.0,5.73,5.728435412033023,162,191,420,332,88,362,238,485,489,9,129,248,452,398,415,505,461,106,66,149,63,86,180,0,11,24,15,29,44,0.341,0.659,1,14,14,5,15,0.067,0.933,0.933,0.333,1629018,Gary Trent Jr.,0.32410404624277456,0.1503815028901734,4279.2,4.787234042553192,49.31506849315068,51.00671140939601,31.926845441973022,2.5984911986588433,9.30232558139535,6.620791828300747,62.89592760180995,77.77777777777779,0.0,52.380593262946206,53.077663415628265,35.690039887930155,44.38385165177921,3.993610223642172,8.51063829787234,6.026272857045749,2022-23
1627777,Georges Niang,Georges,1610612755,PHI,30.0,78,51,27,0.654,1511.8483333333334,111.1,166,0.109,0.167,31,0.126,14,0.093,558.0,409.0,452.0,1496.0,5.34,5.3389391790474,38,10,291,71,187,203,204,320,304,246,455,248,380,366,345,364,345,122,77,254,130,124,48,9,52,125,10,15,25,0.4,0.6,2,40,39,17,42,0.048,0.952,0.951,0.415,1627777,Georges Niang,0.30813649025069634,0.11583286908077996,3028.4,4.787234042553192,92.46575342465754,69.12751677852353,51.559786510282294,8.214585079631181,26.976744186046513,19.47188054348038,3.167420814479638,10.185185185185185,33.33333333333333,13.165116473940001,61.03293338260869,64.77254779245004,62.902740587529365,7.667731629392971,26.95035460992908,16.34491197063422,2022-23
203507,Giannis Antetokounmpo,Giannis,1610612749,MIL,28.0,63,47,16,0.746,2023.615,109.2,605,0.268,0.377,52,0.187,51,0.251,627.0,528.0,551.0,2022.0,8.24,8.23759623251324,189,22,153,20,102,135,5,12,16,132,285,51,151,404,413,414,421,27,63,414,273,141,95,3,111,259,35,23,58,0.603,0.397,12,38,47,31,50,0.24,0.76,0.979,0.646,203507,Giannis Antetokounmpo,0.3113810975609756,0.12977134146341462,4226.9,24.46808510638298,62.44292237442922,81.87919463087248,52.112055531321545,20.201173512154234,34.883720930232556,29.010701963001225,24.43438914027149,29.629629629629626,11.11111111111111,22.921903804256743,59.41642255885361,53.03935638808576,56.22788947346969,77.79552715654951,25.53191489361702,54.276901638229894,2022-23
202330,Gordon Hayward,Gordon,1610612766,CHA,33.0,50,20,30,0.4,1576.9016666666666,111.7,182,0.112,0.16,42,0.162,12,0.075,530.0,428.0,386.0,1854.0,5.23,5.230680521254808,294,310,342,407,173,245,180,300,333,181,359,278,420,354,356,332,392,128,50,253,153,100,89,0,26,65,9,11,20,0.45,0.55,2,10,12,6,12,0.167,0.833,1.0,0.5,202330,Gordon Hayward,0.2330813559322034,0.09713898305084745,3292.6,3.723404255319149,72.03196347031964,65.1006711409396,42.975716701974434,10.142497904442582,15.813953488372093,13.545371254800287,21.71945701357466,20.37037037037037,0.0,15.817412435059495,98.42649919868055,80.50877317349213,89.46763618608634,10.223642172523961,5.673758865248227,8.176194684249882,2022-23
1629684,Grant Williams,Grant,1610612738,BOS,24.0,79,55,24,0.696,2044.7616666666668,109.0,276,0.134,0.19,41,0.157,31,0.157,645.0,493.0,542.0,2058.0,8.32,8.324340281371784,27,4,238,35,98,130,87,221,239,192,372,111,267,414,391,410,431,24,79,362,230,132,68,6,70,175,28,15,43,0.651,0.349,21,102,113,45,123,0.171,0.829,0.966,0.385,1629684,Grant Williams,0.35119999999999996,0.15034054054054052,4137.4,13.829787234042554,60.38812785388128,83.22147651006712,47.47312876999224,16.596814752724224,30.697674418604652,25.05733055225248,12.217194570135746,19.444444444444446,22.22222222222222,17.24798893916541,39.57806289702124,35.72452136304604,37.65129213003364,25.23961661341853,70.92198581560284,45.79668275440147,2022-23
1628960,Grayson Allen,Grayson,1610612749,MIL,27.0,72,53,19,0.736,1972.1366666666668,109.1,176,0.082,0.114,62,0.234,14,0.063,642.0,522.0,532.0,2002.0,8.0,7.998986513120642,102,6,176,22,109,132,186,463,478,92,139,248,447,410,411,406,414,32,72,249,143,106,113,3,17,36,17,21,38,0.447,0.553,1,3,4,1,4,0.25,0.75,1.0,0.25,1628960,Grayson Allen,0.32795714285714284,0.13022285714285714,4091.5,4.787234042553192,63.58447488584474,82.55033557046984,44.8070437196844,9.304274937133277,18.6046511627907,14.88450067252773,32.57918552036199,38.88888888888889,11.11111111111111,29.420563097033686,51.1579943196586,52.6592774423061,51.908635880982345,9.26517571884984,0.7092198581560284,5.4149955815376245,2022-23
203084,Harrison Barnes,Harrison,1610612758,SAC,31.0,82,48,34,0.585,2662.0383333333334,115.2,279,0.107,0.152,57,0.15,10,0.061,870.0,709.0,663.0,3012.0,6.11,6.109712672654387,2,16,403,136,13,402,84,335,356,108,395,311,450,520,523,478,536,88,82,537,307,230,91,7,31,79,18,12,30,0.6,0.4,5,37,39,24,42,0.119,0.881,0.951,0.585,203084,Harrison Barnes,0.3423388429752066,0.1641542699724518,5497.7,2.6595744680851063,5.93607305936073,41.61073825503356,13.544139921768688,23.051131601005867,76.27906976744187,54.98789450086747,22.624434389140273,34.25925925925926,25.925925925925924,27.521995977878333,43.99282094684483,24.09633665360522,34.044578800225025,25.718849840255594,24.822695035460992,25.315580178098024,2022-23
1630529,Herbert Jones,Herbert,1610612740,NOP,24.0,66,31,35,0.47,1950.53,111.8,172,0.089,0.129,103,0.308,42,0.237,719.0,556.0,520.0,1942.0,6.31,6.307036928121429,162,191,420,332,116,254,193,431,444,11,49,75,166,451,432,400,403,79,66,406,214,192,222,19,33,83,22,27,49,0.449,0.551,0,33,31,6,33,0.0,1.0,0.969,0.188,1630529,Herbert Jones,0.30870426829268294,0.1129329268292683,3933.3,19.680851063829788,67.00913242009132,64.42953020134232,47.43291932289945,15.255658005029337,58.6046511627907,41.26505389968615,81.90045248868778,76.85185185185185,70.37037037037037,77.25092173621584,60.750058056693575,67.21367452173068,63.98186628921213,8.626198083067091,21.98581560283688,14.638025966963497,2022-23
1630193,Immanuel Quickley,Immanuel,1610612752,NYK,24.0,81,47,34,0.58,2344.105,108.1,279,0.11,0.166,80,0.249,14,0.065,730.0,657.0,527.0,2138.0,10.09,10.087678192281338,11,22,403,143,45,106,84,308,313,42,119,248,445,457,501,404,443,4,81,425,220,205,127,1,16,38,20,30,50,0.4,0.6,0,24,22,7,24,0.0,1.0,0.957,0.304,1630193,Immanuel Quickley,0.3275702917771883,0.13127586206896552,4642.8,4.787234042553192,55.821917808219176,89.26174496644299,43.76800109150874,15.758591785414922,64.65116279069767,45.09413438858457,38.91402714932127,55.55555555555556,3.7037037037037033,35.935981230098875,51.35072918650877,51.77287411139583,51.5618016489523,25.718849840255594,15.602836879432624,21.16664400788526,2022-23
1630171,Isaac Okoro,Isaac,1610612739,CLE,22.0,76,48,28,0.632,1652.5666666666666,109.0,135,0.085,0.125,56,0.218,30,0.181,525.0,406.0,420.0,1642.0,6.86,6.856830359964403,55,16,312,94,168,131,252,446,452,112,178,118,221,351,341,347,363,57,74,273,191,82,104,0,14,33,17,16,33,0.515,0.485,1,36,31,6,37,0.027,0.973,0.912,0.176,1630171,Isaac Okoro,0.2498256130790191,0.11918528610354223,3311.1,13.297872340425531,84.1324200913242,83.22147651006712,55.57086509565046,13.327745180217937,7.441860465116279,9.796214351156943,28.50678733031674,33.33333333333333,0.0,23.069381598793363,90.08426535490722,61.95053476867536,76.01740006179129,2.7156549520766773,24.113475177304963,12.344674053429408,2022-23
1628392,Isaiah Hartenstein,Isaiah,1610612752,NYK,25.0,82,47,35,0.573,1628.2166666666667,110.2,327,0.192,0.281,53,0.229,64,0.512,500.0,403.0,385.0,1458.0,6.17,6.1713096121788125,2,22,420,148,169,169,57,84,92,130,147,33,33,341,339,331,339,86,82,488,402,86,107,3,170,393,20,19,39,0.513,0.487,29,138,138,69,167,0.174,0.826,0.932,0.466,1628392,Isaiah Hartenstein,0.35497260273972603,0.11346849315068493,3281.1,31.382978723404253,94.63470319634703,75.16778523489933,64.46728391680799,31.01424979044426,9.30232558139535,17.987095265014915,29.86425339366516,30.555555555555557,11.11111111111111,25.417923579688285,37.698497026854234,66.76284303988612,52.230670033370174,33.38658146964856,96.45390070921985,61.76687512745565,2022-23
1627826,Ivica Zubac,Ivica,1610612746,LAC,26.0,76,43,33,0.566,2169.41,113.4,520,0.238,0.335,29,0.098,98,0.505,809.0,562.0,681.0,2236.0,6.05,6.052882649429389,55,53,385,160,74,337,11,28,36,259,490,14,37,501,438,496,457,93,76,869,699,170,52,0,325,721,17,22,39,0.436,0.564,60,85,136,100,145,0.414,0.586,0.965,0.709,1627826,Ivica Zubac,0.31636857142857144,0.17499714285714285,4353.6,49.46808510638298,50.2283105022831,53.691275167785214,50.78996151029859,55.909471919530596,48.372093023255815,51.38704458176572,4.97737556561086,8.333333333333332,0.0,4.90761689291101,56.931590121775,14.968973235518504,35.95028167864675,64.21725239616613,58.86524822695035,61.808850520019035,2022-23
1629630,Ja Morant,Ja,1610612763,MEM,23.0,61,40,21,0.656,1948.3483333333334,108.5,296,0.139,0.205,66,0.213,16,0.067,618.0,593.0,563.0,1956.0,8.25,8.254015452754981,214,74,200,68,117,116,70,206,210,75,191,228,442,397,452,423,406,26,61,190,87,103,112,5,7,19,25,30,55,0.455,0.545,0,21,21,10,21,0.0,1.0,1.0,0.476,1629630,Ja Morant,0.30775075987841943,0.12020668693009119,4067.9,5.851063829787234,66.21004566210046,86.5771812080537,47.15823681566347,4.610226320201174,17.209302325581397,12.169671923429307,32.126696832579185,42.592592592592595,18.51851851851852,32.38771577006871,61.22510989650031,61.09073528208272,61.157922589291516,28.434504792332266,13.47517730496454,21.70280742301679,2022-23
1631095,Jabari Smith Jr.,Jabari,1610612745,HOU,20.0,79,21,58,0.266,2450.5466666666666,120.4,447,0.18,0.266,43,0.127,74,0.319,1007.0,704.0,920.0,2584.0,1.95,1.9482619191485737,27,303,535,478,25,522,24,105,112,172,453,25,110,536,521,538,513,329,79,609,345,264,127,0,42,101,25,13,38,0.658,0.342,12,27,39,24,39,0.308,0.692,1.0,0.615,1631095,Jabari Smith Jr.,0.3588445040214477,0.17641018766756034,4975.2,36.702127659574465,30.36529680365297,6.711409395973152,26.986557294101612,26.236378876781224,92.09302325581396,65.75036550420087,38.91402714932127,21.296296296296298,0.0,23.01931456343221,35.769459170536415,13.779493874478357,24.774476522507385,52.55591054313099,17.73049645390071,36.884474202977366,2022-23
1631093,Jaden Ivey,Jaden,1610612765,DET,21.0,74,16,58,0.216,2304.3166666666666,120.1,215,0.094,0.142,61,0.201,17,0.101,908.0,696.0,721.0,2594.0,2.02,2.0214246883269404,79,357,535,500,50,519,146,401,398,95,233,216,363,528,516,513,515,325,74,285,129,156,113,1,11,25,33,18,51,0.647,0.353,1,14,13,2,15,0.067,0.933,0.867,0.133,1631093,Jaden Ivey,0.37066666666666664,0.13895502645502644,4701.6,6.382978723404255,29.794520547945208,8.724832214765174,15.162481734833818,8.130762782900252,41.86046511627907,28.368584182927545,32.57918552036199,37.96296296296296,3.7037037037037033,27.244637171107758,29.87948480733848,45.30867178751109,37.59407829742479,15.495207667731629,8.51063829787234,12.35215145129495,2022-23
1630183,Jaden McDaniels,Jaden,1610612750,MIN,22.0,79,41,38,0.519,2416.4883333333332,111.6,215,0.086,0.129,74,0.182,76,0.262,880.0,652.0,710.0,2488.0,7.97,7.967145768733799,27,65,459,237,32,233,146,444,442,54,297,23,145,523,496,507,500,33,79,558,332,226,178,1,16,37,13,22,35,0.371,0.629,3,35,33,12,38,0.079,0.921,0.971,0.353,1630183,Jaden McDaniels,0.316120320855615,0.171548128342246,4979.1,37.765957446808514,35.84474885844749,65.77181208053696,44.09499809931427,25.14668901927913,74.4186046511628,54.70983839840933,61.990950226244344,50.0,3.7037037037037033,43.22230601642366,57.055272188605144,17.8723005406063,37.463786364605724,15.495207667731629,23.404255319148938,19.05427911086942,2022-23
1627751,Jakob Poeltl,Jakob,1610612761,TOR,27.0,72,26,46,0.361,1906.125,115.5,417,0.24,0.343,66,0.197,86,0.509,706.0,477.0,591.0,2172.0,4.29,4.291079009091926,102,253,514,429,126,414,30,26,29,75,248,18,35,445,381,442,449,185,72,672,551,121,144,3,252,546,13,20,33,0.394,0.606,41,101,132,82,142,0.289,0.711,0.957,0.594,1627751,Jakob Poeltl,0.40599705014749266,0.14554277286135692,3900.9,43.08510638297872,53.88127853881278,39.59731543624163,45.991818900836364,43.50377200335289,25.581395348837212,32.75034601064348,46.60633484162896,42.592592592592595,11.11111111111111,36.32771912183677,12.277370948063034,39.763208311528786,26.02028962979591,47.763578274760384,70.2127659574468,57.865712731969275,2022-23
1628973,Jalen Brunson,Jalen,1610612752,NYK,26.0,68,40,28,0.588,2378.6716666666666,117.1,201,0.085,0.125,61,0.216,15,0.077,734.0,646.0,660.0,2270.0,4.09,4.0874215441591035,133,74,312,129,41,475,156,448,455,95,185,238,415,460,493,477,462,196,68,357,132,225,103,27,30,75,37,23,60,0.617,0.383,0,15,13,4,15,0.0,1.0,0.867,0.267,1628973,Jalen Brunson,0.34480645161290324,0.17465982404692082,4696.6,5.319148936170213,48.28767123287671,28.859060402684626,26.243109606646094,8.382229673093043,73.95348837209302,47.724984892493026,28.054298642533936,37.96296296296296,100.0,49.508756494050616,42.76342222762515,15.252923015378055,29.0081726215016,13.258785942492013,9.219858156028367,11.441268438583373,2022-23
1631105,Jalen Duren,Jalen,1610612765,DET,19.0,67,16,51,0.239,1670.145,116.2,366,0.221,0.343,44,0.18,59,0.488,635.0,515.0,481.0,1866.0,3.32,3.3153668871525213,145,357,527,494,166,448,43,44,31,169,304,43,45,406,404,378,394,242,67,536,383,153,64,0,251,555,16,16,32,0.5,0.5,52,54,98,78,106,0.491,0.509,0.951,0.757,1631105,Jalen Duren,0.3509919571045576,0.14702680965147452,3374.5,28.723404255319153,71.34703196347031,34.89932885906041,45.18565510410737,29.42162615255658,40.46511627906977,36.04772022846449,10.407239819004525,22.22222222222222,0.0,11.940673705379588,39.68171291076018,38.5139689952274,39.09784095299379,39.61661341853035,36.87943262411347,38.38488206104276,2022-23
1630224,Jalen Green,Jalen,1610612745,HOU,21.0,76,20,56,0.263,2602.155,120.0,241,0.093,0.135,59,0.154,18,0.078,1130.0,712.0,1005.0,2748.0,2.41,2.40767506902321,55,310,533,480,17,517,118,410,425,102,377,207,412,539,524,539,530,303,76,292,112,180,93,0,7,15,25,19,44,0.568,0.432,0,2,1,1,2,0.0,1.0,0.5,0.5,1630224,Jalen Green,0.33453802816901407,0.14367042253521126,5295.5,6.914893617021277,21.00456621004566,9.395973154362451,12.466548908915104,6.705783738474434,53.02325581395348,34.49626698376186,23.52941176470588,36.11111111111111,0.0,22.05065359477124,47.879300992787215,41.33932398257325,44.60931248768023,19.64856230031949,0.0,10.806709265175721,2022-23
1629667,Jalen McDaniels,Jalen,1610612755,PHI,25.0,80,31,49,0.388,1912.8533333333332,113.9,283,0.145,0.219,83,0.26,34,0.18,652.0,589.0,472.0,1944.0,5.32,5.319919275634657,15,191,523,417,125,365,79,192,178,32,97,95,222,417,449,373,404,123,80,393,201,192,158,0,27,68,17,15,32,0.531,0.469,3,22,23,11,25,0.12,0.88,0.92,0.44,1629667,Jalen McDaniels,0.3415869565217391,0.1589483695652174,3956.1,15.425531914893616,66.89497716894978,50.33557046979864,42.167347392539526,14.165968147527241,58.6046511627907,40.829177956685314,52.94117647058824,58.333333333333336,0.0,41.59313725490196,44.36742177647818,28.478583447467535,36.42300261197286,26.357827476038338,14.184397163120568,20.879783835225343,2022-23
1631114,Jalen Williams,Jalen,1610612760,OKC,22.0,75,36,39,0.48,2275.5916666666667,112.6,253,0.109,0.168,103,0.252,35,0.173,659.0,724.0,552.0,2374.0,6.94,6.943649172011055,70,126,472,317,57,295,103,317,300,11,111,92,231,420,527,415,480,53,75,355,247,108,155,6,24,57,25,24,49,0.51,0.49,5,34,35,18,39,0.128,0.872,0.921,0.474,1631114,Jalen Williams,0.351631299734748,0.113657824933687,4764.0,15.957446808510639,42.35159817351598,59.06040268456382,35.9711387552758,18.021793797150043,19.53488372093023,18.929647751418155,51.58371040723983,76.85185185185185,22.22222222222222,53.087187866599635,39.36318306016268,66.60346646059466,52.98332476037867,21.56549520766773,22.69503546099291,22.07378832166406,2022-23
1627750,Jamal Murray,Jamal,1610612743,DEN,26.0,65,43,22,0.662,2133.385,112.5,209,0.099,0.145,66,0.191,16,0.084,717.0,601.0,620.0,2380.0,6.51,6.506894509825711,171,53,214,65,81,284,150,374,383,75,274,228,404,450,457,458,481,71,65,339,165,174,121,5,27,60,22,25,47,0.468,0.532,0,21,21,4,21,0.0,1.0,1.0,0.19,1627750,Jamal Murray,0.33773654390934843,0.1368583569405099,4280.1,5.851063829787234,42.00913242009132,59.73154362416109,31.976507784987128,11.148365465213747,50.23255813953489,34.59888106980643,36.199095022624434,42.592592592592595,18.51851851851852,34.01667504608681,46.285753663401316,47.07361589689332,46.67968478014732,14.536741214057509,13.47517730496454,14.059037454965672,2022-23
201935,James Harden,James,1610612755,PHI,33.0,58,39,19,0.672,2135.005,113.3,314,0.151,0.221,71,0.227,31,0.145,680.0,550.0,742.0,2018.0,5.94,5.943761898146393,240,89,176,53,80,332,61,169,172,61,152,111,289,432,428,518,419,98,58,261,108,153,119,3,6,13,24,21,45,0.533,0.467,3,28,28,9,31,0.097,0.903,0.903,0.29,201935,James Harden,0.33839482200647253,0.15117799352750808,4171.5,13.829787234042554,62.671232876712324,54.362416107382586,41.05745042731198,6.3704945515507125,40.46511627906977,26.827267588062146,35.294117647058826,47.22222222222222,11.11111111111111,33.423202614379086,45.95778988619143,35.01956633508409,40.488678110637764,31.309904153354633,18.439716312056735,25.51831962477058,2022-23
1628991,Jaren Jackson Jr.,Jaren,1610612763,MEM,23.0,63,41,22,0.651,1787.5033333333333,106.6,318,0.159,0.238,65,0.2,189,0.67,524.0,512.0,502.0,1632.0,8.6,8.604663799188423,189,65,214,76,147,71,59,142,142,82,234,2,5,350,401,387,362,19,63,683,535,148,124,0,85,196,20,27,47,0.426,0.574,12,63,65,33,75,0.16,0.84,0.942,0.478,1628991,Jaren Jackson Jr.,0.32181681681681684,0.1608888888888889,3726.8,97.87234042553192,84.70319634703196,99.32885906040272,93.62726965677464,42.162615255658004,38.139534883720934,39.74876703249576,37.55656108597285,41.66666666666667,0.0,29.605957767722476,54.21719457299151,26.84508416408328,40.531139368537396,31.948881789137378,43.262411347517734,37.03997009040854,2022-23
1629020,Jarred Vanderbilt,Jarred,1610612747,LAL,24.0,78,43,35,0.551,1879.7416666666666,116.2,412,0.216,0.329,83,0.304,21,0.143,682.0,598.0,652.0,2232.0,3.72,3.7203340456870295,38,53,420,184,132,446,33,49,41,32,52,178,292,434,455,473,456,215,78,333,212,121,173,0,144,357,27,28,55,0.491,0.509,12,25,32,21,37,0.324,0.676,0.941,0.618,1629020,Jarred Vanderbilt,0.3573081570996979,0.13483383685800604,3853.7,8.51063829787234,50.456621004566216,34.89932885906041,29.788904885512217,15.088013411567477,25.581395348837212,21.384042573929317,59.72850678733032,58.333333333333336,0.0,44.3080693815988,36.53488968047311,48.777825725481954,42.65635770297753,46.96485623003195,16.312056737588655,33.171096458432466,2022-23
1628386,Jarrett Allen,Jarrett,1610612739,CLE,25.0,68,44,24,0.647,2220.1116666666667,108.8,445,0.21,0.303,54,0.164,84,0.412,733.0,503.0,614.0,2100.0,9.12,9.118846091817277,133,40,238,80,68,125,25,57,60,121,351,20,66,459,396,454,438,14,68,756,582,174,102,4,261,613,31,21,52,0.596,0.404,23,83,92,57,107,0.215,0.776,0.958,0.594,1628386,Jarrett Allen,0.31586141304347826,0.13067119565217392,4363.0,42.02127659574468,57.99086757990868,84.56375838926176,58.24625388858135,46.102263202011734,50.23255813953489,48.580440164525626,27.601809954751133,31.48148148148148,14.814814814814813,25.762946204122674,57.18426384788786,52.281872989411035,54.73306841864945,52.23642172523961,57.446808510638306,54.581095778669024,2022-23
1627759,Jaylen Brown,Jaylen,1610612738,BOS,26.0,67,46,21,0.687,2404.9183333333335,111.2,381,0.152,0.219,75,0.221,26,0.099,796.0,655.0,656.0,2462.0,8.31,8.3145063154379,145,32,200,42,35,208,40,163,177,51,170,144,370,493,499,475,495,25,67,339,195,144,138,1,27,65,38,23,61,0.623,0.377,2,45,46,14,47,0.043,0.957,1.0,0.304,1627759,Jaylen Brown,0.3291286549707602,0.16074561403508772,4932.7,11.170212765957446,37.32876712328767,68.45637583892616,34.6472475592652,13.66303436714166,36.27906976744186,27.23265560732178,43.89140271493213,50.92592592592593,3.7037037037037033,36.30656108597285,50.57432984789861,26.965690729633156,38.77001028876588,42.01277955271566,30.49645390070922,36.83043300931276,2022-23
1628369,Jayson Tatum,Jayson,1610612738,BOS,25.0,74,52,22,0.703,2732.1966666666667,110.8,571,0.2,0.284,78,0.219,51,0.169,821.0,705.0,720.0,2718.0,9.72,9.715160493965326,79,8,214,32,7,188,8,72,85,46,174,51,238,507,522,512,527,7,74,382,202,180,159,0,60,146,36,30,66,0.545,0.455,0,23,19,12,23,0.0,1.0,0.95,0.6,1628369,Jayson Tatum,0.34615555555555555,0.13757777777777777,5556.0,24.46808510638298,22.71689497716895,71.14093959731547,35.52338218389119,14.249790444258172,53.02325581395348,37.51386966607536,53.39366515837104,53.70370370370371,0.0,40.153762359644716,42.09127890884541,46.46801851489698,44.2796487118712,72.36421725239617,14.893617021276595,46.50244714839236,2022-23
203924,Jerami Grant,Jerami,1610612757,POR,29.0,63,28,35,0.444,2245.525,117.3,230,0.104,0.155,51,0.174,53,0.259,781.0,650.0,653.0,2496.0,3.78,3.7768926670352694,189,230,420,365,62,479,133,347,348,135,323,47,149,484,494,474,501,212,63,309,191,118,86,8,45,113,16,4,20,0.8,0.2,3,44,36,10,47,0.064,0.936,0.878,0.244,203924,Jerami Grant,0.33273410404624276,0.14564161849710983,4529.6,25.53191489361702,35.38812785388128,27.516778523489982,29.477805337177756,13.327745180217937,24.186046511627907,19.842725979063918,20.361990950226243,28.703703703703702,29.629629629629626,25.5985000837942,48.77804237836393,39.68000157753835,44.229021977951135,17.89137380191693,29.78723404255319,23.244510910203246,2022-23
1628975,Jevon Carter,Jevon,1610612749,MIL,27.0,81,57,24,0.704,1811.7516666666668,107.2,167,0.084,0.12,66,0.277,29,0.137,625.0,517.0,481.0,1846.0,8.34,8.342375705263,11,1,238,31,144,79,202,454,467,75,81,126,310,402,406,378,390,23,80,176,85,91,127,0,9,23,20,20,40,0.5,0.5,0,6,6,1,6,0.0,1.0,1.0,0.167,1628975,Jevon Carter,0.2490757180156658,0.07398433420365536,3756.1,12.76595744680851,72.48858447488584,95.30201342281877,54.30289090063815,4.442581726739313,11.627906976744185,8.753776876742236,38.91402714932127,42.592592592592595,0.0,30.473018267135913,90.45787404485583,100.0,95.22893702242791,7.827476038338658,2.8368794326241136,5.581707565767113,2022-23
202710,Jimmy Butler III,Jimmy,1610612748,MIA,33.0,64,35,29,0.547,2138.015,113.7,234,0.121,0.179,117,0.315,21,0.162,712.0,535.0,575.0,2126.0,5.77,5.771752759118549,181,137,327,193,79,355,126,266,271,5,44,178,256,447,418,427,441,105,64,206,101,105,204,5,50,120,21,19,40,0.525,0.475,15,26,34,19,41,0.366,0.634,0.872,0.487,202710,Jimmy Butler III,0.32012292358803984,0.1491362126245847,4206.6,8.51063829787234,56.5068493150685,51.67785234899329,36.101115666671234,5.7837384744342,18.13953488372093,13.197216320006238,73.7556561085973,89.81481481481481,18.51851851851852,65.56707725825373,55.06111695765993,36.738306056491595,45.899711507075764,18.53035143769968,17.02127659574468,17.85126775881993,2022-23
203925,Joe Harris,Joe,1610612751,BKN,31.0,74,40,34,0.541,1527.175,113.2,141,0.089,0.141,34,0.157,13,0.071,536.0,485.0,412.0,1576.0,4.41,4.413230982894509,79,74,403,204,184,322,247,430,404,226,373,262,432,356,386,343,355,177,73,288,176,112,55,0,25,54,13,18,31,0.419,0.581,3,49,46,11,52,0.058,0.942,0.939,0.224,203925,Joe Harris,0.28640173410404623,0.12808092485549133,3089.1,4.25531914893617,87.89954337899543,55.033557046979865,46.22535710396783,12.070410729253982,21.3953488372093,17.665373594027173,6.334841628959276,12.962962962962962,0.0,7.070973688620747,71.86150682859319,54.462323056842834,63.16191494271801,3.6741214057507987,33.33333333333333,17.020766773162936,2022-23
203954,Joel Embiid,Joel,1610612755,PHI,29.0,66,43,23,0.652,2284.1066666666666,110.2,557,0.243,0.357,66,0.192,112,0.521,743.0,628.0,708.0,2150.0,8.41,8.406940027471146,162,53,226,75,54,170,9,25,25,75,271,8,32,464,485,506,447,21,66,673,563,110,97,2,151,337,36,23,59,0.61,0.39,20,108,118,74,128,0.156,0.844,0.937,0.587,203954,Joel Embiid,0.3622114285714286,0.10516285714285716,4508.5,56.91489361702128,55.13698630136986,75.16778523489933,60.855848961012796,44.50963956412406,20.46511627906977,30.082925593091485,25.339366515837103,42.592592592592595,7.4074074074074066,26.895005865594097,34.09200810871829,73.75439952754212,53.923203818130204,70.12779552715655,75.177304964539,72.40007477397866,2022-23
1628381,John Collins,John,1610612737,ATL,25.0,71,37,34,0.521,2129.6466666666665,115.2,385,0.18,0.26,42,0.138,73,0.353,671.0,620.0,698.0,2516.0,4.88,4.884520781409355,109,110,403,231,82,403,39,106,116,181,423,26,91,428,479,503,505,145,71,626,372,254,61,14,108,244,18,16,34,0.529,0.471,7,49,54,28,56,0.125,0.875,0.982,0.509,1628381,John Collins,0.38734795321637433,0.16696783625730996,4458.0,36.17021276595745,34.24657534246575,41.61073825503356,36.857071040004385,28.499580888516345,87.44186046511628,63.864948634476306,9.049773755656108,20.37037037037037,51.85185185185185,23.712502094855033,21.568623836171632,21.727919882895453,21.648271859533544,42.6517571884984,33.33333333333333,38.45846645367412,2022-23
202685,Jonas Valanciunas,Jonas,1610612740,NOP,31.0,79,40,39,0.506,1968.2433333333333,113.5,579,0.293,0.415,20,0.068,52,0.31,728.0,508.0,612.0,2034.0,5.44,5.442251728167692,27,74,472,261,110,347,7,6,4,311,504,50,115,456,397,452,426,118,79,525,438,87,56,0,223,483,19,12,31,0.613,0.387,65,111,165,123,176,0.369,0.631,0.959,0.715,202685,Jonas Valanciunas,0.36927966101694915,0.11751977401129944,3987.5,25.0,61.757990867579906,53.02013422818794,44.87033036069995,34.03185247275775,9.767441860465116,19.473206105382168,6.787330316742081,0.0,0.0,2.7149321266968327,30.570511311000274,63.35253719965295,46.96152425532661,73.64217252396166,77.30496453900709,75.2904289307321,2022-23
203903,Jordan Clarkson,Jordan,1610612762,UTA,31.0,61,30,31,0.492,1988.3033333333333,116.6,174,0.083,0.129,33,0.131,13,0.066,764.0,650.0,736.0,2294.0,3.72,3.719169673520001,214,207,357,295,106,464,189,458,445,231,440,262,444,478,494,516,465,215,59,251,134,117,84,0,24,55,22,18,40,0.55,0.45,0,7,6,1,7,0.0,1.0,1.0,0.167,203903,Jordan Clarkson,0.34149846153846153,0.11319384615384614,4074.7,4.25531914893617,46.917808219178085,32.21476510067121,26.177051811454596,8.549874266554903,23.72093023255814,17.652507846156844,19.457013574660635,12.037037037037036,0.0,11.995768392827216,44.41151127164236,66.99403665236248,55.702773962002425,8.945686900958465,3.546099290780142,6.51587247637822,2022-23
1629673,Jordan Poole,Jordan,1610612744,GSW,24.0,82,44,38,0.537,2458.0933333333332,111.8,193,0.073,0.11,63,0.174,21,0.097,1014.0,699.0,687.0,2548.0,8.1,8.095707598956102,2,40,459,210,23,251,166,483,487,90,324,178,375,537,518,500,510,28,81,292,106,186,138,3,29,72,28,21,49,0.571,0.429,1,10,10,3,11,0.091,0.909,1.0,0.3,1629673,Jordan Poole,0.3455942408376963,0.15144502617801045,5133.0,8.51063829787234,32.42009132420091,64.42953020134232,30.85866983295483,6.202849958088851,55.81395348837209,35.969512076258795,43.89140271493213,39.81481481481482,11.11111111111111,34.269524048935814,42.37093411213545,34.7947823620956,38.58285823711553,11.980830670926517,5.673758865248227,9.142648358371286,2022-23
1630581,Josh Giddey,Josh,1610612760,OKC,20.0,76,34,42,0.447,2367.2716666666665,114.0,451,0.189,0.285,57,0.142,31,0.146,788.0,734.0,666.0,2610.0,6.28,6.281275511114628,55,149,493,364,43,369,22,92,83,108,414,111,286,488,530,483,519,81,76,346,157,189,105,1,15,38,19,16,35,0.543,0.457,4,29,31,15,33,0.121,0.879,0.969,0.469,1630581,Josh Giddey,0.41564673913043476,0.18242391304347827,4926.6,13.829787234042554,28.881278538812786,49.66442953020136,28.056469764751835,10.477787091366302,57.20930232558139,38.51669623189535,28.95927601809955,34.25925925925926,3.7037037037037033,24.50037707390649,7.469754742127312,8.71723246218503,8.09349360215617,53.194888178913736,19.148936170212767,37.8742097749983,2022-23
1630182,Josh Green,Josh,1610612742,DAL,22.0,60,27,33,0.45,1539.23,112.8,127,0.087,0.133,42,0.181,5,0.048,472.0,472.0,405.0,1606.0,4.64,4.641125796184347,222,238,385,360,181,301,263,434,430,181,303,385,470,327,377,339,360,162,59,169,98,71,74,2,15,36,15,23,38,0.395,0.605,0,18,16,6,18,0.0,1.0,0.889,0.333,1630182,Josh Green,0.32063009404388715,0.12910344827586206,3080.5,0.0,86.18721461187214,57.71812080536917,44.59505531549753,5.532271584241409,2.3255813953488373,3.6082574709058663,14.93212669683258,20.37037037037037,7.4074074074074066,14.954332160214513,54.808437217720794,53.601578588058565,54.205007902889676,1.4376996805111821,11.347517730496454,5.897117803004555,2022-23
1628404,Josh Hart,Josh,1610612752,NYK,28.0,76,42,34,0.553,2454.025,113.5,451,0.185,0.271,88,0.253,21,0.097,816.0,653.0,666.0,2560.0,6.88,6.875152507190736,55,60,403,179,24,345,22,96,105,26,110,178,375,504,498,483,511,54,76,368,200,168,135,0,31,80,37,33,70,0.529,0.471,3,19,21,12,22,0.136,0.864,0.955,0.545,1628404,Josh Hart,0.34709863013698633,0.14656164383561643,4936.1,8.51063829787234,31.7351598173516,53.02013422818794,27.76659481226898,14.082145850796312,47.44186046511628,34.09797461938829,42.53393665158371,62.96296296296296,0.0,39.05061169767052,41.62142535718096,38.905538415634624,40.26348188640779,53.194888178913736,12.056737588652481,34.682720413296174,2022-23
1626196,Josh Richardson,Josh,1610612740,NOP,29.0,65,24,41,0.369,1529.6016666666667,113.6,134,0.087,0.134,69,0.29,20,0.171,624.0,479.0,436.0,1672.0,4.32,4.320118376487993,171,271,487,425,183,349,254,435,429,68,62,191,237,400,383,356,367,182,65,150,84,66,129,1,20,45,14,12,26,0.538,0.462,1,15,15,4,16,0.063,0.938,1.0,0.267,1626196,Josh Richardson,0.3090093457943925,0.11594080996884734,3152.1,7.9787234042553195,82.42009132420091,52.34899328859066,45.12576964732011,4.358759430008382,0.0,1.7435037720033528,39.81900452488688,45.370370370370374,3.7037037037037033,32.73315736551031,60.598063982700324,64.68168481512481,62.63987439891257,2.5559105431309903,9.219858156028367,5.55468696893481,2022-23
201950,Jrue Holiday,Jrue,1610612749,MIL,33.0,67,50,17,0.746,2182.54,107.9,262,0.107,0.15,79,0.255,25,0.104,702.0,571.0,522.0,2124.0,9.6,9.59958313616659,145,13,162,19,71,100,98,328,362,45,105,154,359,442,441,402,440,8,66,327,159,168,167,1,5,12,28,25,53,0.528,0.472,6,18,23,9,24,0.25,0.75,1.0,0.391,201950,Jrue Holiday,0.29723460410557184,0.138208211143695,4534.4,10.638297872340425,56.62100456621004,90.60402684563755,46.72367745851907,10.645431684828164,47.44186046511628,32.72328895300103,57.01357466063348,54.629629629629626,3.7037037037037033,42.85172616054969,66.46441253175188,45.93732941590934,56.200870973830604,23.003194888178914,11.347517730496454,17.75814016722181,2022-23
203944,Julius Randle,Julius,1610612752,NYK,28.0,77,44,33,0.571,2737.2516666666666,115.4,626,0.226,0.334,49,0.142,21,0.098,835.0,773.0,764.0,2624.0,6.08,6.083784548188164,46,40,385,149,5,411,4,38,37,144,415,178,372,513,532,522,521,90,77,445,232,213,99,0,62,145,42,19,61,0.689,0.311,26,63,81,62,89,0.292,0.708,0.964,0.738,203944,Julius Randle,0.3755833333333333,0.1825948275862069,5417.2,8.51063829787234,28.08219178082192,40.26845637583891,23.300136536396334,16.764459346186086,68.37209302325581,47.72903955242793,26.244343891402718,26.851851851851855,0.0,19.895885704709237,27.429929553523046,8.573359232137033,18.001644392830038,81.15015974440894,43.262411347517734,64.1006729658079,2022-23
1630231,KJ Martin,KJ,1610612745,HOU,22.0,82,22,60,0.268,2292.1583333333333,118.7,326,0.143,0.21,41,0.118,30,0.146,963.0,613.0,838.0,2406.0,3.01,3.0078555948888197,2,290,537,475,53,503,58,195,196,192,469,118,284,535,473,532,487,258,80,322,158,164,66,1,65,149,23,16,39,0.59,0.41,1,14,13,6,15,0.067,0.933,1.0,0.462,1630231,KJ Martin,0.33340583554376657,0.17943766578249337,4672.7,13.297872340425531,40.52511415525114,18.12080536912753,24.03314023278999,10.561609388097235,45.58139534883721,31.573480964541222,11.312217194570136,19.444444444444446,3.7037037037037033,12.256368359309537,48.443375920279976,11.2310094193749,29.837192669827438,33.22683706070288,8.51063829787234,22.104547617429137,2022-23
202695,Kawhi Leonard,Kawhi,1610612746,LAC,32.0,52,33,19,0.635,1747.4883333333332,112.1,281,0.16,0.228,72,0.274,28,0.19,592.0,411.0,517.0,1818.0,5.49,5.485561685322916,283,162,176,92,152,265,82,140,157,58,84,135,200,381,347,397,386,117,52,294,166,128,147,1,22,49,24,12,36,0.667,0.333,0,35,27,7,35,0.0,1.0,0.9,0.233,202695,Kawhi Leonard,0.27164052287581697,0.1459313725490196,3502.1,12.23404255319149,74.08675799086758,62.41610738255039,46.428009163717846,11.232187761944678,28.837209302325583,21.795200686173217,47.963800904977376,48.148148148148145,3.7037037037037033,36.963298139768725,79.21575818793994,39.4360910787463,59.32592463334312,26.038338658146966,23.404255319148938,24.853001155597855,2022-23
1631099,Keegan Murray,Keegan,1610612758,SAC,22.0,80,47,33,0.588,2381.673333333333,117.1,282,0.123,0.174,61,0.174,42,0.264,749.0,622.0,602.0,2706.0,4.1,4.103783303359775,15,22,385,130,38,476,80,260,288,95,322,75,143,467,481,449,525,195,80,434,264,170,102,10,29,74,22,16,38,0.579,0.421,2,33,32,11,35,0.057,0.943,0.97,0.333,1631099,Keegan Murray,0.32839837398373983,0.15074525745257453,4899.0,19.680851063829788,23.401826484018265,28.859060402684626,23.277744795609465,19.44677284157586,48.372093023255815,36.80196495058383,27.601809954751133,37.96296296296296,37.03703703703704,33.587020278196746,50.93816651810552,35.38383689898709,43.16100170854631,26.198083067092654,21.98581560283688,24.302562708177554,2022-23
1629640,Keldon Johnson,Keldon,1610612759,SAS,23.0,63,17,46,0.27,2063.3316666666665,121.4,262,0.133,0.201,46,0.15,11,0.07,804.0,621.0,603.0,2470.0,1.04,1.0357405149615202,189,347,514,473,95,525,98,222,218,155,394,298,435,496,480,450,497,398,62,275,139,136,100,0,19,44,25,9,34,0.735,0.265,3,19,15,10,22,0.136,0.864,0.882,0.588,1629640,Keldon Johnson,0.36064285714285715,0.16638095238095238,4262.1,3.1914893617021276,36.87214611872146,0.0,14.18184688623336,8.968985750209555,32.55813953488372,23.122478021014054,26.69683257918552,24.074074074074073,0.0,19.104658957600137,34.87349333933019,22.22194969221787,28.54772151577403,23.003194888178914,12.056737588652481,18.077289103392022,2022-23
203482,Kelly Olynyk,Kelly,1610612762,UTA,32.0,68,28,40,0.412,1941.5933333333332,116.0,338,0.164,0.249,60,0.26,37,0.182,782.0,614.0,664.0,2126.0,3.98,3.9787574914618897,133,230,481,400,119,439,49,132,129,98,98,85,214,486,475,481,441,202,68,470,302,168,131,12,107,260,13,18,31,0.419,0.581,12,34,42,16,46,0.261,0.739,0.955,0.364,203482,Kelly Olynyk,0.38159133126934985,0.176984520123839,3989.2,17.02127659574468,56.5068493150685,36.24161073825506,35.646310583135616,22.632020117351214,47.44186046511628,37.51792432601025,40.723981900452486,37.03703703703704,44.44444444444444,40.36366683425507,24.436657097438676,13.29602965729113,18.866343377364903,35.14376996805112,22.69503546099291,29.541839439874924,2022-23
1626162,Kelly Oubre Jr.,Kelly,1610612766,CHA,27.0,48,16,32,0.333,1547.5116666666668,115.3,184,0.121,0.181,68,0.269,18,0.118,522.0,473.0,388.0,1722.0,3.5,3.4985651055466844,302,357,377,442,180,408,178,267,265,70,91,207,337,349,378,333,376,230,47,193,107,86,154,0,14,35,17,16,33,0.515,0.485,0,4,3,2,4,0.0,1.0,1.0,0.667,1626162,Kelly Oubre Jr.,0.3322727272727273,0.13422895622895623,3215.6,6.914893617021277,79.5662100456621,40.93959731543628,40.84903029164931,6.286672254819782,9.30232558139535,8.096064250765123,51.13122171945701,44.44444444444444,0.0,36.00804424333836,49.00790703590018,49.28700492407734,49.14745597998876,10.543130990415335,1.4184397163120568,6.43701991706886,2022-23
203484,Kentavious Caldwell-Pope,Kentavious,1610612743,DEN,30.0,76,51,25,0.671,2381.2066666666665,111.5,173,0.074,0.107,112,0.283,35,0.159,812.0,643.0,693.0,2658.0,8.04,8.043149663695695,55,10,256,55,39,230,191,482,490,6,73,92,262,503,492,501,523,31,75,176,90,86,200,1,24,50,18,28,46,0.391,0.609,2,17,17,5,19,0.105,0.895,0.944,0.278,203484,Kentavious Caldwell-Pope,0.33167199999999997,0.12359733333333334,4864.0,15.957446808510639,26.14155251141553,66.44295302013424,32.14326035743325,4.861693210393965,9.30232558139535,7.526072632994795,71.94570135746606,85.18518518518519,3.7037037037037033,59.51902128372716,49.307198150548196,58.23654135453845,53.771869752543324,8.78594249201278,10.638297872340425,9.61950241316022,2022-23
201142,Kevin Durant,Kevin,1610612756,PHX,34.0,47,34,13,0.723,1671.7566666666667,110.3,296,0.166,0.252,34,0.145,67,0.267,608.0,508.0,510.0,1656.0,6.11,6.113919223470662,311,149,123,26,165,173,70,131,124,226,403,31,139,390,397,390,364,88,47,385,245,140,63,0,22,49,21,10,31,0.677,0.323,2,31,32,17,33,0.061,0.939,0.97,0.515,201142,Kevin Durant,0.2856458333333334,0.1554861111111111,3381.0,32.97872340425532,83.33333333333334,74.49664429530203,60.9823171021943,17.85414920368818,34.418604651162795,27.792822472172947,9.95475113122172,12.962962962962962,0.0,8.518937489525724,72.23810764979919,31.39305929663007,51.81558347321463,28.434504792332266,20.56737588652482,24.894296784718918,2022-23
1628989,Kevin Huerter,Kevin,1610612758,SAC,24.0,75,44,31,0.587,2202.7766666666666,116.6,209,0.1,0.14,80,0.26,24,0.188,752.0,543.0,576.0,2526.0,4.11,4.113357883410852,70,40,357,134,70,463,150,365,406,42,98,160,205,470,423,428,506,194,75,370,209,161,160,0,22,51,20,17,37,0.541,0.459,0,14,13,7,14,0.0,1.0,1.0,0.538,1628989,Kevin Huerter,0.37151830985915496,0.17011830985915494,4480.3,10.106382978723403,33.67579908675799,32.21476510067121,23.88277414702246,14.836546521374686,44.18604651162791,32.44624651552662,53.84615384615385,55.55555555555556,0.0,40.98290598290598,29.45518371109389,19.07589972099469,24.26554171604429,14.536741214057509,8.51063829787234,11.824994901774184,2022-23
1629645,Kevin Porter Jr.,Kevin,1610612745,HOU,23.0,59,18,41,0.305,2023.8833333333334,119.5,238,0.117,0.172,82,0.279,17,0.101,859.0,572.0,740.0,2040.0,2.12,2.116848273862888,230,339,487,458,101,514,121,282,290,40,78,216,363,515,442,517,428,318,59,292,106,186,144,3,3,6,24,21,45,0.533,0.467,3,8,11,8,11,0.273,0.727,1.0,0.727,1629645,Kevin Porter Jr.,0.3375,0.138512987012987,4089.3,6.382978723404255,61.41552511415526,12.751677852349028,27.2365447424033,6.202849958088851,55.81395348837209,35.969512076258795,46.60633484162896,57.407407407407405,11.11111111111111,41.512904307021955,46.40360329917808,45.68077378257539,46.04218854087674,19.169329073482427,4.25531914893617,12.458024607436611,2022-23
1626172,Kevon Looney,Kevon,1610612744,GSW,27.0,82,44,38,0.537,1957.595,112.0,486,0.234,0.342,52,0.194,50,0.301,672.0,514.0,601.0,2042.0,6.26,6.257292892415873,2,40,459,210,112,260,18,30,32,132,259,56,119,429,402,448,429,83,82,773,577,196,93,0,300,774,11,15,26,0.423,0.577,68,94,150,109,162,0.42,0.58,0.968,0.703,1626172,Kevon Looney,0.3734034582132565,0.17887319884726224,4053.9,23.93617021276596,61.3013698630137,63.08724832214766,46.801759617698096,45.68315171835708,60.46511627906976,54.55233045478469,23.52941176470588,29.629629629629626,0.0,19.78213507625272,28.51597522532896,11.706168992869701,20.11107210909933,58.78594249201278,65.24822695035462,61.69397049826661,2022-23
1630165,Killian Hayes,Killian,1610612765,DET,21.0,76,16,60,0.211,2153.588333333333,117.6,193,0.092,0.14,104,0.331,28,0.172,804.0,673.0,631.0,2424.0,3.42,3.4211400343042038,55,357,537,503,75,487,166,418,407,9,36,135,233,496,509,462,488,235,76,350,201,149,216,8,9,21,16,32,48,0.333,0.667,0,22,21,6,22,0.0,1.0,1.0,0.286,1630165,Killian Hayes,0.3587598944591029,0.14969393139841689,4368.7,12.23404255319149,39.49771689497717,25.503355704698055,25.093656860693116,14.165968147527241,38.604651162790695,28.829177956685314,79.18552036199095,77.77777777777779,29.629629629629626,66.30383777442601,35.81161289215636,36.26882698134324,36.0402199367498,11.980830670926517,14.184397163120568,12.972435592413841,2022-23
202691,Klay Thompson,Klay,1610612744,GSW,33.0,69,38,31,0.551,2278.911666666667,112.6,247,0.101,0.151,49,0.151,29,0.151,861.0,627.0,730.0,2354.0,6.96,6.9617090546213225,123,95,357,185,56,291,111,360,361,144,389,126,275,516,483,515,475,50,69,280,166,114,98,0,23,56,7,18,25,0.28,0.72,5,7,11,6,12,0.417,0.583,0.917,0.5,202691,Klay Thompson,0.31565988372093023,0.14495348837209301,4788.2,12.76595744680851,43.49315068493151,59.06040268456382,35.09408638959039,11.232187761944678,22.325581395348838,17.888223941987174,25.791855203619914,26.851851851851855,0.0,19.714890229596115,57.28466870433099,40.25925891982719,48.77196381207909,20.60702875399361,3.546099290780142,12.929610495547552,2022-23
204001,Kristaps Porziņģis,Kristaps,1610612764,WAS,27.0,65,27,38,0.415,2119.5116666666668,114.8,432,0.194,0.277,58,0.21,100,0.437,719.0,610.0,673.0,2210.0,5.08,5.075820839287357,171,238,459,395,87,392,28,81,98,105,206,12,57,451,469,489,454,136,65,733,557,176,84,0,184,397,15,15,30,0.5,0.5,10,60,66,38,70,0.143,0.857,0.957,0.551,204001,Kristaps Porziņģis,0.3240807453416149,0.15462422360248448,4285.4,50.53191489361703,51.71232876712328,44.29530201342286,49.385906529295674,44.006705783738475,51.162790697674424,48.30035673210004,19.457013574660635,35.18518518518518,0.0,20.097620244679067,53.08927226542913,32.118582928641985,42.60392759703556,50.159744408945684,41.13475177304964,46.09849772279247,2022-23
203937,Kyle Anderson,Kyle,1610612750,MIN,29.0,69,36,33,0.522,1956.5733333333333,111.7,302,0.152,0.231,78,0.222,63,0.274,664.0,559.0,534.0,2034.0,6.42,6.4224553550997765,123,126,385,230,114,241,66,160,150,46,165,35,135,424,435,407,426,75,69,343,198,145,166,1,41,96,14,20,34,0.412,0.588,7,26,29,16,33,0.212,0.788,0.935,0.516,203937,Kyle Anderson,0.35360294117647056,0.15543529411764706,4016.1,30.851063829787233,61.757990867579906,65.1006711409396,50.23089012080276,13.914501257334452,36.74418604651163,27.612312130840756,56.56108597285068,53.70370370370371,3.7037037037037033,42.34665661136249,38.38088245293318,31.43583625916513,34.908359356049154,29.39297124600639,17.02127659574468,23.825708653388624,2022-23
1628398,Kyle Kuzma,Kyle,1610612764,WAS,27.0,64,29,35,0.453,2238.8516666666665,112.6,408,0.172,0.255,36,0.116,29,0.121,797.0,665.0,623.0,2404.0,6.83,6.829809428689171,181,220,420,356,64,293,35,124,120,218,473,126,331,494,503,459,486,58,63,330,206,124,66,5,27,58,17,19,36,0.472,0.528,4,20,21,15,24,0.167,0.833,0.955,0.682,1628398,Kyle Kuzma,0.2992911764705882,0.12816764705882353,4547.6,12.76595744680851,40.63926940639269,59.06040268456382,34.0952279421018,14.585079631181893,26.976744186046513,22.020078364100666,11.312217194570136,14.814814814814813,18.51851851851852,14.339701692642869,65.43979809617679,54.389321641567754,59.914559868872274,46.325878594249204,12.76595744680851,31.223914077900893,2022-23
200768,Kyle Lowry,Kyle,1610612748,MIA,37.0,55,30,25,0.545,1717.725,111.3,182,0.112,0.166,57,0.211,21,0.202,556.0,429.0,436.0,1594.0,5.84,5.840158781459162,267,207,256,195,158,212,180,298,310,108,201,178,189,364,357,356,356,100,54,181,86,95,103,13,33,75,7,24,31,0.226,0.774,3,26,24,8,29,0.103,0.897,0.889,0.296,200768,Kyle Lowry,0.3086709677419355,0.1459967741935484,3389.2,8.51063829787234,86.87214611872146,67.7852348993289,50.75581518553366,4.526404023470243,13.488372093023257,9.90358486520205,28.054298642533936,34.25925925925926,48.148148148148145,35.249497234791356,60.76664887819292,39.38103698154319,50.07384292986805,10.223642172523961,17.02127659574468,13.282577662973285,2022-23
202681,Kyrie Irving,Kyrie,1610612742,DAL,31.0,60,32,28,0.533,2240.5733333333333,113.2,245,0.107,0.167,66,0.215,45,0.157,725.0,672.0,616.0,2316.0,6.47,6.4736583634476,222,178,312,217,63,321,114,333,307,75,186,68,266,455,506,455,468,73,60,274,166,108,126,5,29,69,31,29,60,0.517,0.483,3,12,14,7,15,0.2,0.8,1.0,0.5,202681,Kyrie Irving,0.34661875000000003,0.16660625,4487.7,21.27659574468085,45.662100456621005,55.033557046979865,38.25076271943466,11.232187761944678,19.53488372093023,16.213805337336012,38.46153846153847,42.592592592592595,18.51851851851852,34.921652421652425,41.860508661063626,22.032297626003867,31.946403143533747,20.287539936102235,7.092198581560284,14.34963632655836,2022-23
1628374,Lauri Markkanen,Lauri,1610612762,UTA,26.0,66,32,34,0.485,2272.4866666666667,113.6,440,0.183,0.273,42,0.139,38,0.167,838.0,682.0,785.0,2508.0,6.22,6.215788714897197,162,178,403,310,58,350,26,102,102,181,421,82,240,514,513,527,503,84,66,482,338,144,87,0,69,156,20,5,25,0.8,0.2,3,35,36,20,38,0.079,0.921,0.947,0.526,1628374,Lauri Markkanen,0.2928290598290598,0.125,4670.1,17.5531914893617,34.70319634703196,52.34899328859066,32.25464363935353,25.649622799664712,36.27906976744186,32.027290980331,20.81447963800905,20.37037037037037,0.0,15.455421484833249,68.65931913414775,57.055798155088155,62.85755864461795,51.43769968051119,23.404255319148938,38.82264971789818,2022-23
2544,LeBron James,LeBron,1610612747,LAL,38.0,55,30,25,0.545,1953.94,111.0,392,0.191,0.267,50,0.192,32,0.176,624.0,509.0,590.0,2060.0,6.83,6.828787663099604,267,207,256,195,115,200,37,85,110,138,272,108,229,400,399,440,432,58,55,223,127,96,97,8,40,87,14,19,33,0.424,0.576,7,24,30,19,31,0.226,0.774,1.0,0.633,2544,LeBron James,0.3251309904153355,0.16412140575079873,4070.5,14.361702127659576,60.273972602739725,69.79865771812082,44.29023569155294,7.963118189438391,13.953488372093023,11.55734029903117,25.339366515837103,27.77777777777778,29.629629629629626,27.265376235964467,52.56602480682723,24.124001249295883,38.34501302806156,43.76996805111821,15.602836879432624,31.094759023859698,2022-23
1629652,Luguentz Dort,Luguentz,1610612760,OKC,24.0,74,36,38,0.486,2272.3566666666666,114.1,216,0.092,0.141,75,0.208,23,0.12,704.0,787.0,555.0,2388.0,5.95,5.949228037914513,79,126,459,305,59,372,145,415,402,51,211,166,332,443,535,417,483,97,74,379,167,212,116,6,15,34,24,35,59,0.407,0.593,8,22,28,12,30,0.267,0.733,1.0,0.429,1629652,Luguentz Dort,0.3105564971751412,0.14569774011299436,4760.4,9.574468085106384,41.55251141552511,48.99328859060408,30.62148837712736,11.316010058675607,67.90697674418604,45.270590069981864,33.93665158371041,50.92592592592593,22.22222222222222,36.9542902631138,59.827250533243884,39.63275926553895,49.73000489939142,15.654952076677317,14.184397163120568,14.993202365576781,2022-23
1629029,Luka Dončić,Luka,1610612742,DAL,24.0,66,33,33,0.5,2390.471666666667,116.0,515,0.224,0.342,90,0.283,33,0.193,760.0,700.0,675.0,2496.0,4.91,4.90627228629913,162,162,385,264,36,440,14,40,33,23,72,102,199,475,519,493,501,144,65,330,173,157,191,4,6,13,30,26,56,0.536,0.464,1,24,23,14,25,0.04,0.96,0.958,0.583,1629029,Luka Dončić,0.37468713450292396,0.16128070175438597,4754.8,14.893617021276595,35.38812785388128,36.24161073825506,27.40369424193285,11.81894383906119,42.32558139534884,30.12292637283378,67.87330316742081,64.81481481481481,14.814814814814813,53.538210155857215,27.876428920335083,26.515262127681556,27.19584552400832,63.418530351437695,15.602836879432624,41.901468289035414,2022-23
1631103,Malaki Branham,Malaki,1610612759,SAS,20.0,66,15,51,0.227,1549.5966666666666,119.4,153,0.098,0.147,33,0.15,7,0.058,578.0,498.0,487.0,1832.0,1.71,1.7061440067353786,162,369,527,497,178,512,222,376,374,231,390,345,454,375,393,384,389,352,65,192,98,94,50,0,7,16,10,15,25,0.4,0.6,1,2,3,1,3,0.333,0.667,1.0,0.333,1631103,Malaki Branham,0.30218617021276595,0.11555851063829788,3267.5,1.0638297872340425,73.28767123287672,13.422818791946304,29.43192154438704,5.532271584241409,13.023255813953488,10.026862122068657,4.072398190045249,12.037037037037036,0.0,5.841922238981063,63.99746986616034,65.00349850431256,64.50048418523645,5.5910543130990416,0.0,3.075079872204473,2022-23
1627763,Malcolm Brogdon,Malcolm,1610612738,BOS,30.0,67,46,21,0.687,1743.815,109.3,238,0.132,0.192,45,0.194,18,0.096,579.0,468.0,468.0,1744.0,6.96,6.959816968581907,145,32,200,42,153,140,121,226,233,159,260,207,377,377,375,371,379,50,67,257,145,112,75,0,8,19,17,24,41,0.415,0.585,3,20,22,7,23,0.13,0.87,0.957,0.304,1627763,Malcolm Brogdon,0.30408620689655175,0.11283045977011494,3520.7,6.914893617021277,78.31050228310502,81.2080536912752,50.47664666871407,9.471919530595137,21.3953488372093,16.625977114563636,15.384615384615385,23.14814814814815,0.0,14.255698005698004,63.05084379676179,67.29992971417104,65.17538675546642,19.169329073482427,12.76595744680851,16.287811841479165,2022-23
1627736,Malik Beasley,Malik,1610612747,LAL,26.0,81,45,36,0.556,2093.085,114.6,248,0.116,0.172,65,0.223,9,0.045,808.0,631.0,770.0,2446.0,5.11,5.111203575776462,11,35,441,172,92,389,108,291,289,82,164,321,472,499,488,526,491,135,79,209,100,109,98,1,30,71,11,19,30,0.367,0.633,1,23,22,8,24,0.042,0.958,0.917,0.333,1627736,Malik Beasley,0.35579154929577467,0.13083098591549297,4325.2,2.127659574468085,38.242009132420094,45.637583892617506,25.645162999288644,5.699916177703269,20.0,14.279966471081307,25.791855203619914,41.66666666666667,3.7037037037037033,25.826001340707226,37.290485873166844,52.147364006460215,44.71892493981353,20.766773162939298,14.893617021276595,18.123852899191082,2022-23
1628370,Malik Monk,Malik,1610612758,SAC,25.0,77,47,30,0.61,1719.235,112.7,171,0.097,0.147,49,0.201,20,0.143,615.0,466.0,369.0,1884.0,5.23,5.231289840147046,46,22,342,110,157,298,196,382,376,144,232,191,292,395,373,322,395,128,76,230,128,102,92,1,25,53,19,9,28,0.679,0.321,0,10,10,3,10,0.0,1.0,1.0,0.3,1628370,Malik Monk,0.31921957671957674,0.1107989417989418,3579.0,7.9787234042553195,70.31963470319634,58.38926174496643,42.400676944062454,8.046940486169321,16.74418604651163,13.265287822374706,23.076923076923077,26.851851851851855,3.7037037037037033,19.554843304843306,55.511177581591085,69.01003025767656,62.26060391963382,8.466453674121405,5.673758865248227,7.209741010128476,2022-23
202694,Marcus Morris Sr.,Marcus,1610612746,LAC,33.0,65,35,30,0.538,1825.1133333333332,113.9,229,0.127,0.178,42,0.166,21,0.158,665.0,412.0,501.0,1900.0,4.77,4.767708626865469,171,137,342,207,140,367,136,244,275,181,345,178,265,426,348,386,398,152,65,203,125,78,72,0,29,68,7,22,29,0.241,0.759,6,35,37,20,41,0.146,0.854,0.949,0.513,202694,Marcus Morris Sr.,0.319,0.14221766561514196,3647.1,8.51063829787234,69.40639269406392,50.33557046979864,40.280385379520965,7.795473595976529,5.5813953488372094,6.467026647692938,14.027149321266968,20.37037037037037,0.0,12.740489358136417,55.62057391522933,42.56223238596644,49.091403150597884,17.731629392971247,23.404255319148938,20.28431105975121,2022-23
203935,Marcus Smart,Marcus,1610612738,BOS,29.0,61,43,18,0.705,1956.76,111.7,145,0.073,0.104,93,0.336,23,0.115,592.0,496.0,507.0,1962.0,6.49,6.492650082889355,214,53,165,29,113,248,235,484,495,17,33,166,341,381,392,389,407,72,61,253,116,137,157,11,49,113,19,27,46,0.413,0.587,2,60,55,11,62,0.032,0.968,0.965,0.193,203935,Marcus Smart,0.31368098159509206,0.1493006134969325,4012.6,9.574468085106384,65.8675799086758,65.1006711409396,43.15860798731398,7.041072925398156,33.02325581395349,22.630382658531357,52.488687782805435,67.5925925925926,40.74074074074074,54.83806770571477,58.27058669059541,36.59991593386208,47.43525131222874,4.313099041533546,41.13475177304964,20.88284277071579,2022-23
1628365,Markelle Fultz,Markelle,1610612753,ORL,25.0,60,29,31,0.483,1777.9416666666666,114.0,165,0.095,0.136,87,0.285,26,0.186,642.0,514.0,483.0,1848.0,4.71,4.714973081904214,222,220,357,312,149,371,206,397,423,28,69,144,208,410,402,380,391,158,60,239,123,116,136,0,26,57,22,30,52,0.423,0.577,0,10,10,4,10,0.0,1.0,1.0,0.4,1628365,Markelle Fultz,0.3208996960486322,0.10672948328267476,3641.1,11.170212765957446,72.3744292237443,49.66442953020136,42.215242717243825,7.627829002514669,23.25581395348837,17.00461997309889,42.98642533936652,62.03703703703704,0.0,38.90753309870957,54.67411755524707,72.43563776850883,63.55487766187795,7.507987220447284,5.673758865248227,6.682584460607709,2022-23
203486,Mason Plumlee,Mason,1610612746,LAC,33.0,79,28,51,0.354,2052.945,117.4,471,0.238,0.35,46,0.14,47,0.28,760.0,613.0,543.0,2276.0,3.49,3.4882562013657035,27,230,527,436,97,484,19,29,28,155,418,62,131,475,473,411,463,233,79,472,365,107,118,1,293,654,33,14,47,0.702,0.298,42,78,106,76,120,0.35,0.65,0.955,0.685,203486,Mason Plumlee,0.3664940119760479,0.14295209580838325,4238.6,22.340425531914892,47.94520547945205,26.845637583892607,32.42840152654732,27.912824811399833,19.069767441860467,22.606990389676213,34.841628959276015,24.074074074074073,3.7037037037037033,23.28850343556226,31.958362411358003,41.94400035925022,36.95118138530411,56.38977635782748,53.90070921985816,55.269696145741285,2022-23
1629622,Max Strus,Max,1610612748,MIA,27.0,80,42,38,0.525,2271.9783333333335,113.1,209,0.097,0.144,42,0.116,12,0.088,781.0,545.0,586.0,2148.0,6.56,6.561453216988929,15,60,459,225,60,317,150,383,387,181,471,278,395,484,425,437,445,70,79,383,157,226,88,9,34,74,10,18,28,0.357,0.643,2,35,34,9,37,0.054,0.946,0.944,0.25,1629622,Max Strus,0.36881266490765174,0.18913720316622692,4482.6,3.723404255319149,55.25114155251142,55.70469798657724,34.75343574215096,10.477787091366302,74.4186046511628,48.842277627244194,21.266968325791854,20.37037037037037,33.33333333333333,23.969750293279702,30.803175603822137,3.066088219048872,16.934631911435503,14.536741214057509,23.404255319148938,18.527122561348655,2022-23
1629008,Michael Porter Jr.,Michael,1610612743,DEN,25.0,62,41,21,0.661,1797.8933333333334,112.2,277,0.151,0.218,37,0.133,29,0.188,616.0,533.0,560.0,2026.0,5.68,5.6831677044112885,203,65,200,66,145,269,86,168,182,208,437,126,204,396,415,422,422,109,62,226,136,90,80,0,14,33,12,16,28,0.429,0.571,7,6,12,9,13,0.538,0.462,0.923,0.692,1629008,Michael Porter Jr.,0.29064080459770114,0.10689942528735633,3657.9,12.76595744680851,62.21461187214612,61.74496644295302,42.317738744712805,8.717518860016764,11.162790697674419,10.184681962611357,17.647058823529413,15.74074074074074,0.0,12.568082788671024,69.74953989997768,72.29258320601211,71.0210615529949,25.399361022364218,2.8368794326241136,15.246244306981172,2022-23
1628969,Mikal Bridges,Mikal,1610612751,BKN,26.0,83,42,41,0.506,2963.1766666666667,113.2,285,0.094,0.143,91,0.206,61,0.196,960.0,869.0,789.0,3086.0,8.42,8.419591699490155,1,60,487,263,1,327,77,400,393,20,219,37,195,534,539,528,538,20,82,442,263,179,165,0,21,47,28,25,53,0.528,0.472,0,18,17,5,18,0.0,1.0,0.944,0.278,1628969,Mikal Bridges,0.33905769230769234,0.16753296703296702,5950.3,29.78723404255319,1.7123287671232876,55.033557046979865,26.272597947259396,19.362950544844928,52.55813953488372,39.2800639388682,56.10859728506787,65.74074074074075,0.0,45.45269817328641,45.62753820572677,21.252201498753,33.43986985223989,26.677316293929714,11.347517730496454,19.77890694038475,2022-23
201144,Mike Conley,Mike,1610612750,MIN,35.0,67,34,33,0.507,2028.055,116.1,149,0.075,0.111,73,0.258,14,0.074,660.0,580.0,685.0,2306.0,4.05,4.053728839976822,145,149,385,257,100,441,232,480,486,57,103,248,422,421,446,499,467,199,67,212,128,84,118,4,26,64,19,19,38,0.5,0.5,0,7,7,3,7,0.0,1.0,1.0,0.429,201144,Mike Conley,0.34016451612903226,0.13506129032258066,4110.2,4.787234042553192,46.23287671232877,35.57046979865778,26.98901791600079,8.046940486169321,8.372093023255815,8.242032008421218,34.841628959276015,49.074074074074076,14.814814814814813,34.816281213340034,45.07610238743296,48.58635890170257,46.83123064456777,4.952076677316294,3.546099290780142,4.3193868533750255,2022-23
1629011,Mitchell Robinson,Mitchell,1610612752,NYK,25.0,59,35,24,0.593,1588.8283333333334,112.6,288,0.178,0.261,56,0.272,109,0.641,490.0,462.0,447.0,1536.0,4.77,4.774020112919699,230,137,238,125,171,296,72,110,114,112,87,9,9,335,369,362,351,152,59,521,400,121,106,0,153,338,21,13,34,0.618,0.382,76,108,168,116,184,0.413,0.587,0.939,0.648,1629011,Mitchell Robinson,0.279652027027027,0.0990945945945946,3137.7,55.319148936170215,90.18264840182648,59.06040268456382,68.4566871862483,30.846605196982395,25.581395348837212,27.687479288095282,29.411764705882355,33.33333333333333,0.0,23.431372549019606,75.22430962836829,78.8625694916628,77.04343956001554,27.15654952076677,75.177304964539,48.76588947046428,2022-23
1628420,Monte Morris,Monte,1610612764,WAS,28.0,62,28,34,0.452,1696.0866666666666,117.3,184,0.106,0.153,43,0.213,13,0.076,538.0,536.0,514.0,1892.0,2.86,2.8602185278347934,203,230,403,359,161,482,178,338,354,172,192,262,419,357,420,394,396,268,61,160,67,93,82,5,15,34,16,18,34,0.471,0.529,0,20,19,2,20,0.0,1.0,0.95,0.1,1628420,Monte Morris,0.3029206349206349,0.11883492063492064,3448.5,4.25531914893617,69.86301369863014,27.516778523489982,33.03337708496751,2.933780385582565,12.558139534883722,8.708395875163259,18.552036199095024,21.296296296296298,18.51851851851852,19.504147812971343,63.63154880502763,62.24546702466193,62.93850791484478,10.543130990415335,12.76595744680851,11.543402895792266,2022-23
1626167,Myles Turner,Myles,1610612754,IND,27.0,62,29,33,0.468,1825.21,116.3,378,0.205,0.315,36,0.124,140,0.619,607.0,603.0,521.0,1954.0,3.57,3.5715702373505622,203,220,385,337,139,450,41,64,54,218,458,5,11,389,458,401,405,224,62,667,560,107,80,0,216,488,17,9,26,0.654,0.346,19,75,88,45,94,0.202,0.798,0.989,0.506,1626167,Myles Turner,0.30368307692307694,0.12480000000000001,3745.2,71.80851063829788,66.32420091324201,34.22818791946313,60.493921554819636,44.25817267393127,19.069767441860467,29.14512953468879,17.647058823529413,14.814814814814813,0.0,12.24400871459695,63.25168904648972,57.22415507516187,60.237922060825795,41.533546325878596,51.77304964539007,46.14132281965876,2022-23
1630230,Naji Marshall,Naji,1610612740,NOP,25.0,77,40,37,0.519,1792.0366666666666,111.4,231,0.132,0.195,54,0.178,14,0.101,630.0,481.0,550.0,1892.0,6.12,6.1199814243094055,46,74,450,236,146,220,130,225,229,121,313,248,362,405,384,413,396,87,77,251,131,120,110,1,15,33,11,11,22,0.5,0.5,3,29,32,8,32,0.094,0.906,1.0,0.25,1630230,Naji Marshall,0.300254593175853,0.13416272965879264,3648.9,4.787234042553192,69.86301369863014,67.11409395973152,43.14547190147471,8.298407376362112,25.116279069767444,18.38913039240531,31.221719457013574,31.48148148148148,3.7037037037037033,24.433132227249875,64.95980980085578,49.34275343097627,57.15128161591603,18.051118210862622,19.148936170212767,18.545136292570188,2022-23
1629651,Nic Claxton,Nic,1610612751,BKN,24.0,76,41,35,0.539,2270.6566666666668,111.3,518,0.213,0.331,65,0.193,189,0.568,750.0,740.0,607.0,2328.0,7.68,7.682720722393882,55,65,420,206,61,219,12,54,40,82,265,2,21,469,531,451,470,40,76,919,700,219,173,0,276,632,18,18,36,0.5,0.5,15,94,88,51,109,0.138,0.862,0.936,0.543,1629651,Nic Claxton,0.3332449567723343,0.14217291066282423,4576.3,97.87234042553192,44.97716894977169,67.7852348993289,71.83725402746508,55.993294216261525,71.16279069767441,65.09499210510926,59.72850678733032,41.66666666666667,0.0,38.47473604826546,48.52352807752526,42.59990641561773,45.5617172465715,63.897763578274756,65.24822695035462,64.5054720957107,2022-23
201587,Nicolas Batum,Nicolas,1610612746,LAC,34.0,78,44,34,0.564,1709.57,110.0,237,0.135,0.204,54,0.195,44,0.265,643.0,529.0,516.0,1854.0,6.6,6.60341639162524,38,40,403,163,159,155,124,217,211,121,256,70,142,412,414,396,392,68,77,372,218,154,120,2,56,132,9,17,26,0.346,0.654,3,30,30,14,33,0.091,0.909,0.938,0.438,201587,Nicolas Batum,0.31386629526462395,0.1186100278551532,3477.7,20.74468085106383,72.03196347031964,76.51006711409397,52.636576333560896,15.590947191953058,40.93023255813954,30.794518411664946,35.74660633484163,31.48148148148148,7.4074074074074066,27.16901290430702,58.17826070968578,62.43477830340423,60.306519506545,19.009584664536742,19.858156028368796,19.391441778261168,2022-23
203999,Nikola Jokić,Nikola,1610612743,DEN,28.0,69,48,21,0.696,2323.0066666666667,111.6,650,0.283,0.404,87,0.227,47,0.236,820.0,607.0,667.0,2534.0,7.75,7.750354599874769,123,16,200,36,47,235,3,8,6,28,151,62,167,505,466,487,508,39,69,586,447,139,218,4,280,643,30,20,50,0.6,0.4,28,98,122,89,126,0.222,0.778,1.0,0.73,203999,Nikola Jokić,0.38533608815427,0.16291735537190083,4734.3,22.340425531914892,33.21917808219178,65.77181208053696,37.00583556166732,34.786253143336126,33.95348837209302,34.286594280590265,80.09049773755656,62.03703703703704,14.814814814814813,57.45286576168929,22.57096443946221,25.137552316320054,23.85425837789113,84.98402555910543,68.08510638297872,77.37951192984842,2022-23
202696,Nikola Vučević,Nikola,1610612741,CHI,32.0,82,40,42,0.488,2746.355,112.8,744,0.274,0.385,60,0.149,57,0.243,887.0,612.0,768.0,2646.0,8.1,8.097974234423555,2,74,493,301,4,303,1,11,12,98,398,45,161,525,472,525,522,28,82,672,489,183,164,1,343,741,21,20,41,0.512,0.488,22,134,142,100,156,0.141,0.859,0.979,0.69,202696,Nikola Vučević,0.4053397260273973,0.13873150684931507,5549.9,27.659574468085108,26.82648401826484,57.71812080536917,34.88262939496903,38.30678960603521,54.418604651162795,47.97387863311176,55.65610859728507,37.03703703703704,3.7037037037037033,36.15133232780292,12.604859439962517,45.496827149479365,29.05084329472094,100.0,93.61702127659575,97.1276595744681,2022-23
1626181,Norman Powell,Norman,1610612746,LAC,30.0,60,31,29,0.517,1567.135,113.0,151,0.093,0.142,50,0.214,18,0.111,635.0,473.0,511.0,1676.0,4.67,4.666017535892257,222,191,327,246,176,313,226,409,399,138,189,207,346,406,378,392,368,160,60,204,110,94,88,0,12,27,10,16,26,0.385,0.615,0,15,15,3,15,0.0,1.0,1.0,0.2,1626181,Norman Powell,0.2820922619047619,0.14241666666666666,3212.3,6.914893617021277,82.1917808219178,56.37583892617452,45.62704046602337,6.538139145012574,13.023255813953488,10.429209146377122,21.266968325791854,27.77777777777778,0.0,18.22900955253896,74.00854891678203,42.39471636533579,58.20163264105891,5.271565495207668,9.219858156028367,7.0482971925769835,2022-23
1628384,OG Anunoby,OG,1610612761,TOR,25.0,67,33,34,0.493,2385.6516666666666,111.4,237,0.11,0.159,128,0.26,50,0.193,767.0,521.0,724.0,2452.0,8.07,8.071442474799188,145,162,403,292,37,221,124,311,336,1,100,56,198,479,410,514,493,30,67,434,269,165,241,9,23,54,28,30,58,0.483,0.517,6,41,43,15,47,0.128,0.872,0.977,0.341,1628384,OG Anunoby,0.295024024024024,0.1393063063063063,4776.7,23.93617021276596,37.89954337899543,67.11409395973152,39.61783175768767,19.865884325230514,46.04651162790698,35.5742607068364,90.49773755656109,100.0,33.33333333333333,79.53242835595778,67.56575586451157,45.012969818283935,56.289362841397754,19.009584664536742,27.659574468085108,22.902080076133508,2022-23
1630168,Onyeka Okongwu,Onyeka,1610612737,ATL,22.0,80,41,39,0.513,1848.555,112.4,359,0.19,0.281,56,0.194,107,0.522,609.0,558.0,579.0,2010.0,5.68,5.67623377077922,15,65,472,251,135,279,45,87,91,112,257,10,31,392,434,432,416,109,80,649,519,130,100,1,323,711,23,16,39,0.59,0.41,48,93,107,68,141,0.34,0.66,0.93,0.591,1630168,Onyeka Okongwu,0.34436756756756753,0.12183513513513514,3830.3,54.25531914893617,63.12785388127854,60.40268456375837,58.89754765896156,40.82145850796312,29.767441860465116,34.18904851946432,26.69683257918552,33.33333333333333,3.7037037037037033,23.2713256242668,42.98208067896098,59.71993266057891,51.351006669769944,38.498402555910545,64.53900709219859,50.216674597240164,2022-23
200782,P.J. Tucker,P.J.,1610612755,PHI,38.0,75,48,27,0.64,1920.055,113.3,200,0.108,0.157,39,0.14,15,0.093,599.0,488.0,681.0,1932.0,5.37,5.368806065563879,70,16,291,87,124,333,157,326,342,199,419,238,382,385,388,496,401,121,74,320,168,152,89,5,71,177,18,19,37,0.486,0.514,18,63,78,39,81,0.222,0.778,0.963,0.481,200782,P.J. Tucker,0.303159509202454,0.14274539877300613,3774.2,5.319148936170213,67.57990867579909,54.362416107382586,39.37123163784341,11.399832355406538,40.0,28.559932942162614,21.71945701357466,17.59259259259259,18.51851851851852,19.4748198424669,63.51253814359754,42.11799474057251,52.815266442085026,13.099041533546327,43.262411347517734,26.67255794983346,2022-23
1629023,P.J. Washington,P.J.,1610612766,CHA,24.0,73,24,49,0.329,2379.5633333333335,114.8,285,0.118,0.175,66,0.176,79,0.311,780.0,701.0,571.0,2620.0,5.82,5.820070713808655,92,271,523,449,40,391,77,278,284,75,320,21,113,483,520,425,520,103,73,521,296,225,137,0,68,159,23,19,42,0.548,0.452,3,38,34,14,41,0.073,0.927,1.0,0.412,1629023,P.J. Washington,0.33244350282485874,0.13889830508474577,4960.9,39.361702127659576,28.31050228310502,44.29530201342286,36.727182153506305,22.129086336965635,73.95348837209302,53.223727558042064,43.43891402714932,42.592592592592595,0.0,32.282973018267136,48.9228241577415,45.35641896352516,47.13962156063333,26.677316293929714,25.53191489361702,26.161885663789004,2022-23
1631094,Paolo Banchero,Paolo,1610612753,ORL,20.0,72,31,41,0.431,2429.7233333333334,115.3,413,0.174,0.253,60,0.152,39,0.189,898.0,697.0,674.0,2484.0,5.54,5.5401871372800855,102,191,487,377,31,406,31,120,122,98,385,80,203,527,517,490,499,115,72,473,242,231,90,6,56,121,15,19,34,0.441,0.559,5,42,40,20,47,0.106,0.894,0.93,0.465,1631094,Paolo Banchero,0.3565945205479452,0.1616027397260274,4958.0,18.085106382978726,36.07305936073059,40.93959731543628,30.094512658306265,17.60268231349539,76.74418604651163,53.08758455330513,22.171945701357465,37.03703703703704,22.22222222222222,27.387296799061502,36.89043384955659,26.244175522419877,31.567304685988233,47.12460063897764,28.368794326241137,38.68448779824622,2022-23
1627783,Pascal Siakam,Pascal,1610612761,TOR,29.0,71,35,36,0.493,2652.036666666667,113.3,425,0.177,0.253,65,0.125,36,0.129,759.0,603.0,862.0,2730.0,7.53,7.533465799716885,109,137,441,290,14,331,29,114,123,82,456,89,319,474,458,535,528,41,71,454,250,204,153,2,60,142,30,26,56,0.536,0.464,11,72,75,43,83,0.133,0.867,0.987,0.566,1627783,Pascal Siakam,0.3779831460674158,0.18106460674157304,5312.3,16.48936170212766,22.031963470319635,54.362416107382586,27.897535922308585,18.273260687342834,64.18604651162791,45.820932181913875,50.678733031674206,41.66666666666667,7.4074074074074066,36.70667839785487,26.234307745195284,9.861475574312784,18.047891659754036,49.04153354632588,49.645390070921984,49.31326898239413,2022-23
201976,Patrick Beverley,Patrick,1610612741,CHI,34.0,67,34,33,0.507,1816.5266666666666,113.1,203,0.111,0.158,63,0.238,41,0.247,556.0,462.0,505.0,1830.0,5.26,5.260196169937901,145,149,385,257,142,319,154,306,339,90,133,77,159,364,369,388,388,125,67,228,114,114,129,21,23,53,19,14,33,0.576,0.424,1,9,10,2,10,0.1,0.9,1.0,0.2,201976,Patrick Beverley,0.3514061538461538,0.13556,3705.7,19.148936170212767,73.40182648401826,55.70469798657724,47.27638823413581,6.873428331936295,22.325581395348838,16.14472016998382,39.81900452488688,39.81481481481482,77.77777777777779,49.307231439584385,39.47535403527064,48.16655277519618,43.82095340523341,13.578274760383385,4.964539007092199,9.702093671402352,2022-23
1630172,Patrick Williams,Patrick,1610612741,CHI,21.0,82,40,42,0.488,2322.8416666666667,113.2,249,0.107,0.154,72,0.199,70,0.32,755.0,591.0,667.0,2334.0,6.69,6.6852942432970766,2,74,493,301,48,326,107,331,352,58,241,29,109,472,450,487,471,65,82,450,248,202,153,2,70,159,14,19,33,0.424,0.576,6,57,58,17,63,0.095,0.905,0.983,0.288,1630172,Patrick Williams,0.3125130890052356,0.1463062827225131,4747.7,34.57446808510639,44.63470319634703,55.033557046979865,43.21032261450898,18.105616093880972,63.25581395348837,45.19573480964541,50.678733031674206,48.148148148148145,7.4074074074074066,38.975196916373385,58.85244786267167,39.12049746817799,48.98647266542483,20.926517571884983,39.00709219858156,29.06277615389844,2022-23
202331,Paul George,Paul,1610612746,LAC,33.0,56,32,24,0.571,1938.8916666666667,112.5,297,0.153,0.219,83,0.285,20,0.127,713.0,501.0,510.0,1966.0,5.9,5.897032600844144,253,178,238,149,122,280,69,152,179,32,70,191,321,448,395,390,408,99,56,320,171,149,200,3,24,54,21,33,54,0.389,0.611,1,32,31,10,33,0.03,0.97,1.0,0.323,202331,Paul George,0.3178463855421687,0.15029518072289158,3881.0,7.9787234042553195,65.6392694063927,59.73154362416109,41.09811955997985,11.65129924559933,38.604651162790695,27.82331039591415,71.94570135746606,58.333333333333336,11.11111111111111,51.97272498743087,56.19532151307166,35.76270455901844,45.979013036045046,28.594249201277954,21.27659574468085,25.30130514580926,2022-23
1629656,Quentin Grimes,Quentin,1610612752,NYK,23.0,71,41,30,0.577,2120.9066666666668,114.2,180,0.085,0.121,47,0.176,26,0.143,603.0,548.0,548.0,2014.0,5.44,5.442112931069987,109,65,342,145,86,376,183,452,466,152,319,144,292,387,426,412,417,118,68,358,188,170,96,1,12,27,17,21,38,0.447,0.553,1,12,11,6,13,0.077,0.923,1.0,0.545,1629656,Quentin Grimes,0.2645988023952096,0.13657784431137723,4209.9,11.170212765957446,62.89954337899544,48.322147651006716,38.56346220178306,13.076278290025147,48.372093023255815,34.25376712996355,24.8868778280543,25.0,3.7037037037037033,19.630677057147647,82.72404633692396,47.3097471083061,65.01689672261503,9.904153354632587,7.092198581560284,8.638773706750051,2022-23
1629628,RJ Barrett,RJ,1610612752,NYK,23.0,73,40,33,0.548,2475.465,116.5,308,0.121,0.18,31,0.101,15,0.071,778.0,685.0,719.0,2368.0,4.75,4.7498340702708575,92,74,385,190,22,460,63,268,270,246,489,238,430,481,514,511,477,154,72,388,207,181,56,0,14,34,23,24,47,0.489,0.511,1,24,23,9,25,0.04,0.96,0.92,0.36,1629628,RJ Barrett,0.31976190476190475,0.15895238095238096,4959.4,5.319148936170213,42.69406392694064,32.88590604026848,25.29205845896443,14.668901927912826,53.48837209302325,37.96058402697908,6.787330316742081,10.185185185185185,0.0,6.279746941511647,55.240981817785794,28.475206723527148,41.85809427065647,30.35143769968051,15.602836879432624,23.71456733056896,2022-23
203493,Reggie Bullock Jr.,Reggie,1610612742,DAL,32.0,78,37,41,0.474,2364.485,116.5,251,0.112,0.169,54,0.194,13,0.073,684.0,672.0,679.0,2606.0,4.48,4.482776320842514,38,110,487,324,44,461,105,302,298,121,261,262,425,436,506,494,518,171,78,229,129,100,99,0,51,119,14,17,31,0.452,0.548,0,32,30,14,32,0.0,1.0,0.968,0.452,203493,Reggie Bullock Jr.,0.3199396551724138,0.1257844827586207,4675.5,4.25531914893617,29.10958904109589,32.88590604026848,20.11196033402515,8.130762782900252,15.813953488372093,12.740677206183356,26.244343891402718,31.48148148148148,0.0,21.516256075079603,55.152423963155904,56.395432649626606,55.773928306391255,21.24600638977636,21.27659574468085,21.25977159948338,2022-23
202704,Reggie Jackson,Reggie,1610612743,DEN,33.0,68,36,32,0.529,1656.8533333333332,111.7,119,0.071,0.102,47,0.197,6,0.038,609.0,457.0,472.0,1680.0,5.41,5.406992448366017,133,126,377,219,167,243,268,488,502,152,245,365,482,392,366,373,369,120,67,279,121,158,70,3,26,61,15,18,33,0.455,0.545,0,22,20,2,22,0.0,1.0,0.952,0.095,202704,Reggie Jackson,0.3248684210526316,0.15821052631578947,3312.2,0.5319148936170213,81.9634703196347,65.1006711409396,45.17514835455385,7.460184409052808,42.7906976744186,28.658492368272285,13.122171945701359,25.0,11.11111111111111,16.77664655605832,52.69684070416329,29.09968853232187,40.89826461824258,0.1597444089456869,14.184397163120568,6.4708381483243835,2022-23
1626220,Royce O'Neale,Royce,1610612751,BKN,30.0,76,42,34,0.553,2409.235,111.8,329,0.129,0.204,65,0.19,49,0.147,827.0,714.0,638.0,2436.0,7.78,7.782026393541909,55,60,403,179,34,255,56,236,212,82,276,58,282,511,525,465,489,38,76,360,193,167,122,1,61,139,18,20,38,0.474,0.526,0,68,61,22,68,0.0,1.0,0.953,0.344,1626220,Royce O'Neale,0.35166759776536316,0.15837709497206703,4836.7,23.404255319148938,38.81278538812785,64.42953020134232,39.0535595638399,13.4953897736798,46.97674418604651,33.584202421099825,36.65158371040724,41.66666666666667,3.7037037037037033,30.169892743422157,39.34509885034644,28.959473602563335,34.15228622645489,33.70607028753994,46.808510638297875,39.60216844538101,2022-23
203497,Rudy Gobert,Rudy,1610612750,MIN,31.0,70,34,36,0.486,2148.483333333333,110.3,583,0.26,0.387,56,0.171,95,0.426,804.0,569.0,651.0,2184.0,7.79,7.7882864938409035,116,149,441,307,78,174,6,17,10,112,333,15,59,496,440,472,451,37,70,708,582,126,101,1,345,802,10,12,22,0.455,0.545,36,100,126,84,136,0.265,0.735,0.969,0.646,203497,Rudy Gobert,0.3487215909090909,0.12175852272727274,4378.7,47.87234042553192,53.19634703196348,74.49664429530203,56.39181870522549,46.102263202011734,27.906976744186046,35.18509132731632,27.149321266968325,33.33333333333333,3.7037037037037033,23.452321099379922,40.812842560019256,59.78442380571464,50.29863318286695,74.28115015974441,69.50354609929079,72.13122833254027,2022-23
201566,Russell Westbrook,Russell,1610612746,LAC,34.0,73,36,37,0.493,2125.826666666667,114.3,334,0.147,0.22,76,0.238,33,0.166,811.0,667.0,666.0,2352.0,5.71,5.705603041543479,92,126,450,288,84,381,52,181,174,50,135,102,248,502,504,483,474,108,73,259,129,130,130,5,18,41,27,23,50,0.54,0.46,6,15,20,12,21,0.286,0.714,0.952,0.571,201566,Russell Westbrook,0.28992977528089886,0.11000280898876405,4485.4,14.893617021276595,43.60730593607306,47.65100671140943,33.13275556398857,8.130762782900252,29.767441860465116,21.11277022943917,40.27149321266968,51.85185185185185,18.51851851851852,38.886375062845644,70.10378510647051,69.68020259713232,69.89199385180142,34.504792332268366,9.219858156028367,23.12657195296037,2022-23
1630180,Saddiq Bey,Saddiq,1610612737,ATL,24.0,77,24,53,0.312,2128.695,117.0,264,0.127,0.19,70,0.208,13,0.08,791.0,635.0,648.0,2542.0,3.81,3.8088640425551845,46,271,531,457,83,473,96,245,240,63,214,262,411,490,490,469,509,210,76,251,145,106,114,0,21,47,26,33,59,0.441,0.559,2,38,34,19,40,0.05,0.95,1.0,0.559,1630180,Saddiq Bey,0.33430470914127425,0.14478116343490305,4402.7,4.25531914893617,32.76255707762557,29.53020134228191,20.551572972313895,9.471919530595137,18.6046511627907,14.951558509912473,33.03167420814479,46.2962962962963,0.0,29.41637338696162,47.995543945373356,40.404319398213175,44.199931671793266,23.322683706070286,25.53191489361702,24.31683774046632,2022-23
1630583,Santi Aldama,Santi,1610612763,MEM,22.0,77,47,30,0.61,1681.7483333333332,110.2,286,0.162,0.24,45,0.159,48,0.279,561.0,510.0,478.0,1688.0,6.32,6.3234152712509495,46,22,342,110,163,168,74,137,140,159,369,60,132,369,400,375,372,78,77,502,327,175,70,3,48,113,12,6,18,0.667,0.333,8,49,52,25,57,0.14,0.86,0.963,0.463,1630583,Santi Aldama,0.35438605898123327,0.11575871313672921,3497.8,22.872340425531913,81.5068493150685,75.16778523489933,56.46827973921157,24.727577535624476,50.697674418604656,40.309635665412586,13.122171945701359,23.14814814814815,11.11111111111111,16.128498407910172,37.99072170723564,64.83497112417776,51.412846415706696,26.837060702875398,33.33333333333333,29.760383386581466,2022-23
1630567,Scottie Barnes,Scottie,1610612761,TOR,21.0,77,38,39,0.494,2677.55,111.6,333,0.135,0.201,83,0.159,61,0.215,788.0,633.0,799.0,2704.0,8.88,8.880632437209934,46,95,472,286,12,237,53,214,219,32,370,37,180,488,489,530,524,17,77,532,323,209,146,1,83,192,30,24,54,0.556,0.444,13,62,72,37,75,0.173,0.827,1.0,0.514,1630567,Scottie Barnes,0.43063978494623656,0.1927795698924731,5366.2,29.78723404255319,23.515981735159816,65.77181208053696,36.58844024446145,24.392288348700756,66.51162790697674,49.66389208366635,47.511312217194565,58.333333333333336,3.7037037037037033,40.34711747947042,0.0,0.0,0.0,34.34504792332269,42.5531914893617,38.03871252804025,2022-23
1631101,Shaedon Sharpe,Shaedon,1610612757,POR,20.0,80,32,48,0.4,1778.6033333333332,118.4,173,0.102,0.154,38,0.151,24,0.144,735.0,456.0,594.0,1938.0,2.48,2.48143154498564,15,178,520,407,148,499,191,356,353,203,388,160,291,461,365,446,402,297,80,264,102,162,68,3,8,20,10,10,20,0.5,0.5,0,20,19,6,20,0.0,1.0,0.95,0.3,1631101,Shaedon Sharpe,0.3224347826086957,0.1512225063938619,3647.9,10.106382978723403,67.23744292237443,20.134228187919454,32.60921526130027,5.86756077116513,44.651162790697676,29.137721982884656,12.217194570135746,16.666666666666664,11.11111111111111,13.49798893916541,53.90931497593896,34.98209608966919,44.44570553280408,8.78594249201278,12.76595744680851,10.576949221670858,2022-23
1628983,Shai Gilgeous-Alexander,Shai,1610612760,OKC,24.0,68,33,35,0.485,2415.985,113.3,270,0.109,0.169,112,0.269,65,0.302,741.0,802.0,578.0,2596.0,6.88,6.8786308886909975,133,162,420,309,33,334,90,322,299,6,89,32,118,463,536,431,516,54,68,469,245,224,244,0,25,59,32,39,71,0.451,0.549,1,15,16,4,16,0.063,0.938,1.0,0.25,1628983,Shai Gilgeous-Alexander,0.350957507082153,0.16545892351274785,5081.6,31.914893617021278,29.68036529680365,54.362416107382586,36.74468932753544,17.85414920368818,73.48837209302326,51.23468293728923,91.8552036199095,85.18518518518519,0.0,66.55689626277862,39.69887641585345,22.99809939456769,31.34848790521057,24.281150159744406,9.219858156028367,17.50356875807219,2022-23
1629003,Shake Milton,Shake,1610612755,PHI,26.0,76,52,24,0.684,1567.3533333333332,110.2,152,0.096,0.145,25,0.093,13,0.086,563.0,457.0,492.0,1658.0,6.04,6.042117168752744,55,8,238,45,175,166,224,392,384,284,493,262,402,370,366,385,365,94,71,172,81,91,70,1,12,30,19,14,33,0.576,0.424,1,14,15,8,15,0.067,0.933,1.0,0.533,1629003,Shake Milton,0.2950414364640884,0.1322707182320442,3195.3,4.25531914893617,83.21917808219177,75.16778523489933,49.62078629706642,4.107292539815591,11.627906976744185,8.619661201972747,13.122171945701359,4.62962962962963,3.7037037037037033,7.79516507457684,67.55708073216414,50.935419513734445,59.24625012294929,5.431309904153355,8.51063829787234,6.817007681326899,2022-23
203915,Spencer Dinwiddie,Spencer,1610612751,BKN,30.0,79,41,38,0.519,2725.335,114.2,242,0.092,0.14,67,0.168,24,0.097,797.0,783.0,742.0,2842.0,6.83,6.825373806158346,27,65,459,237,8,375,117,416,412,72,339,160,374,494,533,518,533,58,79,336,176,160,89,4,29,70,15,15,30,0.5,0.5,0,27,27,10,27,0.0,1.0,1.0,0.37,203915,Spencer Dinwiddie,0.3591189801699717,0.18689235127478754,5356.0,10.106382978723403,15.639269406392694,48.322147651006716,21.596834396478485,12.070410729253982,43.72093023255814,31.060722431236478,21.71945701357466,43.51851851851852,14.814814814814813,27.62296799061505,35.632711138333576,4.955769971370776,20.294240554852177,19.808306709265175,17.73049645390071,18.873292094351164,2022-23
201939,Stephen Curry,Stephen,1610612744,GSW,35.0,56,30,26,0.536,1941.1516666666666,112.4,302,0.147,0.216,52,0.17,20,0.122,755.0,553.0,643.0,2032.0,6.08,6.081585492420471,253,207,273,212,120,276,66,185,186,132,335,191,327,472,431,467,424,90,56,264,126,138,99,9,50,125,26,23,49,0.531,0.469,1,6,6,4,7,0.143,0.857,1.0,0.667,201939,Stephen Curry,0.3287484662576687,0.1628803680981595,4107.8,7.9787234042553195,61.87214611872146,60.40268456375837,39.94741164419423,7.879295892707461,33.48837209302326,23.244741612896938,26.244343891402718,29.629629629629626,33.33333333333333,29.20144126026479,50.76374542612127,25.168687633765117,37.966216529943196,29.39297124600639,2.8368794326241136,17.442729929984367,2022-23
204456,T.J. McConnell,T.J.,1610612754,IND,31.0,75,31,44,0.413,1526.4133333333334,112.9,189,0.123,0.193,81,0.31,10,0.053,603.0,474.0,464.0,1682.0,4.57,4.566930007191589,70,191,504,397,185,305,169,257,232,41,46,311,462,387,380,367,370,164,74,153,68,85,168,9,3,7,24,36,60,0.4,0.6,1,5,6,4,6,0.167,0.833,1.0,0.667,204456,T.J. McConnell,0.27625,0.10112078651685394,3172.7,2.6595744680851063,81.84931506849315,57.04697986577179,43.972835027649595,3.0176026823134956,8.837209302325581,6.509366654320747,57.466063348416284,56.481481481481474,33.33333333333333,51.08827719121837,76.91924925772614,77.15695233411373,77.03810079591993,11.341853035143771,2.127659574468085,7.195465977839713,2022-23
1631106,Tari Eason,Tari,1610612745,HOU,22.0,82,22,60,0.268,1767.22,113.4,301,0.172,0.251,96,0.309,47,0.263,773.0,431.0,636.0,1776.0,5.03,5.029172947737311,2,290,537,475,150,342,68,125,126,16,48,62,144,480,359,464,381,139,82,358,191,167,162,0,20,47,36,36,72,0.5,0.5,13,31,39,31,44,0.295,0.705,0.951,0.756,1631106,Tari Eason,0.3600447368421053,0.17594473684210524,3600.2,22.340425531914892,76.48401826484019,53.691275167785214,49.12839539740633,13.327745180217937,46.97674418604651,33.51714458371508,54.75113122171946,70.37037037037037,0.0,46.53008211831741,35.17148562240552,14.171303211575296,24.67139441699041,29.233226837060705,20.56737588652482,25.33359390931956,2022-23
1629611,Terance Mann,Terance,1610612746,LAC,26.0,81,44,37,0.543,1872.1766666666667,113.5,199,0.107,0.163,42,0.16,22,0.136,677.0,515.0,587.0,2026.0,5.21,5.206703155358893,11,40,450,201,133,343,159,334,323,181,366,174,313,430,404,438,422,130,81,235,158,77,102,1,36,81,21,9,30,0.7,0.3,4,15,18,5,19,0.211,0.789,0.947,0.263,1629611,Terance Mann,0.3117248677248677,0.10647883597883598,3758.7,9.042553191489363,62.21461187214612,53.02013422818794,38.647168988893874,10.561609388097235,5.116279069767442,7.294411197099359,27.601809954751133,20.37037037037037,3.7037037037037033,19.09627953745601,59.24515123456883,72.64662880900421,65.94589002178652,12.939297124600637,9.219858156028367,11.265549588743117,2022-23
1626179,Terry Rozier,Terry,1610612766,CHA,29.0,63,19,44,0.302,2220.9266666666667,115.6,208,0.095,0.14,74,0.211,16,0.073,719.0,659.0,576.0,2476.0,4.85,4.845364792006074,189,324,504,459,67,420,153,398,413,54,204,228,426,451,502,428,498,147,62,214,92,122,106,2,14,32,26,24,50,0.52,0.48,0,4,3,1,4,0.0,1.0,0.75,0.25,1626179,Terry Rozier,0.3680432098765432,0.15370061728395062,4565.0,5.851063829787234,36.5296803652968,38.92617449664436,24.85735728392986,5.029337803855825,26.046511627906977,17.639642098286515,29.411764705882355,50.0,7.4074074074074066,31.116557734204793,31.186529355827545,32.89606050438688,32.04129493010721,14.376996805111823,1.4184397163120568,8.545646115151929,2022-23
203501,Tim Hardaway Jr.,Tim,1610612742,DAL,31.0,71,37,34,0.521,2152.233333333333,114.5,230,0.108,0.162,49,0.179,12,0.074,646.0,619.0,577.0,2144.0,5.31,5.3103393821544955,109,110,403,231,76,385,133,325,326,144,307,278,422,415,478,430,444,124,71,279,158,121,69,21,34,84,12,12,24,0.5,0.5,0,22,21,5,22,0.0,1.0,1.0,0.238,203501,Tim Hardaway Jr.,0.3359971098265896,0.16485549132947977,4280.8,3.723404255319149,55.47945205479452,46.308724832214786,32.48435112935944,10.561609388097235,25.581395348837212,19.57348096454122,12.669683257918551,26.851851851851855,77.77777777777779,33.91046589576001,47.152365167690306,23.506059313809537,35.329212240749925,17.89137380191693,14.184397163120568,16.22323431445857,2022-23
202699,Tobias Harris,Tobias,1610612755,PHI,30.0,74,47,27,0.635,2435.8783333333336,111.7,357,0.15,0.218,68,0.185,40,0.16,823.0,605.0,812.0,2370.0,7.86,7.857683763939243,79,22,291,91,28,246,46,173,180,70,290,79,260,508,463,531,479,36,74,273,156,117,102,0,17,40,21,24,45,0.467,0.533,13,46,49,29,59,0.22,0.78,0.891,0.527,202699,Tobias Harris,0.31525872093023255,0.10994476744186046,4764.3,18.617021276595743,42.57990867579909,65.1006711409396,38.624944332402876,10.393964794635373,23.72093023255814,18.39014405738903,27.601809954751133,44.44444444444444,0.0,26.596279537456006,57.48453387482362,69.72906107749733,63.60679747616048,38.17891373801917,31.20567375886525,35.040955747399906,2022-23
1628470,Torrey Craig,Torrey,1610612756,PHX,32.0,79,44,35,0.557,1947.8416666666667,115.5,281,0.146,0.222,50,0.178,62,0.295,644.0,578.0,585.0,2018.0,4.29,4.293207726168566,27,40,420,171,118,417,82,189,170,138,312,36,122,413,445,436,419,185,78,423,244,179,106,3,42,100,22,21,43,0.512,0.488,9,24,27,13,33,0.273,0.727,0.9,0.433,1628470,Torrey Craig,0.30250842696629215,0.15620224719101122,3936.8,30.319148936170215,62.671232876712324,39.59731543624163,43.96191994037781,17.77032690695725,52.55813953488372,38.64301448371313,29.411764705882355,27.77777777777778,11.11111111111111,24.264705882352942,63.83691683761573,30.790226972801843,47.31357190520879,26.038338658146966,15.602836879432624,21.342362857725515,2022-23
1629027,Trae Young,Trae,1610612737,ATL,24.0,73,38,35,0.521,2540.74,114.6,161,0.062,0.093,80,0.22,9,0.034,820.0,785.0,884.0,2998.0,6.36,6.36392917259374,92,95,420,233,19,388,210,513,513,42,173,321,486,505,534,537,535,77,72,120,39,81,128,5,5,11,23,22,45,0.511,0.489,0,7,7,1,7,0.0,1.0,1.0,0.143,1629027,Trae Young,0.3435739130434783,0.14908695652173914,5354.8,2.127659574468085,6.735159817351597,45.637583892617506,14.617765739014668,0.586756077116513,6.976744186046512,4.4207489424745114,39.366515837104075,55.55555555555556,18.51851851851852,39.820680408915706,43.37749097235702,36.779769085341165,40.07863002884909,6.869009584664537,3.546099290780142,5.37369995241656,2022-23
1630200,Tre Jones,Tre,1610612759,SAS,23.0,68,20,48,0.294,1983.7383333333332,118.8,189,0.099,0.149,89,0.282,9,0.058,698.0,630.0,587.0,2382.0,2.53,2.5277206033008333,133,310,520,463,108,504,169,369,368,24,75,321,453,441,487,438,482,294,68,266,150,116,177,10,17,38,19,29,48,0.396,0.604,2,8,10,4,10,0.2,0.8,1.0,0.4,1630200,Tre Jones,0.3582028169014085,0.13473521126760565,4127.5,2.127659574468085,41.89497716894977,17.44966442953025,19.87672194630222,9.89103101424979,23.25581395348837,17.909900777792938,61.53846153846154,63.888888888888886,37.03703703703704,56.23575498575499,36.08915708027155,48.860847228683255,42.4750021544774,11.341853035143771,4.25531914893617,8.15291278635035,2022-23
1630530,Trey Murphy III,Trey,1610612740,NOP,23.0,79,39,40,0.494,2448.005,112.8,222,0.092,0.133,89,0.222,43,0.215,948.0,672.0,713.0,2598.0,7.29,7.29363860593366,27,89,481,285,26,302,143,419,433,24,168,72,179,532,506,509,517,48,79,413,241,172,141,0,24,54,13,14,27,0.481,0.519,1,30,30,12,31,0.032,0.968,1.0,0.4,1630530,Trey Murphy III,0.3662283464566929,0.18855380577427822,4971.7,20.212765957446805,29.5662100456621,57.71812080536917,32.86281010030275,17.51886001676446,49.30232558139535,36.58893935554299,45.248868778280546,63.888888888888886,0.0,40.460658622423324,32.090720859227915,3.5571831594864745,17.823952009357196,16.61341853035144,19.858156028368796,18.07355040445925,2022-23
1628972,Troy Brown Jr.,Troy,1610612747,LAL,23.0,76,40,36,0.526,1859.79,112.5,246,0.123,0.182,59,0.246,16,0.089,625.0,525.0,572.0,2080.0,5.68,5.6758264112978845,55,74,441,222,134,282,112,259,263,102,124,228,392,402,412,426,436,109,75,360,192,168,97,1,14,32,17,12,29,0.586,0.414,4,21,25,12,25,0.16,0.84,1.0,0.48,1628972,Troy Brown Jr.,0.35080281690140847,0.13204788732394368,3836.8,5.851063829787234,59.1324200913242,59.73154362416109,37.969658469918635,13.411567476948868,47.44186046511628,33.82974326984931,25.339366515837103,36.11111111111111,3.7037037037037033,23.700561421149654,39.77594532669205,51.12299514065961,45.44947023367583,20.447284345047922,13.47517730496454,17.3098361770104,2022-23
1629639,Tyler Herro,Tyler,1610612748,MIA,23.0,67,37,30,0.552,2335.391666666667,111.3,333,0.154,0.222,51,0.131,16,0.115,719.0,585.0,630.0,2282.0,7.92,7.917850484096204,145,110,342,181,46,214,53,149,167,135,441,228,340,451,448,461,464,35,67,308,151,157,90,0,18,38,13,20,33,0.394,0.606,0,12,11,6,12,0.0,1.0,1.0,0.545,1629639,Tyler Herro,0.3478795180722891,0.13031626506024097,4582.1,5.851063829787234,47.6027397260274,67.7852348993289,35.9476931608567,9.97485331098072,42.32558139534884,29.385290161601592,22.171945701357465,28.703703703703702,0.0,18.91507457683928,41.23237556506665,52.580648095899896,46.90651183048327,34.34504792332269,7.092198581560284,22.081265719529608,2022-23
1630169,Tyrese Haliburton,Tyrese,1610612754,IND,23.0,56,28,28,0.5,1882.8533333333332,117.9,172,0.092,0.141,91,0.307,25,0.11,655.0,610.0,552.0,2076.0,2.83,2.8292654479513093,253,230,312,264,131,490,193,417,403,20,50,154,349,418,469,415,433,269,56,203,78,125,147,1,4,11,18,24,42,0.429,0.571,0,6,5,1,6,0.0,1.0,1.0,0.2,1630169,Tyrese Haliburton,0.34689932885906044,0.13427852348993288,3876.9,10.638297872340425,59.3607305936073,23.489932885906033,30.904058078175233,3.8558256496227994,27.44186046511628,18.007446538918888,47.963800904977376,65.74074074074075,3.7037037037037033,43.12070554717613,41.72072016920173,49.245279967104736,45.48300006815323,8.626198083067091,2.8368794326241136,6.021004690367752,2022-23
1630178,Tyrese Maxey,Tyrese,1610612755,PHI,22.0,60,39,21,0.65,2015.77,112.6,153,0.079,0.115,49,0.161,8,0.044,669.0,457.0,619.0,1978.0,6.07,6.0698798600119535,222,89,200,77,104,292,222,469,474,144,361,333,474,427,366,456,410,92,59,207,87,120,65,1,10,22,11,21,32,0.344,0.656,0,32,28,7,32,0.0,1.0,0.875,0.219,1630178,Tyrese Maxey,0.27936253776435044,0.12511480362537764,3951.2,1.5957446808510638,64.95433789954338,59.06040268456382,38.13741680832156,4.610226320201174,25.116279069767444,16.913857969940935,10.85972850678733,26.851851851851855,3.7037037037037033,14.667965476789007,75.3685374136522,56.95915823117878,66.16384782241549,5.5910543130990416,21.27659574468085,12.649547957310856,2022-23
1626145,Tyus Jones,Tyus,1610612763,MEM,27.0,80,51,29,0.638,1939.4233333333334,111.6,172,0.084,0.128,83,0.234,6,0.027,612.0,616.0,529.0,1910.0,6.43,6.4253990372569385,15,10,327,90,121,236,193,455,446,32,140,365,487,394,476,405,399,74,79,129,32,97,118,3,13,30,7,10,17,0.412,0.588,0,8,7,3,8,0.0,1.0,1.0,0.429,1626145,Tyus Jones,0.305855614973262,0.12294385026737968,4006.5,0.5319148936170213,68.83561643835617,65.77181208053696,40.74818473100571,0.0,14.418604651162791,8.651162790697674,34.841628959276015,58.333333333333336,11.11111111111111,37.13109602815485,62.16929881022977,58.786633336059865,60.47796607314481,8.626198083067091,4.25531914893617,6.659302562708177,2022-23
1631117,Walker Kessler,Walker,1610612762,UTA,21.0,74,34,40,0.459,1703.2066666666667,112.7,389,0.205,0.301,26,0.144,173,0.673,684.0,517.0,663.0,1784.0,5.12,5.122805109401253,79,149,481,349,160,297,38,65,62,279,406,4,4,436,406,478,383,134,74,801,686,115,59,0,203,488,21,9,30,0.7,0.3,40,101,131,80,141,0.284,0.716,0.978,0.597,1631117,Walker Kessler,0.34831073446327687,0.13390112994350284,3540.8,89.36170212765957,76.02739726027397,58.38926174496643,76.95158532840132,54.8197820620285,22.790697674418606,35.602331429462566,8.144796380090497,5.555555555555555,0.0,5.202362996480643,41.0175372512886,49.56296404276802,45.290250647028316,43.29073482428115,70.2127659574468,55.4056488342057,2022-23
1628976,Wendell Carter Jr.,Wendell,1610612753,ORL,24.0,57,26,31,0.456,1689.54,111.4,377,0.221,0.313,30,0.119,33,0.212,655.0,420.0,443.0,1690.0,5.72,5.716581439786975,246,253,357,352,162,223,42,43,55,252,468,102,184,418,351,359,373,107,57,439,304,135,61,0,216,470,17,13,30,0.567,0.433,26,62,78,49,88,0.295,0.705,0.94,0.59,1628976,Wendell Carter Jr.,0.371368932038835,0.15837216828478964,3436.9,14.893617021276595,81.39269406392694,67.11409395973152,51.223413220817946,22.799664710813076,32.093023255813954,28.3756798378136,9.049773755656108,9.25925925925926,0.0,6.8606502430031835,29.529605926260327,28.963620812044272,29.2466133691523,41.373801916932905,42.5531914893617,41.904527224525864,2022-23
203897,Zach LaVine,Zach,1610612741,CHI,28.0,77,38,39,0.494,2767.95,111.7,303,0.108,0.155,69,0.163,18,0.073,884.0,656.0,747.0,2710.0,9.09,9.092125948030686,46,95,472,286,3,244,65,324,349,68,356,207,429,524,500,521,526,15,77,437,188,249,96,0,25,50,25,12,37,0.676,0.324,0,15,14,7,15,0.0,1.0,0.933,0.467,203897,Zach LaVine,0.35653462603878117,0.17921883656509693,5618.8,6.914893617021277,23.17351598173516,65.1006711409396,27.151855825650713,13.076278290025147,85.11627906976744,56.30027875787052,24.8868778280543,45.370370370370374,0.0,25.83438076085135,36.92027417015269,11.415216484689925,24.167745327421308,29.552715654952078,9.219858156028367,20.40292978043641,2022-23
