PLAYER_ID,PLAYER_NAME,NICKNAME,TEAM_ID,TEAM_ABBREVIATION,AGE,GP,W,L,W_PCT,MIN,DEF_RATING,DREB,DREB_PCT,PCT_DREB,STL,PCT_STL,BLK,PCT_BLK,OPP_PTS_OFF_TOV,OPP_PTS_2ND_CHANCE,OPP_PTS_FB,OPP_PTS_PAINT,DEF_WS,DEF_WS_RAW,GP_RANK,W_RANK,L_RANK,W_PCT_RANK,MIN_RANK,DEF_RATING_RANK,DREB_RANK,DREB_PCT_RANK,PCT_DREB_RANK,STL_RANK,PCT_STL_RANK,BLK_RANK,PCT_BLK_RANK,OPP_PTS_OFF_TOV_RANK,OPP_PTS_2ND_CHANCE_RANK,OPP_PTS_FB_RANK,OPP_PTS_PAINT_RANK,DEF_WS_RANK,G,CONTESTED_SHOTS,CONTESTED_SHOTS_2PT,CONTESTED_SHOTS_3PT,DEFLECTIONS,CHARGES_DRAWN,SCREEN_ASSISTS,SCREEN_AST_PTS,OFF_LOOSE_BALLS_RECOVERED,DEF_LOOSE_BALLS_RECOVERED,LOOSE_BALLS_RECOVERED,PCT_LOOSE_BALLS_RECOVERED_OFF,PCT_LOOSE_BALLS_RECOVERED_DEF,OFF_BOXOUTS,DEF_BOXOUTS,BOX_OUT_PLAYER_TEAM_REBS,BOX_OUT_PLAYER_REBS,BOX_OUTS,PCT_BOX_OUTS_OFF,PCT_BOX_OUTS_DEF,PCT_BOX_OUTS_TEAM_REB,PCT_BOX_OUTS_REB,DEF_PLAYER_ID,DEF_PLAYER_NAME,avg_fg_pct_allowed,avg_3fg_pct_allowed,total_possessions,BLK_score,OPP_PTS_PAINT_score,DEF_RATING_score,rim_protection_score,CONTESTED_SHOTS_2PT_score,CONTESTED_SHOTS_3PT_score,shot_contesting_score,DEFLECTIONS_score,STL_score,CHARGES_DRAWN_score,ball_disruption_score,avg_fg_pct_allowed_score,avg_3fg_pct_allowed_score,on_ball_matchup_def_score,DREB_score,DEF_BOXOUTS_score,def_reb_score,SEASON,got_dpoy_votes
203932,Aaron Gordon,Aaron,1610612753,ORL,20.0,78,32,46,0.41,1863.12,104.6,353,0.189,0.273,59,0.186,55,0.252,607.0,408.0,519.0,1710.0,5.5,5.504803656379219,81,183,423,325,135,256,55,80,97,117,241,57,138,336,294,353,355,117,1,2,2,0,0,0,0,0,0,0,1,0.0,0.0,0,0,0,0,0,0.0,0.0,0.0,0.0,,,,,,19.850187265917604,67.41706161137441,36.47798742138371,40.65554332569401,8.695652173913043,0.0,3.4782608695652173,0.0,29.03225806451613,0.0,10.161290322580646,,,,35.34609720176731,,,2015-16,0.0
201143,Al Horford,Al,1610612737,ATL,30.0,82,48,34,0.585,2631.181666666667,98.7,448,0.158,0.241,68,0.144,121,0.383,823.0,710.0,622.0,2188.0,12.64,12.64013313167898,1,48,307,133,27,55,28,138,134,88,362,14,79,431,451,405,430,3,2,25,22,3,3,0,6,12,0,0,0,0.0,0.0,0,0,0,0,0,0.0,0.0,0.0,0.0,,,,,,44.569288389513105,39.09952606635071,73.58490566037736,49.90877589412233,95.65217391304348,27.27272727272727,54.62450592885376,27.27272727272727,34.83870967741935,0.0,23.10263929618768,,,,49.337260677466865,,,2015-16,0.0
202087,Alonzo Gee,Alonzo,1610612740,NOP,29.0,73,27,46,0.37,1632.0016666666668,104.7,185,0.111,0.16,63,0.227,13,0.087,494.0,442.0,390.0,1530.0,4.79,4.785808072049749,144,247,423,366,175,262,180,275,294,101,137,252,326,282,320,283,326,162,1,2,2,0,3,0,0,0,0,0,1,0.0,0.0,0,0,0,0,0,0.0,0.0,0.0,0.0,,,,,,4.119850187265917,78.08056872037915,35.84905660377359,37.93840327798246,8.695652173913043,0.0,3.4782608695652173,27.27272727272727,31.61290322580645,0.0,21.973607038123163,,,,10.603829160530193,,,2015-16,0.0
2738,Andre Iguodala,Andre,1610612744,GSW,32.0,65,59,6,0.908,1731.6416666666669,99.6,211,0.11,0.171,73,0.222,19,0.09,616.0,507.0,513.0,1630.0,7.82,7.818886300596453,221,16,39,8,153,70,152,279,267,75,148,195,319,339,356,352,338,52,2,3,3,0,3,0,1,3,0,0,5,0.0,0.0,0,0,0,0,0,0.0,0.0,0.0,0.0,,,,,,6.367041198501873,72.1563981042654,67.92452830188684,44.78268789136535,13.043478260869565,0.0,5.217391304347826,27.27272727272727,38.064516129032256,0.0,24.231671554252195,,,,14.432989690721648,,,2015-16,0.0
203952,Andrew Wiggins,Andrew,1610612750,MIN,21.0,81,29,52,0.358,2844.59,107.9,186,0.066,0.1,78,0.161,46,0.158,996.0,767.0,802.0,2724.0,5.36,5.356686343547082,19,215,446,375,8,389,179,443,455,64,308,77,220,471,466,466,475,131,1,12,4,8,8,0,1,2,0,0,5,0.0,0.0,0,0,0,0,0,0.0,0.0,0.0,0.0,,,,,,16.479400749063668,7.345971563981042,15.723270440251566,13.093667957081724,17.391304347826086,72.72727272727273,50.59288537549408,72.72727272727273,41.29032258064516,0.0,43.5425219941349,,,,10.751104565537556,,,2015-16,0.0
203076,Anthony Davis,Anthony,1610612740,NOP,23.0,61,24,37,0.393,2164.26,107.8,497,0.234,0.332,78,0.226,125,0.568,651.0,510.0,552.0,1934.0,4.17,4.173998584249935,241,271,343,343,87,381,15,26,32,64,139,12,23,354,357,361,390,197,1,15,9,6,1,0,3,6,0,0,1,0.0,0.0,0,0,0,0,0,0.0,0.0,0.0,0.0,,,,,,46.06741573033708,54.14691943127961,16.352201257861683,41.46643840754811,39.130434782608695,54.54545454545454,48.37944664031619,9.090909090909092,41.29032258064516,0.0,18.08797653958944,,,,56.553755522827686,,,2015-16,0.0
201167,Arron Afflalo,Arron,1610612752,NYK,30.0,71,27,44,0.38,2370.923333333333,107.4,243,0.098,0.142,25,0.11,10,0.035,719.0,631.0,633.0,2174.0,4.84,4.835332103351281,172,247,413,359,55,363,124,322,341,276,426,286,417,386,420,411,428,158,1,9,3,6,0,0,0,0,0,0,2,0.0,0.0,0,0,0,0,0,0.0,0.0,0.0,0.0,,,,,,2.9962546816479403,39.92890995260663,18.86792452830188,19.890601488146967,13.043478260869565,54.54545454545454,37.94466403162055,0.0,7.096774193548387,0.0,2.4838709677419355,,,,19.145802650957293,,,2015-16,0.0
2546,Carmelo Anthony,Carmelo,1610612752,NYK,32.0,72,32,40,0.444,2529.8,107.4,458,0.173,0.256,62,0.212,38,0.127,802.0,663.0,694.0,2262.0,5.13,5.129599830794161,157,183,378,286,37,365,25,113,118,106,171,101,258,422,435,438,439,145,1,2,1,1,2,0,0,0,0,0,0,0.0,0.0,0,0,0,0,0,0.0,0.0,0.0,0.0,,,,,,13.48314606741573,34.71563981042654,18.86792452830188,22.26071349269105,4.3478260869565215,9.090909090909092,7.1936758893280635,18.181818181818183,30.967741935483872,0.0,18.111436950146626,,,,50.8100147275405,,,2015-16,0.0
202718,Chandler Parsons,Chandler,1610612742,DAL,27.0,61,29,32,0.475,1799.39,105.0,256,0.141,0.209,46,0.185,21,0.175,537.0,489.0,605.0,1582.0,4.99,4.994504675621206,241,215,282,266,144,274,112,173,182,175,242,179,198,305,342,392,330,154,1,8,6,2,5,0,1,2,0,0,1,0.0,0.0,0,0,0,0,0,0.0,0.0,0.0,0.0,,,,,,7.116104868913857,75.0,33.96226415094342,37.5870079853014,26.08695652173913,18.181818181818183,21.34387351778656,45.45454545454545,20.64516129032258,0.0,25.407624633431084,,,,21.06038291605302,,,2015-16,0.0
2547,Chris Bosh,Chris,1610612748,MIA,32.0,53,29,24,0.547,1777.9183333333333,101.0,342,0.188,0.271,36,0.149,34,0.16,557.0,479.0,355.0,1422.0,7.09,7.094433061749625,291,215,185,171,146,104,63,83,100,222,347,115,218,316,339,264,307,71,1,10,8,2,0,0,2,4,0,0,0,0.0,0.0,0,0,0,0,0,0.0,0.0,0.0,0.0,,,,,,11.98501872659176,84.47867298578198,59.11949685534592,49.141417249496875,34.78260869565217,18.181818181818183,24.82213438735178,0.0,14.193548387096774,0.0,4.967741935483871,,,,33.726067746686304,,,2015-16,0.0
101108,Chris Paul,Chris,1610612746,LAC,31.0,74,50,24,0.676,2420.2383333333332,101.3,271,0.105,0.157,152,0.359,13,0.048,661.0,597.0,562.0,2002.0,9.53,9.533327308224711,135,42,185,74,47,114,97,294,305,6,16,252,392,361,396,366,401,17,1,2,2,0,0,0,0,0,0,0,0,0.0,0.0,0,0,0,0,0,0.0,0.0,0.0,0.0,,,,,,4.119850187265917,50.11848341232228,57.23270440251576,33.4975853698481,8.695652173913043,0.0,3.4782608695652173,0.0,89.03225806451613,0.0,31.161290322580644,,,,23.269513991163475,,,2015-16,0.0
201147,Corey Brewer,Corey,1610612745,HOU,30.0,82,41,41,0.5,1668.8833333333334,104.0,157,0.09,0.14,84,0.238,19,0.106,688.0,541.0,482.0,1520.0,5.38,5.378035647785932,1,96,391,224,163,230,224,364,348,54,118,195,297,375,372,337,324,127,1,10,4,6,1,0,0,0,0,0,0,0.0,0.0,0,0,0,0,0,0.0,0.0,0.0,0.0,,,,,,6.367041198501873,78.67298578199052,40.251572327044045,40.14525458485844,17.391304347826086,54.54545454545454,39.68379446640316,9.090909090909092,45.16129032258064,0.0,19.442815249266857,,,,6.480117820324007,,,2015-16,0.0
201568,Danilo Gallinari,Danilo,1610612743,DEN,27.0,53,22,31,0.415,1838.7066666666667,107.8,229,0.127,0.182,42,0.143,19,0.111,623.0,438.0,499.0,1656.0,3.54,3.5440546575547387,291,284,265,319,137,382,132,217,238,193,363,195,285,345,318,346,344,233,1,7,5,2,3,2,2,4,0,0,0,0.0,0.0,0,0,0,0,0,0.0,0.0,0.0,0.0,,,,,,6.367041198501873,70.61611374407583,16.352201257861683,31.35050660429271,21.73913043478261,18.181818181818183,19.604743083003953,27.27272727272727,18.064516129032256,100.0,42.2316715542522,,,,17.083946980854197,,,2015-16,0.0
201980,Danny Green,Danny,1610612759,SAS,29.0,79,65,14,0.823,2061.525,95.7,255,0.121,0.167,79,0.222,64,0.229,528.0,444.0,479.0,1638.0,11.65,11.649088598187925,63,6,104,29,104,22,113,238,274,61,147,48,158,300,322,335,342,6,1,4,3,1,0,0,0,0,0,0,0,0.0,0.0,0,0,0,0,0,0.0,0.0,0.0,0.0,,,,,,23.220973782771537,71.6824644549763,92.45283018867924,57.49045961952013,13.043478260869565,9.090909090909092,10.67193675889328,0.0,41.935483870967744,0.0,14.67741935483871,,,,20.913107511045656,,,2015-16,0.0
201967,Dante Cunningham,Dante,1610612740,NOP,29.0,80,28,52,0.35,1970.9483333333333,109.3,179,0.097,0.134,42,0.132,33,0.231,621.0,389.0,437.0,1796.0,2.85,2.848896340371339,44,237,446,385,120,415,187,328,369,193,390,119,154,343,290,310,368,268,1,5,4,1,1,0,0,0,0,0,0,0.0,0.0,0,0,0,0,0,0.0,0.0,0.0,0.0,,,,,,11.610486891385769,62.32227488151659,6.918238993710743,28.1865507135128,17.391304347826086,9.090909090909092,12.41106719367589,9.090909090909092,18.064516129032256,0.0,9.958944281524923,,,,9.72017673048601,,,2015-16,0.0
201589,Darrell Arthur,Darrell,1610612743,DEN,28.0,70,26,44,0.371,1515.9916666666666,104.0,207,0.132,0.201,53,0.218,48,0.327,540.0,416.0,431.0,1248.0,4.74,4.739329028990617,177,258,413,364,189,232,160,203,201,145,158,74,101,308,303,309,273,165,1,9,7,2,1,0,2,4,0,0,0,0.0,0.0,0,0,0,0,0,0.0,0.0,0.0,0.0,,,,,,17.228464419475657,94.7867298578199,40.251572327044045,50.12963429978824,30.434782608695656,18.181818181818183,23.08300395256917,9.090909090909092,25.161290322580644,0.0,12.44281524926686,,,,13.843888070692197,,,2015-16,0.0
201599,DeAndre Jordan,DeAndre,1610612746,LAC,27.0,77,51,26,0.662,2597.681666666667,102.1,792,0.286,0.425,51,0.118,177,0.596,721.0,691.0,640.0,2162.0,9.52,9.52291484506045,98,38,217,82,29,147,2,4,6,160,416,2,18,387,444,414,426,18,1,5,5,0,1,0,3,7,0,0,0,0.0,0.0,0,0,0,0,0,0.0,0.0,0.0,0.0,,,,,,65.54307116104869,40.639810426540286,52.20125786163528,53.49147657911739,21.73913043478261,0.0,8.695652173913045,9.090909090909092,23.870967741935484,0.0,11.991202346041057,,,,100.0,,,2015-16,1.0
203471,Dennis Schröder,Dennis,1610612737,ATL,22.0,80,47,33,0.588,1620.9583333333333,95.9,179,0.106,0.165,70,0.226,9,0.047,504.0,432.0,350.0,1296.0,9.06,9.0568093598706,44,53,291,128,177,26,187,291,283,81,140,303,395,287,316,261,280,23,1,1,1,0,0,0,0,0,0,0,0,0.0,0.0,0,0,0,0,0,0.0,0.0,0.0,0.0,,,,,,2.621722846441948,91.9431279620853,91.19496855345908,56.0275260636714,4.3478260869565215,0.0,1.7391304347826086,0.0,36.12903225806451,0.0,12.645161290322578,,,,9.72017673048601,,,2015-16,0.0
101114,Deron Williams,Deron,1610612742,DAL,32.0,65,31,34,0.477,2106.0216666666665,104.8,171,0.079,0.115,61,0.206,14,0.096,669.0,569.0,642.0,1782.0,5.96,5.964738443741319,221,198,307,265,95,268,202,401,417,110,183,244,310,367,388,418,365,104,1,2,1,1,1,0,0,0,0,0,1,0.0,0.0,0,0,0,0,0,0.0,0.0,0.0,0.0,,,,,,4.49438202247191,63.15165876777251,35.220125786163564,32.70586482425003,4.3478260869565215,9.090909090909092,7.1936758893280635,9.090909090909092,30.32258064516129,0.0,14.249266862170089,,,,8.541973490427099,,,2015-16,0.0
1717,Dirk Nowitzki,Dirk,1610612742,DAL,38.0,75,38,37,0.507,2363.5066666666667,102.7,437,0.182,0.267,52,0.164,52,0.281,691.0,650.0,761.0,1874.0,8.3,8.303447115355075,126,130,343,221,56,173,30,93,104,154,302,63,122,378,429,461,380,43,2,20,14,6,5,0,6,13,0,0,1,0.0,0.0,0,0,0,0,0,0.0,0.0,0.0,0.0,,,,,,18.726591760299627,57.70142180094787,48.42767295597484,39.793052573445316,60.86956521739131,54.54545454545454,57.07509881422925,45.45454545454545,24.516129032258064,0.0,26.762463343108507,,,,47.71723122238586,,,2015-16,0.0
203926,Doug McDermott,Doug,1610612741,CHI,24.0,81,41,40,0.506,1860.56,104.6,158,0.08,0.118,14,0.065,6,0.031,652.0,528.0,558.0,1676.0,5.45,5.450635381502878,19,96,378,223,136,258,223,400,408,345,457,340,422,356,366,362,348,122,1,3,2,1,1,0,1,2,0,0,0,0.0,0.0,0,0,0,0,0,0.0,0.0,0.0,0.0,,,,,,1.49812734082397,69.43127962085308,36.47798742138371,34.01969565897409,8.695652173913043,9.090909090909092,8.932806324110672,9.090909090909092,0.0,0.0,3.6363636363636367,,,,6.62739322533137,,,2015-16,0.0
203110,Draymond Green,Draymond,1610612744,GSW,26.0,81,73,8,0.901,2807.9983333333334,99.1,635,0.198,0.288,119,0.229,113,0.315,935.0,762.0,833.0,2530.0,13.12,13.119131958813654,19,1,62,10,11,60,5,65,70,17,134,16,106,462,465,470,466,2,2,23,16,7,8,0,3,8,0,0,2,0.0,0.0,0,0,0,0,0,0.0,0.0,0.0,0.0,,,,,,41.57303370786517,18.838862559241708,71.06918238993715,40.99011097636496,69.56521739130434,63.63636363636363,66.00790513833992,72.72727272727273,67.74193548387096,0.0,52.800586510263926,,,,76.8777614138439,,,2015-16,1.0
2730,Dwight Howard,Dwight,1610612745,HOU,30.0,71,34,37,0.479,2279.6633333333334,105.6,597,0.261,0.399,69,0.146,113,0.502,963.0,668.0,647.0,2024.0,5.92,5.924384399309383,172,165,343,264,69,297,9,7,11,83,354,16,36,468,436,422,403,106,1,4,3,1,11,0,5,12,0,0,0,0.0,0.0,0,0,0,0,0,0.0,0.0,0.0,0.0,,,,,,41.57303370786517,48.81516587677725,30.18867924528308,41.26169135133888,13.043478260869565,9.090909090909092,10.67193675889328,100.0,35.483870967741936,0.0,52.41935483870968,,,,71.28129602356407,,,2015-16,0.0
203901,Elfrid Payton,Elfrid,1610612753,ORL,22.0,73,32,41,0.438,2144.92,105.1,184,0.087,0.124,89,0.234,20,0.093,718.0,503.0,610.0,1980.0,5.93,5.9325377701662605,144,183,391,293,90,277,181,374,395,46,126,186,314,385,354,397,397,105,1,4,3,1,1,0,0,0,0,0,0,0.0,0.0,0,0,0,0,0,0.0,0.0,0.0,0.0,,,,,,6.741573033707865,51.421800947867304,33.33333333333339,29.027592878570047,13.043478260869565,9.090909090909092,10.67193675889328,9.090909090909092,48.38709677419355,0.0,20.571847507331377,,,,10.456553755522828,,,2015-16,0.0
1626144,Emmanuel Mudiay,Emmanuel,1610612743,DEN,20.0,68,29,39,0.426,2067.8866666666668,107.9,200,0.097,0.136,65,0.193,35,0.159,725.0,489.0,576.0,1838.0,3.98,3.983723074514669,191,215,367,303,102,384,168,331,364,95,219,111,219,389,342,375,375,207,1,6,4,2,0,0,0,0,0,0,0,0.0,0.0,0,0,0,0,0,0.0,0.0,0.0,0.0,,,,,,12.359550561797752,59.834123222748815,15.723270440251566,29.816580962744077,17.391304347826086,18.181818181818183,17.865612648221344,0.0,32.903225806451616,0.0,11.516129032258064,,,,12.812960235640649,,,2015-16,0.0
203095,Evan Fournier,Evan,1610612753,ORL,23.0,79,33,46,0.418,2566.088333333333,107.6,192,0.077,0.113,96,0.206,2,0.008,886.0,609.0,743.0,2350.0,5.06,5.056801647456775,63,170,423,312,31,371,174,410,423,36,182,395,443,448,405,454,452,149,1,4,2,2,4,0,0,0,0,0,3,0.0,0.0,0,0,0,0,0,0.0,0.0,0.0,0.0,,,,,,0.0,29.50236966824645,17.610062893081828,14.728345107156713,8.695652173913043,18.181818181818183,14.387351778656129,36.36363636363637,52.903225806451616,0.0,33.06158357771261,,,,11.634756995581736,,,2015-16,0.0
203914,Gary Harris,Gary,1610612743,DEN,21.0,76,31,45,0.408,2438.6366666666668,109.2,166,0.069,0.101,97,0.238,18,0.078,854.0,592.0,653.0,2250.0,3.62,3.624251319042655,109,198,419,328,44,410,209,435,451,33,115,207,349,440,393,426,436,225,1,6,5,1,0,0,0,0,0,0,0,0.0,0.0,0,0,0,0,0,0.0,0.0,0.0,0.0,,,,,,5.992509363295881,35.42654028436019,7.54716981132077,16.683085297674612,21.73913043478261,9.090909090909092,14.1501976284585,0.0,53.5483870967742,0.0,18.741935483870968,,,,7.80559646539028,,,2015-16,0.0
101123,Gerald Green,Gerald,1610612748,MIA,30.0,69,40,29,0.58,1557.2183333333332,102.9,138,0.085,0.123,38,0.191,19,0.104,486.0,418.0,289.0,1320.0,5.38,5.376074233793527,185,108,246,145,184,177,240,380,397,206,229,195,299,277,306,217,286,127,1,4,3,1,1,0,0,0,0,0,0,0.0,0.0,0,0,0,0,0,0.0,0.0,0.0,0.0,,,,,,6.367041198501873,90.52132701421802,47.169811320754704,46.02173376456573,13.043478260869565,9.090909090909092,10.67193675889328,9.090909090909092,15.483870967741936,0.0,9.055718475073313,,,,3.6818851251840945,,,2015-16,0.0
203476,Gorgui Dieng,Gorgui,1610612750,MIN,26.0,82,29,53,0.354,2220.068333333333,106.5,428,0.196,0.299,94,0.24,96,0.419,789.0,595.0,597.0,2062.0,5.12,5.118428444044588,1,215,450,377,82,332,31,70,58,40,110,23,62,417,395,389,411,147,1,8,7,1,2,0,0,0,0,0,1,0.0,0.0,0,0,0,0,0,0.0,0.0,0.0,0.0,,,,,,35.2059925093633,46.56398104265403,24.52830188679248,36.51186584037235,30.434782608695656,9.090909090909092,17.62845849802372,18.181818181818183,51.61290322580645,0.0,25.33724340175953,,,,46.391752577319586,,,2015-16,0.0
203084,Harrison Barnes,Harrison,1610612744,GSW,24.0,66,59,7,0.894,2041.5766666666664,101.8,248,0.114,0.167,41,0.116,10,0.041,640.0,560.0,563.0,1914.0,7.68,7.6848501556103725,207,16,49,12,108,134,117,266,275,199,420,286,405,349,383,368,387,56,2,15,11,4,0,1,1,3,0,0,2,0.0,0.0,0,0,0,0,0,0.0,0.0,0.0,0.0,,,,,,2.9962546816479403,55.33175355450237,54.08805031446544,34.086628195351366,47.82608695652174,36.36363636363637,40.948616600790515,0.0,17.419354838709676,50.0,18.596774193548384,,,,19.88217967599411,,,2015-16,0.0
202355,Hassan Whiteside,Hassan,1610612748,MIA,27.0,73,42,31,0.575,2125.3566666666666,103.5,627,0.282,0.414,44,0.161,269,0.745,687.0,628.0,448.0,1886.0,6.84,6.83678936312205,144,90,265,150,92,205,7,5,7,180,307,1,5,373,418,320,383,82,1,23,23,0,1,0,4,9,0,0,1,0.0,0.0,0,0,0,0,0,0.0,0.0,0.0,0.0,,,,,,100.0,56.99052132701422,43.39622641509436,70.79573906822857,100.0,0.0,40.0,9.090909090909092,19.35483870967742,0.0,10.410557184750733,,,,75.69955817378498,,,2015-16,1.0
203138,Hollis Thompson,Hollis,1610612755,PHI,25.0,77,10,67,0.13,2153.85,107.7,218,0.099,0.156,36,0.098,24,0.095,910.0,713.0,750.0,2058.0,4.2,4.198528159639126,98,384,473,455,88,378,145,317,309,222,435,159,311,454,452,456,410,194,1,5,3,2,1,1,0,0,0,0,0,0.0,0.0,0,0,0,0,0,0.0,0.0,0.0,0.0,,,,,,8.239700374531834,46.800947867298575,16.98113207547171,23.92149492223516,13.043478260869565,18.181818181818183,16.126482213438734,9.090909090909092,14.193548387096774,50.0,21.10410557184751,,,,15.463917525773196,,,2015-16,0.0
202397,Ish Smith,Ish,1610612755,PHI,27.0,77,16,61,0.208,2238.81,108.9,262,0.114,0.174,88,0.24,24,0.094,825.0,698.0,708.0,2146.0,3.52,3.51765170130861,98,339,467,435,80,405,105,267,259,48,111,159,313,433,448,444,420,234,2,10,4,6,7,2,0,0,0,0,4,0.0,0.0,0,0,0,0,0,0.0,0.0,0.0,0.0,,,,,,8.239700374531834,41.58767772511848,9.43396226415094,20.210057919641937,17.391304347826086,54.54545454545454,39.68379446640316,63.63636363636363,47.74193548387097,100.0,67.16422287390029,,,,21.9440353460972,,,2015-16,0.0
200826,J.J. Barea,J.J.,1610612742,DAL,32.0,74,38,36,0.514,1666.9083333333333,107.0,126,0.075,0.114,26,0.12,2,0.015,492.0,501.0,594.0,1394.0,3.68,3.681822300191481,135,130,331,210,166,353,257,417,419,267,411,395,437,280,353,387,301,220,2,6,2,4,2,0,1,2,0,0,3,0.0,0.0,0,0,0,0,0,0.0,0.0,0.0,0.0,,,,,,0.0,86.13744075829383,21.383647798742167,35.49401621508838,8.695652173913043,36.36363636363637,25.29644268774704,18.181818181818183,7.741935483870968,0.0,9.982404692082111,,,,1.914580265095729,,,2015-16,0.0
200755,JJ Redick,JJ,1610612746,LAC,32.0,75,50,25,0.667,2096.8316666666665,100.5,129,0.057,0.085,42,0.122,5,0.022,547.0,525.0,487.0,1764.0,8.8,8.803987343607409,126,42,201,79,99,92,251,452,466,193,407,348,432,310,365,341,361,28,1,3,3,0,1,0,0,0,0,0,0,0.0,0.0,0,0,0,0,0,0.0,0.0,0.0,0.0,,,,,,1.1235955056179776,64.21800947867298,62.26415094339623,38.49177925563179,13.043478260869565,0.0,5.217391304347826,9.090909090909092,18.064516129032256,0.0,9.958944281524923,,,,2.3564064801178204,,,2015-16,0.0
2747,JR Smith,JR,1610612739,CLE,30.0,77,53,24,0.688,2361.9883333333332,105.6,174,0.076,0.107,81,0.25,21,0.12,749.0,566.0,577.0,2086.0,6.14,6.137542698181786,98,31,185,61,58,298,197,416,443,56,95,179,270,400,385,377,414,100,1,0,0,0,2,0,0,0,0,0,1,0.0,0.0,0,0,0,0,0,0.0,0.0,0.0,0.0,,,,,,7.116104868913857,45.14218009478673,30.18867924528308,26.193374792061668,0.0,0.0,0.0,18.181818181818183,43.225806451612904,0.0,22.40175953079179,,,,8.98379970544919,,,2015-16,0.0
1626143,Jahlil Okafor,Jahlil,1610612755,PHI,20.0,53,6,47,0.113,1590.565,108.4,251,0.16,0.238,22,0.094,61,0.295,724.0,457.0,588.0,1498.0,2.68,2.6768436349474967,291,416,429,464,183,398,115,134,140,292,442,51,117,388,332,383,322,277,1,14,13,1,1,0,4,8,0,0,1,0.0,0.0,0,0,0,0,0,0.0,0.0,0.0,0.0,,,,,,22.09737827715356,79.97630331753555,12.578616352201252,39.97531156004918,56.52173913043478,9.090909090909092,28.063241106719367,9.090909090909092,5.161290322580645,0.0,5.442815249266863,,,,20.3240058910162,,,2015-16,0.0
2037,Jamal Crawford,Jamal,1610612746,LAC,36.0,79,51,28,0.646,2126.15,102.8,125,0.058,0.092,52,0.127,12,0.046,699.0,656.0,562.0,1800.0,7.38,7.376166235323066,63,38,238,92,91,176,258,451,461,154,396,265,396,380,432,366,369,65,1,1,1,0,3,0,0,0,0,0,1,0.0,0.0,0,0,0,0,0,0.0,0.0,0.0,0.0,,,,,,3.745318352059926,62.08530805687204,47.798742138364815,35.17767069532039,4.3478260869565215,0.0,1.7391304347826086,27.27272727272727,24.516129032258064,0.0,19.48973607038123,,,,1.7673048600883652,,,2015-16,0.0
201935,James Harden,James,1610612745,HOU,26.0,82,41,41,0.5,3124.635,106.9,438,0.14,0.214,139,0.215,51,0.152,1256.0,924.0,956.0,2848.0,6.79,6.786825422052052,1,96,391,224,1,348,29,177,166,12,164,65,227,476,476,476,476,86,1,21,10,11,4,0,1,2,0,0,1,0.0,0.0,0,0,0,0,0,0.0,0.0,0.0,0.0,,,,,,18.35205992509363,0.0,22.012578616352194,12.843968624125502,43.47826086956522,100.0,77.3913043478261,36.36363636363637,80.64516129032258,0.0,42.77126099706744,,,,47.864506627393226,,,2015-16,0.0
201952,Jeff Teague,Jeff,1610612737,ATL,28.0,79,47,32,0.595,2254.701666666667,102.1,181,0.074,0.113,97,0.228,24,0.081,759.0,645.0,614.0,1990.0,8.41,8.406551397697857,63,53,282,119,77,141,183,423,427,33,135,159,344,405,428,399,400,36,2,6,3,3,1,0,1,2,0,0,0,0.0,0.0,0,0,0,0,0,0.0,0.0,0.0,0.0,,,,,,8.239700374531834,50.82938388625592,52.20125786163528,34.13647897541112,13.043478260869565,27.27272727272727,21.581027667984188,9.090909090909092,53.5483870967742,0.0,22.378299120234605,,,,10.014727540500736,,,2015-16,0.0
202710,Jimmy Butler III,Jimmy,1610612741,CHI,26.0,67,37,30,0.552,2473.625,104.5,279,0.103,0.158,110,0.326,43,0.136,774.0,754.0,684.0,2242.0,7.23,7.228254255099037,200,139,258,167,41,251,93,301,302,23,27,82,246,409,463,435,435,67,1,8,4,4,4,0,1,2,0,0,3,0.0,0.0,0,0,0,0,0,0.0,0.0,0.0,0.0,,,,,,15.355805243445692,35.90047393364929,37.106918238993735,27.98421753390396,17.391304347826086,36.36363636363637,28.774703557312257,36.36363636363637,61.935483870967744,0.0,36.22287390029325,,,,24.447717231222384,,,2015-16,0.0
101181,Jose Calderon,Jose,1610612752,NYK,34.0,72,29,43,0.403,2023.8383333333336,107.2,207,0.098,0.143,63,0.296,7,0.026,684.0,515.0,592.0,1820.0,4.25,4.248991553474894,157,215,409,333,112,358,160,324,338,101,46,322,428,372,359,386,372,192,1,4,2,2,4,0,0,0,0,0,2,0.0,0.0,0,0,0,0,0,0.0,0.0,0.0,0.0,,,,,,1.872659176029963,60.90047393364929,20.125786163522022,27.09567608806974,8.695652173913043,18.181818181818183,14.387351778656129,36.36363636363637,31.61290322580645,0.0,25.609970674486803,,,,13.843888070692197,,,2015-16,0.0
1626159,Justise Winslow,Justise,1610612748,MIA,20.0,78,46,32,0.59,2232.135,100.3,322,0.14,0.201,68,0.199,26,0.088,735.0,556.0,444.0,1858.0,9.54,9.540339673490172,81,65,282,125,81,85,72,176,200,88,207,149,325,395,380,317,378,16,1,5,3,2,1,0,1,2,0,0,2,0.0,0.0,0,0,0,0,0,0.0,0.0,0.0,0.0,,,,,,8.98876404494382,58.64928909952607,63.52201257861638,40.00325994746575,13.043478260869565,18.181818181818183,16.126482213438734,9.090909090909092,34.83870967741935,0.0,15.829912023460407,,,,30.78055964653903,,,2015-16,0.0
1626157,Karl-Anthony Towns,Karl-Anthony,1610612750,MIN,20.0,82,29,53,0.354,2626.485,109.3,629,0.242,0.367,58,0.132,138,0.515,928.0,742.0,750.0,2498.0,3.83,3.829455135686635,1,215,450,377,28,413,6,21,14,122,389,6,33,459,458,456,464,213,1,15,11,4,1,0,1,2,0,0,1,0.0,0.0,0,0,0,0,0,0.0,0.0,0.0,0.0,,,,,,50.936329588014985,20.734597156398102,6.918238993710743,29.36120058837302,47.82608695652174,36.36363636363637,40.948616600790515,9.090909090909092,28.387096774193548,0.0,13.57184750733138,,,,75.9941089837997,,,2015-16,0.0
202702,Kenneth Faried,Kenneth,1610612743,DEN,26.0,67,26,41,0.388,1694.4516666666666,110.0,346,0.21,0.295,32,0.124,60,0.337,600.0,385.0,462.0,1558.0,2.09,2.087871312787188,200,258,391,352,157,423,62,43,59,241,404,52,91,333,285,327,328,316,1,4,4,0,0,0,3,6,0,0,0,0.0,0.0,0,0,0,0,0,0.0,0.0,0.0,0.0,,,,,,21.722846441947567,76.4218009478673,2.5157232704402865,36.06569972614265,17.391304347826086,0.0,6.956521739130435,0.0,11.612903225806452,0.0,4.064516129032258,,,,34.31516936671576,,,2015-16,0.0
203145,Kent Bazemore,Kent,1610612737,ATL,26.0,75,44,31,0.587,2082.7966666666666,100.6,351,0.156,0.24,98,0.249,38,0.138,689.0,619.0,559.0,1780.0,8.8,8.795963264412663,126,72,265,129,101,95,58,141,137,32,101,101,242,376,415,364,364,28,2,15,9,6,9,0,0,0,0,0,2,0.0,0.0,0,0,0,0,0,0.0,0.0,0.0,0.0,,,,,,13.48314606741573,63.270142180094794,61.63522012578622,42.94661322144602,39.130434782608695,54.54545454545454,48.37944664031619,81.81818181818183,54.19354838709678,0.0,51.695014662756606,,,,35.051546391752574,,,2015-16,0.0
201567,Kevin Love,Kevin,1610612739,CLE,27.0,77,53,24,0.688,2424.395,103.6,613,0.258,0.363,58,0.176,41,0.229,784.0,557.0,614.0,2112.0,7.76,7.764583868245806,98,31,185,61,45,210,8,9,16,122,263,89,159,415,381,399,416,54,1,7,6,1,0,0,1,2,0,0,0,0.0,0.0,0,0,0,0,0,0.0,0.0,0.0,0.0,,,,,,14.606741573033707,43.60189573459716,42.767295597484335,31.79518403569357,26.08695652173913,9.090909090909092,15.889328063241107,0.0,28.387096774193548,0.0,9.935483870967742,,,,73.6377025036819,,,2015-16,0.0
202691,Klay Thompson,Klay,1610612744,GSW,26.0,80,71,9,0.888,2666.415,101.3,271,0.09,0.132,60,0.131,49,0.143,932.0,751.0,779.0,2504.0,10.5,10.498255311751484,44,2,71,16,22,115,97,360,375,113,391,71,237,461,462,465,465,9,2,18,13,5,2,0,0,0,0,0,1,0.0,0.0,0,0,0,0,0,0.0,0.0,0.0,0.0,,,,,,17.60299625468165,20.37914691943128,57.23270440251576,28.482076024302547,56.52173913043478,45.45454545454545,49.88142292490119,18.181818181818183,29.677419354838708,0.0,17.65982404692082,,,,23.269513991163475,,,2015-16,0.0
204001,Kristaps Porziņģis,Kristaps,1610612752,NYK,20.0,72,28,44,0.389,2046.4616666666664,104.3,394,0.184,0.269,53,0.218,134,0.519,631.0,515.0,483.0,1776.0,6.14,6.140089662381569,157,237,413,350,106,245,41,88,101,145,158,8,31,347,359,339,363,100,1,12,9,3,0,0,4,9,0,0,1,0.0,0.0,0,0,0,0,0,0.0,0.0,0.0,0.0,,,,,,49.43820224719101,63.507109004739334,38.36477987421388,51.59396401908863,39.130434782608695,27.27272727272727,32.01581027667984,0.0,25.161290322580644,0.0,8.806451612903224,,,,41.384388807069215,,,2015-16,0.0
2594,Kyle Korver,Kyle,1610612737,ATL,35.0,80,46,34,0.575,2400.665,98.3,246,0.096,0.145,60,0.137,35,0.113,779.0,651.0,613.0,2028.0,11.7,11.70065450012367,44,65,307,152,50,52,120,334,333,113,379,111,283,412,430,398,405,5,2,13,8,5,2,0,0,0,0,0,1,0.0,0.0,0,0,0,0,0,0.0,0.0,0.0,0.0,,,,,,12.359550561797752,48.5781990521327,76.10062893081763,40.97134712566995,34.78260869565217,45.45454545454545,41.18577075098814,18.181818181818183,29.677419354838708,0.0,17.65982404692082,,,,19.587628865979383,,,2015-16,0.0
202681,Kyrie Irving,Kyrie,1610612739,CLE,24.0,53,37,16,0.698,1667.3733333333332,105.8,113,0.071,0.1,56,0.242,18,0.131,496.0,384.0,440.0,1556.0,4.23,4.228405583236548,291,139,126,57,164,306,278,432,456,133,107,207,253,283,283,314,327,193,1,4,2,2,0,0,0,0,0,0,0,0.0,0.0,0,0,0,0,0,0.0,0.0,0.0,0.0,,,,,,5.992509363295881,76.54028436018957,28.930817610062935,36.41880767390043,8.695652173913043,18.181818181818183,14.387351778656129,0.0,27.09677419354839,0.0,9.483870967741936,,,,0.0,,,2015-16,0.0
200746,LaMarcus Aldridge,LaMarcus,1610612759,SAS,30.0,74,61,13,0.824,2260.86,97.9,456,0.199,0.279,38,0.101,81,0.273,580.0,483.0,576.0,1864.0,11.2,11.19827503962894,135,13,98,28,73,46,26,64,83,206,430,33,128,327,340,375,379,7,1,5,4,1,1,0,1,2,0,0,0,0.0,0.0,0,0,0,0,0,0.0,0.0,0.0,0.0,,,,,,29.588014981273407,58.29383886255924,78.61635220125784,51.892137644719554,17.391304347826086,9.090909090909092,12.41106719367589,9.090909090909092,15.483870967741936,0.0,9.055718475073313,,,,50.51546391752577,,,2015-16,0.0
204038,Langston Galloway,Langston,1610612752,NYK,24.0,82,32,50,0.39,2033.2983333333336,103.4,245,0.115,0.172,77,0.287,22,0.102,618.0,535.0,495.0,1764.0,6.8,6.7967945587962495,1,183,440,348,111,195,121,262,265,68,53,173,302,341,371,344,361,85,1,8,4,4,0,0,1,2,0,0,0,0.0,0.0,0,0,0,0,0,0.0,0.0,0.0,0.0,,,,,,7.490636704119851,64.21800947867298,44.02515723270439,36.47884730735958,17.391304347826086,36.36363636363637,28.774703557312257,0.0,40.64516129032258,0.0,14.2258064516129,,,,19.44035346097202,,,2015-16,0.0
2736,Luol Deng,Luol,1610612748,MIA,31.0,74,45,29,0.608,2393.9183333333335,103.9,335,0.139,0.199,74,0.216,29,0.086,748.0,611.0,608.0,2186.0,7.63,7.629878901224424,135,69,246,113,51,223,67,181,206,72,162,131,329,399,407,395,429,58,1,6,3,3,1,0,1,2,0,0,0,0.0,0.0,0,0,0,0,0,0.0,0.0,0.0,0.0,,,,,,10.112359550561797,39.21800947867299,40.88050314465407,27.991372923923784,13.043478260869565,27.27272727272727,21.581027667984188,9.090909090909092,38.70967741935484,0.0,17.184750733137832,,,,32.695139911634755,,,2015-16,0.0
203521,Matthew Dellavedova,Matthew,1610612739,CLE,25.0,76,54,22,0.711,1867.3333333333333,99.7,129,0.068,0.097,44,0.164,9,0.063,578.0,417.0,384.0,1444.0,8.31,8.310954580341448,109,25,165,52,133,72,251,441,458,180,301,303,369,324,305,275,313,42,1,5,3,2,1,0,1,3,0,0,0,0.0,0.0,0,0,0,0,0,0.0,0.0,0.0,0.0,,,,,,2.621722846441948,83.17535545023696,67.29559748427673,46.983962917228894,13.043478260869565,18.181818181818183,16.126482213438734,9.090909090909092,19.35483870967742,0.0,10.410557184750733,,,,2.3564064801178204,,,2015-16,0.0
203457,Nerlens Noel,Nerlens,1610612755,PHI,22.0,67,10,57,0.149,1965.245,106.3,388,0.195,0.302,118,0.326,100,0.403,875.0,599.0,711.0,1834.0,4.69,4.688680297228892,200,384,461,445,122,326,44,73,55,19,28,22,70,445,399,445,374,169,1,10,10,0,2,0,0,0,0,0,1,0.0,0.0,0,0,0,0,0,0.0,0.0,0.0,0.0,,,,,,36.70411985018727,60.07109004739336,25.78616352201262,42.153070337165744,43.47826086956522,0.0,17.39130434782609,18.181818181818183,67.0967741935484,0.0,30.756598240469213,,,,40.500736377025035,,,2015-16,0.0
203917,Nik Stauskas,Nik,1610612755,PHI,22.0,73,8,65,0.11,1809.05,107.5,160,0.089,0.135,44,0.147,20,0.087,741.0,530.0,639.0,1726.0,3.66,3.659038270239933,144,402,472,465,141,368,219,366,367,180,351,186,328,397,368,413,356,223,1,14,8,6,0,1,0,0,0,0,0,0.0,0.0,0,0,0,0,0,0.0,0.0,0.0,0.0,,,,,,6.741573033707865,66.4691943127962,18.238993710691854,30.52059565063478,34.78260869565217,54.54545454545454,46.64031620553359,0.0,19.35483870967742,50.0,19.274193548387096,,,,6.9219440353460975,,,2015-16,0.0
203999,Nikola Jokić,Nikola,1610612743,DEN,21.0,80,31,49,0.388,1732.5516666666667,103.1,379,0.223,0.311,79,0.27,50,0.318,558.0,357.0,429.0,1398.0,5.79,5.787198830733242,44,198,437,353,152,187,45,35,48,61,70,68,105,317,263,307,302,111,1,9,9,0,0,0,3,7,0,0,1,0.0,0.0,0,0,0,0,0,0.0,0.0,0.0,0.0,,,,,,17.97752808988764,85.9004739336493,45.91194968553465,48.734164534115976,39.130434782608695,0.0,15.652173913043478,0.0,41.935483870967744,0.0,14.67741935483871,,,,39.175257731958766,,,2015-16,0.0
202703,Nikola Mirotic,Nikola,1610612741,CHI,25.0,66,37,29,0.561,1646.11,104.7,304,0.174,0.264,58,0.256,46,0.234,549.0,455.0,451.0,1630.0,4.79,4.789251818140025,207,139,246,163,171,261,77,110,109,122,91,77,152,313,329,321,338,162,1,11,8,3,0,0,0,0,0,0,0,0.0,0.0,0,0,0,0,0,0.0,0.0,0.0,0.0,,,,,,16.479400749063668,72.1563981042654,35.84905660377359,40.80876378706175,34.78260869565217,27.27272727272727,30.276679841897227,0.0,28.387096774193548,0.0,9.935483870967742,,,,28.12960235640648,,,2015-16,0.0
202696,Nikola Vučević,Nikola,1610612753,ORL,25.0,65,28,37,0.431,2036.8216666666667,106.1,402,0.203,0.286,53,0.155,70,0.372,660.0,446.0,567.0,1756.0,4.96,4.955046365024219,221,237,343,298,110,319,37,55,73,145,325,41,83,360,325,372,360,156,1,6,6,0,1,0,2,4,0,0,1,0.0,0.0,0,0,0,0,0,0.0,0.0,0.0,0.0,,,,,,25.468164794007492,64.69194312796208,27.044025157232767,39.59045230169792,26.08695652173913,0.0,10.434782608695652,9.090909090909092,25.161290322580644,0.0,12.44281524926686,,,,42.56259204712813,,,2015-16,0.0
201976,Patrick Beverley,Patrick,1610612745,HOU,27.0,71,35,36,0.493,2040.6483333333333,105.4,177,0.087,0.132,94,0.215,26,0.118,798.0,611.0,585.0,1814.0,5.4,5.399162469342929,172,157,331,248,109,291,193,376,373,40,165,149,275,421,407,382,371,125,1,10,6,4,1,0,1,2,0,0,2,0.0,0.0,0,0,0,0,0,0.0,0.0,0.0,0.0,,,,,,8.98876404494382,61.25592417061612,31.446540880503132,32.89671429781895,26.08695652173913,36.36363636363637,32.25296442687747,9.090909090909092,51.61290322580645,0.0,21.700879765395893,,,,9.425625920471282,,,2015-16,0.0
201988,Patty Mills,Patty,1610612759,SAS,27.0,81,66,15,0.815,1662.06,96.4,131,0.078,0.112,59,0.206,6,0.033,488.0,382.0,379.0,1454.0,9.35,9.351951058147126,19,5,114,33,169,29,250,406,428,117,185,340,421,279,281,272,314,20,1,1,1,0,2,0,0,0,0,0,0,0.0,0.0,0,0,0,0,0,0.0,0.0,0.0,0.0,,,,,,1.49812734082397,82.58293838862559,88.05031446540877,51.51585798870074,4.3478260869565215,0.0,1.7391304347826086,18.181818181818183,29.03225806451613,0.0,17.43401759530792,,,,2.650957290132548,,,2015-16,0.0
200794,Paul Millsap,Paul,1610612737,ATL,31.0,81,48,33,0.593,2646.9166666666665,101.6,534,0.189,0.289,147,0.29,139,0.389,876.0,772.0,702.0,2326.0,10.16,10.160535895518793,19,48,291,121,24,125,12,79,68,9,51,5,76,446,467,440,447,12,2,15,11,4,7,0,5,10,0,0,2,0.0,0.0,0,0,0,0,0,0.0,0.0,0.0,0.0,,,,,,51.31086142322098,30.924170616113745,55.345911949685586,45.1842822723496,47.82608695652174,36.36363636363637,40.948616600790515,63.63636363636363,85.80645161290322,0.0,55.48680351906158,,,,62.00294550810015,,,2015-16,1.0
200751,Randy Foye,Randy,1610612760,OKC,32.0,81,37,44,0.457,1641.505,103.1,132,0.076,0.114,39,0.155,29,0.171,617.0,425.0,471.0,1462.0,5.5,5.504244097602871,19,139,413,278,172,186,248,414,420,201,327,131,202,340,311,333,316,117,1,3,3,0,0,0,0,0,0,0,0,0.0,0.0,0,0,0,0,0,0.0,0.0,0.0,0.0,,,,,,10.112359550561797,82.10900473933648,45.91194968553465,44.26108290037615,13.043478260869565,0.0,5.217391304347826,0.0,16.129032258064516,0.0,5.64516129032258,,,,2.798232695139912,,,2015-16,0.0
101109,Raymond Felton,Raymond,1610612742,DAL,32.0,80,40,40,0.5,2191.995,105.8,222,0.099,0.146,68,0.221,15,0.089,689.0,631.0,758.0,1854.0,5.57,5.568937639082229,44,108,378,224,85,308,140,314,332,88,151,237,322,376,420,459,376,115,2,11,6,5,2,0,0,0,0,0,2,0.0,0.0,0,0,0,0,0,0.0,0.0,0.0,0.0,,,,,,4.868913857677903,58.88625592417062,28.930817610062935,29.790459519046617,26.08695652173913,45.45454545454545,37.70750988142292,18.181818181818183,34.83870967741935,0.0,19.46627565982405,,,,16.05301914580265,,,2015-16,0.0
201937,Ricky Rubio,Ricky,1610612750,MIN,25.0,76,28,48,0.368,2322.62,107.0,286,0.124,0.188,162,0.391,10,0.04,777.0,658.0,604.0,2166.0,5.07,5.068930152391765,109,237,432,368,63,352,89,228,230,3,12,286,408,410,433,391,427,148,1,2,1,1,4,0,1,2,0,0,3,0.0,0.0,0,0,0,0,0,0.0,0.0,0.0,0.0,,,,,,2.9962546816479403,40.40284360189573,21.383647798742167,20.685409083008224,4.3478260869565215,9.090909090909092,7.1936758893280635,36.36363636363637,95.48387096774194,0.0,47.96480938416422,,,,25.47864506627393,,,2015-16,0.0
203496,Robert Covington,Robert,1610612755,PHI,25.0,67,10,57,0.149,1903.0533333333333,105.2,354,0.187,0.279,105,0.284,40,0.177,727.0,546.0,581.0,1696.0,5.24,5.244672908176683,200,384,461,445,128,280,54,84,85,27,57,94,196,392,374,381,351,136,1,4,3,1,2,0,0,0,0,0,1,0.0,0.0,0,0,0,0,0,0.0,0.0,0.0,0.0,,,,,,14.232209737827716,68.24644549763033,32.704402515723274,37.75524044823252,13.043478260869565,9.090909090909092,10.67193675889328,18.181818181818183,58.70967741935483,0.0,27.821114369501466,,,,35.49337260677467,,,2015-16,0.0
201577,Robin Lopez,Robin,1610612752,NYK,28.0,82,32,50,0.39,2218.94,106.5,334,0.145,0.21,16,0.068,129,0.459,742.0,554.0,614.0,2024.0,5.14,5.143858814405262,1,183,440,348,83,330,68,166,178,331,455,10,52,398,379,399,403,144,1,15,13,2,3,0,5,12,0,0,1,0.0,0.0,0,0,0,0,0,0.0,0.0,0.0,0.0,,,,,,47.565543071161045,48.81516587677725,24.52830188679248,42.24360075703458,56.52173913043478,18.181818181818183,33.51778656126483,27.27272727272727,1.2903225806451613,0.0,11.360703812316714,,,,32.54786450662739,,,2015-16,0.0
201583,Ryan Anderson,Ryan,1610612740,NOP,28.0,66,24,42,0.364,2008.13,106.9,265,0.136,0.196,38,0.117,25,0.129,612.0,500.0,477.0,1878.0,4.44,4.443515594572402,207,271,403,370,116,346,101,190,208,206,418,155,257,338,352,334,381,180,1,8,3,5,0,1,1,3,0,0,2,0.0,0.0,0,0,0,0,0,0.0,0.0,0.0,0.0,,,,,,8.614232209737828,57.464454976303315,22.012578616352194,29.06139677968934,13.043478260869565,45.45454545454545,32.490118577075094,0.0,15.483870967741936,50.0,17.919354838709676,,,,22.385861561119295,,,2015-16,0.0
203498,Shabazz Muhammad,Shabazz,1610612750,MIN,23.0,82,29,53,0.354,1681.985,109.1,167,0.102,0.156,24,0.094,7,0.051,683.0,463.0,483.0,1656.0,2.6,2.598875427888397,1,215,450,377,161,406,207,305,308,283,441,322,387,371,336,339,344,283,1,2,1,1,1,0,1,2,0,0,1,0.0,0.0,0,0,0,0,0,0.0,0.0,0.0,0.0,,,,,,1.872659176029963,70.61611374407583,8.176100628930886,27.508728638071247,4.3478260869565215,9.090909090909092,7.1936758893280635,9.090909090909092,6.451612903225806,0.0,5.894428152492669,,,,7.952871870397643,,,2015-16,0.0
2733,Shaun Livingston,Shaun,1610612744,GSW,30.0,78,69,9,0.885,1519.5333333333333,102.1,127,0.078,0.119,57,0.217,27,0.154,480.0,455.0,393.0,1434.0,5.49,5.485908926019324,81,4,71,18,188,143,254,405,406,130,161,144,222,276,329,284,309,120,2,10,6,4,5,0,1,3,0,0,1,0.0,0.0,0,0,0,0,0,0.0,0.0,0.0,0.0,,,,,,9.363295880149812,83.76777251184834,52.20125786163528,46.11435319661565,26.08695652173913,36.36363636363637,32.25296442687747,45.45454545454545,27.741935483870968,0.0,27.89149560117302,,,,2.061855670103093,,,2015-16,0.0
201939,Stephen Curry,Stephen,1610612744,GSW,28.0,79,71,8,0.899,2699.975,99.8,362,0.117,0.171,169,0.348,15,0.043,915.0,736.0,809.0,2460.0,12.11,12.114228647997544,63,2,62,11,20,73,52,255,266,1,19,237,401,456,457,467,462,4,2,8,8,0,9,0,2,5,0,0,7,0.0,0.0,0,0,0,0,0,0.0,0.0,0.0,0.0,,,,,,4.868913857677903,22.985781990521325,66.6666666666667,26.6592559064203,34.78260869565217,0.0,13.91304347826087,81.81818181818183,100.0,0.0,67.72727272727273,,,,36.671575846833576,,,2015-16,0.0
204456,T.J. McConnell,T.J.,1610612755,PHI,24.0,81,10,71,0.123,1605.9416666666666,106.5,207,0.134,0.206,95,0.328,10,0.051,662.0,451.0,591.0,1522.0,3.73,3.7267319532331737,19,384,476,460,181,333,160,198,188,37,26,286,388,363,327,385,325,219,1,1,1,0,3,0,0,0,0,0,2,0.0,0.0,0,0,0,0,0,0.0,0.0,0.0,0.0,,,,,,2.9962546816479403,78.55450236966824,24.52830188679248,34.82465317374118,4.3478260869565215,0.0,1.7391304347826086,27.27272727272727,52.25806451612903,0.0,29.199413489736067,,,,13.843888070692197,,,2015-16,0.0
201959,Taj Gibson,Taj,1610612741,CHI,31.0,73,37,36,0.507,1935.5583333333336,105.3,298,0.14,0.211,47,0.208,77,0.32,641.0,597.0,579.0,1734.0,5.2,5.195747501733856,144,139,331,219,124,284,83,178,174,167,179,36,104,350,396,380,357,140,1,10,8,2,0,0,3,6,0,0,1,0.0,0.0,0,0,0,0,0,0.0,0.0,0.0,0.0,,,,,,28.08988764044944,65.99526066350711,32.07547169811325,42.35316421293557,34.78260869565217,18.181818181818183,24.82213438735178,0.0,21.29032258064516,0.0,7.451612903225805,,,,27.245949926362297,,,2015-16,0.0
200757,Thabo Sefolosha,Thabo,1610612737,ATL,32.0,75,42,33,0.56,1757.665,98.8,282,0.15,0.228,85,0.239,37,0.177,596.0,459.0,405.0,1508.0,8.4,8.399184152696325,126,90,291,164,149,56,92,154,153,52,113,103,195,331,335,293,323,37,2,6,3,3,10,0,0,0,0,0,0,0.0,0.0,0,0,0,0,0,0.0,0.0,0.0,0.0,,,,,,13.108614232209735,79.38388625592417,72.95597484276732,51.26679959314919,13.043478260869565,27.27272727272727,21.581027667984188,90.9090909090909,45.806451612903224,0.0,52.395894428152495,,,,24.88954344624448,,,2015-16,0.0
1495,Tim Duncan,Tim,1610612759,SAS,40.0,61,50,11,0.82,1536.4266666666667,94.5,332,0.212,0.289,47,0.175,78,0.361,404.0,320.0,384.0,1160.0,9.16,9.157616349531914,241,42,81,31,187,17,70,41,67,167,269,35,86,240,245,275,259,22,1,7,7,0,1,0,5,10,0,0,0,0.0,0.0,0,0,0,0,0,0.0,0.0,0.0,0.0,,,,,,28.46441947565543,100.0,100.0,71.38576779026218,30.434782608695656,0.0,12.173913043478263,9.090909090909092,21.29032258064516,0.0,11.08797653958944,,,,32.253313696612665,,,2015-16,0.0
2225,Tony Parker,Tony,1610612759,SAS,34.0,72,59,13,0.819,1980.4416666666664,97.1,159,0.08,0.111,54,0.156,11,0.041,510.0,413.0,533.0,1624.0,10.3,10.295061176500534,157,16,98,32,119,35,222,398,430,138,324,273,406,290,301,356,336,11,1,4,2,2,0,0,0,0,0,0,0,0.0,0.0,0,0,0,0,0,0.0,0.0,0.0,0.0,,,,,,3.3707865168539324,72.51184834123224,83.6477987421384,47.639411211707454,8.695652173913043,18.181818181818183,14.387351778656129,0.0,25.806451612903224,0.0,9.032258064516128,,,,6.774668630338733,,,2015-16,0.0
2772,Trevor Ariza,Trevor,1610612745,HOU,31.0,81,40,41,0.494,2859.1216666666664,108.1,299,0.106,0.164,160,0.264,26,0.09,1179.0,844.0,857.0,2646.0,5.17,5.166549451934226,19,108,391,242,4,392,82,292,284,4,80,149,318,475,474,471,474,142,1,10,8,2,7,0,1,3,0,0,1,0.0,0.0,0,0,0,0,0,0.0,0.0,0.0,0.0,,,,,,8.98876404494382,11.966824644549764,14.465408805031512,11.400246444827824,34.78260869565217,18.181818181818183,24.82213438735178,63.63636363636363,94.19354838709675,0.0,58.42228739002932,,,,27.393225331369663,,,2015-16,0.0
202684,Tristan Thompson,Tristan,1610612739,CLE,25.0,82,57,25,0.695,2269.266666666667,102.2,470,0.209,0.293,38,0.121,51,0.29,702.0,498.0,469.0,1934.0,8.33,8.334195919692103,1,20,201,58,72,149,22,44,64,206,410,65,119,382,349,332,390,41,1,3,2,1,0,0,2,4,0,0,1,0.0,0.0,0,0,0,0,0,0.0,0.0,0.0,0.0,,,,,,18.35205992509363,54.14691943127961,51.57232704402516,39.1853275319916,8.695652173913043,9.090909090909092,8.932806324110672,0.0,15.483870967741936,0.0,5.419354838709677,,,,52.57731958762887,,,2015-16,0.0
203506,Victor Oladipo,Victor,1610612753,ORL,24.0,72,32,40,0.444,2379.33,105.4,297,0.121,0.18,116,0.305,54,0.208,820.0,603.0,650.0,2146.0,6.37,6.371814425709118,157,183,378,286,53,290,84,234,241,21,41,60,171,427,402,424,420,95,1,4,1,3,1,0,0,0,0,0,2,0.0,0.0,0,0,0,0,0,0.0,0.0,0.0,0.0,,,,,,19.475655430711612,41.58767772511848,31.446540880503132,30.207584596201897,4.3478260869565215,27.27272727272727,18.10276679841897,9.090909090909092,65.80645161290323,0.0,26.668621700879765,,,,27.098674521354933,,,2015-16,0.0
202325,Wesley Johnson,Wesley,1610612746,LAC,28.0,80,51,29,0.638,1665.8116666666667,99.9,211,0.121,0.191,89,0.257,56,0.249,516.0,498.0,444.0,1438.0,7.39,7.389844674876755,44,38,246,94,168,76,152,237,220,46,88,56,142,295,349,317,310,64,1,7,4,3,2,0,0,0,0,0,0,0.0,0.0,0,0,0,0,0,0.0,0.0,0.0,0.0,,,,,,20.224719101123593,83.5308056872038,66.03773584905657,53.835103593234905,17.391304347826086,27.27272727272727,23.320158102766793,18.181818181818183,48.38709677419355,0.0,24.208211143695017,,,,14.432989690721648,,,2015-16,0.0
202083,Wesley Matthews,Wesley,1610612742,DAL,29.0,78,40,38,0.513,2644.3016666666667,106.0,211,0.08,0.115,78,0.215,17,0.098,728.0,735.0,818.0,2226.0,6.47,6.467266410610354,81,108,353,212,26,316,152,399,416,64,167,217,305,393,456,469,434,91,2,13,5,8,6,0,1,3,0,0,3,0.0,0.0,0,0,0,0,0,0.0,0.0,0.0,0.0,,,,,,5.617977528089887,36.84834123222749,27.672955974842793,22.06234943622627,21.73913043478261,72.72727272727273,52.33201581027669,54.54545454545454,41.29032258064516,0.0,36.26979472140762,,,,14.432989690721648,,,2015-16,0.0
203115,Will Barton,Will,1610612743,DEN,25.0,82,33,49,0.402,2353.3716666666664,106.8,417,0.177,0.262,71,0.219,39,0.171,825.0,618.0,609.0,2150.0,5.24,5.244452817793972,1,170,437,335,59,342,33,105,110,79,155,98,201,433,414,396,423,136,1,4,4,0,1,0,0,0,0,0,1,0.0,0.0,0,0,0,0,0,0.0,0.0,0.0,0.0,,,,,,13.857677902621724,41.350710900473935,22.64150943396231,25.676197334705144,17.391304347826086,0.0,6.956521739130435,9.090909090909092,36.774193548387096,0.0,16.50733137829912,,,,44.77172312223859,,,2015-16,0.0
203897,Zach LaVine,Zach,1610612750,MIN,21.0,82,29,53,0.354,2293.483333333333,110.4,201,0.089,0.135,69,0.184,17,0.084,953.0,609.0,659.0,2264.0,2.61,2.6114713717181375,1,215,450,377,66,428,167,368,366,83,245,217,333,466,405,429,440,281,1,6,2,4,6,0,0,0,0,0,1,0.0,0.0,0,0,0,0,0,0.0,0.0,0.0,0.0,,,,,,5.617977528089887,34.59715639810427,0.0,14.356195750572448,8.695652173913043,36.36363636363637,25.29644268774704,54.54545454545454,35.483870967741936,0.0,34.23753665689149,,,,12.960235640648014,,,2015-16,0.0
2585,Zaza Pachulia,Zaza,1610612742,DAL,32.0,76,40,36,0.526,2004.1066666666663,103.8,469,0.237,0.339,64,0.237,22,0.18,579.0,516.0,653.0,1702.0,6.22,6.2209944514301325,109,108,331,198,117,218,23,23,26,100,121,173,191,325,362,426,353,98,1,10,8,2,3,0,4,8,0,0,3,0.0,0.0,0,0,0,0,0,0.0,0.0,0.0,0.0,,,,,,7.490636704119851,67.89099526066352,41.50943396226419,37.13546151344622,34.78260869565217,18.181818181818183,24.82213438735178,27.27272727272727,32.25806451612903,0.0,22.199413489736067,,,,52.43004418262151,,,2015-16,0.0
203932,Aaron Gordon,Aaron,1610612753,ORL,21.0,80,29,51,0.363,2297.965,110.4,289,0.124,0.182,65,0.185,40,0.174,758.0,634.0,636.0,2318.0,4.51,4.509725084861507,38,215,463,378,62,405,81,230,243,98,251,83,214,424,436,428,458,180,80,494,317,177,113,5,39,89,0,0,60,0.0,0.0,0,0,0,0,0,0.0,0.0,0.0,0.0,203932.0,Aaron Gordon,0.3896363636363636,0.0,60.6,18.69158878504673,39.30885529157667,27.4647887323943,28.1009320491691,21.152030217186024,31.5625,27.398312086874412,30.29197080291971,36.11111111111111,13.88888888888889,28.227899432278996,29.285596436231643,100.0,64.64279821811581,26.190476190476193,,,2016-17,0.0
201143,Al Horford,Al,1610612738,BOS,31.0,68,46,22,0.676,2193.2616666666668,107.2,370,0.162,0.244,52,0.152,86,0.441,690.0,641.0,566.0,1976.0,6.35,6.354361956863408,192,62,183,50,78,270,45,131,128,138,336,25,54,390,442,393,405,90,68,884,637,247,98,0,227,526,0,0,72,0.0,0.0,0,0,0,0,0,0.0,0.0,0.0,0.0,201143.0,Al Horford,0.5509999999999999,0.2222222222222222,66.4,40.18691588785047,57.77537796976242,49.99999999999995,48.79614864455702,51.36921624173749,53.43750000000001,52.61018649669499,24.817518248175183,27.083333333333332,0.0,19.406173965936738,0.0,40.74074074074075,20.370370370370377,37.53501400560224,,,2016-17,0.0
202329,Al-Farouq Aminu,Al-Farouq,1610612757,POR,26.0,61,33,28,0.541,1772.9183333333333,107.1,374,0.204,0.299,60,0.239,44,0.228,551.0,453.0,443.0,1540.0,5.18,5.181425561132688,253,177,234,161,146,261,44,53,62,111,125,67,164,322,338,321,332,143,61,595,419,176,106,1,107,248,0,0,49,0.0,0.0,0,0,0,0,0,0.0,0.0,0.0,0.0,202329.0,Al-Farouq Aminu,0.1666315789473684,0.0789473684210526,107.5,20.5607476635514,81.31749460043196,50.70422535211269,49.36147851359992,30.7837582625118,31.25,31.063503305004723,27.73722627737226,32.63888888888889,2.7777777777777777,23.21294606650446,69.75833412933422,78.94736842105262,74.35285127519342,38.095238095238095,,,2016-17,0.0
203458,Alex Len,Alex,1610612756,PHX,24.0,77,21,56,0.273,1559.5966666666666,111.9,354,0.222,0.329,38,0.153,98,0.519,628.0,429.0,523.0,1432.0,2.33,2.3259028687541523,85,303,480,443,180,435,53,38,40,217,334,16,25,356,320,365,316,307,77,809,706,103,66,0,254,542,0,0,38,0.0,0.0,0,0,0,0,0,0.0,0.0,0.0,0.0,,,,,,45.794392523364486,87.14902807775377,16.90140845070416,53.045268949235655,57.88479697828139,8.4375,28.21641879131256,13.138686131386862,17.36111111111111,0.0,11.331863341443633,,,,35.294117647058826,,,2016-17,0.0
203459,Allen Crabbe,Allen,1610612757,POR,25.0,79,39,40,0.494,2254.108333333333,109.7,207,0.091,0.134,54,0.173,20,0.092,763.0,571.0,629.0,2070.0,4.91,4.9123375793162305,54,109,387,232,67,390,153,357,371,129,275,199,325,427,398,424,418,157,79,374,214,160,112,0,23,56,0,0,55,0.0,0.0,0,0,0,0,0,0.0,0.0,0.0,0.0,203459.0,Allen Crabbe,0.0877368421052631,0.0263157894736842,75.0,9.345794392523365,52.69978401727862,32.39436619718305,30.281833712352626,11.425873465533522,26.25,20.320349386213408,29.927007299270077,28.47222222222222,0.0,21.936080697485806,84.07679816601394,92.98245614035088,88.52962715318242,14.705882352941178,,,2016-17,0.0
101161,Amir Johnson,Amir,1610612738,BOS,30.0,80,51,29,0.638,1607.985,104.6,248,0.15,0.222,51,0.194,62,0.408,453.0,467.0,420.0,1418.0,5.91,5.90895047953651,38,21,250,84,173,150,111,161,162,143,228,44,71,265,344,303,312,105,79,602,526,76,105,5,190,454,0,0,49,0.0,0.0,0,0,0,0,0,0.0,0.0,0.0,0.0,101161.0,Amir Johnson,0.4,0.2,8.9,28.971962616822427,87.90496760259178,68.30985915492958,59.432988496368495,40.8876298394712,0.0,16.35505193578848,27.37226277372263,26.38888888888889,13.88888888888889,23.657238442822383,27.404718693284924,46.666666666666664,37.03569267997579,20.44817927170868,,,2016-17,0.0
203083,Andre Drummond,Andre,1610612765,DET,23.0,81,36,45,0.444,2409.4216666666666,109.9,770,0.341,0.466,124,0.335,89,0.461,657.0,535.0,526.0,2168.0,4.98,4.975243469504944,18,140,431,286,48,396,3,1,3,13,15,22,50,374,377,366,438,154,81,744,623,121,231,2,352,762,0,0,70,0.0,0.0,0,0,0,0,0,0.0,0.0,0.0,0.0,203083.0,Andre Drummond,0.1733,0.0333,57.9,41.58878504672897,47.40820734341253,30.985915492957684,40.97486546212539,50.04721435316336,14.0625,28.456385741265347,73.35766423357664,77.08333333333334,5.555555555555555,57.71112124898622,68.5480943738657,91.12,79.83404718693285,93.55742296918768,,,2016-17,0.0
2738,Andre Iguodala,Andre,1610612744,GSW,33.0,76,64,12,0.842,1997.5416666666667,101.7,253,0.114,0.18,76,0.192,39,0.13,662.0,602.0,562.0,1864.0,9.19,9.192604536220973,97,3,86,6,111,62,106,265,248,70,234,89,272,378,423,392,387,13,76,386,226,160,164,2,59,150,0,0,62,0.0,0.0,0,0,0,0,0,0.0,0.0,0.0,0.0,2738.0,Andre Iguodala,0.1793809523809523,0.0714285714285714,106.3,18.22429906542056,63.822894168466526,88.73239436619713,51.81083117668079,12.5590179414542,26.25,20.77360717658168,48.9051094890511,43.75,5.555555555555555,36.263432684509326,67.44447325209576,80.95238095238096,74.19842710223836,21.1484593837535,,,2016-17,0.0
203460,Andre Roberson,Andre,1610612760,OKC,25.0,79,46,33,0.582,2375.8366666666666,104.7,305,0.124,0.173,94,0.219,79,0.307,851.0,588.0,521.0,2250.0,8.77,8.77015646816965,54,62,305,136,52,156,73,233,260,28,165,28,122,462,411,362,452,17,79,785,550,235,196,0,24,61,0,0,61,0.0,0.0,0,0,0,0,0,0.0,0.0,0.0,0.0,203460.0,Andre Roberson,0.199,0.0816428571428571,109.6,36.915887850467286,42.98056155507559,67.60563380281684,46.71096013516758,43.15391879131256,49.6875,47.07406751652502,60.58394160583942,56.25,0.0,43.92107664233577,63.88384754990925,78.22857142857144,71.05620948924035,28.431372549019606,,,2016-17,1.0
203952,Andrew Wiggins,Andrew,1610612750,MIN,22.0,82,31,51,0.378,3048.3683333333333,111.3,226,0.077,0.115,82,0.169,30,0.106,1111.0,820.0,896.0,2914.0,5.09,5.092300275341406,1,196,463,353,1,426,129,409,422,54,283,131,302,486,485,483,484,145,82,759,363,396,137,0,29,68,0,0,85,0.0,0.0,0,0,0,0,0,0.0,0.0,0.0,0.0,203952.0,Andrew Wiggins,0.3421052631578947,0.1736842105263157,123.9,14.018691588785046,7.127429805615551,21.12676056338028,13.383767208324532,25.495750708215297,100.0,70.19830028328612,39.05109489051095,47.91666666666667,0.0,32.39127128953772,37.91193046136211,53.68421052631579,45.79807049383895,17.366946778711483,,,2016-17,0.0
203076,Anthony Davis,Anthony,1610612740,NOP,24.0,75,31,44,0.413,2707.661666666667,104.1,712,0.241,0.349,94,0.222,167,0.499,902.0,659.0,720.0,2394.0,10.39,10.385739542501623,111,196,419,316,15,130,6,27,30,28,155,3,38,472,447,460,465,5,75,1011,742,269,177,9,247,559,0,0,83,0.0,0.0,0,0,0,0,0,0.0,0.0,0.0,0.0,,,,,,78.03738317757009,35.20518358531318,71.83098591549296,61.49451400476089,61.28423040604344,60.3125,60.70119216241738,53.64963503649635,56.25,25.0,47.39735401459854,,,,85.43417366946778,,,2016-17,0.0
201167,Arron Afflalo,Arron,1610612758,SAC,31.0,61,23,38,0.377,1579.815,113.2,116,0.077,0.114,21,0.093,6,0.051,590.0,400.0,551.0,1408.0,1.69,1.6941617085030654,253,287,367,358,179,456,281,413,423,303,441,335,403,344,301,384,308,346,59,296,147,149,34,0,15,33,0,0,16,0.0,0.0,0,0,0,0,0,0.0,0.0,0.0,0.0,201167.0,Arron Afflalo,0.4375,0.375,41.5,2.803738317757009,88.44492440604752,7.746478873239394,34.013838587529285,5.099150141643059,22.8125,15.727160056657224,1.45985401459854,5.555555555555555,0.0,2.5283860502838604,20.59891107078039,0.0,10.299455535390194,1.96078431372549,,,2016-17,0.0
203085,Austin Rivers,Austin,1610612746,LAC,24.0,74,43,31,0.581,2053.6983333333333,108.1,141,0.068,0.101,48,0.159,10,0.055,639.0,549.0,627.0,1910.0,5.45,5.449675662629551,126,76,278,138,104,319,245,435,450,157,317,282,396,362,384,423,393,126,74,350,229,121,110,2,7,15,0,0,50,0.0,0.0,0,0,0,0,0,0.0,0.0,0.0,0.0,203085.0,Austin Rivers,0.3333,0.0,60.900000000000006,4.672897196261682,61.33909287257019,43.66197183098593,34.25333434165072,12.842304060434373,14.0625,13.574421624173748,29.1970802919708,24.305555555555554,5.555555555555555,21.574665450121653,39.50998185117966,100.0,69.75499092558982,5.46218487394958,,,2016-17,0.0
202340,Avery Bradley,Avery,1610612738,BOS,26.0,55,34,21,0.618,1834.49,108.7,269,0.143,0.22,68,0.231,11,0.062,584.0,565.0,491.0,1726.0,4.5,4.497822169968323,283,164,172,105,131,346,96,182,171,88,140,270,387,340,394,349,367,182,55,303,163,140,148,0,24,58,0,0,71,0.0,0.0,0,0,0,0,0,0.0,0.0,0.0,0.0,,,,,,5.14018691588785,71.2742980561555,39.436619718309814,36.861234015587016,6.610009442870633,20.0,14.644003777148251,43.06569343065693,38.19444444444444,0.0,30.594332927818325,,,,23.389355742296917,,,2016-17,0.0
202687,Bismack Biyombo,Bismack,1610612753,ORL,24.0,81,29,52,0.358,1793.415,108.9,410,0.227,0.334,25,0.105,91,0.484,613.0,495.0,463.0,1630.0,4.22,4.2187119285061145,18,215,470,384,138,362,31,33,37,289,431,21,42,349,358,331,349,200,81,713,603,110,53,0,243,549,0,0,59,0.0,0.0,0,0,0,0,0,0.0,0.0,0.0,0.0,202687.0,Bismack Biyombo,0.3333,0.1,35.3,42.523364485981304,76.45788336933045,38.02816901408444,53.27664722717928,48.1586402266289,10.625,25.63845609065156,8.394160583941606,8.333333333333332,0.0,6.274330900243308,39.50998185117966,73.33333333333334,56.4216575922565,43.13725490196079,,,2016-17,0.0
201933,Blake Griffin,Blake,1610612746,LAC,28.0,61,40,21,0.656,2076.1766666666667,106.2,385,0.181,0.26,57,0.169,22,0.122,667.0,489.0,606.0,1798.0,6.65,6.651597044220337,253,92,172,68,99,221,41,87,105,120,287,182,280,383,356,410,375,78,61,505,322,183,106,9,156,369,0,0,87,0.0,0.0,0,0,0,0,0,0.0,0.0,0.0,0.0,201933.0,Blake Griffin,0.267875,0.020875,59.8,10.2803738317757,67.3866090712743,57.04225352112671,41.95802608793796,21.624173748819643,33.4375,28.71216949952786,27.73722627737226,30.555555555555557,25.0,28.03933495539335,51.383847549909255,94.43333333333334,72.9085904416213,39.635854341736696,,,2016-17,0.0
202711,Bojan Bogdanovic,Bojan,1610612764,WAS,28.0,81,23,58,0.284,2082.855,110.9,240,0.111,0.164,34,0.108,7,0.033,843.0,640.0,623.0,1986.0,3.84,3.844743998101835,18,287,484,439,97,419,117,276,286,238,430,320,432,460,441,419,408,220,81,520,284,236,68,1,6,12,0,0,59,0.0,0.0,0,0,0,0,0,0.0,0.0,0.0,0.0,202711.0,Bojan Bogdanovic,0.2963333333333333,0.0555555555555555,53.5,3.2710280373831773,57.2354211663067,23.94366197183092,27.326724116118346,18.035882908404155,50.0,37.214353163361665,13.86861313868613,14.583333333333334,2.7777777777777777,11.346056366585564,46.21899576527525,85.18518518518518,65.70209047523022,19.327731092436977,,,2016-17,0.0
203078,Bradley Beal,Bradley,1610612764,WAS,24.0,77,48,29,0.623,2684.0133333333333,107.9,187,0.07,0.103,83,0.168,21,0.096,857.0,768.0,662.0,2444.0,7.2,7.19837025487115,85,47,250,99,18,313,182,431,445,52,289,189,320,466,478,445,468,56,77,612,273,339,192,6,18,38,0,0,97,0.0,0.0,0,0,0,0,0,0.0,0.0,0.0,0.0,203078.0,Bradley Beal,0.2272727272727272,0.1136363636363636,116.3,9.813084112149532,32.50539956803456,45.07042253521119,26.56972912747471,16.997167138810198,82.1875,56.11136685552408,59.12408759124088,48.61111111111111,16.666666666666664,44.8301905920519,58.752681075730074,69.69696969696969,64.22482538634988,11.904761904761903,,,2016-17,0.0
1627742,Brandon Ingram,Brandon,1610612747,LAL,19.0,79,26,53,0.329,2279.2616666666668,112.9,256,0.114,0.172,50,0.124,36,0.195,838.0,666.0,764.0,2302.0,2.68,2.6809546784375646,54,253,472,406,65,451,102,269,268,148,403,104,198,458,451,470,455,284,78,556,316,240,94,2,12,30,0,0,59,0.0,0.0,0,0,0,0,0,0.0,0.0,0.0,0.0,1627742.0,Brandon Ingram,0.375,0.125,54.2,16.822429906542055,40.17278617710583,9.859154929577404,23.25423585699821,21.0576015108593,51.24999999999999,39.17304060434371,23.35766423357664,25.694444444444443,5.555555555555555,19.7250101378751,31.941923774954624,66.66666666666666,49.30429522081064,21.568627450980394,,,2016-17,0.0
201943,Brandon Jennings,Brandon,1610612764,WAS,27.0,81,37,44,0.457,1801.48,108.6,167,0.089,0.134,70,0.241,4,0.019,637.0,525.0,477.0,1748.0,4.47,4.467574299564027,18,129,419,271,136,342,208,366,370,84,120,371,440,361,372,341,370,185,76,216,93,123,153,1,3,7,0,0,57,0.0,0.0,0,0,0,0,0,0.0,0.0,0.0,0.0,201943.0,Brandon Jennings,0.3125,0.125,46.5,1.8691588785046729,70.08639308855291,40.14084507042255,35.313112400001025,0.0,14.6875,8.8125,44.89051094890511,39.58333333333333,2.7777777777777777,32.50481549067315,43.28493647912885,66.66666666666666,54.97580157289775,9.103641456582633,,,2016-17,0.0
201572,Brook Lopez,Brook,1610612751,BKN,29.0,75,20,55,0.267,2222.0316666666668,108.5,282,0.116,0.168,38,0.128,124,0.517,856.0,647.0,656.0,2090.0,5.58,5.582625992521732,111,307,479,448,74,340,88,258,278,217,397,8,26,465,444,440,423,116,75,1097,936,161,82,0,162,370,0,0,62,0.0,0.0,0,0,0,0,0,0.0,0.0,0.0,0.0,201572.0,Brook Lopez,0.0333,0.05,60.8,57.943925233644855,51.61987041036718,40.84507042253519,51.45579234272024,79.60339943342775,26.5625,47.7788597733711,18.97810218978102,17.36111111111111,0.0,13.667629764801298,93.95644283121597,86.66666666666667,90.31155474894132,25.210084033613445,,,2016-17,0.0
1627741,Buddy Hield,Buddy,1610612758,SAC,24.0,82,31,51,0.378,1888.1833333333336,107.9,234,0.12,0.177,38,0.134,9,0.051,701.0,514.0,557.0,1808.0,5.24,5.2403827656139255,1,196,463,353,126,307,123,246,253,217,383,294,401,396,370,388,376,138,81,447,254,193,90,0,11,23,0,0,63,0.0,0.0,0,0,0,0,0,0.0,0.0,0.0,0.0,,,,,,4.205607476635514,66.84665226781857,45.07042253521119,36.34617691819351,15.203021718602455,36.5625,28.018708687440984,21.897810218978105,17.36111111111111,0.0,14.835512976480132,,,,18.487394957983195,,,2016-17,0.0
203468,CJ McCollum,CJ,1610612757,POR,25.0,80,40,40,0.5,2795.58,108.9,229,0.08,0.118,72,0.181,42,0.136,877.0,723.0,692.0,2458.0,6.74,6.742936061653582,38,92,387,214,9,356,127,401,414,80,260,75,269,468,467,455,471,74,80,696,420,276,122,3,26,63,0,0,88,0.0,0.0,0,0,0,0,0,0.0,0.0,0.0,0.0,203468.0,CJ McCollum,0.2037222222222222,0.0740555555555555,120.2,19.626168224299064,31.749460043196542,38.02816901408444,28.46982055835953,30.878186968838527,62.5,49.85127478753541,33.57664233576642,40.97222222222222,8.333333333333332,29.85426804541768,63.02681992337163,80.25185185185185,71.63933588761174,17.787114845938376,,,2016-17,0.0
101139,CJ Miles,CJ,1610612754,IND,30.0,76,39,37,0.513,1776.3516666666667,106.0,199,0.114,0.169,46,0.159,25,0.15,555.0,443.0,387.0,1374.0,5.8,5.795942477515192,97,109,352,199,144,211,165,267,275,169,318,159,247,326,330,283,300,110,76,389,191,198,88,9,15,36,0,0,46,0.0,0.0,0,0,0,0,0,0.0,0.0,0.0,0.0,101139.0,CJ Miles,0.0333,0.0,55.4,11.682242990654206,90.28077753779698,58.45070422535208,50.88384539082864,9.254013220018887,38.125,26.576605288007556,21.16788321167883,22.916666666666664,25.0,22.737986618004864,93.95644283121597,100.0,96.97822141560798,13.585434173669467,,,2016-17,0.0
2546,Carmelo Anthony,Carmelo,1610612752,NYK,33.0,74,29,45,0.392,2538.08,112.7,376,0.143,0.217,60,0.171,34,0.123,889.0,804.0,786.0,2506.0,3.17,3.1660028420600423,126,215,431,335,32,447,43,177,176,111,278,110,277,469,481,476,476,255,74,485,212,273,131,0,68,152,0,0,55,0.0,0.0,0,0,0,0,0,0.0,0.0,0.0,0.0,2546.0,Carmelo Anthony,0.291625,0.083375,68.1,15.887850467289718,29.15766738660907,11.267605633802772,19.377225180679755,11.237016052880074,61.5625,41.43230642115203,36.86131386861314,32.63888888888889,0.0,26.16813665855637,47.07350272232304,77.76666666666668,62.42008469449486,38.37535014005603,,,2016-17,0.0
101108,Chris Paul,Chris,1610612746,LAC,32.0,61,43,18,0.705,1920.8233333333333,102.8,264,0.132,0.188,119,0.368,8,0.05,562.0,439.0,518.0,1578.0,8.06,8.057194344171178,253,76,136,38,124,94,99,205,229,15,12,305,404,331,327,359,339,32,61,317,155,162,214,2,14,31,0,0,92,0.0,0.0,0,0,0,0,0,0.0,0.0,0.0,0.0,101108.0,Chris Paul,0.33325,0.0,53.2,3.7383177570093458,79.26565874730022,80.98591549295773,49.48478653759825,5.854579792256846,26.875,18.466831916902738,67.15328467153284,73.61111111111111,5.555555555555555,54.01409164639091,39.519056261343,100.0,69.7595281306715,22.689075630252105,,,2016-17,0.0
203991,Clint Capela,Clint,1610612745,HOU,23.0,65,44,21,0.677,1551.3016666666667,107.5,348,0.222,0.323,34,0.131,79,0.572,545.0,424.0,458.0,1602.0,4.35,4.345023062026181,220,72,172,49,182,287,58,37,43,238,390,28,19,320,317,328,344,194,65,663,543,120,59,6,165,373,0,0,62,0.0,0.0,0,0,0,0,0,0.0,0.0,0.0,0.0,203991.0,Clint Capela,0.24165,0.05,85.6,36.915887850467286,77.96976241900649,47.88732394366194,54.027602972754664,42.492917847025495,13.750000000000002,25.2471671388102,10.583941605839415,14.583333333333334,16.666666666666664,13.5044099756691,56.14337568058075,86.66666666666667,71.40502117362371,34.45378151260504,,,2016-17,0.0
203469,Cody Zeller,Cody,1610612766,CHA,24.0,62,33,29,0.532,1725.4716666666666,104.1,270,0.157,0.219,62,0.212,58,0.356,416.0,381.0,360.0,1398.0,6.62,6.621866527139181,244,177,250,167,158,129,94,145,174,104,186,49,99,248,288,270,306,79,62,565,488,77,126,2,366,848,0,0,70,0.0,0.0,0,0,0,0,0,0.0,0.0,0.0,0.0,203469.0,Cody Zeller,0.2863636363636364,0.0,53.1,27.102803738317753,88.98488120950324,71.83098591549296,59.94357639752648,37.29933899905571,0.3125,15.107235599622284,35.03649635036496,34.02777777777778,5.555555555555555,27.313209651257097,48.02837815541989,100.0,74.01418907770994,23.52941176470588,,,2016-17,0.0
202709,Cory Joseph,Cory,1610612761,TOR,25.0,80,49,31,0.613,2002.7233333333336,107.8,184,0.092,0.137,66,0.202,13,0.064,635.0,562.0,495.0,1752.0,5.53,5.528513491650096,38,43,278,111,109,300,193,354,363,93,210,253,381,359,393,351,371,121,80,508,253,255,115,4,28,64,0,0,60,0.0,0.0,0,0,0,0,0,0.0,0.0,0.0,0.0,,,,,,6.074766355140187,69.87041036717062,45.77464788732393,38.32821214239677,15.108593012275731,55.93749999999999,39.60593720491028,31.02189781021898,36.80555555555556,11.11111111111111,28.068481346309817,,,,11.484593837535014,,,2016-17,0.0
201584,Courtney Lee,Courtney,1610612752,NYK,31.0,77,29,48,0.377,2459.4133333333334,112.1,206,0.082,0.126,81,0.24,24,0.092,818.0,766.0,760.0,2466.0,3.46,3.4555436642633883,85,215,453,360,45,439,155,393,393,59,124,165,326,444,477,469,473,237,77,454,236,218,157,1,10,21,0,0,73,0.0,0.0,0,0,0,0,0,0.0,0.0,0.0,0.0,201584.0,Courtney Lee,0.2777777777777778,0.1481111111111111,65.2,11.214953271028037,31.317494600431967,15.492957746478892,19.320343855182127,13.503305004721437,44.375,32.02632200188857,46.35036496350365,47.22222222222222,2.7777777777777777,35.76236820762368,49.58661020367008,60.50370370370371,55.0451569536869,14.565826330532214,,,2016-17,0.0
1626156,D'Angelo Russell,D'Angelo,1610612747,LAL,21.0,63,21,42,0.333,1810.5783333333336,114.3,190,0.108,0.159,87,0.311,16,0.105,623.0,509.0,646.0,1856.0,1.39,1.3877838627999712,239,303,402,392,134,466,176,295,302,43,36,232,304,355,368,435,386,365,62,343,192,151,164,1,20,46,0,0,58,0.0,0.0,0,0,0,0,0,0.0,0.0,0.0,0.0,1626156.0,D'Angelo Russell,0.2727272727272727,0.1818181818181818,62.0,7.476635514018691,64.2548596112311,0.0,25.47985506953836,9.34844192634561,23.4375,17.801876770538243,48.9051094890511,51.388888888888886,2.7777777777777777,38.24259935117599,50.50321729087609,51.51515151515152,51.009184403013805,12.324929971988796,,,2016-17,0.0
201571,D.J. Augustin,D.J.,1610612753,ORL,29.0,78,29,49,0.372,1538.255,110.1,102,0.067,0.1,31,0.157,1,0.007,553.0,438.0,426.0,1422.0,3.08,3.080090961437288,69,215,458,367,185,402,302,440,452,254,322,416,446,325,326,308,314,261,75,242,103,139,57,9,27,64,0,0,51,0.0,0.0,0,0,0,0,0,0.0,0.0,0.0,0.0,201571.0,D.J. Augustin,0.4,0.2,26.1,0.4672897196261681,87.6889848812095,29.57746478873241,38.272426793456894,0.9442870632672332,19.6875,12.190214825306894,9.854014598540148,12.5,25.0,14.56660583941606,27.404718693284924,46.666666666666664,37.03569267997579,0.0,,,2016-17,0.0
203081,Damian Lillard,Damian,1610612757,POR,26.0,75,38,37,0.507,2693.075,110.4,322,0.118,0.176,68,0.174,20,0.072,851.0,718.0,740.0,2444.0,5.19,5.194307403636718,111,120,352,211,16,406,67,252,256,88,269,199,368,462,466,465,468,142,75,460,262,198,155,11,12,27,0,0,79,0.0,0.0,0,0,0,0,0,0.0,0.0,0.0,0.0,203081.0,Damian Lillard,0.2352941176470588,0.1568823529411764,122.9,9.345794392523365,32.50539956803456,27.4647887323943,21.981404788920017,15.958451369216242,38.125,29.258380547686496,45.62043795620438,38.19444444444444,30.555555555555557,39.255119626926195,57.29689334899113,58.16470588235294,57.730799615672034,30.81232492997199,,,2016-17,0.0
201568,Danilo Gallinari,Danilo,1610612743,DEN,28.0,63,31,32,0.492,2134.0066666666667,110.5,286,0.13,0.183,40,0.13,15,0.093,758.0,543.0,625.0,2120.0,4.06,4.057824420584874,239,196,295,239,89,408,85,212,240,205,394,238,323,424,380,421,430,209,63,504,288,216,72,8,20,46,0,0,50,0.0,0.0,0,0,0,0,0,0.0,0.0,0.0,0.0,201568.0,Danilo Gallinari,0.0363636363636363,0.0,56.2,7.009345794392523,50.0,26.760563380281667,26.993879162827422,18.413597733711047,43.75,33.61543909348442,15.328467153284672,18.75,22.22222222222222,18.249442416869424,93.4004289721168,100.0,96.7002144860584,25.770308123249297,,,2016-17,0.0
201980,Danny Green,Danny,1610612759,SAS,30.0,68,51,17,0.75,1806.825,101.7,193,0.104,0.151,70,0.25,57,0.237,520.0,481.0,462.0,1490.0,8.13,8.132913211693044,192,21,128,24,135,63,172,308,323,84,97,50,159,305,353,330,325,30,68,510,309,201,179,2,12,28,0,0,31,0.0,0.0,0,0,0,0,0,0.0,0.0,0.0,0.0,201980.0,Danny Green,0.3888888888888889,0.2777777777777778,55.9,26.635514018691588,84.01727861771057,88.73239436619713,62.24335171522461,20.396600566572236,39.0625,31.596140226628897,54.379562043795616,39.58333333333333,5.555555555555555,36.9948803730738,29.42125428513812,25.925925925925924,27.67359010553202,12.745098039215684,,,2016-17,0.0
201967,Dante Cunningham,Dante,1610612740,NOP,30.0,66,28,38,0.424,1648.5783333333334,106.6,221,0.129,0.186,39,0.142,28,0.149,496.0,368.0,477.0,1526.0,5.13,5.134293720856966,212,234,367,307,165,239,133,215,238,212,362,141,248,297,274,341,329,144,66,522,326,196,81,0,41,98,0,0,37,0.0,0.0,0,0,0,0,0,0.0,0.0,0.0,0.0,,,,,,13.084112149532707,82.07343412526998,54.22535211267606,47.51568483182659,22.001888574126536,37.5,31.300755429650614,18.613138686131386,18.055555555555554,0.0,13.764699918896998,,,,16.666666666666664,,,2016-17,0.0
203967,Dario Saric,Dario,1610612755,PHI,23.0,81,28,53,0.346,2129.0233333333335,106.8,401,0.183,0.273,57,0.148,30,0.144,835.0,606.0,661.0,1938.0,6.53,6.532218842642764,18,234,472,388,92,247,36,81,84,120,350,131,254,457,424,443,398,81,81,675,488,187,92,1,83,196,0,0,72,0.0,0.0,0,0,0,0,0,0.0,0.0,0.0,0.0,,,,,,14.018691588785046,59.827213822894166,52.81690140845069,39.75122682563965,37.29933899905571,34.6875,35.732235599622285,22.62773722627737,30.555555555555557,2.7777777777777777,20.43998377939984,,,,41.87675070028011,,,2016-17,0.0
201954,Darren Collison,Darren,1610612758,SAC,29.0,68,26,42,0.382,2063.32,111.2,129,0.066,0.096,67,0.198,9,0.051,682.0,500.0,612.0,1762.0,3.49,3.4923735025492295,192,253,402,351,102,422,264,444,459,90,223,294,401,387,364,414,372,236,68,298,134,164,138,2,18,38,0,0,62,0.0,0.0,0,0,0,0,0,0.0,0.0,0.0,0.0,201954.0,Darren Collison,0.1969999999999999,0.0454545454545454,59.6,4.205607476635514,69.3304535637149,21.830985915492914,31.405648216827647,3.871576959395656,27.500000000000004,18.048630783758263,39.416058394160586,37.5,5.555555555555555,30.280312246553127,64.24682395644284,87.87878787878788,76.06280591761535,3.7815126050420167,,,2016-17,0.0
201599,DeAndre Jordan,DeAndre,1610612746,LAC,28.0,81,51,30,0.63,2570.305,105.8,816,0.305,0.437,51,0.121,134,0.588,798.0,663.0,792.0,2164.0,8.56,8.562060996742078,18,21,266,93,26,198,1,4,6,143,410,6,16,437,448,478,437,23,81,850,691,159,96,0,448,1005,0,0,47,0.0,0.0,0,0,0,0,0,0.0,0.0,0.0,0.0,201599.0,DeAndre Jordan,0.3214285714285714,0.1428571428571428,51.2,62.616822429906534,47.62419006479482,59.85915492957745,56.67998422703515,56.468366383380555,25.937500000000004,38.149846553352226,24.087591240875913,26.38888888888889,0.0,18.871147607461477,41.66450609281824,61.904761904761905,51.78463399879007,100.0,,,2016-17,0.0
201942,DeMar DeRozan,DeMar,1610612761,TOR,27.0,74,47,27,0.635,2620.241666666667,108.7,316,0.119,0.178,78,0.189,13,0.052,823.0,747.0,661.0,2346.0,6.4,6.403201852156301,126,52,221,86,23,348,69,249,251,65,242,253,400,450,472,443,461,88,74,315,140,175,138,3,6,13,0,0,87,0.0,0.0,0,0,0,0,0,0.0,0.0,0.0,0.0,,,,,,6.074766355140187,37.79697624190065,39.436619718309814,25.518003156298754,4.4381491973559966,30.9375,20.3377596789424,39.416058394160586,45.13888888888889,8.333333333333332,33.64836780210868,,,,29.971988795518207,,,2016-17,0.0
202326,DeMarcus Cousins,DeMarcus,1610612740,NOP,26.0,72,30,42,0.417,2465.3633333333332,109.5,642,0.273,0.396,100,0.245,93,0.419,825.0,577.0,774.0,2012.0,5.24,5.243354442402826,158,209,402,315,43,385,9,8,12,21,110,18,65,453,401,471,412,138,72,864,649,215,242,25,137,313,0,0,86,0.0,0.0,0,0,0,0,0,0.0,0.0,0.0,0.0,202326.0,DeMarcus Cousins,0.3533,0.125,75.0,43.45794392523364,55.83153347732181,33.80281690140842,45.374918512508195,52.50236071765817,43.4375,47.06344428706327,77.37226277372264,60.416666666666664,69.44444444444444,69.4558495539335,35.88021778584391,66.66666666666666,51.27344222625528,75.63025210084034,,,2016-17,0.0
201960,DeMarre Carroll,DeMarre,1610612761,TOR,30.0,72,44,28,0.611,1881.3833333333337,107.8,212,0.113,0.168,81,0.256,27,0.144,591.0,514.0,449.0,1676.0,5.08,5.0813809098639755,158,72,234,113,128,304,146,270,277,59,89,147,253,345,370,325,357,146,72,497,271,226,175,3,36,82,0,0,53,0.0,0.0,0,0,0,0,0,0.0,0.0,0.0,0.0,,,,,,12.61682242990654,73.97408207343412,45.77464788732393,42.38131966949554,16.80830972615675,46.875,34.8483238904627,52.919708029197075,47.22222222222222,8.333333333333332,39.77899432278994,,,,15.406162464985997,,,2016-17,0.0
203471,Dennis Schröder,Dennis,1610612737,ATL,23.0,79,42,37,0.532,2484.8233333333333,106.8,206,0.079,0.118,74,0.167,16,0.065,918.0,738.0,719.0,2074.0,7.52,7.519121893082089,54,82,352,168,39,248,155,402,418,75,291,232,379,477,470,459,419,44,79,432,232,200,130,13,25,57,0,0,92,0.0,0.0,0,0,0,0,0,0.0,0.0,0.0,0.0,203471.0,Dennis Schröder,0.1167,0.0,64.0,7.476635514018691,52.48380129589633,52.81690140845069,34.56421001128386,13.125590179414544,38.75,28.50023607176582,36.496350364963504,42.36111111111111,36.11111111111111,38.45270681265207,78.82032667876587,100.0,89.41016333938293,14.565826330532214,,,2016-17,0.0
101114,Deron Williams,Deron,1610612739,CLE,33.0,64,25,39,0.391,1657.3266666666666,107.5,133,0.086,0.123,31,0.135,8,0.065,516.0,361.0,412.0,1382.0,4.52,4.518439204049212,231,266,379,338,164,290,258,377,404,254,379,305,379,302,271,299,303,179,63,349,195,154,80,6,47,105,0,0,35,0.0,0.0,0,0,0,0,0,0.0,0.0,0.0,0.0,101114.0,Deron Williams,0.1364074074074074,0.0648148148148148,162.3,3.7383177570093458,89.8488120950324,47.88732394366194,44.914242321980566,9.631728045325778,24.375,18.47769121813031,18.248175182481752,12.5,16.666666666666664,15.840936739659368,75.24366471734892,82.71604938271605,78.97985705003248,4.341736694677871,,,2016-17,0.0
201565,Derrick Rose,Derrick,1610612752,NYK,28.0,64,26,38,0.406,2081.825,113.0,180,0.082,0.125,44,0.157,17,0.074,714.0,680.0,648.0,2062.0,2.42,2.418788118588897,231,253,367,322,98,454,195,392,395,180,320,224,364,402,455,436,417,300,64,362,198,164,88,4,24,53,0,0,78,0.0,0.0,0,0,0,0,0,0.0,0.0,0.0,0.0,201565.0,Derrick Rose,0.40625,0.208375,55.8,7.943925233644859,53.1317494600432,9.154929577464769,24.062414798839253,9.91501416430595,27.500000000000004,20.46600566572238,21.16788321167883,21.52777777777778,11.11111111111111,18.779653284671532,26.270417422867503,44.43333333333333,35.35187537810042,10.92436974789916,,,2016-17,0.0
1626164,Devin Booker,Devin,1610612756,PHX,20.0,78,24,54,0.308,2730.5533333333333,111.6,203,0.073,0.108,72,0.159,21,0.077,1073.0,781.0,940.0,2562.0,4.32,4.317388732730786,69,275,477,422,14,428,158,421,432,80,316,189,356,483,479,486,478,196,78,496,249,247,121,1,31,68,0,0,73,0.0,0.0,0,0,0,0,0,0.0,0.0,0.0,0.0,,,,,,9.813084112149532,26.13390928725702,19.01408450704227,17.825623022160336,14.730878186968836,53.43750000000001,37.954851274787536,33.21167883211679,40.97222222222222,2.7777777777777777,28.319393755068937,,,,14.145658263305322,,,2016-17,0.0
1627734,Domantas Sabonis,Domantas,1610612760,OKC,21.0,81,46,35,0.568,1631.4883333333332,102.5,242,0.146,0.208,39,0.14,32,0.196,537.0,404.0,323.0,1554.0,7.04,7.039517952441231,18,62,330,143,169,84,113,169,193,212,368,118,195,314,306,243,334,62,81,580,427,153,75,0,90,198,0,0,52,0.0,0.0,0,0,0,0,0,0.0,0.0,0.0,0.0,1627734.0,Domantas Sabonis,0.3097,0.1722,102.3,14.95327102803738,80.56155507559394,83.09859154929575,54.95250057499677,31.539187913125588,24.0625,27.05317516525024,16.423357664233578,18.055555555555554,0.0,12.888787510137874,43.79310344827586,54.080000000000005,48.93655172413793,19.607843137254903,,,2016-17,0.0
1627827,Dorian Finney-Smith,Dorian,1610612742,DAL,24.0,81,33,48,0.407,1641.8416666666667,105.5,167,0.109,0.162,52,0.192,25,0.171,469.0,412.0,443.0,1320.0,5.64,5.6418829263453345,18,177,453,321,167,191,208,286,294,138,235,159,218,279,311,321,290,112,78,479,291,188,90,0,15,37,0,0,35,0.0,0.0,0,0,0,0,0,0.0,0.0,0.0,0.0,1627827.0,Dorian Finney-Smith,0.1095,0.0714285714285714,71.0,11.682242990654206,93.19654427645789,61.97183098591547,52.7846454395008,18.69688385269122,35.0,28.47875354107649,21.897810218978105,27.083333333333332,0.0,18.23829075425791,80.12704174228675,80.95238095238096,80.53971134733385,9.103641456582633,,,2016-17,0.0
203926,Doug McDermott,Doug,1610612760,OKC,25.0,66,35,31,0.53,1507.7266666666667,109.1,159,0.105,0.15,13,0.07,5,0.038,550.0,385.0,395.0,1486.0,3.44,3.4390296074680045,212,151,278,170,192,369,223,305,327,360,458,354,424,321,294,288,323,238,64,339,191,148,30,0,12,27,0,0,18,0.0,0.0,0,0,0,0,0,0.0,0.0,0.0,0.0,203926.0,Doug McDermott,0.2592222222222222,0.1296111111111111,103.1,2.336448598130841,84.23326133909286,36.61971830985917,39.57115048539963,9.254013220018887,22.5,17.201605288007556,0.0,0.0,0.0,0.0,52.954224642064915,65.43703703703704,59.19563083955098,7.9831932773109235,,,2016-17,0.0
203110,Draymond Green,Draymond,1610612744,GSW,27.0,76,62,14,0.816,2470.8866666666668,100.9,501,0.183,0.273,154,0.294,106,0.303,818.0,712.0,668.0,2216.0,12.01,12.009401280573403,97,6,102,16,41,52,18,82,83,2,50,11,125,444,464,447,444,2,76,1040,726,314,295,13,178,432,0,0,93,0.0,0.0,0,0,0,0,0,0.0,0.0,0.0,0.0,203110.0,Draymond Green,0.3026315789473684,0.1052631578947368,124.2,49.532710280373834,44.81641468682505,94.3661971830985,59.09037854831293,59.773371104815865,74.375,68.53434844192634,96.71532846715328,97.91666666666666,36.11111111111111,81.98474249797242,45.0759384850511,71.9298245614035,58.5028815232273,55.88235294117647,,,2016-17,1.0
2730,Dwight Howard,Dwight,1610612737,ATL,31.0,74,37,37,0.5,2198.72,105.0,644,0.278,0.404,64,0.172,92,0.413,841.0,612.0,601.0,1712.0,7.87,7.8725279997742685,126,129,352,214,75,164,8,7,9,103,276,19,68,459,427,409,365,36,74,625,513,112,130,0,283,599,0,0,46,0.0,0.0,0,0,0,0,0,0.0,0.0,0.0,0.0,2730.0,Dwight Howard,0.083375,0.0,63.3,42.99065420560748,72.03023758099351,65.49295774647884,58.78008427221043,39.6600566572238,11.25,22.61402266288952,36.496350364963504,35.41666666666667,0.0,26.99437347931874,84.86842105263158,100.0,92.43421052631578,75.91036414565826,,,2016-17,0.0
2548,Dwyane Wade,Dwyane,1610612741,CHI,35.0,60,29,31,0.483,1792.1966666666667,106.1,207,0.113,0.162,86,0.291,41,0.212,555.0,431.0,481.0,1658.0,5.84,5.838113225881561,261,215,278,247,139,217,153,271,292,45,52,79,179,326,321,343,351,107,60,293,167,126,145,1,5,12,0,0,60,0.0,0.0,0,0,0,0,0,0.0,0.0,0.0,0.0,2548.0,Dwyane Wade,0.2166999999999999,0.0667,64.1,19.158878504672895,74.94600431965442,57.74647887323945,48.33127263205807,6.987724268177526,15.625,12.17008970727101,41.97080291970803,50.69444444444444,2.7777777777777777,35.22582116788321,60.671506352087114,82.21333333333334,71.44241984271022,14.705882352941178,,,2016-17,0.0
202734,E'Twaun Moore,E'Twaun,1610612740,NOP,28.0,73,32,41,0.438,1819.6833333333336,107.4,119,0.062,0.092,50,0.179,32,0.132,544.0,490.0,539.0,1628.0,5.2,5.195131780718141,145,188,395,293,133,283,278,453,466,148,265,118,270,318,357,377,348,141,73,425,257,168,110,1,7,16,0,0,48,0.0,0.0,0,0,0,0,0,0.0,0.0,0.0,0.0,,,,,,14.95327102803738,76.5658747300216,48.59154929577458,44.92725189066616,15.486307837582626,28.749999999999996,23.444523135033048,29.1970802919708,25.694444444444443,2.7777777777777777,21.36633211678832,,,,2.380952380952381,,,2016-17,0.0
203901,Elfrid Payton,Elfrid,1610612753,ORL,23.0,82,29,53,0.354,2412.1716666666666,109.2,298,0.12,0.175,88,0.238,40,0.155,735.0,663.0,637.0,2384.0,5.63,5.626010717482028,1,215,472,385,47,375,76,245,258,39,127,83,237,413,448,429,463,114,82,552,312,240,216,0,24,59,0,0,103,0.0,0.0,0,0,0,0,0,0.0,0.0,0.0,0.0,203901.0,Elfrid Payton,0.3636363636363636,0.1818181818181818,58.3,18.69158878504673,35.745140388768895,35.91549295774643,28.966307889524415,20.679886685552407,51.24999999999999,39.02195467422096,67.88321167883211,52.083333333333336,0.0,45.38245133819952,34.004289721168114,51.51515151515152,42.75972061815982,27.450980392156865,,,2016-17,0.0
202683,Enes Freedom,Enes,1610612760,OKC,25.0,72,43,29,0.597,1532.835,108.0,287,0.185,0.271,32,0.153,38,0.252,556.0,405.0,374.0,1562.0,4.07,4.07253625419499,158,76,250,125,187,314,84,78,88,249,332,97,143,328,308,279,335,208,72,529,419,110,71,0,110,241,0,0,35,0.0,0.0,0,0,0,0,0,0.0,0.0,0.0,0.0,202683.0,Enes Freedom,0.1111111111111111,0.0,25.1,17.75700934579439,80.12958963282938,44.36619718309856,46.23970940558268,30.7837582625118,10.625,18.688503305004723,14.963503649635038,13.194444444444445,0.0,10.603457015409573,79.83464408146803,100.0,89.917322040734,25.910364145658267,,,2016-17,0.0
202339,Eric Bledsoe,Eric,1610612756,PHX,27.0,66,22,44,0.333,2176.2483333333334,111.6,268,0.124,0.18,91,0.251,31,0.15,803.0,570.0,776.0,2010.0,3.41,3.411915402594388,212,301,419,392,82,429,97,231,247,33,96,126,243,440,397,472,411,239,66,466,288,178,182,11,3,6,0,0,79,0.0,0.0,0,0,0,0,0,0.0,0.0,0.0,0.0,,,,,,14.485981308411214,55.93952483801296,19.01408450704227,30.12674734342959,18.413597733711047,31.874999999999996,26.490439093484415,55.47445255474452,54.166666666666664,30.555555555555557,48.78700324412003,,,,23.24929971988795,,,2016-17,0.0
201569,Eric Gordon,Eric,1610612745,HOU,28.0,75,50,25,0.667,2323.465,106.1,172,0.068,0.105,48,0.122,41,0.186,810.0,708.0,687.0,2316.0,7.58,7.583107065651657,111,35,207,56,61,212,207,434,442,157,405,79,204,441,461,453,457,43,75,415,209,206,93,3,13,27,0,0,57,0.0,0.0,0,0,0,0,0,0.0,0.0,0.0,0.0,201569.0,Eric Gordon,0.145,0.05,111.4,19.158878504672895,39.416846652267814,57.74647887323945,35.896067448472756,10.953729933899906,40.625,28.756491973559964,22.99270072992701,24.305555555555554,8.333333333333332,19.78735806974858,73.68421052631578,86.66666666666667,80.17543859649123,9.803921568627452,,,2016-17,0.0
101141,Ersan Ilyasova,Ersan,1610612737,ATL,30.0,82,35,47,0.427,2142.3983333333335,104.3,366,0.163,0.248,58,0.16,23,0.098,776.0,617.0,637.0,1896.0,8.32,8.31722493895586,1,151,446,303,88,135,48,125,124,117,311,173,317,432,429,429,389,28,82,490,316,174,158,36,131,291,0,0,43,0.0,0.0,0,0,0,0,0,0.0,0.0,0.0,0.0,,,,,,10.74766355140187,62.09503239740821,70.42253521126759,43.63796056247052,21.0576015108593,30.625000000000004,26.79804060434372,46.71532846715328,31.25,100.0,54.62363138686132,,,,36.97478991596639,,,2016-17,0.0
203095,Evan Fournier,Evan,1610612753,ORL,24.0,68,23,45,0.338,2233.661666666667,108.8,165,0.072,0.105,66,0.205,4,0.017,741.0,597.0,590.0,2148.0,5.42,5.421369362345618,192,287,431,390,71,351,212,425,441,93,204,371,441,416,419,401,435,130,68,351,181,170,137,4,27,57,0,0,84,0.0,0.0,0,0,0,0,0,0.0,0.0,0.0,0.0,,,,,,1.8691588785046729,48.488120950323975,38.73239436619718,27.40160447556455,8.309726156751653,29.375,20.94889046270066,39.05109489051095,36.80555555555556,11.11111111111111,31.280160178426605,,,,8.823529411764707,,,2016-17,0.0
202323,Evan Turner,Evan,1610612757,POR,28.0,65,34,31,0.523,1658.56,108.8,211,0.125,0.187,53,0.215,24,0.143,523.0,459.0,430.0,1420.0,4.02,4.015305485841465,220,164,278,184,163,355,148,226,233,132,176,165,255,307,341,312,313,211,65,454,254,200,105,1,18,45,0,0,52,0.0,0.0,0,0,0,0,0,0.0,0.0,0.0,0.0,202323.0,Evan Turner,0.1403684210526315,0.0,77.9,11.214953271028037,87.79697624190065,38.73239436619718,44.89802158462574,15.203021718602455,38.75,29.331208687440984,27.37226277372263,27.77777777777778,2.7777777777777777,21.36557177615572,74.52478746776195,100.0,87.26239373388097,15.266106442577032,,,2016-17,0.0
1626163,Frank Kaminsky,Frank,1610612766,CHA,24.0,75,31,44,0.413,1954.015,108.3,279,0.141,0.201,46,0.16,34,0.181,538.0,440.0,550.0,1664.0,5.05,5.05193598058816,111,196,419,316,121,328,91,184,205,169,309,110,208,316,328,382,354,147,75,667,469,198,85,5,208,484,0,0,42,0.0,0.0,0,0,0,0,0,0.0,0.0,0.0,0.0,1626163.0,Frank Kaminsky,0.1217692307692307,0.0769230769230769,55.8,15.887850467289718,74.622030237581,42.25352112676056,43.03623105175937,35.50519357884797,38.125,37.07707743153919,20.072992700729927,22.916666666666664,13.88888888888889,19.52225263584752,77.90032109451347,79.48717948717949,78.69375029084648,24.789915966386555,,,2016-17,0.0
202066,Garrett Temple,Garrett,1610612758,SAC,31.0,65,25,40,0.385,1728.381666666667,110.6,152,0.09,0.136,84,0.288,28,0.197,658.0,469.0,491.0,1394.0,3.25,3.250163933720344,220,266,387,345,156,413,232,363,366,49,54,141,194,375,345,349,305,250,65,471,213,258,170,3,18,41,0,0,48,0.0,0.0,0,0,0,0,0,0.0,0.0,0.0,0.0,202066.0,Garrett Temple,0.1167,0.0667,56.4,13.084112149532707,89.20086393088553,26.05633802816903,42.968031742665275,11.3314447592068,56.875,38.65757790368272,51.09489051094891,49.30555555555556,8.333333333333332,39.77823398215734,78.82032667876587,82.21333333333334,80.5168300060496,7.002801120448179,,,2016-17,0.0
203914,Gary Harris,Gary,1610612743,DEN,22.0,57,29,28,0.509,1782.2883333333334,113.9,130,0.076,0.105,71,0.261,8,0.063,644.0,448.0,553.0,1826.0,1.57,1.5685463478640784,272,215,234,204,142,463,263,415,439,83,83,305,384,366,336,387,379,352,56,268,128,140,160,0,6,13,0,0,55,0.0,0.0,0,0,0,0,0,0.0,0.0,0.0,0.0,203914.0,Gary Harris,0.2879090909090909,0.0,71.2,3.7383177570093458,65.87473002159827,2.8169014084506436,25.255707962475793,3.3050047214353167,20.0,13.322001888574126,47.44525547445255,40.27777777777778,0.0,33.07532441200324,47.74789638673486,100.0,73.87394819336743,3.92156862745098,,,2016-17,0.0
201588,George Hill,George,1610612762,UTA,31.0,49,33,16,0.673,1543.9916666666666,101.3,144,0.095,0.129,50,0.238,11,0.071,417.0,308.0,340.0,1208.0,7.23,7.231291204538199,312,177,119,53,183,58,240,339,384,148,129,270,369,250,234,255,274,53,49,352,199,153,102,6,8,16,0,0,40,0.0,0.0,0,0,0,0,0,0.0,0.0,0.0,0.0,,,,,,5.14018691588785,99.244060475162,91.54929577464786,59.6788198763238,10.009442870632672,24.0625,18.441277148253068,26.277372262773724,25.694444444444443,16.666666666666664,23.67067112733171,,,,5.88235294117647,,,2016-17,0.0
201945,Gerald Henderson,Gerald,1610612755,PHI,29.0,72,24,48,0.333,1667.1233333333332,108.8,151,0.092,0.137,40,0.132,15,0.087,661.0,444.0,532.0,1542.0,4.08,4.083691782082261,158,275,453,392,162,349,234,353,362,205,389,238,334,377,332,372,333,207,71,333,166,167,85,7,8,18,0,0,50,0.0,0.0,0,0,0,0,0,0.0,0.0,0.0,0.0,,,,,,7.009345794392523,81.20950323974083,38.73239436619718,40.91016304321559,6.8932955618508025,28.4375,19.81981822474032,20.072992700729927,18.75,19.444444444444446,19.452808191403083,,,,6.862745098039216,,,2016-17,0.0
203507,Giannis Antetokounmpo,Giannis,1610612749,MIL,22.0,80,42,38,0.525,2845.036666666667,107.5,558,0.199,0.301,131,0.266,151,0.445,914.0,749.0,619.0,2502.0,8.0,7.996304730312397,38,82,367,182,4,288,13,60,61,9,78,5,53,474,474,418,474,34,80,798,528,270,218,2,90,215,0,0,115,0.0,0.0,0,0,0,0,0,0.0,0.0,0.0,0.0,203507.0,Giannis Antetokounmpo,0.2963333333333333,0.0555555555555555,68.3,70.56074766355141,29.373650107991363,47.88732394366194,50.476907589133035,41.07648725212464,60.62499999999999,52.805594900849854,68.61313868613139,81.94444444444444,5.555555555555555,57.514699918896994,46.21899576527525,85.18518518518518,65.70209047523022,63.86554621848739,,,2016-17,0.0
201609,Goran Dragic,Goran,1610612748,MIA,31.0,73,40,33,0.548,2459.4383333333335,107.3,217,0.087,0.13,89,0.251,13,0.045,738.0,704.0,561.0,2308.0,7.1,7.104322031179576,145,92,305,154,44,274,137,373,381,36,95,253,413,414,459,390,456,60,73,447,282,165,149,4,31,67,0,0,79,0.0,0.0,0,0,0,0,0,0.0,0.0,0.0,0.0,201609.0,Goran Dragic,0.1818181818181818,0.0,64.9,6.074766355140187,39.8488120950324,49.29577464788731,28.70093443728924,17.847025495750707,27.8125,23.826310198300284,43.43065693430657,52.77777777777778,11.11111111111111,38.62226277372263,67.00214486058405,100.0,83.50107243029203,16.106442577030812,,,2016-17,0.0
202330,Gordon Hayward,Gordon,1610612762,UTA,27.0,73,46,27,0.63,2515.535,103.8,345,0.136,0.194,73,0.212,20,0.074,750.0,578.0,546.0,2126.0,9.87,9.867808818480194,145,62,221,92,36,120,59,194,213,78,188,199,365,420,402,379,432,7,73,410,279,131,127,1,25,55,0,0,83,0.0,0.0,0,0,0,0,0,0.0,0.0,0.0,0.0,,,,,,9.345794392523365,49.676025917926566,73.94366197183098,39.610842321241385,17.56373937677054,17.1875,17.337995750708217,35.4014598540146,41.66666666666667,2.7777777777777777,29.438361719383614,,,,34.03361344537815,,,2016-17,0.0
203476,Gorgui Dieng,Gorgui,1610612750,MIN,27.0,82,31,51,0.378,2653.215,109.3,459,0.181,0.265,88,0.204,95,0.391,916.0,703.0,784.0,2520.0,5.99,5.989523550044654,1,196,463,353,20,377,21,88,100,39,207,17,79,475,458,475,477,101,82,1087,854,233,213,21,269,605,0,0,79,0.0,0.0,0,0,0,0,0,0.0,0.0,0.0,0.0,203476.0,Gorgui Dieng,0.36,0.175,125.2,44.39252336448598,28.401727861771057,35.21126760563379,36.50043099882271,71.86024551463645,49.0625,58.181598205854584,66.78832116788321,52.083333333333336,58.333333333333336,59.52782846715329,34.66424682395643,53.333333333333336,43.99879007864489,50.0,,,2016-17,0.0
202328,Greg Monroe,Greg,1610612749,MIL,27.0,81,42,39,0.519,1822.6933333333336,107.0,365,0.208,0.309,92,0.271,38,0.226,640.0,445.0,463.0,1660.0,5.44,5.439836315988865,18,82,379,189,132,256,49,50,51,30,72,97,167,363,333,331,353,127,80,548,445,103,175,18,127,281,0,0,67,0.0,0.0,0,0,0,0,0,0.0,0.0,0.0,0.0,202328.0,Greg Monroe,0.4629999999999999,0.0,40.0,17.75700934579439,74.83801295896329,51.40845070422532,46.14822095001123,33.23890462700661,8.4375,18.358061850802645,52.919708029197075,54.861111111111114,50.0,52.86927210056772,15.970961887477312,100.0,57.98548094373866,36.83473389355743,,,2016-17,0.0
203084,Harrison Barnes,Harrison,1610612742,DAL,25.0,79,32,47,0.405,2803.51,106.2,301,0.117,0.169,65,0.146,15,0.074,823.0,628.0,788.0,2256.0,9.0,9.001787901372369,54,188,446,323,7,219,74,254,274,98,354,238,362,450,433,477,454,15,79,677,429,248,135,0,127,308,0,0,72,0.0,0.0,0,0,0,0,0,0.0,0.0,0.0,0.0,203084.0,Harrison Barnes,0.2105263157894736,0.0,127.5,7.009345794392523,42.65658747300216,57.04225352112671,31.99410731358944,31.728045325779036,53.75,44.94121813031161,38.32116788321168,36.11111111111111,0.0,27.96735604217356,61.791957206992066,100.0,80.89597860349603,27.87114845938375,,,2016-17,0.0
202355,Hassan Whiteside,Hassan,1610612748,MIA,28.0,77,39,38,0.506,2513.3766666666666,106.6,795,0.313,0.451,57,0.165,161,0.526,731.0,657.0,581.0,2244.0,7.69,7.689006054486169,85,109,367,213,37,241,2,2,4,120,298,4,23,410,446,396,447,41,77,858,754,104,117,1,249,535,0,0,64,0.0,0.0,0,0,0,0,0,0.0,0.0,0.0,0.0,202355.0,Hassan Whiteside,0.2757368421052631,0.0526315789473684,125.1,75.23364485981308,43.30453563714903,54.22535211267606,58.80638344509641,62.417374881964115,8.75,30.216949952785647,31.751824817518248,30.555555555555557,2.7777777777777777,24.089618815896188,49.957015951857855,85.96491228070175,67.9609641162798,97.05882352941175,,,2016-17,1.0
202697,Iman Shumpert,Iman,1610612739,CLE,27.0,76,48,28,0.632,1937.2416666666663,109.0,179,0.088,0.129,62,0.249,27,0.172,665.0,578.0,538.0,1704.0,4.58,4.5801586827358465,97,47,234,90,123,366,196,371,386,104,105,147,217,381,402,376,364,175,76,415,213,202,144,0,33,80,0,0,40,0.0,0.0,0,0,0,0,0,0.0,0.0,0.0,0.0,202697.0,Iman Shumpert,0.27915,0.14165,116.3,12.61682242990654,72.4622030237581,37.3239436619718,39.7394859457709,11.3314447592068,39.375,28.15757790368272,41.605839416058394,34.02777777777778,0.0,28.55205798864558,49.33756805807622,62.22666666666667,55.78211736237144,10.784313725490197,,,2016-17,0.0
202738,Isaiah Thomas,Isaiah,1610612738,BOS,28.0,76,51,25,0.671,2569.451666666667,110.5,162,0.061,0.095,70,0.181,13,0.058,816.0,804.0,674.0,2394.0,4.9,4.895499846638746,97,21,207,55,27,409,217,454,461,84,258,253,392,442,481,448,465,158,76,378,195,183,117,4,32,71,0,0,85,0.0,0.0,0,0,0,0,0,0.0,0.0,0.0,0.0,202738.0,Isaiah Thomas,0.2777777777777778,0.0555555555555555,72.0,6.074766355140187,35.20518358531318,26.760563380281667,21.441861641986105,9.631728045325778,33.4375,23.91519121813031,31.751824817518248,39.58333333333333,11.11111111111111,29.332674371451745,49.58661020367008,85.18518518518518,67.38589769442763,8.403361344537815,,,2016-17,0.0
1627785,Isaiah Whitehead,Isaiah,1610612751,BKN,22.0,73,17,56,0.233,1643.4716666666666,107.0,152,0.084,0.124,42,0.189,36,0.234,631.0,505.0,441.0,1380.0,4.83,4.834641697186265,145,338,480,460,166,257,232,385,399,189,241,104,161,358,366,317,302,163,73,440,272,168,112,12,10,22,0,0,41,0.0,0.0,0,0,0,0,0,0.0,0.0,0.0,0.0,1627785.0,Isaiah Whitehead,0.3272727272727272,0.1818181818181818,56.0,16.822429906542055,89.95680345572354,51.40845070422532,51.06596584817639,16.902738432483474,28.749999999999996,24.01109537299339,29.927007299270077,20.13888888888889,33.33333333333333,27.35274736415247,40.60386074905131,51.51515151515152,46.05950613210141,7.002801120448179,,,2016-17,0.0
202397,Ish Smith,Ish,1610612765,DET,28.0,81,37,44,0.457,1955.215,104.6,214,0.109,0.152,61,0.208,33,0.202,464.0,428.0,441.0,1680.0,7.29,7.291521630761882,18,129,419,271,119,148,141,284,320,106,199,114,189,274,319,317,361,51,80,424,265,159,123,8,23,55,0,0,71,0.0,0.0,0,0,0,0,0,0.0,0.0,0.0,0.0,202397.0,Ish Smith,0.1818181818181818,0.0,39.2,15.42056074766355,73.75809935205183,68.30985915492958,49.061023861015954,16.24173748819641,25.937500000000004,22.059194995278567,33.941605839416056,33.33333333333333,22.22222222222222,30.798864557988644,67.00214486058405,100.0,83.50107243029203,15.68627450980392,,,2016-17,0.0
200755,JJ Redick,JJ,1610612746,LAC,33.0,78,50,28,0.641,2198.1316666666667,106.2,160,0.07,0.102,54,0.149,13,0.067,682.0,597.0,651.0,1844.0,7.04,7.041644091903436,69,35,234,79,76,220,221,430,448,129,345,253,374,387,419,439,382,62,77,335,214,121,108,6,30,66,0,0,45,0.0,0.0,0,0,0,0,0,0.0,0.0,0.0,0.0,200755.0,JJ Redick,0.0,0.0,38.1,6.074766355140187,64.90280777537797,57.04225352112671,39.40645264372004,11.425873465533522,14.0625,13.007849386213408,28.467153284671532,28.47222222222222,16.666666666666664,25.518805758313057,100.0,100.0,100.0,8.123249299719888,,,2016-17,0.0
203210,JaMychal Green,JaMychal,1610612763,MEM,27.0,77,40,37,0.519,2101.1033333333335,105.2,377,0.186,0.272,47,0.133,34,0.204,681.0,497.0,608.0,1620.0,7.39,7.392073571724041,85,92,352,188,95,176,42,72,87,164,385,110,187,386,360,411,347,49,77,574,335,239,113,12,77,187,0,0,41,0.0,0.0,0,0,0,0,0,0.0,0.0,0.0,0.0,203210.0,JaMychal Green,0.2,0.1,40.1,15.887850467289718,76.99784017278618,64.08450704225346,49.32551100795442,22.851746931067044,50.9375,39.703198772426816,30.29197080291971,23.61111111111111,33.33333333333333,28.714010543390103,63.70235934664245,73.33333333333334,68.5178463399879,38.51540616246499,,,2016-17,0.0
203953,Jabari Parker,Jabari,1610612749,MIL,22.0,51,22,29,0.431,1727.881666666667,110.6,235,0.134,0.203,50,0.174,22,0.103,608.0,499.0,441.0,1596.0,3.3,3.302232057212362,304,301,250,299,157,411,122,200,199,148,270,182,306,348,363,317,343,245,51,473,235,238,104,0,30,66,0,0,61,0.0,0.0,0,0,0,0,0,0.0,0.0,0.0,0.0,203953.0,Jabari Parker,0.3125,0.0,38.6,10.2803738317757,78.29373650107992,26.05633802816903,38.029041815130505,13.408876298394713,50.625,35.73855051935789,27.00729927007299,25.694444444444443,0.0,19.79597526358475,43.28493647912885,100.0,71.64246823956442,18.62745098039216,,,2016-17,0.0
203109,Jae Crowder,Jae,1610612738,BOS,26.0,72,48,24,0.667,2335.3783333333336,106.3,367,0.149,0.227,73,0.19,23,0.106,716.0,687.0,593.0,2118.0,7.43,7.433828852802233,158,47,198,56,59,228,46,162,158,78,239,173,300,406,456,404,429,48,72,512,253,259,178,4,55,134,0,0,66,0.0,0.0,0,0,0,0,0,0.0,0.0,0.0,0.0,203109.0,Jae Crowder,0.4285714285714285,0.1428571428571428,69.5,10.74766355140187,50.10799136069114,56.33802816901407,35.921369439056164,15.108593012275731,57.1875,40.35593720491029,54.01459854014598,41.66666666666667,11.11111111111111,38.96695052716951,22.219341457091,61.904761904761905,42.06205168092645,37.11484593837535,,,2016-17,0.0
2037,Jamal Crawford,Jamal,1610612746,LAC,37.0,82,51,31,0.622,2157.068333333333,107.9,112,0.051,0.076,61,0.201,14,0.079,715.0,591.0,643.0,2008.0,5.82,5.823933683574004,1,21,278,100,85,312,289,461,475,106,214,246,353,404,414,432,410,108,79,211,115,96,121,0,8,17,0,0,44,0.0,0.0,0,0,0,0,0,0.0,0.0,0.0,0.0,2037.0,Jamal Crawford,0.35,0.0,54.0,6.5420560747663545,56.04751619870411,45.07042253521119,33.501058733255775,2.0774315391879132,6.25,4.580972615675165,33.21167883211679,33.33333333333333,0.0,24.95133819951338,36.479128856624314,100.0,68.23956442831215,1.400560224089636,,,2016-17,0.0
1627750,Jamal Murray,Jamal,1610612743,DEN,20.0,82,40,42,0.488,1764.6433333333334,108.0,173,0.095,0.133,51,0.203,24,0.156,648.0,435.0,507.0,1744.0,4.75,4.745453029482581,1,92,402,242,147,315,206,340,375,143,208,165,235,368,325,354,369,169,82,459,274,185,94,5,8,17,0,0,61,0.0,0.0,0,0,0,0,0,0.0,0.0,0.0,0.0,1627750.0,Jamal Murray,0.356,0.0454545454545454,67.4,11.214953271028037,70.3023758099352,44.36619718309856,40.183362137663174,17.091595845136922,34.0625,27.27413833805477,23.35766423357664,26.38888888888889,13.88888888888889,22.05139902676399,35.39019963702359,87.87878787878788,61.63449375790573,9.943977591036417,,,2016-17,0.0
2749,Jameer Nelson,Jameer,1610612743,DEN,35.0,75,34,41,0.453,2044.8116666666667,109.6,164,0.08,0.111,54,0.184,8,0.048,715.0,497.0,552.0,1836.0,4.43,4.434300694861862,111,164,395,279,106,388,214,400,430,129,252,305,406,404,360,386,380,190,75,351,189,162,91,5,18,38,0,0,57,0.0,0.0,0,0,0,0,0,0.0,0.0,0.0,0.0,2749.0,Jameer Nelson,0.175,0.1,60.4,3.7383177570093458,65.33477321814254,33.09859154929578,32.637145616477575,9.06515580736544,26.875,19.751062322946176,22.26277372262774,28.47222222222222,13.88888888888889,22.342609489051092,68.23956442831216,73.33333333333334,70.78644888082275,8.683473389355742,,,2016-17,0.0
203516,James Ennis III,James,1610612763,MEM,26.0,64,32,32,0.5,1500.5583333333334,103.8,190,0.126,0.186,46,0.198,19,0.139,478.0,372.0,490.0,1194.0,5.96,5.959082414463888,231,188,295,214,193,122,176,223,237,169,222,216,265,287,283,348,268,103,63,353,199,154,95,2,24,57,0,0,52,0.0,0.0,0,0,0,0,0,0.0,0.0,0.0,0.0,203516.0,James Ennis III,0.0571,0.0333,41.2,8.878504672897195,100.0,73.94366197183098,57.037317362116625,10.009442870632672,24.375,18.628777148253068,23.722627737226276,22.916666666666664,5.555555555555555,18.89877331711273,89.63702359346642,91.12,90.37851179673322,12.324929971988796,,,2016-17,0.0
201935,James Harden,James,1610612745,HOU,27.0,81,54,27,0.667,2946.72,108.9,564,0.185,0.276,121,0.243,38,0.154,1078.0,819.0,897.0,3046.0,7.04,7.038503711286022,18,15,221,56,3,361,12,77,77,14,113,97,240,484,484,484,486,62,81,666,368,298,237,9,44,107,0,0,93,0.0,0.0,0,0,0,0,0,0.0,0.0,0.0,0.0,201935.0,James Harden,0.2738095238095238,0.0833333333333333,147.2,17.75700934579439,0.0,38.02816901408444,16.609845991838867,25.967894239848917,69.375,52.01215769593957,75.54744525547446,75.0,25.0,62.71897810218978,50.3068014864748,77.77777777777779,64.04228963212628,64.70588235294117,,,2016-17,0.0
201949,James Johnson,James,1610612748,MIA,30.0,76,40,36,0.526,2084.9166666666665,102.8,310,0.145,0.21,76,0.224,86,0.314,622.0,501.0,394.0,1850.0,8.97,8.970673419960345,97,92,341,177,96,93,72,173,189,70,152,25,119,354,365,287,383,16,76,705,462,243,165,4,155,354,0,0,60,0.0,0.0,0,0,0,0,0,0.0,0.0,0.0,0.0,201949.0,James Johnson,0.35,0.1,116.9,40.18691588785047,64.57883369330453,80.98591549295773,58.923837021036206,34.844192634560905,52.1875,45.25017705382436,49.27007299270073,43.75,11.11111111111111,37.79830697485807,36.479128856624314,73.33333333333334,54.90623109497883,29.13165266106443,,,2016-17,0.0
201145,Jeff Green,Jeff,1610612753,ORL,30.0,69,26,43,0.377,1533.745,107.8,175,0.109,0.162,37,0.183,13,0.079,480.0,474.0,407.0,1370.0,4.21,4.208790031584286,183,253,413,359,186,301,202,282,291,225,253,253,351,288,349,295,297,201,69,439,260,179,71,6,45,106,0,0,35,0.0,0.0,0,0,0,0,0,0.0,0.0,0.0,0.0,201145.0,Jeff Green,0.175,0.2,53.3,6.074766355140187,90.49676025917928,45.77464788732393,45.5474346045998,15.769593956562794,32.1875,25.62033758262512,14.963503649635038,16.666666666666664,16.666666666666664,15.985401459854014,68.23956442831216,46.666666666666664,57.45311554748942,10.22408963585434,,,2016-17,0.0
201952,Jeff Teague,Jeff,1610612754,IND,29.0,82,42,40,0.512,2657.025,107.9,297,0.111,0.165,100,0.209,32,0.106,933.0,746.0,561.0,2244.0,7.23,7.230104428860461,1,82,387,202,19,309,78,277,283,21,196,118,303,479,471,390,447,53,82,485,245,240,214,13,43,96,0,0,90,0.0,0.0,0,0,0,0,0,0.0,0.0,0.0,0.0,201952.0,Jeff Teague,0.25,0.0,57.2,14.95327102803738,43.30453563714903,45.07042253521119,32.40550151801991,14.353163361661943,51.24999999999999,36.49126534466477,67.15328467153284,60.416666666666664,36.11111111111111,57.034924979724245,54.62794918330308,100.0,77.31397459165154,27.310924369747895,,,2016-17,0.0
203924,Jerami Grant,Jerami,1610612760,OKC,23.0,80,43,37,0.538,1531.0016666666668,108.4,167,0.106,0.157,33,0.145,79,0.418,527.0,401.0,411.0,1574.0,3.93,3.934420333234716,38,76,352,164,188,335,208,301,307,245,359,28,67,308,303,298,337,215,78,463,323,140,77,5,31,71,0,0,26,0.0,0.0,0,0,0,0,0,0.0,0.0,0.0,0.0,203924.0,Jerami Grant,0.2048,0.1,96.4,36.915887850467286,79.48164146868251,41.549295774647824,52.97225359788775,21.718602455146367,20.0,20.687440982058547,17.153284671532848,13.88888888888889,13.88888888888889,15.194647201946474,62.831215970961885,73.33333333333334,68.08227465214762,9.103641456582633,,,2016-17,0.0
202710,Jimmy Butler III,Jimmy,1610612741,CHI,27.0,76,40,36,0.526,2808.9566666666665,104.7,341,0.118,0.17,143,0.306,32,0.107,853.0,700.0,802.0,2602.0,10.28,10.279855213117976,97,92,341,177,6,152,61,251,270,4,38,118,298,464,457,481,480,6,76,421,222,199,273,7,33,70,0,0,103,0.0,0.0,0,0,0,0,0,0.0,0.0,0.0,0.0,202710.0,Jimmy Butler III,0.3958125,0.0833125,150.6,14.95327102803738,23.97408207343413,67.60563380281684,31.273645587621107,12.181303116147308,38.4375,27.935021246458923,88.6861313868613,90.2777777777778,19.444444444444446,71.93278588807786,28.1647005444646,77.78333333333333,52.97401693889896,33.47338935574229,,,2016-17,0.0
204060,Joe Ingles,Joe,1610612762,UTA,29.0,82,51,31,0.622,1972.1583333333333,104.4,238,0.123,0.177,96,0.313,8,0.04,650.0,423.0,417.0,1664.0,7.51,7.514774779304833,1,21,278,100,116,143,118,236,252,26,34,305,421,369,316,302,354,45,80,351,165,186,186,0,21,47,0,0,69,0.0,0.0,0,0,0,0,0,0.0,0.0,0.0,0.0,,,,,,3.7383177570093458,74.622030237581,69.71830985915486,45.0426151507458,6.79886685552408,34.375,23.344546742209634,56.934306569343065,57.638888888888886,0.0,42.947333738848336,,,,19.047619047619047,,,2016-17,0.0
2207,Joe Johnson,Joe,1610612762,UTA,36.0,78,47,31,0.603,1842.9283333333333,104.3,210,0.115,0.164,36,0.141,18,0.103,569.0,411.0,378.0,1592.0,7.01,7.0102018132382495,69,52,278,118,129,141,150,262,285,230,367,220,308,334,310,280,342,66,78,338,152,186,70,0,21,49,0,0,38,0.0,0.0,0,0,0,0,0,0.0,0.0,0.0,0.0,,,,,,8.411214953271028,78.50971922246221,70.42253521126759,48.44852151198708,5.571293673276676,34.375,22.85351746931067,14.5985401459854,15.97222222222222,0.0,11.429693836171936,,,,15.126050420168069,,,2016-17,0.0
202322,John Wall,John,1610612764,WAS,26.0,78,48,30,0.615,2835.483333333333,108.8,267,0.094,0.14,157,0.302,49,0.203,925.0,804.0,690.0,2598.0,6.93,6.931413839278664,69,47,266,108,5,352,98,342,358,1,44,60,188,478,481,454,479,68,78,430,281,149,304,5,8,18,0,0,130,0.0,0.0,0,0,0,0,0,0.0,0.0,0.0,0.0,202322.0,John Wall,0.1225909090909091,0.0454545454545454,141.7,22.897196261682243,24.190064794816415,38.73239436619718,27.308499774407935,17.752596789423986,22.8125,20.78853871576959,100.0,100.0,13.88888888888889,78.47222222222223,77.75119617224881,87.87878787878788,82.81499202551834,23.10924369747899,,,2016-17,0.0
202720,Jon Leuer,Jon,1610612765,DET,28.0,75,34,41,0.453,1943.7383333333332,104.5,300,0.156,0.212,31,0.114,26,0.167,532.0,400.0,415.0,1638.0,7.28,7.2805997006846175,111,164,395,279,122,144,75,146,188,254,419,154,220,311,301,301,350,52,74,622,460,162,60,1,128,282,0,0,44,0.0,0.0,0,0,0,0,0,0.0,0.0,0.0,0.0,202720.0,Jon Leuer,0.1299090909090909,0.0454545454545454,55.2,12.149532710280374,76.02591792656588,69.01408450704221,48.72240548517076,34.65533522190746,26.875,29.987134088762986,10.948905109489052,12.5,2.7777777777777777,9.449006488240066,76.42303250288731,87.87878787878788,82.15091019083759,27.73109243697479,,,2016-17,0.0
202685,Jonas Valanciunas,Jonas,1610612761,TOR,25.0,80,50,30,0.625,2065.475,109.1,533,0.264,0.387,37,0.112,63,0.32,660.0,544.0,530.0,1822.0,4.78,4.778966327745493,38,35,266,96,101,370,15,12,15,225,420,43,116,376,381,370,378,166,80,799,714,85,69,2,291,620,0,0,54,0.0,0.0,0,0,0,0,0,0.0,0.0,0.0,0.0,,,,,,29.439252336448597,66.09071274298056,36.61971830985917,44.06237997208742,58.640226628895185,2.8125,25.143590651558075,14.233576642335766,16.666666666666664,5.555555555555555,12.915652879156529,,,,60.364145658263304,,,2016-17,0.0
203903,Jordan Clarkson,Jordan,1610612747,LAL,25.0,82,26,56,0.317,2396.555,112.6,197,0.083,0.125,88,0.213,8,0.039,948.0,711.0,782.0,2446.0,3.09,3.085711333199588,1,253,480,417,50,445,169,387,396,39,185,305,423,480,463,474,470,260,81,469,232,237,160,1,13,30,0,0,90,0.0,0.0,0,0,0,0,0,0.0,0.0,0.0,0.0,203903.0,Jordan Clarkson,0.25,0.125,67.0,3.7383177570093458,32.39740820734342,11.97183098591551,15.82737772185281,13.125590179414544,50.31250000000001,35.43773607176582,47.44525547445255,52.083333333333336,2.7777777777777777,37.90171330089213,54.62794918330308,66.66666666666666,60.64730792498487,13.30532212885154,,,2016-17,0.0
1626196,Josh Richardson,Josh,1610612748,MIA,23.0,53,23,30,0.434,1614.355,105.3,133,0.082,0.122,60,0.243,39,0.196,449.0,427.0,301.0,1464.0,5.64,5.636056339744416,294,287,266,297,171,177,258,390,406,111,115,89,197,264,318,229,321,112,53,398,266,132,130,0,18,43,0,0,55,0.0,0.0,0,0,0,0,0,0.0,0.0,0.0,0.0,1626196.0,Josh Richardson,0.3433,0.0,69.0,18.22429906542056,85.42116630669547,63.380281690140826,53.03219825604685,16.336166194523134,17.5,17.034466477809254,36.496350364963504,32.63888888888889,0.0,26.022151257096517,37.69509981851179,100.0,68.84754990925589,4.341736694677871,,,2016-17,0.0
201950,Jrue Holiday,Jrue,1610612740,NOP,27.0,67,32,35,0.478,2189.903333333333,103.7,218,0.092,0.133,100,0.28,44,0.174,717.0,536.0,585.0,1906.0,8.69,8.691545610158755,202,188,330,251,79,118,135,352,374,21,62,67,214,407,378,398,391,19,67,508,241,267,214,3,12,24,0,0,81,0.0,0.0,0,0,0,0,0,0.0,0.0,0.0,0.0,,,,,,20.5607476635514,61.55507559395248,74.6478873239436,48.43054735428983,13.975448536355051,59.68750000000001,41.40267941454202,67.15328467153284,60.416666666666664,8.333333333333332,50.0904805352798,,,,16.246498599439775,,,2016-17,0.0
203944,Julius Randle,Julius,1610612747,LAL,22.0,74,24,50,0.324,2132.1066666666666,114.0,486,0.231,0.337,49,0.155,37,0.22,830.0,576.0,794.0,2154.0,1.79,1.788780429769351,126,275,460,408,91,464,19,30,35,153,326,101,174,456,400,479,436,334,74,698,488,210,99,0,225,556,0,0,75,0.0,0.0,0,0,0,0,0,0.0,0.0,0.0,0.0,203944.0,Julius Randle,0.3888888888888889,0.0555555555555555,51.3,17.289719626168225,48.16414686825054,2.1126760563380076,24.301508268439477,37.29933899905571,41.875,40.044735599622285,25.18248175182482,25.0,0.0,18.822992700729927,29.42125428513812,85.18518518518518,57.30321973516165,53.78151260504202,,,2016-17,0.0
203200,Justin Holiday,Justin,1610612752,NYK,28.0,82,31,51,0.378,1639.1233333333332,105.3,198,0.114,0.172,65,0.252,31,0.166,516.0,470.0,365.0,1370.0,5.77,5.765410029554829,1,196,463,353,168,179,167,268,264,98,94,126,224,302,346,273,297,111,82,422,241,181,124,2,12,26,0,0,62,0.0,0.0,0,0,0,0,0,0.0,0.0,0.0,0.0,203200.0,Justin Holiday,0.05,0.0,27.7,14.485981308411214,90.49676025917928,63.380281690140826,53.31332903661244,13.975448536355051,32.8125,25.27767941454202,34.306569343065696,36.11111111111111,5.555555555555555,27.750405515004054,90.9255898366606,100.0,95.4627949183303,13.445378151260504,,,2016-17,0.0
1626157,Karl-Anthony Towns,Karl-Anthony,1610612750,MIN,21.0,82,31,51,0.378,3030.33,112.1,711,0.247,0.365,56,0.116,103,0.36,1078.0,844.0,899.0,2924.0,4.29,4.290477150085114,1,196,463,353,2,438,7,21,21,123,418,13,94,484,486,485,485,199,82,1094,831,263,94,0,237,516,0,0,82,0.0,0.0,0,0,0,0,0,0.0,0.0,0.0,0.0,1626157.0,Karl-Anthony Towns,0.375,0.2,118.7,48.13084112149533,6.587473002159827,15.492957746478892,25.43119143597379,69.68838526912181,58.4375,62.937854107648725,23.35766423357664,29.86111111111111,0.0,19.794454582319545,31.941923774954624,46.666666666666664,39.30429522081064,85.29411764705883,,,2016-17,0.0
202695,Kawhi Leonard,Kawhi,1610612759,SAS,26.0,74,54,20,0.73,2474.48,105.1,350,0.143,0.206,133,0.326,55,0.182,703.0,634.0,650.0,2104.0,8.67,8.668457236399865,126,15,161,34,40,170,57,178,194,7,22,51,207,398,436,438,425,20,74,495,318,177,251,0,29,65,0,0,103,0.0,0.0,0,0,0,0,0,0.0,0.0,0.0,0.0,202695.0,Kawhi Leonard,0.287,0.0740555555555555,121.6,25.70093457943925,50.863930885529165,64.7887323943662,44.279932740302456,21.246458923512748,31.5625,27.4360835694051,80.65693430656934,83.33333333333334,0.0,61.4294403892944,47.91288566243193,80.25185185185185,64.0823687571419,34.73389355742297,,,2016-17,1.0
203482,Kelly Olynyk,Kelly,1610612738,BOS,26.0,75,49,26,0.653,1538.33,105.2,288,0.181,0.274,44,0.186,29,0.264,517.0,472.0,372.0,1346.0,5.43,5.429544525090649,111,43,215,71,184,172,83,86,79,180,249,136,134,304,348,276,294,129,75,639,434,205,100,14,113,265,0,0,45,0.0,0.0,0,0,0,0,0,0.0,0.0,0.0,0.0,203482.0,Kelly Olynyk,0.3417,0.05,47.1,13.551401869158877,91.792656587473,64.08450704225346,53.56911731384247,32.200188857412655,40.3125,37.06757554296506,25.547445255474457,21.52777777777778,38.88888888888889,27.47592254663423,37.98548094373865,86.66666666666667,62.32607380520266,26.05042016806723,,,2016-17,0.0
1626162,Kelly Oubre Jr.,Kelly,1610612764,WAS,21.0,79,47,32,0.595,1605.255,106.0,200,0.122,0.183,58,0.217,17,0.117,620.0,496.0,373.0,1456.0,5.34,5.34043315360961,54,52,295,128,174,209,164,242,242,117,168,224,285,353,359,277,320,132,78,365,193,172,196,6,19,43,0,0,64,0.0,0.0,0,0,0,0,0,0.0,0.0,0.0,0.0,1626162.0,Kelly Oubre Jr.,0.1590909090909091,0.0909090909090909,85.9,7.943925233644859,85.85313174946005,58.45070422535208,47.83884226210697,9.442870632672332,30.0,21.777148253068933,60.58394160583942,31.25,16.666666666666664,39.337743309002434,71.12687675301106,75.75757575757575,73.4422262552934,13.725490196078432,,,2016-17,0.0
202689,Kemba Walker,Kemba,1610612766,CHA,27.0,79,36,43,0.456,2739.3083333333334,107.4,263,0.095,0.134,85,0.215,22,0.077,679.0,669.0,718.0,2252.0,7.78,7.775334246412815,54,140,413,273,13,284,100,338,372,47,174,182,355,385,452,458,453,39,79,584,291,293,173,28,21,50,0,0,92,0.0,0.0,0,0,0,0,0,0.0,0.0,0.0,0.0,202689.0,Kemba Walker,0.1099230769230769,0.0513076923076923,71.3,10.2803738317757,42.87257019438445,48.59154929577458,31.26543642468848,18.69688385269122,67.8125,48.166253541076486,52.18978102189781,50.0,77.77777777777779,57.82035685320356,80.05025827167388,86.31794871794871,83.1841034948113,22.54901960784314,,,2016-17,0.0
203145,Kent Bazemore,Kent,1610612737,ATL,27.0,73,39,34,0.534,1962.7816666666668,106.0,186,0.089,0.135,91,0.266,52,0.243,730.0,588.0,535.0,1590.0,6.51,6.509530260727148,145,109,315,165,118,210,188,368,369,33,77,58,153,408,411,374,341,83,73,452,270,182,197,7,23,53,0,0,48,0.0,0.0,0,0,0,0,0,0.0,0.0,0.0,0.0,203145.0,Kent Bazemore,0.1111111111111111,0.0,37.9,24.299065420560748,78.61771058315334,58.45070422535208,51.848500928665985,16.71388101983003,33.125,26.56055240793201,60.94890510948905,54.166666666666664,19.444444444444446,48.199006488240066,79.83464408146803,100.0,89.917322040734,11.76470588235294,,,2016-17,0.0
203484,Kentavious Caldwell-Pope,Kentavious,1610612765,DET,24.0,76,33,43,0.434,2528.4933333333333,108.6,193,0.079,0.11,89,0.237,12,0.063,646.0,569.0,534.0,2232.0,6.25,6.254129038947952,97,177,413,296,34,344,172,403,431,36,133,265,383,367,396,373,445,94,76,343,181,162,173,5,5,11,0,0,77,0.0,0.0,0,0,0,0,0,0.0,0.0,0.0,0.0,203484.0,Kentavious Caldwell-Pope,0.1345,0.1,79.8,5.607476635514018,43.95248380129589,40.14084507042255,27.661571252264807,8.309726156751653,26.875,19.44889046270066,52.18978102189781,52.77777777777778,13.88888888888889,42.82035685320357,75.58983666061707,73.33333333333334,74.4615849969752,12.745098039215684,,,2016-17,0.0
201142,Kevin Durant,Kevin,1610612744,GSW,28.0,62,51,11,0.823,2070.36,102.3,474,0.207,0.303,66,0.161,99,0.346,666.0,596.0,575.0,1940.0,9.23,9.227797795909224,244,21,79,14,100,76,20,51,57,93,304,14,104,382,418,394,399,11,61,599,387,212,136,3,63,144,0,0,56,0.0,0.0,0,0,0,0,0,0.0,0.0,0.0,0.0,201142.0,Kevin Durant,0.3167,0.1,75.0,46.26168224299065,59.71922246220303,84.50704225352112,60.5331613223476,27.762039660056654,42.5,36.60481586402266,38.68613138686132,36.80555555555556,8.333333333333332,30.439730332522306,42.52268602540835,73.33333333333334,57.928009679370845,52.10084033613446,,,2016-17,0.0
201567,Kevin Love,Kevin,1610612739,CLE,28.0,60,40,20,0.667,1884.645,107.1,518,0.267,0.383,53,0.181,21,0.147,614.0,512.0,558.0,1788.0,5.54,5.539054630153736,261,92,161,56,127,265,16,10,17,132,261,189,250,350,369,389,373,120,60,472,322,150,94,7,68,164,0,0,70,0.0,0.0,0,0,0,0,0,0.0,0.0,0.0,0.0,201567.0,Kevin Love,0.1875,0.145875,53.0,9.813084112149532,67.92656587473002,50.70422535211269,40.37558803904349,21.624173748819643,23.125,22.52466949952786,23.35766423357664,27.77777777777778,19.444444444444446,23.926399026763992,65.9709618874773,61.1,63.53548094373865,58.26330532212886,,,2016-17,0.0
202691,Klay Thompson,Klay,1610612744,GSW,27.0,78,66,12,0.846,2649.04,102.4,236,0.081,0.122,66,0.123,40,0.112,829.0,789.0,778.0,2502.0,11.52,11.518042185243033,69,1,86,5,21,80,121,396,405,93,404,83,289,455,480,473,474,3,78,556,347,209,113,0,42,95,0,0,76,0.0,0.0,0,0,0,0,0,0.0,0.0,0.0,0.0,202691.0,Klay Thompson,0.1603333333333333,0.0476190476190476,136.9,18.69158878504673,29.373650107991363,83.80281690140838,38.70811727716776,23.984891406987725,41.5625,34.53145656279509,30.29197080291971,36.80555555555556,0.0,24.99873276561233,70.90139140955839,87.3015873015873,79.10148935557285,18.76750700280112,,,2016-17,0.0
204001,Kristaps Porziņģis,Kristaps,1610612752,NYK,21.0,66,26,40,0.394,2164.4133333333334,108.7,364,0.159,0.239,47,0.149,129,0.492,709.0,644.0,667.0,1984.0,5.32,5.315664936735903,212,253,387,334,83,347,50,137,135,164,346,7,40,399,443,446,407,134,66,1017,750,267,97,0,137,286,0,0,61,0.0,0.0,0,0,0,0,0,0.0,0.0,0.0,0.0,,,,,,60.280373831775705,57.34341252699784,39.436619718309814,54.041498846736985,62.03966005665722,59.68750000000001,60.62836402266289,24.45255474452555,23.61111111111111,0.0,18.044910786699106,,,,36.69467787114846,,,2016-17,0.0
2594,Kyle Korver,Kyle,1610612739,CLE,36.0,67,33,34,0.493,1753.0666666666666,110.8,179,0.1,0.152,34,0.132,21,0.119,701.0,478.0,469.0,1574.0,3.2,3.199975920219924,202,177,315,237,152,416,196,322,319,238,388,189,282,396,352,336,337,253,67,376,230,146,76,11,35,79,0,0,37,0.0,0.0,0,0,0,0,0,0.0,0.0,0.0,0.0,2594.0,Kyle Korver,0.3181818181818182,0.1363636363636363,71.0,9.813084112149532,79.48164146868251,24.647887323943657,37.90577998988461,12.936732766761097,21.875,18.29969310670444,16.78832116788321,14.583333333333334,30.555555555555557,19.45838402270884,42.2537535060221,63.63636363636363,52.94505857119287,10.784313725490197,,,2016-17,0.0
200768,Kyle Lowry,Kyle,1610612761,TOR,31.0,60,36,24,0.6,2244.025,106.4,238,0.109,0.16,88,0.219,19,0.091,663.0,617.0,509.0,1948.0,6.98,6.982720293184376,261,140,198,119,68,234,118,291,298,39,164,216,327,379,429,355,401,67,60,354,184,170,223,15,45,96,0,0,72,0.0,0.0,0,0,0,0,0,0.0,0.0,0.0,0.0,,,,,,8.878504672897195,59.28725701943844,55.63380281690134,38.21039253018766,8.593012275731821,29.375,21.062204910292728,70.43795620437956,52.083333333333336,41.66666666666667,56.82101581508516,,,,19.047619047619047,,,2016-17,0.0
202681,Kyrie Irving,Kyrie,1610612739,CLE,25.0,72,47,25,0.653,2524.63,110.3,178,0.068,0.099,83,0.233,24,0.112,799.0,727.0,752.0,2422.0,5.01,5.005104910441722,158,52,207,72,35,404,199,437,455,52,136,165,290,438,468,467,467,152,72,363,210,153,184,3,42,97,0,0,93,0.0,0.0,0,0,0,0,0,0.0,0.0,0.0,0.0,202681.0,Kyrie Irving,0.34375,0.125,58.900000000000006,11.214953271028037,33.69330453563715,28.169014084507037,23.320891417010976,11.048158640226628,24.0625,18.85676345609065,56.20437956204379,48.61111111111111,8.333333333333332,41.57897404703974,37.61343012704174,66.66666666666666,52.1400483968542,10.644257703081232,,,2016-17,0.0
200746,LaMarcus Aldridge,LaMarcus,1610612759,SAS,31.0,72,52,20,0.722,2335.0116666666668,104.4,351,0.153,0.22,46,0.125,88,0.311,641.0,611.0,632.0,1980.0,8.59,8.59018026491504,158,19,161,36,60,142,56,152,169,169,401,24,120,365,426,425,406,22,72,818,643,175,94,0,184,404,0,0,51,0.0,0.0,0,0,0,0,0,0.0,0.0,0.0,0.0,200746.0,LaMarcus Aldridge,0.2567,0.08335,151.2,41.1214953271028,57.55939524838013,69.71830985915486,54.02396393256288,51.935788479697834,30.9375,39.336815391879135,23.35766423357664,22.916666666666664,0.0,17.36389902676399,53.41197822141559,77.77333333333333,65.59265577737446,34.87394957983193,,,2016-17,0.0
2544,LeBron James,LeBron,1610612739,CLE,32.0,74,51,23,0.689,2794.575,108.5,542,0.189,0.273,92,0.231,44,0.193,916.0,751.0,741.0,2606.0,7.02,7.017169628613243,126,21,190,45,10,336,14,67,80,30,144,67,199,475,475,466,481,65,74,513,275,238,167,8,52,126,0,0,83,0.0,0.0,0,0,0,0,0,0.0,0.0,0.0,0.0,,,,,,20.5607476635514,23.758099352051836,40.84507042253519,26.750901444272497,17.186024551463642,50.625,37.249409820585456,50.0,54.861111111111114,22.22222222222222,44.75694444444444,,,,61.62464985994398,,,2016-17,0.0
101150,Lou Williams,Lou,1610612745,HOU,30.0,81,34,47,0.42,1993.4133333333336,109.1,176,0.084,0.13,80,0.224,20,0.113,731.0,629.0,598.0,2060.0,4.69,4.6857893684602185,18,164,446,312,112,372,200,381,380,63,151,199,288,410,434,407,416,171,80,341,182,159,141,3,7,16,0,0,72,0.0,0.0,0,0,0,0,0,0.0,0.0,0.0,0.0,,,,,,9.345794392523365,53.23974082073434,36.61971830985917,31.52715662173116,8.404154863078375,25.937500000000004,18.92416194523135,40.51094890510949,46.52777777777778,8.333333333333332,34.57243511759935,,,,10.364145658263306,,,2016-17,0.0
201601,Luc Mbah a Moute,Luc,1610612746,LAC,30.0,80,49,31,0.613,1787.185,103.6,126,0.067,0.096,81,0.256,35,0.201,576.0,454.0,528.0,1494.0,7.2,7.201089688603452,38,43,278,111,140,116,269,442,457,59,89,109,191,337,339,368,326,56,80,532,370,162,155,2,46,106,0,0,56,0.0,0.0,0,0,0,0,0,0.0,0.0,0.0,0.0,201601.0,Luc Mbah a Moute,0.0,0.0,26.0,16.355140186915886,83.8012958963283,75.35211267605634,54.71053780749534,26.15675165250236,26.875,26.587700661000945,45.62043795620438,47.22222222222222,5.555555555555555,36.16484184914842,100.0,100.0,100.0,3.361344537815126,,,2016-17,0.0
1627763,Malcolm Brogdon,Malcolm,1610612749,MIL,24.0,75,38,37,0.507,1982.39,107.5,166,0.086,0.129,84,0.252,12,0.059,618.0,533.0,483.0,1940.0,5.57,5.569987582431556,111,120,352,211,115,292,211,379,383,49,93,265,390,351,375,346,399,117,75,417,223,194,135,0,38,82,0,0,64,0.0,0.0,0,0,0,0,0,0.0,0.0,0.0,0.0,1627763.0,Malcolm Brogdon,0.4444444444444444,0.2222222222222222,60.1,5.607476635514018,59.71922246220303,47.88732394366194,35.11654950189215,12.275731822474032,36.875,27.035292728989617,38.32116788321168,49.30555555555556,0.0,32.58541159772911,19.338576325872147,40.74074074074075,30.039658533306447,8.96358543417367,,,2016-17,0.0
201188,Marc Gasol,Marc,1610612763,MEM,32.0,74,40,34,0.541,2531.0333333333333,106.7,404,0.167,0.242,67,0.166,99,0.452,730.0,578.0,736.0,1924.0,7.73,7.732969558109851,126,92,315,162,33,242,34,117,130,90,297,14,51,408,402,464,396,40,74,721,591,130,124,4,224,521,0,0,52,0.0,0.0,0,0,0,0,0,0.0,0.0,0.0,0.0,201188.0,Marc Gasol,0.225,0.0,79.5,46.26168224299065,60.58315334773218,53.521126760563334,53.089058259043355,47.02549575070821,16.875,28.93519830028329,34.306569343065696,37.5,11.11111111111111,29.625405515004054,59.16515426497278,100.0,79.58257713248639,42.296918767507,,,2016-17,0.0
101162,Marcin Gortat,Marcin,1610612764,WAS,33.0,82,49,33,0.598,2555.4783333333335,108.6,611,0.243,0.353,40,0.088,61,0.302,818.0,676.0,645.0,2346.0,6.31,6.307099647446396,1,43,305,124,30,343,10,26,27,205,446,46,126,444,454,433,461,91,82,906,779,127,83,16,506,1118,0,0,45,0.0,0.0,0,0,0,0,0,0.0,0.0,0.0,0.0,101162.0,Marcin Gortat,0.1996818181818181,0.0454545454545454,119.1,28.504672897196254,37.79697624190065,40.14084507042255,34.66602211114937,64.7780925401322,15.937499999999998,35.47373701605288,19.34306569343066,18.75,44.44444444444444,25.410837388483376,63.76010559313644,87.87878787878788,75.81944673596216,71.28851540616246,,,2016-17,0.0
201158,Marco Belinelli,Marco,1610612766,CHA,31.0,74,34,40,0.459,1777.5633333333333,107.5,164,0.093,0.131,44,0.181,9,0.054,482.0,396.0,506.0,1566.0,5.02,5.021744542632049,126,164,387,268,143,293,214,346,378,180,259,294,398,290,299,353,336,150,74,376,146,230,91,1,8,16,0,0,31,0.0,0.0,0,0,0,0,0,0.0,0.0,0.0,0.0,201158.0,Marco Belinelli,0.1333,0.05,51.4,4.205607476635514,79.91360691144709,47.88732394366194,41.62383639557617,5.004721435316336,48.125,30.876888574126536,22.26277372262774,21.52777777777778,2.7777777777777777,17.13427615571776,75.8076225045372,86.66666666666667,81.23714458560194,8.683473389355742,,,2016-17,0.0
202694,Marcus Morris Sr.,Marcus,1610612765,DET,27.0,79,36,43,0.456,2565.09,106.3,289,0.116,0.158,52,0.141,25,0.128,670.0,553.0,543.0,2248.0,8.11,8.114298356926358,54,140,413,273,29,227,81,259,306,138,366,159,274,384,389,378,450,31,79,538,314,224,114,6,49,111,0,0,61,0.0,0.0,0,0,0,0,0,0.0,0.0,0.0,0.0,202694.0,Marcus Morris Sr.,0.3939090909090909,0.2727272727272727,75.1,11.682242990654206,43.08855291576673,56.33802816901407,33.838397759033555,20.868744098205855,46.25,36.097497639282345,30.656934306569344,27.083333333333332,16.666666666666664,25.90860705596107,28.51014684045536,27.272727272727277,27.89143705659132,26.190476190476193,,,2016-17,0.0
203935,Marcus Smart,Marcus,1610612738,BOS,23.0,79,51,28,0.646,2399.2883333333334,105.3,227,0.092,0.141,125,0.33,34,0.189,770.0,663.0,608.0,2114.0,8.5,8.498043350473942,54,21,234,75,49,180,128,351,353,12,20,110,201,430,448,411,426,24,79,517,255,262,234,23,28,66,0,0,75,0.0,0.0,0,0,0,0,0,0.0,0.0,0.0,0.0,203935.0,Marcus Smart,0.2777777777777778,0.0,64.5,15.887850467289718,50.323974082073434,63.380281690140826,39.8136015381768,15.29745042492918,58.12500000000001,40.99398016997167,74.45255474452554,77.77777777777779,63.888888888888886,72.97546634225466,49.58661020367008,100.0,74.79330510183505,17.507002801120446,,,2016-17,0.0
202693,Markieff Morris,Markieff,1610612764,WAS,27.0,76,45,31,0.592,2374.3333333333335,106.9,386,0.162,0.236,82,0.191,42,0.213,771.0,595.0,632.0,2114.0,7.14,7.136317727738182,97,69,278,130,53,250,39,129,138,54,237,75,178,431,416,425,426,58,76,698,492,206,160,3,120,263,0,0,64,0.0,0.0,0,0,0,0,0,0.0,0.0,0.0,0.0,202693.0,Markieff Morris,0.3623043478260869,0.0434782608695652,134.6,19.626168224299064,50.323974082073434,52.11267605633796,38.492027232529814,37.6770538243626,40.625,39.44582152974504,47.44525547445255,47.91666666666667,8.333333333333332,37.83226885644769,34.246034877298186,88.40579710144928,61.32591598937373,39.77591036414566,,,2016-17,0.0
1627737,Marquese Chriss,Marquese,1610612756,PHX,19.0,82,24,58,0.293,1743.36,113.8,252,0.148,0.217,67,0.21,70,0.378,695.0,476.0,608.0,1678.0,1.58,1.581442497507812,1,275,484,434,154,462,108,164,175,90,193,37,85,393,351,411,359,351,79,564,387,177,135,4,97,207,0,0,40,0.0,0.0,0,0,0,0,0,0.0,0.0,0.0,0.0,,,,,,32.71028037383177,73.86609071274299,3.5211267605633796,39.8175255891336,27.762039660056654,31.5625,30.04231586402266,38.32116788321168,37.5,11.11111111111111,31.23124493106245,,,,21.008403361344534,,,2016-17,0.0
101107,Marvin Williams,Marvin,1610612766,CHA,31.0,76,32,44,0.421,2294.5433333333335,107.9,411,0.18,0.252,58,0.173,53,0.239,593.0,581.0,625.0,1932.0,6.19,6.188216178475184,97,188,419,309,63,308,30,89,115,117,273,57,157,346,406,421,397,97,76,720,472,248,126,2,133,315,0,0,43,0.0,0.0,0,0,0,0,0,0.0,0.0,0.0,0.0,101107.0,Marvin Williams,0.303,0.0,46.9,24.766355140186917,60.15118790496761,45.07042253521119,42.22706345661622,35.78847969782814,53.75,46.565391879131255,35.03649635036496,31.25,5.555555555555555,26.340987429034875,45.009074410163336,100.0,72.50453720508168,43.27731092436975,,,2016-17,0.0
203486,Mason Plumlee,Mason,1610612743,DEN,27.0,81,38,43,0.469,2147.58,111.9,435,0.2,0.296,69,0.225,92,0.426,744.0,593.0,615.0,1994.0,3.11,3.113296036346464,18,120,413,260,87,436,23,59,64,87,150,19,61,418,415,417,409,259,81,801,668,133,156,9,346,784,0,0,54,0.0,0.0,0,0,0,0,0,0.0,0.0,0.0,0.0,203486.0,Mason Plumlee,0.33645,0.075,132.4,42.99065420560748,56.803455723542115,16.90140845070416,41.30282329815877,54.296506137865904,17.8125,32.40610245514637,45.98540145985402,38.88888888888889,25.0,38.25527169505272,38.93829401088928,80.0,59.46914700544464,46.63865546218487,,,2016-17,0.0
2440,Matt Barnes,Matt,1610612744,GSW,37.0,74,38,36,0.514,1775.9133333333334,107.4,314,0.176,0.265,48,0.159,26,0.147,618.0,421.0,551.0,1424.0,4.84,4.844436129362188,126,120,341,197,145,286,70,102,101,157,314,154,249,351,314,384,315,162,74,478,243,235,120,1,48,110,0,0,38,0.0,0.0,0,0,0,0,0,0.0,0.0,0.0,0.0,2440.0,Matt Barnes,0.2857142857142857,0.0476190476190476,93.9,12.149532710280374,87.58099352051836,48.59154929577458,47.66104814023721,14.1643059490085,49.6875,35.4782223796034,32.846715328467155,24.305555555555554,2.7777777777777777,22.340075020275748,48.146227638060665,87.3015873015873,67.72390746982398,29.69187675070028,,,2016-17,0.0
203521,Matthew Dellavedova,Matthew,1610612749,MIL,26.0,76,39,37,0.513,1986.0016666666668,108.1,123,0.063,0.095,53,0.16,0,0.0,686.0,497.0,470.0,1690.0,5.33,5.325988556781206,97,109,352,199,114,317,274,452,460,132,310,447,447,389,360,337,362,133,76,440,205,235,90,5,65,140,0,0,45,0.0,0.0,0,0,0,0,0,0.0,0.0,0.0,0.0,203521.0,Matthew Dellavedova,0.083375,0.0,30.0,0.0,73.2181425485961,43.66197183098593,36.54184284975512,10.576015108593012,49.6875,34.042906043437206,21.897810218978105,27.77777777777778,13.88888888888889,21.953568532035685,84.86842105263158,100.0,92.43421052631578,2.941176470588235,,,2016-17,0.0
203090,Maurice Harkless,Maurice,1610612757,POR,24.0,77,38,39,0.494,2223.0633333333335,110.6,216,0.093,0.14,85,0.262,70,0.285,749.0,595.0,612.0,2030.0,4.18,4.177884802064605,85,120,379,233,72,412,139,345,356,47,81,37,130,419,416,414,413,202,77,614,418,196,183,1,45,100,0,0,62,0.0,0.0,0,0,0,0,0,0.0,0.0,0.0,0.0,203090.0,Maurice Harkless,0.2044666666666666,0.0666666666666666,103.0,32.71028037383177,54.85961123110151,26.05633802816903,38.799060587460495,30.68932955618508,37.5,34.77573182247403,55.83941605839416,50.0,2.7777777777777777,40.53021086780211,62.89171203871747,82.22222222222223,72.55696713046984,15.966386554621849,,,2016-17,0.0
203077,Michael Kidd-Gilchrist,Michael,1610612766,CHA,23.0,81,36,45,0.444,2349.4083333333333,105.8,409,0.171,0.241,81,0.223,77,0.316,594.0,533.0,595.0,1850.0,7.82,7.823923481971955,18,140,431,286,55,199,32,110,132,59,154,33,118,347,375,406,383,37,81,845,479,366,135,8,21,48,0,0,80,0.0,0.0,0,0,0,0,0,0.0,0.0,0.0,0.0,203077.0,Michael Kidd-Gilchrist,0.0733,0.025,60.9,35.981308411214954,64.57883369330453,59.85915492957745,51.959903889536925,36.4494806421152,90.625,68.95479225684608,38.32116788321168,47.22222222222222,22.22222222222222,37.411800486618006,86.69691470054445,93.33333333333331,90.0151240169389,42.997198879551824,,,2016-17,0.0
201144,Mike Conley,Mike,1610612763,MEM,29.0,69,35,34,0.507,2291.8633333333332,106.2,210,0.095,0.14,92,0.255,19,0.102,650.0,550.0,683.0,1808.0,7.35,7.350595067065019,183,151,315,206,64,222,150,337,359,30,91,216,310,369,385,451,376,50,69,467,220,247,171,7,20,43,0,0,101,0.0,0.0,0,0,0,0,0,0.0,0.0,0.0,0.0,201144.0,Mike Conley,0.2933,0.0,72.0,8.878504672897195,66.84665226781857,57.04225352112671,41.20829354317705,11.992445703493862,53.43750000000001,36.85947828139754,51.45985401459854,54.861111111111114,19.444444444444446,44.64644160583942,46.76950998185117,100.0,73.38475499092559,15.126050420168069,,,2016-17,0.0
101145,Monta Ellis,Monta,1610612754,IND,31.0,74,39,35,0.527,1997.7083333333333,108.5,185,0.092,0.138,78,0.225,27,0.131,656.0,584.0,432.0,1702.0,5.02,5.019877322231762,126,109,330,176,110,338,191,350,360,65,149,147,271,373,408,313,363,150,74,349,166,183,163,8,6,13,0,0,71,0.0,0.0,0,0,0,0,0,0.0,0.0,0.0,0.0,101145.0,Monta Ellis,0.125,0.0,36.7,12.61682242990654,72.57019438444925,40.84507042253519,40.65756461215365,6.8932955618508025,33.4375,22.81981822474032,48.54014598540146,45.13888888888889,22.22222222222222,40.77022506082726,77.31397459165153,100.0,88.65698729582576,11.624649859943975,,,2016-17,0.0
1626167,Myles Turner,Myles,1610612754,IND,21.0,81,42,39,0.519,2541.005,106.4,450,0.172,0.257,74,0.164,172,0.575,901.0,705.0,518.0,2124.0,8.05,8.054886204222292,18,82,379,189,31,229,22,105,107,75,301,2,18,471,460,359,431,33,81,965,798,167,148,1,293,663,0,0,47,0.0,0.0,0,0,0,0,0,0.0,0.0,0.0,0.0,1626167.0,Myles Turner,0.1254444444444444,0.0,55.0,80.37383177570094,49.78401727861771,55.63380281690134,63.4823894620219,66.57223796033995,28.4375,43.691395184135985,43.06569343065693,42.36111111111111,2.7777777777777777,32.7471107055961,77.2333131679774,100.0,88.6166565839887,48.739495798319325,,,2016-17,0.0
201156,Nick Young,Nick,1610612747,LAL,32.0,60,19,41,0.317,1556.2666666666669,112.6,113,0.074,0.107,37,0.159,14,0.128,543.0,432.0,519.0,1536.0,2.0,2.0009273119997704,261,317,395,418,181,443,286,419,434,225,313,246,273,317,322,361,330,324,60,291,153,138,96,2,25,58,0,0,29,0.0,0.0,0,0,0,0,0,0.0,0.0,0.0,0.0,,,,,,6.5420560747663545,81.53347732181425,11.97183098591551,34.146497239020405,5.6657223796034,19.375,13.89128895184136,24.087591240875913,16.666666666666664,5.555555555555555,16.857258718572588,,,,1.5406162464985995,,,2016-17,0.0
201587,Nicolas Batum,Nicolas,1610612766,CHA,28.0,77,35,42,0.455,2617.2483333333334,108.2,435,0.164,0.231,86,0.214,29,0.111,712.0,651.0,698.0,2248.0,6.88,6.876401947357533,85,151,402,275,24,320,23,123,145,45,177,136,291,401,445,456,450,69,77,570,309,261,160,1,15,37,0,0,54,0.0,0.0,0,0,0,0,0,0.0,0.0,0.0,0.0,201587.0,Nicolas Batum,0.2954545454545454,0.1363636363636363,69.1,13.551401869158877,43.08855291576673,42.95774647887319,31.240990887900203,20.396600566572236,57.8125,42.8461402266289,47.44525547445255,50.69444444444444,2.7777777777777777,37.41560218978102,46.378485398449094,63.63636363636363,55.00742451740636,46.63865546218487,,,2016-17,0.0
203917,Nik Stauskas,Nik,1610612755,PHI,23.0,80,27,53,0.338,2187.7116666666666,107.4,205,0.091,0.138,45,0.125,32,0.145,820.0,610.0,658.0,2134.0,6.24,6.244634395399163,38,243,472,391,80,280,157,360,361,176,401,118,252,448,425,441,433,95,80,469,272,197,88,0,13,32,0,0,57,0.0,0.0,0,0,0,0,0,0.0,0.0,0.0,0.0,,,,,,14.95327102803738,49.24406047516199,48.59154929577458,35.36461690146529,16.902738432483474,37.8125,29.44859537299339,21.16788321167883,22.22222222222222,0.0,16.24493106244931,,,,14.425770308123248,,,2016-17,0.0
203999,Nikola Jokić,Nikola,1610612743,DEN,22.0,73,37,36,0.507,2037.7283333333332,109.7,506,0.248,0.339,61,0.219,55,0.374,714.0,474.0,583.0,1964.0,4.37,4.369229506809293,145,129,341,209,107,391,17,20,32,106,166,51,86,402,349,397,404,192,73,821,685,136,130,0,255,579,0,0,63,0.0,0.0,0,0,0,0,0,0.0,0.0,0.0,0.0,203999.0,Nikola Jokić,0.2857,0.1,51.2,25.70093457943925,58.42332613390929,32.39436619718305,38.82712952793971,55.901794145420205,18.75,33.610717658168085,36.496350364963504,33.33333333333333,0.0,26.265206812652067,48.14882032667876,73.33333333333334,60.74107683000605,56.582633053221286,,,2016-17,0.0
202703,Nikola Mirotic,Nikola,1610612741,CHI,26.0,70,37,33,0.529,1678.9116666666666,102.7,323,0.186,0.273,53,0.188,55,0.353,571.0,441.0,421.0,1610.0,7.23,7.227104077016649,176,129,305,173,161,91,66,75,85,132,243,51,101,336,329,304,345,53,70,568,386,182,103,3,58,126,0,0,50,0.0,0.0,0,0,0,0,0,0.0,0.0,0.0,0.0,202703.0,Nikola Mirotic,0.2041428571428571,0.0714285714285714,39.0,25.70093457943925,77.5377969762419,81.69014084507037,57.84113798472796,27.66761095372993,33.125,30.942044381491975,26.64233576642336,27.77777777777778,8.333333333333332,22.462489862124897,62.95047964739434,80.95238095238096,71.95143029988765,30.952380952380953,,,2016-17,0.0
202696,Nikola Vučević,Nikola,1610612753,ORL,26.0,75,27,48,0.36,2162.735,107.8,603,0.272,0.39,76,0.22,74,0.351,691.0,580.0,612.0,2114.0,5.99,5.987179569568844,111,243,453,381,84,302,11,9,13,70,161,35,102,391,405,414,426,101,75,676,587,89,143,0,248,552,0,0,54,0.0,0.0,0,0,0,0,0,0.0,0.0,0.0,0.0,202696.0,Nikola Vučević,0.29,0.0,60.6,34.57943925233645,50.323974082073434,45.77464788732393,42.88882860149126,46.64778092540132,4.0625,21.09661237016053,41.24087591240876,43.75,0.0,31.808850364963504,47.368421052631575,100.0,73.68421052631578,70.16806722689076,,,2016-17,0.0
203490,Otto Porter Jr.,Otto,1610612764,WAS,24.0,80,48,32,0.6,2605.0716666666667,108.4,396,0.154,0.226,116,0.238,42,0.196,818.0,712.0,641.0,2388.0,6.67,6.668345580203437,38,47,295,119,25,333,37,150,159,17,128,75,196,444,464,431,464,77,80,611,349,262,234,4,51,121,0,0,99,0.0,0.0,0,0,0,0,0,0.0,0.0,0.0,0.0,203490.0,Otto Porter Jr.,0.2196818181818182,0.0681818181818181,133.0,19.626168224299064,35.529157667386606,41.549295774647824,30.672996416966896,24.173748819641173,58.12500000000001,44.54449952785647,74.45255474452554,71.52777777777779,11.11111111111111,57.59352189781023,60.13034152780069,81.81818181818183,70.97426167299126,41.17647058823529,,,2016-17,0.0
200782,P.J. Tucker,P.J.,1610612761,TOR,32.0,81,35,46,0.432,2235.895,107.2,354,0.16,0.234,116,0.302,19,0.094,754.0,601.0,674.0,1906.0,6.7,6.6966167020871,18,151,439,298,70,268,53,135,140,17,43,216,322,421,422,448,391,76,79,471,267,204,217,8,67,151,0,0,87,0.0,0.0,0,0,0,0,0,0.0,0.0,0.0,0.0,,,,,,8.878504672897195,61.55507559395248,49.99999999999995,37.59567832704223,16.43059490084986,40.0,30.572237960339944,68.24817518248175,71.52777777777779,22.22222222222222,57.88954785077048,,,,35.294117647058826,,,2016-17,0.0
201976,Patrick Beverley,Patrick,1610612745,HOU,28.0,67,46,21,0.687,2057.963333333333,106.3,298,0.144,0.21,99,0.273,25,0.14,709.0,556.0,592.0,2086.0,6.5,6.503010213524459,202,62,172,46,103,226,76,175,192,24,69,159,261,399,392,402,421,84,67,445,220,225,209,22,48,125,0,0,111,0.0,0.0,0,0,0,0,0,0.0,0.0,0.0,0.0,201976.0,Patrick Beverley,0.1958,0.0,113.6,11.682242990654206,51.83585313174947,56.33802816901407,36.89995283462751,11.992445703493862,46.5625,32.73447828139754,65.32846715328468,59.72222222222222,61.111111111111114,62.31194241686942,64.46460980036298,100.0,82.23230490018149,27.450980392156865,,,2016-17,0.0
202335,Patrick Patterson,Patrick,1610612761,TOR,28.0,65,42,23,0.646,1598.5316666666668,103.6,231,0.143,0.212,40,0.138,23,0.154,466.0,457.0,337.0,1330.0,6.38,6.376661697955375,220,82,190,74,175,117,126,179,187,205,369,173,239,276,340,252,292,89,65,493,296,197,82,6,120,268,0,0,24,0.0,0.0,0,0,0,0,0,0.0,0.0,0.0,0.0,,,,,,10.74766355140187,92.65658747300216,75.35211267605634,55.56689920512558,19.169027384324835,37.8125,30.355110953729938,18.97810218978102,18.75,16.666666666666664,18.320407542579076,,,,18.067226890756302,,,2016-17,0.0
201988,Patty Mills,Patty,1610612759,SAS,28.0,80,60,20,0.75,1754.4133333333334,100.1,117,0.065,0.096,65,0.213,3,0.015,530.0,433.0,486.0,1516.0,9.19,9.185655692343598,38,8,161,24,149,43,280,447,458,98,184,384,443,310,323,347,328,13,80,231,119,112,116,9,10,24,0,0,61,0.0,0.0,0,0,0,0,0,0.0,0.0,0.0,0.0,201988.0,Patty Mills,0.1745714285714285,0.0,78.4,1.4018691588785046,82.6133909287257,100.0,54.4754344886054,2.4551463644948064,11.25,7.732058545797923,31.386861313868614,36.11111111111111,25.0,31.443633414436334,68.31734508685507,100.0,84.15867254342754,2.100840336134454,,,2016-17,0.0
2200,Pau Gasol,Pau,1610612759,SAS,36.0,64,47,17,0.734,1626.735,104.0,394,0.245,0.352,24,0.098,70,0.361,483.0,445.0,468.0,1412.0,6.27,6.274842427191883,231,52,128,31,170,127,38,24,28,296,437,37,93,292,333,334,310,93,64,722,621,101,53,0,169,361,0,0,24,0.0,0.0,0,0,0,0,0,0.0,0.0,0.0,0.0,2200.0,Pau Gasol,0.3148333333333333,0.1111111111111111,107.0,32.71028037383177,88.22894168466523,72.5352112676056,62.09804455606694,49.858356940509914,7.8125,24.630842776203966,8.394160583941606,7.638888888888889,0.0,6.031275344687753,42.86146400483968,70.37037037037037,56.61591718760502,40.89635854341736,,,2016-17,0.0
202331,Paul George,Paul,1610612754,IND,27.0,75,39,36,0.52,2689.346666666667,107.2,434,0.161,0.236,119,0.249,27,0.091,913.0,709.0,529.0,2206.0,7.79,7.794569809795983,111,109,341,187,17,267,25,133,139,15,104,147,328,473,462,369,443,38,75,640,322,318,241,7,42,103,0,0,105,0.0,0.0,0,0,0,0,0,0.0,0.0,0.0,0.0,202331.0,Paul George,0.1399999999999999,0.15,69.2,12.61682242990654,45.35637149028078,49.99999999999995,33.421458993560876,21.624173748819643,75.625,54.02466949952786,77.00729927007299,73.61111111111111,19.444444444444446,61.4279197080292,74.59165154264971,60.0,67.29582577132486,46.49859943977591,,,2016-17,0.0
200794,Paul Millsap,Paul,1610612737,ATL,32.0,69,40,29,0.58,2342.83,103.5,422,0.171,0.253,90,0.214,62,0.258,816.0,637.0,624.0,1838.0,9.51,9.511559531765132,183,92,250,139,56,112,28,108,114,35,178,44,139,442,439,420,381,9,69,875,572,303,210,5,196,427,0,0,74,0.0,0.0,0,0,0,0,0,0.0,0.0,0.0,0.0,200794.0,Paul Millsap,0.3821,0.2,89.9,28.971962616822427,65.2267818574514,76.05633802816898,53.43224320387921,45.23135033050047,70.9375,60.655040132200185,65.69343065693431,53.47222222222222,13.88888888888889,48.46487226277372,30.653357531760427,46.666666666666664,38.660012099213546,44.81792717086835,,,2016-17,0.0
200765,Rajon Rondo,Rajon,1610612741,CHI,31.0,69,34,35,0.493,1842.7016666666664,107.4,282,0.151,0.221,99,0.328,11,0.059,640.0,470.0,531.0,1790.0,5.24,5.241633484196935,183,164,330,236,130,282,88,156,164,24,21,270,388,363,346,371,374,138,68,247,118,129,197,5,21,48,0,0,77,0.0,0.0,0,0,0,0,0,0.0,0.0,0.0,0.0,200765.0,Rajon Rondo,0.2277777777777777,0.1666666666666666,82.9,5.14018691588785,67.81857451403887,48.59154929577458,37.94046317021239,2.3607176581680833,16.5625,10.881787063267232,60.94890510948905,59.72222222222222,13.88888888888889,48.754562043795616,58.66102036700948,55.55555555555556,57.108287961282514,25.210084033613445,,,2016-17,0.0
101109,Raymond Felton,Raymond,1610612746,LAC,33.0,80,50,30,0.625,1699.8283333333334,108.2,185,0.106,0.157,66,0.273,22,0.138,558.0,507.0,535.0,1612.0,4.49,4.4912367023196635,38,35,266,96,160,324,191,303,308,93,70,182,266,329,367,374,346,183,80,416,227,189,144,1,8,19,0,0,65,0.0,0.0,0,0,0,0,0,0.0,0.0,0.0,0.0,101109.0,Raymond Felton,0.037,0.0,46.8,10.2803738317757,77.42980561555075,42.95774647887319,41.95201811787133,12.653446647780925,35.3125,26.24887865911237,41.605839416058394,36.80555555555556,2.7777777777777777,30.218724655312243,93.28493647912886,100.0,96.64246823956444,11.624649859943975,,,2016-17,0.0
2210,Richard Jefferson,Richard,1610612739,CLE,37.0,79,50,29,0.633,1613.61,106.5,175,0.103,0.152,26,0.135,10,0.077,579.0,446.0,425.0,1408.0,5.05,5.048246006994536,54,35,250,89,172,237,202,314,321,283,378,282,356,339,335,307,308,147,79,422,229,193,66,7,24,58,0,0,40,0.0,0.0,0,0,0,0,0,0.0,0.0,0.0,0.0,2210.0,Richard Jefferson,0.2017368421052631,0.1052631578947368,99.5,4.672897196261682,88.44492440604752,54.92957746478871,46.55727678681848,12.842304060434373,36.5625,27.07442162417375,13.138686131386862,9.027777777777777,19.444444444444446,13.27630778588808,63.38714299360014,71.9298245614035,67.65848377750183,10.22408963585434,,,2016-17,0.0
201937,Ricky Rubio,Ricky,1610612750,MIN,26.0,75,28,47,0.373,2469.11,111.3,237,0.1,0.147,128,0.332,10,0.046,860.0,675.0,755.0,2336.0,4.11,4.110216405051856,111,234,446,366,42,425,120,321,336,10,19,282,411,467,453,468,460,206,75,361,167,194,287,9,21,48,0,0,93,0.0,0.0,0,0,0,0,0,0.0,0.0,0.0,0.0,201937.0,Ricky Rubio,0.2815294117647058,0.0588235294117647,110.2,4.672897196261682,38.33693304535637,21.12676056338028,20.568775585224472,6.987724268177526,36.875,24.92008970727101,93.7956204379562,79.86111111111111,25.0,71.71963706407138,48.905732892067896,84.31372549019608,66.60972919113199,18.907563025210084,,,2016-17,0.0
203496,Robert Covington,Robert,1610612755,PHI,26.0,67,27,40,0.403,2118.57,104.1,344,0.158,0.231,127,0.32,69,0.267,769.0,565.0,675.0,1920.0,8.22,8.21929822744524,202,243,387,324,93,131,60,142,144,11,30,40,132,429,394,450,395,29,67,469,272,197,283,3,30,71,0,0,62,0.0,0.0,0,0,0,0,0,0.0,0.0,0.0,0.0,,,,,,32.242990654205606,60.79913606911447,71.83098591549296,52.13464036474554,16.902738432483474,37.8125,29.44859537299339,92.33576642335768,79.16666666666666,8.333333333333332,66.72597323600972,,,,33.89355742296919,,,2016-17,1.0
201577,Robin Lopez,Robin,1610612741,CHI,29.0,81,40,41,0.494,2270.7566666666667,105.9,276,0.12,0.169,18,0.053,117,0.468,691.0,554.0,686.0,2082.0,7.46,7.458780983886183,18,92,395,231,66,202,93,248,273,322,461,10,45,391,390,452,420,47,81,1306,1152,154,42,0,222,472,0,0,47,0.0,0.0,0,0,0,0,0,0.0,0.0,0.0,0.0,201577.0,Robin Lopez,0.1932222222222222,0.1481111111111111,139.3,54.67289719626168,52.05183585313174,59.15492957746472,54.87603382146696,100.0,24.375,54.625,4.37956204379562,3.4722222222222223,0.0,2.967102595296026,64.93244605767292,60.50370370370371,62.71807488068831,24.369747899159663,,,2016-17,0.0
203918,Rodney Hood,Rodney,1610612762,UTA,24.0,59,40,19,0.678,1593.2733333333333,103.2,186,0.117,0.165,38,0.19,11,0.066,492.0,380.0,338.0,1388.0,6.55,6.552886156521468,267,92,149,48,177,104,188,255,284,217,240,270,378,295,287,254,304,80,59,308,196,112,59,0,11,27,0,0,42,0.0,0.0,0,0,0,0,0,0.0,0.0,0.0,0.0,,,,,,5.14018691588785,89.52483801295897,78.16901408450698,52.93202159201752,9.726156751652502,11.25,10.640462700661,10.583941605839415,17.36111111111111,0.0,10.309965531224655,,,,11.76470588235294,,,2016-17,0.0
203585,Rodney McGruder,Rodney,1610612748,MIA,25.0,78,40,38,0.513,1965.8866666666668,106.8,162,0.083,0.123,46,0.17,18,0.078,564.0,547.0,440.0,1852.0,5.94,5.940059014939243,69,92,367,201,117,245,217,388,403,169,279,220,354,332,382,316,385,104,78,463,287,176,100,0,24,56,0,0,77,0.0,0.0,0,0,0,0,0,0.0,0.0,0.0,0.0,203585.0,Rodney McGruder,0.26825,0.125,103.7,8.411214953271028,64.47084233261339,52.81690140845069,39.13350614983577,18.319169027384323,31.25,26.07766761095373,25.547445255474457,22.916666666666664,0.0,18.239811435523116,51.315789473684205,66.66666666666666,58.99122807017543,8.403361344537815,,,2016-17,0.0
1626178,Rondae Hollis-Jefferson,Rondae,1610612751,BKN,22.0,78,19,59,0.244,1761.4083333333333,107.7,356,0.186,0.272,82,0.283,44,0.244,700.0,529.0,549.0,1726.0,5.0,4.995467082124012,69,317,486,457,148,296,52,76,86,54,59,67,151,395,374,381,367,153,78,593,403,190,166,0,56,130,0,0,81,0.0,0.0,0,0,0,0,0,0.0,0.0,0.0,0.0,,,,,,20.5607476635514,71.2742980561555,46.47887323943657,44.790021694934126,29.27289896128423,35.625,33.08415958451369,49.63503649635037,47.91666666666667,0.0,36.62484793187348,,,,35.57422969187675,,,2016-17,0.0
203497,Rudy Gobert,Rudy,1610612762,UTA,25.0,81,51,30,0.63,2743.7466666666664,102.0,721,0.259,0.365,49,0.132,214,0.711,822.0,624.0,592.0,2236.0,12.14,12.138308825086993,18,21,266,93,12,70,5,14,20,153,387,1,7,449,432,402,446,1,81,1149,1027,122,133,2,499,1150,0,0,50,0.0,0.0,0,0,0,0,0,0.0,0.0,0.0,0.0,,,,,,100.0,43.73650107991361,86.61971830985912,76.96270495543455,88.19641170915958,14.374999999999998,43.90356468366383,37.591240875912405,25.0,5.555555555555555,25.175385239253853,,,,86.69467787114846,,,2016-17,1.0
201566,Russell Westbrook,Russell,1610612760,OKC,28.0,81,46,35,0.568,2801.7483333333334,106.1,727,0.251,0.352,132,0.27,31,0.103,987.0,727.0,659.0,2760.0,9.23,9.232396686381977,18,62,330,143,8,215,4,19,29,8,73,126,307,481,468,442,482,11,81,296,169,127,231,3,1,3,0,0,113,0.0,0.0,0,0,0,0,0,0.0,0.0,0.0,0.0,201566.0,Russell Westbrook,0.1754210526315789,0.0526315789473684,129.1,14.485981308411214,15.442764578833692,57.74647887323945,25.63597984426614,7.176581680830972,15.937499999999998,12.433132672332388,73.35766423357664,82.63888888888889,8.333333333333332,60.3500101378751,68.16314834272615,85.96491228070175,77.06403031171395,87.53501400560224,,,2016-17,0.0
201583,Ryan Anderson,Ryan,1610612745,HOU,29.0,72,50,22,0.694,2116.391666666667,107.0,218,0.103,0.148,31,0.085,14,0.077,756.0,575.0,598.0,2180.0,6.21,6.213345636903092,158,35,183,44,94,255,135,313,335,254,448,246,359,423,399,407,439,96,72,576,413,163,63,14,83,206,0,0,40,0.0,0.0,0,0,0,0,0,0.0,0.0,0.0,0.0,201583.0,Ryan Anderson,0.1578947368421052,0.0789473684210526,122.5,6.5420560747663545,46.76025917926566,51.40845070422532,31.83502581870585,30.217186024551463,27.187499999999996,28.39937440982058,12.043795620437956,12.5,38.88888888888889,18.914740470397405,71.34396790524406,78.94736842105262,75.14566816314834,16.246498599439775,,,2016-17,0.0
203930,Sean Kilpatrick,Sean,1610612751,BKN,27.0,70,14,56,0.2,1753.5566666666666,109.6,258,0.136,0.201,45,0.186,6,0.036,734.0,527.0,476.0,1666.0,3.85,3.848288876147675,176,371,480,468,151,386,101,195,204,176,247,335,430,412,373,340,356,219,69,292,144,148,85,6,10,23,0,0,42,0.0,0.0,0,0,0,0,0,0.0,0.0,0.0,0.0,203930.0,Sean Kilpatrick,0.35,0.0,58.7,2.803738317757009,74.51403887688986,33.09859154929578,35.4760568213382,4.815864022662889,22.5,15.426345609065155,20.072992700729927,22.22222222222222,16.666666666666664,19.973641524736415,36.479128856624314,100.0,68.23956442831215,21.84873949579832,,,2016-17,0.0
201586,Serge Ibaka,Serge,1610612761,TOR,27.0,79,37,42,0.468,2422.08,108.9,409,0.169,0.241,41,0.122,124,0.471,828.0,635.0,635.0,2322.0,5.82,5.820698487564055,54,129,402,263,46,360,32,113,132,197,406,8,44,454,438,427,459,108,79,925,692,233,71,0,161,363,0,0,42,0.0,0.0,0,0,0,0,0,0.0,0.0,0.0,0.0,201586.0,Serge Ibaka,0.1833,0.0,58.5,57.943925233644855,39.09287257019439,38.02816901408444,46.367117746547095,56.56279508970727,49.0625,52.062618035882906,14.963503649635038,19.444444444444446,0.0,12.790957015409573,66.73321234119781,100.0,83.36660617059891,42.997198879551824,,,2016-17,0.0
200771,Sergio Rodriguez,Sergio,1610612755,PHI,31.0,68,24,44,0.353,1517.4116666666666,107.0,136,0.088,0.133,49,0.206,4,0.024,569.0,404.0,472.0,1370.0,4.46,4.4590775347618905,192,275,419,386,190,253,253,370,376,153,203,371,435,334,306,339,297,187,67,184,98,86,86,1,14,32,0,0,50,0.0,0.0,0,0,0,0,0,0.0,0.0,0.0,0.0,,,,,,1.8691588785046729,90.49676025917928,51.40845070422532,45.27364231817094,0.4721435316336166,3.125,2.0638574126534466,20.437956204379564,25.0,2.7777777777777777,17.61962692619627,,,,4.761904761904762,,,2016-17,0.0
203552,Seth Curry,Seth,1610612742,DAL,26.0,70,30,40,0.429,2029.03,105.2,154,0.084,0.122,79,0.239,7,0.047,578.0,465.0,547.0,1658.0,7.11,7.113539140941873,176,209,387,301,108,174,228,384,408,64,126,320,410,338,343,380,351,59,70,319,141,178,164,8,24,53,0,0,58,0.0,0.0,0,0,0,0,0,0.0,0.0,0.0,0.0,203552.0,Seth Curry,0.2772105263157895,0.1578947368421052,101.4,3.2710280373831773,74.94600431965442,64.08450704225346,43.56063948739568,4.53257790368272,31.874999999999996,20.938031161473084,48.9051094890511,45.83333333333333,22.22222222222222,41.15926601784266,49.6895596523068,57.89473684210527,53.79214824720603,7.282913165266107,,,2016-17,0.0
203498,Shabazz Muhammad,Shabazz,1610612750,MIN,24.0,78,29,49,0.372,1515.5216666666668,107.9,136,0.094,0.141,22,0.081,6,0.044,544.0,409.0,464.0,1494.0,4.13,4.130961190151183,69,215,458,367,191,311,253,343,354,300,451,335,419,318,309,333,326,205,76,250,127,123,37,0,7,15,0,0,39,0.0,0.0,0,0,0,0,0,0.0,0.0,0.0,0.0,203498.0,Shabazz Muhammad,0.0476190476190476,0.0,101.6,2.803738317757009,83.8012958963283,45.07042253521119,41.719554524620506,3.210576015108593,14.6875,10.096730406043438,2.5547445255474455,6.25,0.0,3.209397810218978,91.35770460634345,100.0,95.67885230317172,4.761904761904762,,,2016-17,0.0
203524,Solomon Hill,Solomon,1610612740,NOP,26.0,80,34,46,0.425,2374.3016666666667,104.0,256,0.101,0.147,72,0.187,32,0.122,777.0,600.0,645.0,2182.0,9.3,9.30030611099796,38,164,439,305,54,126,102,318,337,80,245,118,279,433,421,433,440,10,80,583,334,249,181,1,38,97,0,0,63,0.0,0.0,0,0,0,0,0,0.0,0.0,0.0,0.0,,,,,,14.95327102803738,46.652267818574515,72.5352112676056,40.44340496461744,22.757318224740324,54.0625,41.54042728989613,55.1094890510949,40.97222222222222,2.7777777777777777,37.07851784266018,,,,21.568627450980394,,,2016-17,0.0
201939,Stephen Curry,Stephen,1610612744,GSW,29.0,79,65,14,0.823,2638.555,102.7,292,0.101,0.15,142,0.241,17,0.045,900.0,747.0,801.0,2458.0,11.49,11.49369616431043,54,2,102,13,22,89,79,320,326,5,119,224,412,470,472,480,471,4,79,444,221,223,261,8,109,240,0,0,119,0.0,0.0,0,0,0,0,0,0.0,0.0,0.0,0.0,201939.0,Stephen Curry,0.2377368421052631,0.1052631578947368,136.3,7.943925233644859,31.749460043196542,81.69014084507037,34.71241631984432,12.086874409820586,45.9375,32.39724976392824,84.30656934306569,89.58333333333334,22.22222222222222,70.6323499594485,56.8535676759958,71.9298245614035,64.39169611869966,26.610644257703083,,,2016-17,0.0
203500,Steven Adams,Steven,1610612760,OKC,23.0,80,47,33,0.588,2389.365,104.9,332,0.136,0.189,89,0.212,78,0.304,824.0,584.0,526.0,2246.0,8.64,8.636096165055687,38,52,305,132,51,163,62,196,227,36,187,31,124,452,408,366,449,21,80,1004,791,213,152,0,274,604,0,0,82,0.0,0.0,0,0,0,0,0,0.0,0.0,0.0,0.0,203500.0,Steven Adams,0.4078235294117647,0.1176470588235294,102.7,36.44859813084112,43.196544276457885,66.19718309859147,46.24752552374457,65.91123701605288,42.8125,52.05199480642115,44.52554744525548,52.77777777777778,0.0,36.28244120032441,25.984840397138885,68.62745098039214,47.30614568876551,32.212885154061624,,,2016-17,0.0
204456,T.J. McConnell,T.J.,1610612755,PHI,25.0,81,27,54,0.333,2133.3966666666665,107.1,212,0.097,0.145,134,0.324,10,0.044,850.0,615.0,701.0,2032.0,6.44,6.44101468723688,18,243,477,392,90,260,146,333,338,6,23,282,416,461,428,457,414,86,81,341,195,146,279,4,18,44,0,0,102,0.0,0.0,0,0,0,0,0,0.0,0.0,0.0,0.0,,,,,,4.672897196261682,54.75161987041036,50.70422535211269,33.70828217117647,9.631728045325778,21.875,16.97769121813031,90.87591240875912,84.02777777777779,11.11111111111111,68.53786496350364,,,,15.406162464985997,,,2016-17,0.0
203933,T.J. Warren,T.J.,1610612756,PHX,23.0,66,20,46,0.303,2048.03,113.4,214,0.103,0.153,76,0.217,39,0.188,777.0,585.0,730.0,1954.0,2.09,2.0943588971439606,212,307,439,426,105,459,141,311,317,70,169,89,202,433,410,463,403,317,64,334,184,150,146,0,5,12,0,0,65,0.0,0.0,0,0,0,0,0,0.0,0.0,0.0,0.0,,,,,,18.22429906542056,58.963282937365015,6.338028169014024,29.511375696499485,8.593012275731821,23.125,17.312204910292728,42.33576642335766,43.75,0.0,32.246806569343065,,,,15.68627450980392,,,2016-17,0.0
201959,Taj Gibson,Taj,1610612760,OKC,32.0,78,41,37,0.526,1988.5583333333336,105.9,327,0.163,0.229,41,0.125,65,0.273,655.0,452.0,578.0,1902.0,6.45,6.449341778058662,69,90,352,181,113,207,65,128,151,197,400,42,131,372,337,395,390,85,78,699,495,204,72,2,102,220,0,0,50,0.0,0.0,0,0,0,0,0,0.0,0.0,0.0,0.0,201959.0,Taj Gibson,0.2475714285714285,0.0,64.9,30.373831775700932,61.77105831533477,59.15492957746472,48.55813551501372,37.960339943342774,40.0,39.18413597733711,15.328467153284672,19.444444444444446,5.555555555555555,14.325831305758314,55.06870624837957,100.0,77.53435312418978,31.512605042016805,,,2016-17,0.0
203082,Terrence Ross,Terrence,1610612753,ORL,26.0,78,39,39,0.5,1954.9666666666667,108.9,188,0.096,0.142,87,0.244,33,0.166,585.0,547.0,481.0,1868.0,4.71,4.711217164087864,69,109,379,214,120,364,181,336,347,43,111,114,223,342,382,343,388,170,78,401,223,178,173,0,11,23,0,0,50,0.0,0.0,0,0,0,0,0,0.0,0.0,0.0,0.0,,,,,,15.42056074766355,63.60691144708424,38.02816901408444,37.93768555906601,12.275731822474032,31.874999999999996,24.03529272898961,52.18978102189781,51.388888888888886,0.0,38.862023519870235,,,,12.044817927170868,,,2016-17,0.0
200757,Thabo Sefolosha,Thabo,1610612737,ATL,33.0,62,32,30,0.516,1595.565,104.3,216,0.131,0.192,96,0.312,31,0.209,564.0,401.0,426.0,1254.0,6.08,6.082761133337004,244,188,266,192,176,140,139,210,218,26,35,126,180,332,303,308,283,100,62,422,241,181,176,1,30,68,0,0,54,0.0,0.0,0,0,0,0,0,0.0,0.0,0.0,0.0,200757.0,Thabo Sefolosha,0.1388888888888889,0.0,35.0,14.485981308411214,96.76025917926566,70.42253521126759,57.26611703892437,13.975448536355051,32.8125,25.27767941454202,53.28467153284672,57.638888888888886,2.7777777777777777,42.18192416869424,74.79330510183505,100.0,87.39665255091752,15.966386554621849,,,2016-17,0.0
201152,Thaddeus Young,Thaddeus,1610612754,IND,29.0,74,40,34,0.541,2236.5916666666667,105.8,317,0.138,0.205,113,0.281,29,0.108,743.0,618.0,443.0,1918.0,7.5,7.5029960539682765,126,92,315,162,69,200,68,191,195,20,61,136,295,417,431,321,394,46,74,705,426,279,215,9,117,276,0,0,86,0.0,0.0,0,0,0,0,0,0.0,0.0,0.0,0.0,201152.0,Thaddeus Young,0.2125,0.125,72.0,13.551401869158877,60.90712742980562,59.85915492957745,41.70284408048988,31.444759206798867,63.4375,50.64040368271955,67.51824817518248,69.44444444444444,25.0,57.56285482562855,61.43375680580762,66.66666666666666,64.05021173623715,30.11204481792717,,,2016-17,0.0
204025,Tim Frazier,Tim,1610612740,NOP,26.0,65,26,39,0.4,1524.6516666666666,107.1,139,0.087,0.125,56,0.229,6,0.037,457.0,370.0,438.0,1314.0,4.47,4.470409722705725,220,253,379,325,189,262,249,374,394,123,145,335,427,269,278,315,289,185,65,298,130,168,110,11,13,28,0,0,53,0.0,0.0,0,0,0,0,0,0.0,0.0,0.0,0.0,,,,,,2.803738317757009,93.52051835853132,50.70422535211269,46.52973309061694,3.493862134088763,28.749999999999996,18.6475448536355,29.1970802919708,29.86111111111111,30.555555555555557,29.769109894566096,,,,5.182072829131653,,,2016-17,0.0
203501,Tim Hardaway Jr.,Tim,1610612737,ATL,25.0,79,42,37,0.532,2153.475,103.9,189,0.083,0.123,55,0.151,15,0.075,762.0,590.0,515.0,1714.0,8.48,8.48374442452094,54,82,352,168,86,125,179,386,400,127,339,238,360,426,413,358,366,25,78,503,227,276,99,9,33,81,0,0,49,0.0,0.0,0,0,0,0,0,0.0,0.0,0.0,0.0,203501.0,Tim Hardaway Jr.,0.2272727272727272,0.0,61.0,7.009345794392523,71.92224622030238,73.23943661971823,46.2863836497924,12.653446647780925,62.5,42.56137865911237,25.18248175182482,29.166666666666668,25.0,26.531326034063262,58.752681075730074,100.0,79.37634053786503,12.184873949579831,,,2016-17,0.0
202699,Tobias Harris,Tobias,1610612765,DET,24.0,82,37,45,0.451,2566.443333333333,106.1,353,0.14,0.191,60,0.161,39,0.18,699.0,551.0,593.0,2188.0,8.34,8.341068703207956,1,129,431,282,28,213,55,185,223,111,306,89,210,394,386,404,441,27,82,768,478,290,128,0,90,203,0,0,56,0.0,0.0,0,0,0,0,0,0.0,0.0,0.0,0.0,202699.0,Tobias Harris,0.2333,0.0,61.8,18.22429906542056,46.32829373650108,57.74647887323945,37.941242152253466,36.35505193578848,66.875,54.66702077431539,35.76642335766424,32.63888888888889,0.0,25.73018045417681,57.65880217785843,100.0,78.82940108892922,35.154061624649856,,,2016-17,0.0
2754,Tony Allen,Tony,1610612763,MEM,35.0,71,36,35,0.507,1913.7383333333332,105.1,225,0.123,0.181,115,0.321,29,0.188,529.0,461.0,589.0,1486.0,6.79,6.793838042544039,169,140,330,208,125,169,131,235,245,19,27,136,203,309,342,400,323,73,71,430,227,203,234,0,40,103,0,0,83,0.0,0.0,0,0,0,0,0,0.0,0.0,0.0,0.0,2754.0,Tony Allen,0.125,0.0,66.9,13.551401869158877,84.23326133909286,64.7887323943662,51.09938531493761,12.653446647780925,39.6875,28.87387865911237,74.45255474452554,70.83333333333334,0.0,54.57268856447689,77.31397459165153,100.0,88.65698729582576,17.22689075630252,,,2016-17,0.0
2225,Tony Parker,Tony,1610612759,SAS,35.0,63,46,17,0.73,1587.0266666666666,103.1,104,0.066,0.093,34,0.138,2,0.009,468.0,434.0,433.0,1328.0,6.41,6.408484269902843,239,62,128,33,178,100,299,445,465,238,373,398,444,278,324,314,291,87,62,235,118,117,58,0,5,10,0,0,39,0.0,0.0,0,0,0,0,0,0.0,0.0,0.0,0.0,2225.0,Tony Parker,0.2629444444444445,0.0740555555555555,109.5,0.9345794392523364,92.7645788336933,78.87323943661973,52.55974422664852,2.3607176581680833,12.812499999999998,8.631787063267232,10.218978102189782,14.583333333333334,0.0,9.19175790754258,52.278685218794095,80.25185185185185,66.26526853532297,0.2801120448179272,,,2016-17,0.0
203503,Tony Snell,Tony,1610612749,MIL,25.0,80,42,38,0.525,2335.655,109.8,226,0.098,0.149,55,0.15,14,0.052,767.0,631.0,586.0,2142.0,4.98,4.983792109624619,38,82,367,182,58,394,129,328,333,127,343,246,399,428,435,399,434,154,79,493,244,249,139,2,13,29,0,0,53,0.0,0.0,0,0,0,0,0,0.0,0.0,0.0,0.0,203503.0,Tony Snell,0.4151249999999999,0.145875,62.4,6.5420560747663545,48.81209503239741,31.690140845070413,27.623590902513236,14.258734655335225,54.0625,38.14099386213409,39.78102189781022,29.166666666666668,5.555555555555555,27.509630981346312,24.65970961887477,61.1,42.87985480943739,17.366946778711483,,,2016-17,0.0
2772,Trevor Ariza,Trevor,1610612745,HOU,32.0,80,53,27,0.663,2772.61,108.6,404,0.143,0.21,147,0.304,20,0.086,1006.0,757.0,845.0,2848.0,6.84,6.839739544424423,38,17,221,66,11,345,34,181,190,3,40,199,337,482,476,482,483,72,80,482,264,218,251,8,28,71,0,0,83,0.0,0.0,0,0,0,0,0,0.0,0.0,0.0,0.0,2772.0,Trevor Ariza,0.1227894736842105,0.0789473684210526,132.2,9.345794392523365,10.691144708423328,40.14084507042255,17.515429672563148,16.147308781869686,44.375,33.08392351274787,80.65693430656934,93.05555555555556,22.22222222222222,70.38777372262773,77.71515904097812,78.94736842105262,78.33126373101537,42.296918767507,,,2016-17,0.0
202344,Trevor Booker,Trevor,1610612751,BKN,29.0,71,18,53,0.254,1754.315,108.2,428,0.223,0.339,75,0.269,28,0.163,738.0,555.0,522.0,1588.0,4.59,4.592141984794464,169,327,472,452,150,322,27,36,34,74,74,141,227,414,391,364,340,173,71,466,275,191,128,2,150,343,0,0,67,0.0,0.0,0,0,0,0,0,0.0,0.0,0.0,0.0,202344.0,Trevor Booker,0.375,0.25,53.1,13.084112149532707,78.7257019438445,42.95774647887319,43.52707715987695,17.186024551463642,35.9375,28.436909820585456,35.76642335766424,43.05555555555556,5.555555555555555,30.76490267639903,31.941923774954624,33.33333333333333,32.63762855414397,45.65826330532213,,,2016-17,0.0
202684,Tristan Thompson,Tristan,1610612739,CLE,26.0,78,50,28,0.641,2336.3816666666667,109.0,429,0.177,0.256,39,0.118,84,0.424,800.0,637.0,721.0,2204.0,5.48,5.475784172141634,69,35,234,79,57,367,26,99,108,212,414,27,63,439,439,461,442,125,78,978,757,221,73,0,375,869,0,0,69,0.0,0.0,0,0,0,0,0,0.0,0.0,0.0,0.0,202684.0,Tristan Thompson,0.3042222222222222,0.1111111111111111,111.2,39.25233644859813,45.46436285097192,37.3239436619718,40.944447492772376,62.700661000944294,45.3125,52.267764400377715,15.693430656934307,18.055555555555554,0.0,12.596816707218167,44.78725549505948,70.37037037037037,57.578812932714925,45.79831932773109,,,2016-17,0.0
201951,Ty Lawson,Ty,1610612758,SAC,29.0,69,25,44,0.362,1732.1233333333332,109.4,135,0.077,0.116,74,0.277,6,0.044,654.0,481.0,471.0,1440.0,3.92,3.918361188692556,183,266,419,379,155,382,255,412,421,75,65,335,416,371,353,338,318,216,69,244,124,120,129,1,15,33,0,0,77,0.0,0.0,0,0,0,0,0,0.0,0.0,0.0,0.0,201951.0,Ty Lawson,0.2334,0.25,44.7,2.803738317757009,86.7170626349892,34.50704225352106,40.09922781272929,2.927289896128423,13.750000000000002,9.420915958451369,36.13138686131387,42.36111111111111,2.7777777777777777,29.97338807785888,57.640653357531754,33.33333333333333,45.48699334543254,4.621848739495799,,,2016-17,0.0
204020,Tyler Johnson,Tyler,1610612748,MIA,25.0,73,35,38,0.479,2177.483333333333,104.3,243,0.111,0.162,84,0.238,44,0.167,630.0,538.0,414.0,1952.0,8.35,8.350432996540514,145,151,367,249,81,137,112,279,296,49,130,67,220,357,379,300,402,26,73,537,339,198,152,6,23,53,0,0,79,0.0,0.0,0,0,0,0,0,0.0,0.0,0.0,0.0,204020.0,Tyler Johnson,0.26665,0.1,100.6,20.5607476635514,59.07127429805615,70.42253521126759,46.50487887255711,23.229461756373937,38.125,32.16678470254958,44.52554744525548,49.30555555555556,16.666666666666664,39.2338300892133,51.60617059891106,73.33333333333334,62.4697519661222,19.747899159663863,,,2016-17,0.0
203506,Victor Oladipo,Victor,1610612760,OKC,25.0,67,39,28,0.582,2222.6383333333333,102.6,252,0.109,0.154,78,0.199,21,0.09,780.0,552.0,521.0,2100.0,9.62,9.624778476228729,202,109,234,137,73,87,108,283,315,65,220,189,329,435,388,362,424,8,67,512,265,247,157,8,13,30,0,0,85,0.0,0.0,0,0,0,0,0,0.0,0.0,0.0,0.0,203506.0,Victor Oladipo,0.24165,0.1,115.9,9.813084112149532,51.07991360691144,82.3943661971831,42.40179495657459,16.24173748819641,53.43750000000001,38.55919499527857,46.35036496350365,45.13888888888889,22.22222222222222,39.89431265206813,56.14337568058075,73.33333333333334,64.73835450695705,21.008403361344534,,,2016-17,0.0
1713,Vince Carter,Vince,1610612763,MEM,40.0,73,36,37,0.493,1799.56,104.5,191,0.109,0.16,60,0.214,36,0.231,534.0,397.0,499.0,1360.0,6.71,6.706092885870474,145,140,352,234,137,146,174,285,300,111,178,104,162,312,300,352,296,75,73,396,214,182,113,3,36,81,0,0,39,0.0,0.0,0,0,0,0,0,0.0,0.0,0.0,0.0,1713.0,Vince Carter,0.1481111111111111,0.0555555555555555,60.0,16.822429906542055,91.036717062635,69.01408450704221,55.84534406129962,11.425873465533522,33.125,24.445349386213408,30.29197080291971,32.63888888888889,8.333333333333332,25.623732765612328,73.1195805605969,85.18518518518518,79.15238287289104,12.46498599439776,,,2016-17,0.0
202083,Wesley Matthews,Wesley,1610612742,DAL,30.0,73,29,44,0.397,2494.805,107.7,241,0.105,0.151,77,0.199,15,0.087,754.0,582.0,726.0,2044.0,6.88,6.8751567277735415,145,215,419,332,38,297,114,304,322,69,221,238,334,421,407,462,415,69,72,523,258,265,190,14,26,57,0,0,72,0.0,0.0,0,0,0,0,0,0.0,0.0,0.0,0.0,202083.0,Wesley Matthews,0.3486842105263157,0.2456315789473684,136.2,7.009345794392523,54.1036717062635,46.47887323943657,33.35974172480837,15.58073654390935,59.06249999999999,41.66979461756373,58.3941605839416,44.44444444444444,38.88888888888889,48.63544201135442,36.71792912408062,34.49824561403509,35.608087369057856,19.46778711484594,,,2016-17,0.0
203115,Will Barton,Will,1610612743,DEN,26.0,60,31,29,0.517,1705.0566666666666,111.0,201,0.12,0.17,48,0.188,28,0.201,663.0,443.0,511.0,1678.0,3.0,2.9960163282536536,261,196,250,191,159,420,162,247,271,157,244,141,190,379,330,357,359,270,60,330,202,128,96,0,4,9,0,0,38,0.0,0.0,0,0,0,0,0,0.0,0.0,0.0,0.0,203115.0,Will Barton,0.2650909090909091,0.0454545454545454,67.4,13.084112149532707,73.86609071274299,23.239436619718283,36.8966357642027,10.292728989612844,16.25,13.86709159584514,24.087591240875913,24.305555555555554,0.0,18.14198094079481,51.88912720673156,87.87878787878788,69.88395754275972,13.865546218487395,,,2016-17,0.0
201163,Wilson Chandler,Wilson,1610612743,DEN,30.0,71,35,36,0.493,2196.6833333333334,112.1,357,0.162,0.228,51,0.161,30,0.18,782.0,551.0,648.0,2086.0,3.13,3.1262956865454963,169,151,341,235,77,437,51,130,153,143,303,131,211,436,386,436,421,258,71,581,339,242,103,0,34,77,0,0,43,0.0,0.0,0,0,0,0,0,0.0,0.0,0.0,0.0,,,,,,14.018691588785046,51.83585313174947,15.492957746478892,27.623264668246055,23.229461756373937,51.87500000000001,40.41678470254958,26.64233576642336,26.38888888888889,0.0,19.893045417680455,,,,35.714285714285715,,,2016-17,0.0
203897,Zach LaVine,Zach,1610612750,MIN,22.0,47,16,31,0.34,1748.8033333333333,111.2,141,0.087,0.128,41,0.15,10,0.058,636.0,486.0,468.0,1676.0,2.92,2.9220845163724865,319,345,278,389,153,424,245,376,390,197,341,282,391,360,355,334,357,275,47,274,120,154,80,0,11,26,0,0,41,0.0,0.0,0,0,0,0,0,0.0,0.0,0.0,0.0,,,,,,4.672897196261682,73.97408207343412,21.830985915492914,33.21783408307984,2.5495750708215295,24.375,15.644830028328611,18.248175182481752,19.444444444444446,0.0,14.10482562854826,,,,5.46218487394958,,,2016-17,0.0
2216,Zach Randolph,Zach,1610612763,MEM,35.0,73,38,35,0.521,1786.235,105.8,416,0.246,0.363,38,0.137,10,0.073,552.0,413.0,550.0,1450.0,5.85,5.847995520643738,145,120,330,186,141,201,29,23,24,217,374,282,367,324,312,382,319,106,73,488,328,160,105,1,136,341,0,0,57,0.0,0.0,0,0,0,0,0,0.0,0.0,0.0,0.0,2216.0,Zach Randolph,0.2407777777777777,0.0,63.5,4.672897196261682,86.17710583153347,59.85915492957745,46.99593465193574,22.19074598677998,26.25,24.626298394711995,27.37226277372263,17.36111111111111,2.7777777777777777,17.719738442822383,56.30167372454123,100.0,78.15083686227061,43.977591036414566,,,2016-17,0.0
203932,Aaron Gordon,Aaron,1610612753,ORL,23.0,78,40,38,0.513,2632.5333333333333,105.9,445,0.165,0.228,57,0.16,56,0.196,815.0,579.0,633.0,2616.0,9.88,9.880556827291032,68,113,426,245,15,159,30,140,164,119,347,50,201,484,447,458,509,13,78,509,345,164,101,1,68,162,48,47,95,0.505,0.495,17,170,89,30,187,0.091,0.909,0.856,0.288,203932.0,Aaron Gordon,0.3157459016393443,0.1415846994535519,5360.2,27.77777777777778,34.18107833163784,74.99999999999993,41.82448852718434,21.530698065601342,27.491408934707906,25.10712458706528,28.46441947565543,28.930817610062892,3.3333333333333335,22.344887287117515,38.80524372708455,46.61283642066586,42.7090400738752,48.074179743223965,23.8390092879257,37.168353038339745,2018-19,0.0
201143,Al Horford,Al,1610612738,BOS,33.0,68,41,27,0.603,1972.6833333333336,106.4,338,0.161,0.236,59,0.173,86,0.387,559.0,579.0,541.0,1888.0,7.07,7.070676137188411,165,103,271,152,109,184,61,149,150,110,314,23,73,371,447,420,404,62,68,794,598,196,94,0,226,522,18,39,57,0.316,0.684,33,411,221,77,444,0.074,0.926,0.86,0.3,201143.0,Al Horford,0.3164365325077399,0.1309938080495356,4272.2,42.92929292929293,71.21057985757884,72.09302325581389,60.118675935823234,42.80908326324643,38.48797250859107,40.21641681045321,25.842696629213485,30.18867924528302,0.0,20.903116387534453,38.35283580043785,55.50118369836044,46.92700974939915,32.81027104136947,61.145510835913306,45.5611289489142,2018-19,0.0
202329,Al-Farouq Aminu,Al-Farouq,1610612757,POR,28.0,81,52,29,0.642,2291.6983333333333,108.2,498,0.204,0.289,68,0.189,33,0.125,662.0,638.0,639.0,2284.0,7.1,7.102398796967499,22,18,312,112,58,261,19,71,78,83,256,119,295,417,484,465,468,61,81,601,354,247,155,2,78,186,43,37,80,0.538,0.463,23,265,133,57,288,0.08,0.92,0.875,0.375,202329.0,Al-Farouq Aminu,0.3161232091690544,0.1258022922636103,4981.2,16.161616161616163,51.06815869786369,61.62790697674414,39.7454787530848,22.287636669470142,56.013745704467354,42.52330209046847,48.68913857677903,35.84905660377358,6.666666666666667,33.68949190869903,38.55808287019889,59.85813472756642,49.208108798882655,55.63480741797432,38.54489164086687,47.94434531827597,2018-19,0.0
203458,Alex Len,Alex,1610612737,ATL,26.0,77,28,49,0.364,1544.075,110.4,266,0.159,0.23,27,0.108,69,0.437,645.0,444.0,572.0,1504.0,3.78,3.783513839969064,74,219,506,406,178,374,102,152,161,267,467,35,55,406,366,428,347,208,77,735,602,133,40,0,166,382,21,13,34,0.618,0.382,59,381,226,67,440,0.134,0.866,0.893,0.265,203458.0,Alex Len,0.3523178082191781,0.1381972602739726,3553.2,34.34343434343434,90.74262461851475,48.837209302325526,57.70659467943528,43.14550042052145,16.83848797250859,27.361292951713736,5.617977528089887,10.062893081761008,0.0,5.769203589852307,14.848277442425898,49.45572609459376,32.15200176850983,22.53922967189729,56.5015479876161,37.82227291397075,2018-19,0.0
203083,Andre Drummond,Andre,1610612765,DET,25.0,79,40,39,0.506,2646.89,108.4,809,0.311,0.447,136,0.361,138,0.554,863.0,639.0,681.0,2720.0,7.94,7.941021352864457,56,113,438,250,14,270,1,7,7,5,20,6,20,502,485,487,518,43,79,1025,800,225,225,1,302,665,47,52,99,0.475,0.525,204,262,275,192,468,0.436,0.56,0.865,0.604,203083.0,Andre Drummond,0.3504114441416893,0.1342561307901907,5634.8,69.1919191919192,28.891149542217704,60.46511627906971,52.904949086311305,59.798149705634984,48.45360824742268,52.9914248307076,74.90636704119851,78.61635220125787,3.3333333333333335,58.311603420252986,16.097069321268368,52.763297306676094,34.43018331397223,100.0,38.080495356037154,72.13622291021673,2018-19,0.0
2738,Andre Iguodala,Andre,1610612744,GSW,35.0,68,47,21,0.691,1577.88,104.4,204,0.117,0.171,61,0.244,51,0.213,529.0,418.0,441.0,1468.0,6.67,6.671771181049954,165,51,202,67,173,109,163,282,283,102,121,61,173,354,347,352,338,76,68,304,172,132,114,2,44,112,28,48,76,0.368,0.632,9,188,104,25,197,0.046,0.954,0.881,0.212,2738.0,Andre Iguodala,0.2669912536443148,0.1033615160349854,3319.0,25.252525252525253,92.5737538148525,83.72093023255808,63.43205649434799,6.980656013456686,16.49484536082474,12.689169621877518,33.33333333333333,31.446540880503143,6.666666666666667,26.006289308176097,70.74269428596183,78.69143257683065,74.71706343139624,13.69472182596291,26.625386996904027,19.513521152886412,2018-19,0.0
203952,Andrew Wiggins,Andrew,1610612750,MIN,24.0,73,31,42,0.425,2542.713333333333,111.9,269,0.099,0.149,70,0.17,48,0.182,812.0,807.0,714.0,2586.0,5.03,5.033706114559214,124,187,465,354,30,431,101,361,352,77,325,69,212,482,527,497,503,143,73,650,327,323,121,0,6,17,46,47,93,0.495,0.505,11,65,47,14,76,0.145,0.855,0.87,0.259,203952.0,Andrew Wiggins,0.3477357954545454,0.1584914772727272,5584.3,23.737373737373737,35.70701932858596,40.11627906976739,32.021476027396425,20.016820857863753,82.13058419243985,57.28507885860942,35.95505617977528,37.10691823899371,0.0,27.36944385555791,17.849792418916298,32.42391625605465,25.13685433748547,22.96718972895863,7.5851393188854495,16.0452670444257,2018-19,0.0
203076,Anthony Davis,Anthony,1610612740,NOP,26.0,56,25,31,0.446,1849.8833333333337,110.1,498,0.249,0.354,88,0.28,135,0.59,657.0,487.0,596.0,1894.0,4.58,4.576339390014657,263,251,335,332,131,355,19,26,28,40,74,8,15,413,390,439,405,164,56,682,494,188,149,6,189,413,40,47,87,0.46,0.54,50,200,153,92,250,0.2,0.8,0.916,0.551,203076.0,Anthony Davis,0.3173962848297214,0.1273003095975232,3892.7,67.67676767676768,70.90539165818922,50.58139534883722,64.5329429882826,34.06223717409588,35.738831615120276,35.06819383871051,46.441947565543074,48.42767295597484,20.0,40.52646456080842,37.72413590017041,58.600931930946786,48.1625339155586,55.63480741797432,28.482972136222912,43.41648154118619,2018-19,0.0
203085,Austin Rivers,Austin,1610612745,HOU,26.0,76,45,31,0.592,2027.7266666666667,109.1,137,0.065,0.101,47,0.135,23,0.112,666.0,585.0,628.0,2142.0,5.79,5.79212752165703,88,70,335,166,100,312,261,486,476,158,409,182,328,420,453,454,452,110,75,351,225,126,94,5,11,26,13,37,50,0.26,0.74,0,70,41,5,70,0.0,1.0,0.82,0.1,203085.0,Austin Rivers,0.3145043988269794,0.1117448680351906,4334.1,11.11111111111111,58.290946083418106,56.39534883720931,38.94511278294311,11.438183347350716,14.432989690721648,13.235067153373276,25.842696629213485,22.641509433962263,16.666666666666664,22.428273620238855,39.618508437613315,71.65575058497096,55.63712951129214,4.136947218259629,8.359133126934983,6.036930877163538,2018-19,0.0
202340,Avery Bradley,Avery,1610612763,MEM,28.0,63,31,32,0.492,1905.4483333333333,110.2,132,0.065,0.096,41,0.172,16,0.094,713.0,533.0,664.0,1982.0,4.89,4.888812227590683,218,187,352,275,122,362,265,487,487,192,321,238,354,446,419,478,425,149,63,296,156,140,102,4,9,23,29,30,59,0.492,0.508,4,83,40,6,87,0.046,0.954,0.816,0.122,202340.0,Avery Bradley,0.2871637010676156,0.1245053380782918,3907.3,7.575757575757576,66.4292980671414,49.999999999999964,38.780557353802514,5.634987384356602,19.243986254295535,13.800386706319962,28.83895131086142,18.867924528301888,13.333333333333334,21.47268744258356,57.52843536445547,60.94659638415547,59.23751587430547,3.4236804564907275,10.371517027863778,6.5502069136086,2018-19,0.0
1628389,Bam Adebayo,Bam,1610612748,MIA,21.0,82,39,43,0.476,1912.6,104.5,432,0.221,0.318,71,0.208,65,0.342,677.0,507.0,447.0,1668.0,7.97,7.970269045224109,1,118,474,293,120,112,32,50,57,71,201,40,88,424,401,356,369,42,82,637,477,160,117,0,245,560,39,21,60,0.65,0.35,53,582,328,122,635,0.083,0.917,0.886,0.33,1628389.0,Bam Adebayo,0.3161317204301075,0.1189059139784946,4092.1,32.323232323232325,82.40081383519838,83.1395348837209,62.554461492542586,32.63246425567704,26.11683848797251,28.723088795054323,34.45692883895131,37.735849056603776,0.0,26.990318705391847,38.5525074432344,65.64588221907735,52.09919483115587,46.219686162624825,87.61609907120743,64.848071971487,2018-19,0.0
1627732,Ben Simmons,Ben,1610612755,PHI,22.0,79,50,29,0.633,2700.2633333333333,108.9,525,0.179,0.255,112,0.268,61,0.206,1057.0,684.0,876.0,2970.0,7.83,7.827219614299085,56,25,312,117,9,297,14,112,115,16,90,42,186,528,503,525,527,46,78,517,290,227,215,0,134,336,65,69,134,0.485,0.515,37,109,65,30,146,0.253,0.747,0.867,0.4,1627732.0,Ben Simmons,0.3175530726256983,0.1234357541899441,5815.7,30.303030303030305,16.17497456765005,57.55813953488366,32.17198810361055,16.904962153069807,49.140893470790374,36.246520943702144,71.16104868913857,63.52201257861635,0.0,50.697123878171155,37.62142974417971,61.84423877133507,49.73283425775739,59.486447931526385,14.39628482972136,39.195874535714125,2018-19,0.0
201933,Blake Griffin,Blake,1610612765,DET,30.0,75,39,36,0.52,2622.3333333333335,109.3,465,0.182,0.257,52,0.144,28,0.137,874.0,585.0,693.0,2668.0,7.15,7.149505336949283,98,118,406,235,17,321,27,104,112,143,382,149,279,507,453,491,516,58,75,538,284,254,102,30,172,419,57,44,101,0.564,0.436,30,304,171,66,335,0.09,0.907,0.905,0.349,201933.0,Blake Griffin,0.3345167597765363,0.1656312849162011,5398.4,13.636363636363637,31.536113936927773,55.23255813953487,30.300324867353893,16.400336417157273,58.4192439862543,41.611680958615494,28.83895131086142,25.78616352201258,100.0,45.56073775704897,26.50911651957422,26.431872016315992,26.470494267945107,50.92724679029958,44.58204334365325,48.071905239308734,2018-19,0.0
203992,Bogdan Bogdanović,Bogdan,1610612758,SAC,26.0,70,32,38,0.457,1947.17,109.3,203,0.098,0.147,72,0.226,15,0.089,684.0,585.0,504.0,1952.0,5.26,5.261462051511686,148,179,426,318,113,318,166,369,356,66,158,245,366,432,453,394,418,132,70,381,207,174,159,1,13,32,27,26,53,0.509,0.491,6,104,57,9,110,0.055,0.945,0.891,0.141,203992.0,Bogdan Bogdanović,0.3511150684931507,0.1465041095890411,4268.7,7.07070707070707,67.95523906408953,55.23255813953487,40.42075603559787,9.92430613961312,30.927835051546392,22.526423486773083,50.187265917603,38.36477987421384,3.3333333333333335,34.33591265634938,15.636149822083167,42.484248559869094,29.06019919097613,13.55206847360913,13.622291021671826,13.583668620237344,2018-19,0.0
202711,Bojan Bogdanovic,Bojan,1610612754,IND,30.0,81,47,34,0.58,2573.0583333333334,105.8,300,0.113,0.17,69,0.14,1,0.004,814.0,752.0,718.0,2428.0,9.72,9.716656986839794,22,51,382,184,24,154,85,295,286,78,397,447,472,483,517,498,487,16,81,502,219,283,94,3,11,24,25,43,68,0.368,0.632,12,97,48,3,109,0.11,0.89,0.828,0.052,202711.0,Bojan Bogdanovic,0.3111538461538461,0.1319038461538461,5411.8,0.0,43.743641912512714,75.5813953488372,34.20562350658875,10.933557611438182,68.38487972508591,45.40435087962682,25.842696629213485,36.477987421383645,10.0,25.60437424916967,41.81333733585534,54.737439231678486,48.275388283766915,27.38944365192582,12.538699690402478,20.706608869240316,2018-19,0.0
203078,Bradley Beal,Bradley,1610612764,WAS,26.0,82,32,50,0.39,3027.651666666666,113.5,322,0.104,0.158,121,0.23,58,0.207,1057.0,883.0,867.0,3288.0,4.53,4.526686340777261,1,179,508,389,1,476,67,343,324,11,150,46,185,528,530,524,530,169,82,613,281,332,202,12,19,43,62,77,139,0.446,0.554,7,76,44,12,83,0.084,0.916,0.846,0.231,203078.0,Bradley Beal,0.3613667546174142,0.1850606860158311,6382.0,28.78787878787879,0.0,30.81395348837207,19.218639887244535,16.14802354920101,85.2233676975945,57.5932300382371,66.29213483146067,69.18238993710692,40.0,60.73069041057169,8.920631769893053,10.12585415783405,9.523242963863552,30.527817403708983,9.287925696594428,20.96986613550743,2018-19,0.0
1627742,Brandon Ingram,Brandon,1610612747,LAL,21.0,52,25,27,0.481,1760.493333333333,108.8,226,0.113,0.168,28,0.111,31,0.144,681.0,516.0,651.0,1882.0,5.11,5.109597063129693,281,251,271,287,143,292,136,296,288,261,459,131,266,427,407,471,403,138,52,427,213,214,49,2,21,49,33,28,61,0.541,0.459,1,28,19,4,29,0.034,0.966,0.905,0.19,1627742.0,Brandon Ingram,0.2917508532423208,0.109457337883959,3718.7,15.151515151515152,71.51576805696847,58.13953488372092,45.626008601475256,10.428931875525652,44.67353951890035,30.97569646155047,8.98876404494382,10.69182389937107,6.666666666666667,9.004310649424069,54.52355374166888,73.57554766500078,64.04955070333483,16.833095577746075,1.8575851393188856,10.094115880453842,2018-19,0.0
201572,Brook Lopez,Brook,1610612749,MIL,31.0,81,60,21,0.741,2321.595,103.4,363,0.135,0.181,51,0.136,179,0.561,697.0,597.0,495.0,2010.0,10.5,10.500859507564778,22,1,202,38,52,82,51,225,266,149,404,3,17,439,462,388,432,7,81,1561,1278,283,82,0,119,275,28,32,60,0.467,0.533,11,574,316,70,585,0.019,0.981,0.908,0.201,201572.0,Brook Lopez,0.3287932011331445,0.154127478753541,5181.8,89.8989898989899,65.00508646998982,89.53488372093017,81.09509715432493,100.0,68.38487972508591,81.03092783505154,21.34831460674157,25.157232704402517,0.0,17.344357289237507,30.258417944390136,36.086377976997454,33.17239796069379,36.37660485021398,86.37770897832817,58.87710170786537,2018-19,0.0
1627854,Bryn Forbes,Bryn,1610612759,SAS,25.0,82,48,34,0.585,2292.6,110.2,221,0.096,0.135,45,0.141,4,0.019,702.0,577.0,657.0,2168.0,5.67,5.674206313815145,1,38,382,175,57,359,142,377,393,170,395,388,468,443,446,473,457,116,82,371,189,182,74,0,19,38,29,43,72,0.403,0.597,0,108,73,8,108,0.0,1.0,0.936,0.103,1627854.0,Bryn Forbes,0.3086097560975609,0.1339295392953929,4803.3,1.5151515151515151,56.96846388606307,49.999999999999964,33.04502296618267,8.410428931875526,33.67697594501718,23.570357139760517,18.35205992509363,21.38364779874214,0.0,14.825100699597202,43.479881013869864,53.037387419865546,48.258634216867705,16.119828815977176,14.241486068111456,15.2745745794376,2018-19,0.0
1627741,Buddy Hield,Buddy,1610612758,SAC,26.0,82,39,43,0.476,2614.858333333333,110.0,306,0.11,0.164,58,0.127,33,0.132,859.0,820.0,788.0,2796.0,6.61,6.608629606435321,1,118,474,293,18,353,79,314,304,115,433,119,285,501,529,515,523,81,82,631,372,259,119,0,15,35,47,51,98,0.48,0.52,11,35,30,9,46,0.239,0.761,0.882,0.265,1627741.0,Buddy Hield,0.3548315217391304,0.1530842391304347,5789.0,16.161616161616163,25.025432349949135,51.1627906976744,28.01424546154726,23.80151387720774,60.13745704467354,45.60307977768722,35.2059925093633,29.55974842767295,0.0,24.428308953430857,13.201632362128208,36.96191108467369,25.081771723400948,28.245363766048506,2.941176470588235,16.858479483091383,2018-19,0.0
203468,CJ McCollum,CJ,1610612757,POR,27.0,70,43,27,0.614,2375.2566666666667,108.9,220,0.087,0.122,55,0.156,28,0.11,728.0,691.0,678.0,2384.0,6.79,6.786613119664961,148,88,271,139,46,302,144,420,431,127,358,149,331,453,504,486,483,70,70,565,352,213,80,0,11,23,44,46,90,0.489,0.511,5,55,31,9,60,0.083,0.917,0.795,0.231,203468.0,CJ McCollum,0.3041234939759036,0.1362198795180723,4980.9,13.636363636363637,45.98168870803662,57.55813953488366,35.93767138607918,22.11942809083263,44.329896907216494,35.44570938066295,20.59925093632959,27.67295597484277,0.0,17.925234965726805,46.41867312081326,51.115232002850654,48.76695256183196,15.977175463623396,6.037151702786378,11.50416477124674,2018-19,0.0
1626224,Cedi Osman,Cedi,1610612739,CLE,24.0,76,17,59,0.224,2443.911666666667,118.8,312,0.134,0.194,60,0.186,11,0.097,848.0,677.0,748.0,2594.0,-0.23,-0.2276337607428277,88,328,523,483,40,515,74,226,232,105,265,290,348,496,501,505,505,529,75,578,309,269,99,7,35,83,31,42,73,0.425,0.575,4,122,56,21,126,0.032,0.968,0.889,0.333,1626224.0,Cedi Osman,0.3390531914893617,0.1594202127659574,5199.7,5.05050505050505,35.3001017293998,0.0,14.37523762549195,18.502943650126156,63.57388316151202,45.54550735695767,27.715355805243448,30.81761006289308,23.333333333333332,27.70563917744329,23.5374600826976,31.644480108704464,27.59097009570103,29.101283880171184,16.408668730650156,23.389607062886725,2018-19,0.0
101108,Chris Paul,Chris,1610612745,HOU,34.0,58,39,19,0.672,1856.775,104.2,229,0.123,0.189,114,0.315,18,0.102,611.0,480.0,482.0,1926.0,8.05,8.054439784186439,248,118,183,76,130,99,133,261,245,15,45,222,339,395,388,380,408,41,58,207,97,110,192,4,22,55,32,39,71,0.451,0.549,0,43,26,2,43,0.0,1.0,0.788,0.061,101108.0,Chris Paul,0.3460210843373494,0.1218313253012048,3924.4,8.585858585858585,69.27772126144455,84.88372093023251,48.90247610840716,0.6728343145500421,8.934707903780069,5.629958468088057,62.546816479400746,64.77987421383648,13.333333333333334,51.0250158999364,18.973039202152016,63.19074687924302,41.08189304069752,17.261055634807416,4.179566563467492,11.374385552704451,2018-19,0.0
203991,Clint Capela,Clint,1610612745,HOU,25.0,67,44,23,0.657,2248.7283333333335,108.7,550,0.241,0.364,44,0.121,102,0.438,766.0,610.0,673.0,2376.0,6.55,6.545012639813828,179,77,230,94,63,281,12,30,23,174,442,18,54,464,470,484,481,85,67,925,692,233,71,4,176,403,52,44,96,0.542,0.458,59,315,177,94,374,0.158,0.842,0.894,0.475,203991.0,Clint Capela,0.3397959183673469,0.1371137026239067,4678.5,51.010101010101,46.38860630722279,58.720930232558096,51.3202851697079,50.71488645920942,51.20274914089347,51.00760406821985,17.228464419475657,20.754716981132077,13.333333333333334,17.48887004451982,23.05092589734525,50.36509588432988,36.70801089083757,63.052781740370904,46.28482972136223,55.50720333181701,2018-19,0.0
1629012,Collin Sexton,Collin,1610612739,CLE,20.0,82,19,63,0.232,2605.0233333333335,118.1,179,0.072,0.104,44,0.133,6,0.052,901.0,697.0,824.0,2746.0,0.28,0.2836209149025744,1,307,528,476,21,512,198,466,470,174,419,358,428,513,507,520,520,459,82,541,239,302,87,1,14,30,47,42,89,0.528,0.472,2,40,27,4,42,0.048,0.952,0.9,0.133,1629012.0,Collin Sexton,0.374984693877551,0.1497372448979592,5575.1,2.525252525252525,27.568667344862664,4.06976744186048,11.67657644126806,12.615643397813288,74.91408934707904,49.99471096737274,23.220973782771537,20.754716981132077,3.3333333333333335,17.385873789838175,0.0,39.770857559509814,19.885428779754907,10.128388017118402,3.7151702786377703,7.242440034802118,2018-19,0.0
202709,Cory Joseph,Cory,1610612754,IND,27.0,82,48,34,0.585,2063.4816666666666,102.4,240,0.111,0.162,94,0.255,22,0.113,583.0,527.0,562.0,1918.0,9.92,9.9175993187945,1,38,382,175,92,68,126,305,307,31,103,191,325,381,414,424,407,12,82,460,224,236,122,1,14,34,32,61,93,0.344,0.656,1,105,61,7,106,0.009,0.991,0.836,0.096,202709.0,Cory Joseph,0.3038031088082901,0.1186839378238341,4391.9,10.606060606060606,69.68463886063073,95.34883720930226,52.46925714597056,11.35407905803196,52.23367697594502,35.8818378087798,36.32958801498128,52.20125786163522,3.3333333333333335,33.63560879089817,46.62854614566815,65.83217448426298,56.230360314965566,18.830242510699,13.777089783281737,16.556323783361233,2018-19,0.0
1626156,D'Angelo Russell,D'Angelo,1610612751,BKN,23.0,81,42,39,0.519,2447.955,107.9,262,0.099,0.148,100,0.282,20,0.09,900.0,799.0,627.0,2650.0,7.77,7.77034892325085,22,95,438,237,38,246,106,364,354,25,70,206,365,512,524,453,513,48,81,429,177,252,177,0,17,44,46,41,87,0.529,0.471,3,42,31,10,45,0.067,0.933,0.886,0.286,1626156.0,D'Angelo Russell,0.3419784946236558,0.1521317204301075,5343.6,9.595959595959595,32.45167853509665,63.37209302325575,31.0394945814816,7.401177460050462,57.73195876288659,37.59964624175214,56.92883895131086,55.9748427672956,0.0,42.3627305490778,21.621197160836815,37.76130715758558,29.691252159211196,21.96861626248217,4.024767801857585,13.893884455201109,2018-19,0.0
201571,D.J. Augustin,D.J.,1610612753,ORL,31.0,81,42,39,0.519,2268.9616666666666,107.2,162,0.071,0.098,52,0.167,4,0.017,691.0,499.0,633.0,2284.0,7.59,7.587439359821967,22,95,438,237,61,216,226,468,483,143,329,388,469,435,397,458,468,51,80,261,89,172,61,6,23,52,32,44,76,0.421,0.579,4,56,32,4,60,0.067,0.933,0.914,0.114,201571.0,D.J. Augustin,0.2937070422535211,0.1188197183098591,4577.6,1.5151515151515151,51.06815869786369,67.44186046511624,35.340381266591955,0.0,30.240549828178693,18.144329896907216,13.48314606741573,25.78616352201258,20.0,19.418415659670693,53.24212330583848,65.71822145922617,59.48017238253232,7.703281027104136,6.191950464396285,7.023182273885603,2018-19,0.0
203081,Damian Lillard,Damian,1610612757,POR,28.0,80,51,29,0.638,2837.7566666666667,107.9,303,0.1,0.142,88,0.21,34,0.106,849.0,790.0,815.0,2838.0,9.04,9.038747081568122,42,21,312,113,6,247,83,355,372,40,194,110,335,497,523,518,524,22,80,402,205,197,171,6,18,40,52,64,116,0.448,0.552,0,28,20,3,28,0.0,1.0,0.909,0.136,203081.0,Damian Lillard,0.3035698630136986,0.1533013698630136,6180.1,16.666666666666664,22.88911495422177,63.37209302325575,30.520880156458222,9.75609756097561,38.83161512027492,27.201408096555195,54.68164794007491,48.42767295597484,20.0,43.82234471062116,46.781337240244234,36.779685313282094,41.78051127676317,27.81740370898716,1.8575851393188856,16.135485352636437,2018-19,0.0
1628422,Damyean Dotson,Damyean,1610612752,NYK,25.0,73,12,61,0.164,2003.805,110.8,228,0.108,0.158,58,0.204,10,0.046,723.0,609.0,503.0,2058.0,4.61,4.605212979891695,124,387,527,511,103,388,134,323,321,115,212,298,440,451,469,391,440,162,72,337,136,201,92,3,3,7,31,34,65,0.477,0.523,3,73,50,11,76,0.039,0.961,0.926,0.204,1628422.0,Damyean Dotson,0.3271671232876712,0.1034739726027397,4322.0,4.545454545454546,62.56358087487284,46.51162790697674,35.3433421011315,3.9529015979814974,40.20618556701031,25.704871979398785,25.0936329588015,29.55974842767295,10.0,22.883365133206137,31.32360419699075,78.59705402173766,54.96032910936421,17.118402282453637,8.823529411764707,13.385709490643618,2018-19,0.0
201568,Danilo Gallinari,Danilo,1610612746,LAC,30.0,68,40,28,0.588,2059.2116666666666,111.0,363,0.171,0.244,49,0.178,23,0.129,720.0,542.0,637.0,2224.0,4.49,4.489064658554543,165,113,292,169,93,399,51,130,141,153,299,182,291,450,424,463,464,172,67,582,401,181,94,12,61,137,28,25,53,0.528,0.472,8,221,104,35,229,0.035,0.965,0.897,0.302,201568.0,Danilo Gallinari,0.3209821958456973,0.1361661721068249,4367.6,11.11111111111111,54.12004069175992,45.3488372093023,34.72366798888599,26.24053826745164,33.33333333333333,30.496215306980652,25.842696629213485,23.89937106918239,40.0,28.701858525899233,35.37513205149237,51.16030565192723,43.2677188517098,36.37660485021398,31.73374613003096,34.28731842613162,2018-19,0.0
201980,Danny Green,Danny,1610612761,TOR,32.0,80,56,24,0.7,2215.465,104.3,257,0.107,0.154,73,0.202,53,0.224,658.0,548.0,590.0,2084.0,9.34,9.343946614981208,42,4,245,58,66,106,111,329,333,62,215,56,161,415,428,436,443,19,79,667,368,299,132,7,21,47,22,38,60,0.367,0.633,12,119,77,12,131,0.092,0.908,0.846,0.132,201980.0,Danny Green,0.3258681948424068,0.1639971346704871,4736.8,26.262626262626267,61.241098677517805,84.30232558139534,53.01501643753057,23.465096719932717,73.8831615120275,53.71593559518959,40.074906367041194,38.9937106918239,23.333333333333332,35.51109462228818,32.17448641450526,27.803323609363943,29.9889050119346,21.255349500713265,15.944272445820436,18.865364826011493,2018-19,0.0
203967,Dario Saric,Dario,1610612750,MIN,25.0,81,39,42,0.481,2022.4116666666664,110.7,331,0.153,0.222,45,0.148,9,0.045,685.0,560.0,583.0,2074.0,4.75,4.751571668433933,22,118,465,283,101,386,62,164,169,170,376,310,442,433,434,433,441,155,81,654,397,257,90,2,62,140,38,33,71,0.535,0.465,54,273,172,55,327,0.165,0.835,0.86,0.275,203967.0,Dario Saric,0.3244649859943977,0.1510056022408963,4429.7,4.040404040404041,61.74974567650051,47.09302325581392,35.00182841689028,25.90412111017662,59.45017182130584,46.03175153685416,24.344569288389515,21.38364779874214,6.666666666666667,18.888771111582223,33.09367904638804,38.70639564538197,35.900037345885,31.81169757489301,39.78328173374613,35.39891044637692,2018-19,0.0
203121,Darius Miller,Darius,1610612740,NOP,29.0,69,31,38,0.449,1757.505,109.8,114,0.059,0.085,40,0.156,23,0.115,631.0,509.0,521.0,1850.0,4.54,4.535311250228244,157,187,426,326,145,345,290,499,501,199,360,182,317,401,403,402,398,167,69,411,211,200,87,2,14,33,16,33,49,0.327,0.673,1,155,73,6,156,0.006,0.994,0.83,0.068,203121.0,Darius Miller,0.2916340057636887,0.1311729106628242,3709.6,11.11111111111111,73.14343845371313,52.32558139534883,43.126043252081246,10.26072329688814,39.86254295532646,28.021815091951133,23.220973782771537,18.238993710691823,6.666666666666667,17.33870397851742,54.60009640427044,55.350872816629746,54.975484610450096,0.8559201141226819,21.517027863777088,10.153418601467164,2018-19,0.0
201954,Darren Collison,Darren,1610612754,IND,31.0,76,45,31,0.592,2143.1783333333333,107.4,196,0.089,0.135,110,0.258,9,0.039,700.0,636.0,635.0,2008.0,7.02,7.018088314423304,88,70,335,166,83,231,177,403,396,17,99,310,450,442,482,461,430,63,76,341,131,210,158,3,23,47,33,58,91,0.363,0.637,1,42,26,4,43,0.023,0.977,0.929,0.143,201954.0,Darren Collison,0.3043352112676056,0.1351070422535211,4339.9,4.040404040404041,65.10681586978637,66.2790697674418,40.9733146124473,3.532380151387721,43.29896907216495,27.392333503854054,49.812734082397,62.264150943396224,10.0,44.21754646314748,46.279984589272985,52.04917454777557,49.164579568524275,12.553495007132668,4.024767801857585,8.71556776475888,2018-19,0.0
202722,Davis Bertans,Davis,1610612759,SAS,26.0,76,44,32,0.579,1631.7083333333333,108.2,241,0.139,0.199,35,0.175,33,0.196,512.0,375.0,490.0,1534.0,5.14,5.142338783481091,88,77,352,186,166,259,125,214,221,224,304,119,200,346,324,384,351,135,76,570,350,220,64,1,45,107,16,20,36,0.444,0.556,7,213,104,25,220,0.032,0.968,0.897,0.216,202722.0,Davis Bertans,0.2998783783783784,0.1254972972972972,3494.8,16.161616161616163,89.21668362156663,61.62790697674414,53.09746247638083,21.951219512195124,46.735395189003434,36.82172491828011,14.606741573033707,15.09433962264151,3.3333333333333335,11.959048830471344,49.199498643879345,60.11410007317567,54.65679935852751,18.972895863052784,30.495356037151705,24.1580029413973,2018-19,0.0
1628368,De'Aaron Fox,De'Aaron,1610612758,SAC,21.0,81,39,42,0.481,2545.8433333333332,109.1,261,0.095,0.141,133,0.289,45,0.181,857.0,765.0,792.0,2790.0,7.18,7.183170129235465,22,118,465,283,28,310,108,381,376,6,63,74,214,500,519,516,522,57,81,439,210,229,206,0,13,32,45,74,119,0.378,0.622,1,16,14,3,17,0.059,0.941,0.933,0.2,1628368.0,De'Aaron Fox,0.3081527777777778,0.1155333333333333,5654.4,22.22222222222222,25.33062054933876,56.39534883720931,31.853443290459783,10.176619007569386,49.82817869415808,33.9675548195226,67.79026217228464,76.72955974842768,0.0,53.97145078086354,43.77923139572561,68.47630194983363,56.127766672779615,21.82596291012839,0.0,12.004279600570616,2018-19,0.0
201599,DeAndre Jordan,DeAndre,1610612752,NYK,30.0,69,25,44,0.362,2047.1833333333336,110.1,677,0.315,0.444,42,0.146,73,0.442,816.0,539.0,770.0,2020.0,5.06,5.064192066790262,157,251,485,407,96,356,8,6,8,189,380,32,50,485,421,511,435,141,69,541,457,84,72,2,280,653,32,26,58,0.552,0.448,142,343,267,163,485,0.293,0.707,0.899,0.549,201599.0,DeAndre Jordan,0.2967040498442367,0.1209470404984423,4169.1,36.36363636363637,64.49643947100712,50.58139534883722,49.764557197516346,30.95037846930194,0.0,12.380151387720776,17.60299625468165,19.49685534591195,6.666666666666667,15.531764539608508,51.27888932324836,63.93287802944627,57.60588367634732,81.16975748930099,50.61919504643962,67.42200439001337,2018-19,0.0
1627761,DeAndre' Bembry,DeAndre',1610612737,ATL,24.0,82,29,53,0.354,1931.28,109.4,304,0.148,0.221,105,0.316,41,0.199,868.0,587.0,607.0,1910.0,5.28,5.275252758216425,1,209,516,416,116,323,81,184,174,22,40,84,196,504,457,444,406,129,82,356,192,164,201,1,9,25,38,57,95,0.4,0.6,7,69,38,12,76,0.092,0.908,0.884,0.279,1627761.0,DeAndre' Bembry,0.33844474393531,0.1236576819407008,4303.6,20.2020202020202,70.09155645981689,54.65116279069762,46.27564353941839,8.66274179983179,27.491408934707906,19.95994208075746,65.91760299625467,59.11949685534591,3.3333333333333335,47.892198431206275,23.936032618329016,61.65798712885906,42.797009873594035,27.960057061340944,8.204334365325078,19.069981848133807,2018-19,0.0
201942,DeMar DeRozan,DeMar,1610612759,SAS,29.0,77,44,33,0.571,2688.1566666666668,110.9,408,0.147,0.209,86,0.246,36,0.141,784.0,706.0,776.0,2576.0,6.04,6.043225126128131,74,77,372,192,10,394,38,186,197,45,117,105,274,473,510,514,502,101,77,419,213,206,151,0,10,24,33,49,82,0.402,0.598,1,115,75,16,116,0.009,0.991,0.926,0.198,201942.0,DeMar DeRozan,0.3133388429752066,0.1346005509641873,5599.1,17.67676767676768,36.21566632756867,45.93023255813948,31.228748424890977,10.428931875525652,41.92439862542955,29.32621192546799,47.19101123595505,47.16981132075472,0.0,35.38583845664617,40.38202297254338,52.47424457266686,46.42813377260512,42.796005706134096,15.325077399380804,30.434087968095117,2018-19,0.0
201960,DeMarre Carroll,DeMarre,1610612751,BKN,32.0,67,36,31,0.537,1703.4583333333333,106.2,281,0.151,0.221,31,0.143,10,0.074,563.0,448.0,386.0,1772.0,6.31,6.311073580726029,179,146,335,221,153,176,91,174,175,244,385,298,390,373,370,320,389,94,66,350,192,158,72,4,21,52,27,23,50,0.54,0.46,8,110,57,15,118,0.068,0.932,0.877,0.231,201960.0,DeMarre Carroll,0.2704351585014409,0.1240605187319884,3738.6,4.545454545454546,77.11088504577823,73.25581395348833,47.12094507257627,8.66274179983179,25.42955326460481,18.722828678695603,17.60299625468165,12.57861635220126,13.333333333333334,14.777047558476434,68.48671366407008,61.31990857053875,64.90331111730441,24.67902995720399,14.551083591331269,20.12145409256127,2018-19,0.0
1629028,Deandre Ayton,Deandre,1610612756,PHX,20.0,71,17,54,0.239,2182.6883333333335,113.3,506,0.24,0.361,61,0.148,67,0.347,894.0,624.0,770.0,2484.0,3.34,3.343981523709024,144,328,518,472,73,475,16,34,26,102,375,37,87,508,477,511,492,237,71,917,680,237,89,0,301,675,47,50,97,0.485,0.515,63,268,154,91,331,0.19,0.81,0.895,0.529,1629028.0,Deandre Ayton,0.3348379120879121,0.134260989010989,4490.5,33.33333333333333,40.89521871820956,31.976744186046503,35.64084593121831,49.70563498738436,52.57731958762887,51.428645747531064,23.97003745318352,31.446540880503143,0.0,20.594304289449507,26.29874096589413,52.75922007162952,39.52898051876183,56.77603423680456,39.0092879256966,48.780998396805984,2018-19,0.0
1626153,Delon Wright,Delon,1610612763,MEM,27.0,75,45,30,0.6,1698.4366666666667,106.4,198,0.113,0.167,88,0.275,30,0.17,542.0,452.0,587.0,1696.0,6.35,6.351838451671326,98,70,324,154,154,182,172,301,297,40,81,138,228,363,373,434,377,92,73,366,204,162,164,1,3,6,24,46,70,0.343,0.657,5,68,38,9,73,0.068,0.932,0.826,0.196,1626153.0,Delon Wright,0.3345421348314606,0.1075702247191011,3743.5,14.646464646464649,80.9766022380468,72.09302325581389,52.223652455855714,9.671993271656856,26.804123711340207,19.951271535466866,52.05992509363296,48.42767295597484,3.3333333333333335,38.60698890537771,26.492494215949808,75.1592969946564,50.8258956053031,12.838801711840228,8.04953560371517,10.683631963183952,2018-19,0.0
203471,Dennis Schröder,Dennis,1610612760,OKC,25.0,79,47,32,0.595,2313.7516666666666,105.5,246,0.102,0.147,65,0.15,12,0.049,791.0,599.0,607.0,2312.0,8.97,8.973430928683161,56,51,352,161,54,145,123,349,358,96,370,277,432,477,464,444,473,24,79,494,269,225,113,14,16,44,38,43,81,0.469,0.531,1,53,41,8,54,0.019,0.981,0.911,0.178,203471.0,Dennis Schröder,0.3349891598915989,0.1287317073170731,5032.4,5.555555555555555,49.643947100712104,77.3255813953488,38.928999056308655,15.138772077375943,48.45360824742268,35.127673779403985,32.958801498127336,33.9622641509434,46.666666666666664,36.73697971874779,26.199663863483703,57.399639278749895,41.7996515711168,19.686162624821684,5.727554179566564,13.40478882445688,2018-19,0.0
1628372,Dennis Smith Jr.,Dennis,1610612752,NYK,21.0,53,21,32,0.396,1508.475,107.7,123,0.075,0.107,67,0.294,20,0.133,553.0,389.0,453.0,1434.0,4.89,4.8861995059327885,275,284,352,383,181,240,274,461,465,87,58,206,283,368,330,361,335,149,53,434,218,216,127,0,4,9,22,31,53,0.415,0.585,0,47,34,4,47,0.0,1.0,0.895,0.105,1628372.0,Dennis Smith Jr.,0.315010101010101,0.1464579124579124,3202.1,9.595959595959595,94.3031536113937,64.5348837209302,52.978208532604185,10.849453322119428,45.36082474226804,31.556276174208595,38.20224719101123,35.22012578616352,0.0,27.607942901561724,39.28724077114163,42.523019247721585,40.90513000943161,2.1398002853067046,4.798761609907121,3.336332881376892,2018-19,0.0
202324,Derrick Favors,Derrick,1610612762,UTA,27.0,76,46,30,0.605,1766.4716666666666,101.6,353,0.188,0.265,56,0.18,106,0.515,617.0,378.0,412.0,1814.0,8.93,8.9260141940147,88,61,324,148,142,55,56,94,103,125,291,15,24,398,327,335,394,26,76,887,660,227,81,0,136,304,39,29,68,0.574,0.426,61,326,209,87,387,0.158,0.842,0.929,0.387,202324.0,Derrick Favors,0.288914364640884,0.1068701657458563,3592.6,53.03030303030303,74.97456765005086,100.0,72.45321988963902,48.02354920100925,49.140893470790374,48.69395576287792,20.973782771535586,28.30188679245283,0.0,18.295173485972725,56.381637395117544,75.74681763212666,66.0642275136221,34.950071326676174,47.9876160990712,40.816966474253945,2018-19,0.0
1628401,Derrick White,Derrick,1610612759,SAS,24.0,67,41,26,0.612,1727.9733333333334,107.1,212,0.116,0.165,67,0.3,47,0.253,469.0,457.0,434.0,1554.0,5.83,5.8298793098290655,179,103,262,140,149,211,153,283,301,87,55,70,138,326,374,347,355,109,67,630,344,286,132,9,10,22,27,27,54,0.5,0.5,2,33,19,2,35,0.057,0.943,0.864,0.091,1628401.0,Derrick White,0.3230977653631285,0.1556927374301676,3626.6,23.232323232323232,88.19938962360122,68.0232558139535,57.16852961467809,21.44659377628259,69.41580756013745,50.2281220465955,40.074906367041194,35.22012578616352,30.0,35.85700657197371,33.9892970666164,34.772743253861194,34.3810201602388,14.835948644793154,2.631578947368421,9.343982280952025,2018-19,0.0
1626164,Devin Booker,Devin,1610612756,PHX,22.0,64,15,49,0.234,2242.1183333333333,115.1,226,0.099,0.156,56,0.141,13,0.059,919.0,730.0,726.0,2540.0,2.29,2.29021368482647,201,352,506,474,64,499,136,366,329,125,394,260,420,520,514,501,500,299,64,337,172,165,81,5,21,44,32,40,72,0.444,0.556,2,87,55,10,89,0.022,0.978,0.887,0.161,1626164.0,Devin Booker,0.3205994475138121,0.1274309392265193,4727.8,6.0606060606060606,38.0467955239064,21.511627906976756,21.118527834353856,6.980656013456686,27.835051546391753,19.49329333321773,20.973782771535586,28.30188679245283,16.666666666666664,22.46184015263939,35.625856986011925,58.49130173430124,47.058579360156585,16.833095577746075,10.990712074303406,14.204023001196877,2018-19,0.0
203473,Dewayne Dedmon,Dewayne,1610612737,ATL,29.0,64,24,40,0.375,1609.2066666666667,112.0,375,0.229,0.332,69,0.252,71,0.428,714.0,441.0,532.0,1654.0,3.11,3.1095766525978608,201,262,454,401,168,435,47,45,44,78,108,33,58,448,363,415,368,248,64,615,438,177,138,4,139,317,37,34,71,0.521,0.479,47,292,163,71,340,0.138,0.859,0.891,0.388,203473.0,Dewayne Dedmon,0.3304528301886792,0.1429874213836477,3365.5,35.35353535353536,83.11291963377417,39.53488372093021,53.11465694346765,29.352396972245582,31.958762886597935,30.91621652085699,42.32209737827715,36.477987421383645,13.333333333333334,33.02946788212847,29.171253477268504,45.43560976682613,37.30343162204732,38.088445078459344,42.72445820433436,40.174650985103106,2018-19,0.0
1627734,Domantas Sabonis,Domantas,1610612754,IND,23.0,74,43,31,0.581,1838.4466666666667,103.6,504,0.269,0.382,48,0.147,30,0.214,546.0,423.0,515.0,1690.0,8.16,8.162288361860869,112,88,335,182,133,86,18,16,19,156,378,138,171,364,351,401,374,37,74,576,433,143,75,0,304,671,37,35,72,0.514,0.486,100,336,246,126,436,0.229,0.771,0.875,0.448,1627734.0,Domantas Sabonis,0.3307708894878706,0.1271644204851752,3893.3,14.646464646464649,81.28179043743641,88.37209302325581,56.40023576750256,28.931875525651808,20.27491408934708,23.73769866386897,18.726591760299627,23.270440251572328,0.0,15.635290792170164,28.96290404679473,58.71497612002693,43.83894008341083,56.49072753209701,49.53560371517028,53.36092181447998,2018-19,0.0
1628378,Donovan Mitchell,Donovan,1610612762,UTA,22.0,77,49,28,0.636,2598.2716666666665,103.7,257,0.093,0.13,106,0.24,31,0.097,910.0,566.0,625.0,2518.0,11.44,11.443804735896675,74,30,292,114,22,90,111,387,409,20,130,131,349,517,439,451,499,4,77,426,211,215,178,0,19,44,47,64,111,0.423,0.577,1,114,76,16,115,0.009,0.991,0.962,0.203,1628378.0,Donovan Mitchell,0.273473544973545,0.1207433862433862,5557.7,15.151515151515152,39.16581892166836,87.79069767441857,41.71631710179463,10.26072329688814,45.01718213058419,31.114598597105772,57.30337078651685,59.74842767295597,0.0,43.833298000141326,66.49637383551715,64.1037937413034,65.30008378841028,21.255349500713265,15.1702786377709,18.5170676123892,2018-19,0.0
1627827,Dorian Finney-Smith,Dorian,1610612742,DAL,26.0,81,33,48,0.407,1985.2833333333333,108.7,251,0.119,0.176,69,0.254,36,0.196,657.0,544.0,649.0,1946.0,5.84,5.838331459737818,22,169,500,372,107,282,120,275,276,78,106,105,202,413,427,470,415,108,81,607,348,259,116,3,17,43,29,40,69,0.42,0.58,11,165,98,28,176,0.063,0.938,0.925,0.264,1627827.0,Dorian Finney-Smith,0.2913350785340314,0.1213612565445026,4225.6,17.67676767676768,68.26042726347914,58.720930232558096,45.6420891710643,21.783010933557613,60.13745704467354,44.79567860022717,34.08239700374532,36.477987421383645,10.0,28.900254398982405,54.79591309068883,63.58524949423339,59.190581292461104,20.399429386590583,23.06501547987616,21.598943128569093,2018-19,0.0
203110,Draymond Green,Draymond,1610612744,GSW,29.0,66,48,18,0.727,2064.693333333333,105.0,421,0.18,0.262,95,0.26,70,0.272,725.0,582.0,581.0,1930.0,8.4,8.398257077019197,190,38,168,42,91,125,35,110,106,30,97,34,130,452,451,431,410,34,66,766,454,312,212,11,138,348,22,51,73,0.301,0.699,24,441,229,82,465,0.052,0.948,0.877,0.314,203110.0,Draymond Green,0.3009852507374631,0.157575221238938,4663.0,34.84848484848485,69.07426246185148,80.23255813953485,58.17352533592566,30.698065601345668,78.35051546391753,59.28953551888878,70.0374531835206,52.83018867924528,36.666666666666664,55.67221397781075,48.47442559552381,33.19287908580412,40.83365234066397,44.65049928673323,65.78947368421053,54.16303776559802,2018-19,0.0
203939,Dwight Powell,Dwight,1610612742,DAL,27.0,77,31,46,0.403,1662.535,109.9,271,0.16,0.233,44,0.206,50,0.338,461.0,430.0,458.0,1602.0,4.3,4.295220061625959,74,187,491,376,162,348,98,150,155,174,207,67,93,319,355,367,360,184,77,722,478,244,88,3,219,514,37,38,75,0.493,0.507,50,328,166,58,378,0.132,0.868,0.86,0.301,203939.0,Dwight Powell,0.3188968253968254,0.1323571428571428,3568.5,24.747474747474747,85.75788402848423,51.744186046511565,52.85029582058727,32.716568544995795,54.98281786941581,46.07631813964781,23.59550561797753,20.754716981132077,10.0,19.20235319058724,36.74118469153158,54.357012470130606,45.54909858083109,23.25249643366619,48.297213622291025,34.522619168547365,2018-19,0.0
2548,Dwyane Wade,Dwyane,1610612748,MIA,37.0,72,35,37,0.486,1885.2266666666667,106.6,216,0.106,0.16,59,0.199,38,0.177,681.0,571.0,513.0,1694.0,6.82,6.818871139005256,135,152,416,278,126,194,147,331,316,110,227,99,221,427,443,398,376,69,72,337,148,189,117,0,3,7,39,39,78,0.5,0.5,6,51,32,5,57,0.105,0.895,0.762,0.119,2548.0,Dwyane Wade,0.3021301939058172,0.1548504155124654,4083.9,18.68686868686869,81.07833163784333,70.93023255813954,53.58472168752752,4.96215306980656,36.08247422680412,23.634345764005097,34.45692883895131,30.18867924528302,0.0,24.34880927142958,47.72441370259085,35.47965728390324,41.60203549324704,15.406562054208273,5.41795665634675,10.911689625170588,2018-19,0.0
1626144,Emmanuel Mudiay,Emmanuel,1610612752,NYK,23.0,59,13,46,0.22,1607.0616666666667,114.8,163,0.098,0.144,43,0.185,19,0.12,588.0,470.0,454.0,1748.0,1.78,1.7818598687652374,240,374,491,485,169,493,224,370,366,181,274,214,302,385,380,363,384,332,59,346,140,206,86,6,14,31,26,30,57,0.456,0.526,1,29,14,1,30,0.033,0.967,0.737,0.053,1626144.0,Emmanuel Mudiay,0.304,0.1101604938271604,3299.1,9.090909090909092,78.33163784333672,23.25581395348837,36.866390369903584,4.289318755256518,41.92439862542955,26.870366677360337,22.846441947565545,20.125786163522015,20.0,21.182601936258923,46.49956966938731,72.98542791255204,59.74249879096968,7.845934379457916,2.0123839009287927,5.220836664119811,2018-19,0.0
202683,Enes Freedom,Enes,1610612757,POR,27.0,67,28,39,0.418,1639.378333333333,112.6,402,0.245,0.353,32,0.135,26,0.211,546.0,426.0,460.0,1760.0,2.88,2.8818431374795357,179,219,438,363,164,454,42,29,29,237,410,161,175,364,353,370,386,265,67,517,408,109,53,0,197,445,33,18,51,0.647,0.353,158,333,253,128,491,0.322,0.678,0.863,0.437,202683.0,Enes Freedom,0.359854938271605,0.1345123456790123,3617.1,12.626262626262626,77.72126144455747,36.04651162790699,41.26457446307691,26.82926829268293,8.59106529209622,15.886346492330905,10.486891385767793,13.20754716981132,0.0,8.817398063741077,9.910969343519028,52.54827037242777,31.2296198579734,41.940085592011414,49.07120743034056,45.14909041925953,2018-19,0.0
202339,Eric Bledsoe,Eric,1610612749,MIL,29.0,78,59,19,0.756,2271.705,104.2,280,0.108,0.147,116,0.297,29,0.094,653.0,579.0,481.0,1996.0,9.69,9.688293567690822,68,2,183,27,60,102,93,324,357,14,56,144,352,411,447,379,429,17,78,460,243,217,197,3,28,72,50,42,92,0.543,0.457,1,58,40,7,59,0.017,0.983,0.976,0.171,202339.0,Eric Bledsoe,0.2644073033707865,0.1222415730337078,5011.9,14.14141414141414,65.71719226856561,84.88372093023251,49.87851318312175,12.95206055508831,45.70446735395189,32.603504634406455,64.41947565543072,66.0377358490566,10.0,51.3809978093421,72.43534898661359,62.84644872932611,67.64089885796986,24.53637660485021,6.5015479876160995,16.42070372709486,2018-19,0.0
201569,Eric Gordon,Eric,1610612745,HOU,30.0,68,44,24,0.647,2158.01,108.1,131,0.059,0.092,41,0.108,27,0.123,659.0,592.0,591.0,2308.0,6.77,6.768309700890333,165,77,245,103,79,256,268,496,490,192,466,152,298,416,461,438,472,71,68,289,158,131,94,2,27,68,21,29,50,0.42,0.58,1,110,69,8,111,0.009,0.991,0.908,0.105,201569.0,Eric Gordon,0.2844248554913295,0.1259566473988439,4535.7,13.131313131313131,49.84740590030518,62.209302325581405,38.25144289902742,5.8031959629941126,16.151202749140893,12.01200003468218,25.842696629213485,18.867924528301888,6.666666666666667,18.607518903257724,59.32255651552923,59.72859303048777,59.5255747730085,3.281027104136947,14.551083591331269,8.352552523374392,2018-19,0.0
203095,Evan Fournier,Evan,1610612753,ORL,26.0,81,42,39,0.519,2553.2816666666668,108.4,220,0.086,0.12,71,0.201,12,0.043,783.0,564.0,749.0,2632.0,7.66,7.66405801542551,22,95,438,237,26,269,144,423,438,71,218,277,448,472,437,506,512,50,81,502,285,217,114,1,13,36,40,46,86,0.465,0.535,8,125,85,14,133,0.06,0.94,0.895,0.147,203095.0,Evan Fournier,0.3031052631578947,0.12897783933518,5208.8,5.555555555555555,33.36724313326551,60.46511627906971,29.017036388632576,16.48444070647603,45.70446735395189,34.01645669496155,33.33333333333333,37.735849056603776,3.3333333333333335,27.374213836477985,47.085680221572105,57.193074338213904,52.13937727989301,15.977175463623396,16.873065015479877,16.380325761958815,2018-19,0.0
202323,Evan Turner,Evan,1610612757,POR,30.0,73,47,26,0.644,1605.7133333333334,109.1,291,0.167,0.239,33,0.181,18,0.128,481.0,460.0,470.0,1510.0,4.51,4.509542013220576,124,51,262,108,170,309,89,135,148,230,289,222,293,333,376,374,348,170,73,380,201,179,52,0,15,42,22,25,47,0.468,0.532,3,74,42,11,77,0.039,0.961,0.875,0.229,202323.0,Evan Turner,0.2449747899159663,0.1130896358543417,3514.1,8.585858585858585,90.43743641912512,56.39534883720931,49.186283390339554,9.419680403700587,32.64604810996563,23.355501027459617,10.112359550561797,13.836477987421384,0.0,8.887711115822203,85.16490325929155,70.52716159953859,77.84603242941506,26.105563480741793,8.978328173374612,18.39830759242656,2018-19,0.0
1627832,Fred VanVleet,Fred,1610612761,TOR,25.0,64,46,18,0.719,1760.253333333333,105.0,146,0.078,0.114,57,0.197,20,0.113,575.0,440.0,450.0,1710.0,6.97,6.973819685332816,201,61,168,48,144,126,247,449,450,119,236,206,324,377,361,359,378,65,64,359,166,193,138,0,9,22,19,41,60,0.317,0.683,0,96,62,5,96,0.0,1.0,0.873,0.07,1627832.0,Fred VanVleet,0.3357194029850746,0.1125791044776119,3780.4,9.595959595959595,80.26449643947102,80.23255813953485,51.9890971270824,6.476030277544155,37.45704467353952,25.064638915141376,42.32209737827715,28.930817610062892,0.0,27.054625114832874,25.72130736512032,70.95562224552474,48.33846480532253,5.420827389443652,12.38390092879257,8.554210482150665,2018-19,0.0
202066,Garrett Temple,Garrett,1610612746,LAC,33.0,75,37,38,0.493,2040.5916666666667,106.8,188,0.092,0.132,76,0.208,30,0.129,736.0,479.0,631.0,1862.0,6.84,6.840990176789412,98,139,426,273,97,202,187,391,403,59,200,138,289,456,387,457,402,68,75,431,218,213,149,2,6,12,26,44,70,0.371,0.629,3,53,32,7,56,0.054,0.946,0.762,0.167,202066.0,Garrett Temple,0.2893631284916201,0.1069385474860335,4234.5,14.646464646464649,72.53306205493388,69.76744186046511,48.687018042929,10.849453322119428,44.329896907216494,30.937719473177665,46.441947565543074,40.88050314465409,6.666666666666667,34.55162179351283,56.0876680222496,75.68942863331989,65.88854832778475,11.412268188302424,5.727554179566564,8.85414688437129,2018-19,0.0
203914,Gary Harris,Gary,1610612743,DEN,24.0,57,38,19,0.667,1639.243333333333,105.3,119,0.07,0.1,55,0.199,19,0.129,560.0,406.0,447.0,1682.0,6.44,6.442164681791266,259,132,183,78,165,137,283,471,478,127,228,214,290,372,342,356,371,88,57,247,93,154,114,3,15,31,22,49,71,0.31,0.69,0,42,28,4,42,0.0,1.0,0.903,0.129,203914.0,Gary Harris,0.222328025477707,0.0779713375796178,3542.9,9.090909090909092,81.68870803662259,78.48837209302324,51.849504472437346,0.336417157275021,24.054982817869416,14.567556553631656,33.33333333333333,27.67295597484277,10.0,25.5188679245283,100.0,100.0,100.0,1.5691868758915837,4.024767801857585,2.6741982925762846,2018-19,0.0
203507,Giannis Antetokounmpo,Giannis,1610612749,MIL,24.0,72,56,16,0.778,2358.221666666667,101.8,739,0.273,0.374,92,0.242,110,0.329,682.0,565.0,455.0,2014.0,11.83,11.829726754847565,135,4,156,21,47,58,2,14,20,33,124,12,96,429,438,364,433,3,72,685,393,292,152,1,144,337,61,55,116,0.526,0.474,35,234,120,60,269,0.13,0.87,0.916,0.458,203507.0,Giannis Antetokounmpo,0.2983657142857143,0.1275828571428571,5193.7,55.05050505050505,64.80162767039674,98.83720930232556,69.41007403042227,25.5677039529016,71.47766323024055,53.11367951930497,47.565543071161045,50.943396226415096,3.3333333333333335,37.68973924104304,50.19039154657395,58.36380545975707,54.27709850316551,90.01426533523538,33.746130030959755,64.69360444831135,2018-19,1.0
202330,Gordon Hayward,Gordon,1610612738,BOS,29.0,72,44,28,0.611,1863.3383333333336,105.2,271,0.141,0.206,62,0.182,23,0.116,589.0,510.0,475.0,1854.0,7.48,7.483882273183636,135,77,292,141,129,132,98,212,204,101,283,182,315,386,404,378,399,53,69,392,236,156,72,0,18,45,15,42,57,0.263,0.737,12,130,72,17,142,0.085,0.915,0.9,0.213,202330.0,Gordon Hayward,0.2688481375358166,0.1064469914040114,4102.2,11.11111111111111,72.93997965412004,79.06976744186042,49.74087918385156,12.363330529857022,24.74226804123711,19.790693036685077,17.60299625468165,32.075471698113205,0.0,18.26761359621228,69.52631513203053,76.1019643677358,72.81413974988317,23.25249643366619,17.647058823529413,20.73004950910464,2018-19,0.0
203084,Harrison Barnes,Harrison,1610612758,SAC,27.0,77,34,43,0.442,2532.5933333333332,109.4,304,0.111,0.158,50,0.132,13,0.06,847.0,691.0,884.0,2656.0,6.67,6.66574695115662,74,165,474,342,32,324,81,307,319,152,423,260,419,495,504,527,515,76,77,629,335,294,98,1,41,100,32,38,70,0.457,0.543,6,250,134,37,256,0.023,0.977,0.887,0.245,203084.0,Harrison Barnes,0.3050464480874317,0.1480546448087431,5498.2,6.0606060606060606,32.146490335707014,54.65116279069762,27.338304739414284,20.689655172413794,72.16494845360825,51.57483114113046,27.340823970037455,24.528301886792452,3.3333333333333335,20.354568581725673,45.81407843051735,41.18297041686198,43.49852442368966,27.960057061340944,36.22291021671827,31.67834098126074,2018-19,0.0
202355,Hassan Whiteside,Hassan,1610612748,MIA,30.0,72,33,39,0.458,1674.2266666666667,106.2,560,0.305,0.441,46,0.197,136,0.61,605.0,491.0,494.0,1490.0,6.12,6.120861286448701,135,169,438,315,159,178,11,9,9,162,235,7,11,393,393,387,345,99,72,711,620,91,75,0,210,455,32,17,49,0.653,0.347,90,167,132,92,257,0.35,0.65,0.852,0.594,202355.0,Hassan Whiteside,0.3115278592375366,0.0919794721407624,3512.8,68.18181818181817,91.45473041709052,73.25581395348833,77.59583640708104,44.65937762825904,2.405498281786942,19.307050020375783,18.726591760299627,22.0125786163522,0.0,15.19503921984312,41.56833455437787,88.24375022437559,64.90604238937672,64.4793152639087,23.374613003095977,45.982199246542976,2018-19,0.0
200755,JJ Redick,JJ,1610612755,PHI,35.0,76,49,27,0.645,2379.116666666667,104.7,166,0.062,0.089,32,0.092,17,0.06,897.0,621.0,760.0,2486.0,9.95,9.9495252019771,88,30,271,107,45,115,216,492,497,237,482,230,416,510,474,509,493,11,76,359,195,164,50,10,67,134,27,26,53,0.509,0.491,1,99,64,9,100,0.01,0.99,0.865,0.122,200755.0,JJ Redick,0.3200027932960894,0.1293100558659217,5073.7,8.080808080808081,40.79348931841302,81.97674418604647,38.00423054027941,8.915054667788057,27.491408934707906,20.06086722793997,9.363295880149812,13.20754716981132,33.33333333333333,16.70129319482722,36.01670412290867,56.91426344459038,46.46548378374953,8.273894436519258,12.848297213622292,10.332375686215624,2018-19,0.0
201580,JaVale McGee,JaVale,1610612747,LAL,31.0,75,35,40,0.467,1670.6933333333334,111.1,371,0.203,0.294,47,0.173,148,0.617,679.0,524.0,626.0,1802.0,3.72,3.715580976356224,98,152,454,305,161,402,48,73,72,158,310,5,10,425,410,452,391,210,75,877,712,165,83,1,204,456,22,19,41,0.537,0.463,49,359,186,77,408,0.12,0.88,0.89,0.368,201580.0,JaVale McGee,0.3062711370262391,0.1276618075801749,3777.3,74.24242424242425,75.58494404883011,44.76744186046513,67.34356057917653,52.39697224558453,27.835051546391753,37.65981982606887,21.722846441947567,22.641509433962263,3.3333333333333335,17.447000211999153,45.01182789561137,58.29754674008591,51.65468731784864,37.51783166904422,53.09597523219814,44.52799627246348,2018-19,0.0
203953,Jabari Parker,Jabari,1610612764,WAS,24.0,64,18,46,0.281,1724.2716666666668,110.8,342,0.187,0.277,46,0.159,30,0.171,667.0,507.0,447.0,1810.0,3.94,3.935368830594328,201,321,491,451,150,390,59,97,91,162,352,138,227,421,401,356,393,200,64,450,255,195,66,0,36,87,25,40,65,0.385,0.615,20,169,86,23,190,0.105,0.889,0.878,0.235,203953.0,Jabari Parker,0.3489814814814814,0.1668271604938271,3533.2,14.646464646464649,75.17802644964394,46.51162790697674,43.79880209270542,13.961312026913372,38.144329896907216,28.47112274890968,15.355805243445692,22.0125786163522,0.0,13.846724613101546,17.033787432043905,25.42824002450622,21.231013728275062,33.38088445078459,23.684210526315788,29.017381184773633,2018-19,0.0
203109,Jae Crowder,Jae,1610612762,UTA,28.0,80,48,32,0.6,2165.7316666666666,105.3,324,0.139,0.2,64,0.188,31,0.114,778.0,526.0,505.0,2100.0,8.61,8.606256439951066,42,38,352,154,76,136,65,217,218,99,257,131,320,470,413,395,446,32,80,451,261,190,93,6,49,117,25,54,79,0.316,0.684,3,206,83,27,209,0.014,0.986,0.902,0.293,203109.0,Jae Crowder,0.2660026455026455,0.123505291005291,4551.3,15.151515151515152,60.42726347914547,78.48837209302324,46.83224130156279,14.465937762825904,36.42611683848797,27.64204520822314,25.468164794007492,33.33333333333333,20.0,26.853932584269664,71.39029661610044,61.7858803820541,66.58808849907727,30.813124108416545,29.411764705882355,30.18251237727616,2018-19,0.0
1628973,Jalen Brunson,Jalen,1610612742,DAL,22.0,73,27,46,0.37,1591.2583333333334,110.4,144,0.087,0.127,37,0.184,4,0.029,485.0,395.0,526.0,1620.0,3.82,3.822980407060333,124,229,491,402,172,373,250,414,419,211,277,388,461,335,334,411,363,205,70,302,146,156,63,12,11,28,20,28,48,0.417,0.583,1,53,40,7,54,0.019,0.981,0.93,0.163,1628973.0,Jalen Brunson,0.2657743732590529,0.0910389972144846,3446.8,1.5151515151515151,84.84231943031536,48.837209302325526,42.51017473225236,4.79394449116905,24.74226804123711,16.762938621209887,14.232209737827716,16.352201257861633,40.0,21.416154335382657,71.53982971281046,89.03303862625187,80.28643416953116,5.1355206847360915,5.727554179566564,5.401935757409804,2018-19,0.0
1627750,Jamal Murray,Jamal,1610612743,DEN,22.0,75,49,26,0.653,2447.3116666666665,108.0,252,0.101,0.142,67,0.178,27,0.12,816.0,570.0,639.0,2512.0,7.67,7.672548314568967,98,30,262,99,39,253,118,353,373,87,298,152,304,485,442,465,497,49,75,486,239,247,123,4,64,139,43,53,96,0.448,0.552,5,74,50,12,79,0.063,0.937,0.909,0.218,1627750.0,Jamal Murray,0.2916043360433604,0.1434363143631436,5145.4,13.131313131313131,39.47100712105799,62.79069767441858,34.765052163500194,12.615643397813288,56.013745704467354,38.65450478180573,36.70411985018727,35.22012578616352,13.333333333333334,30.34202529856547,54.61953199174874,45.05887880622303,49.83920539898588,20.54208273894437,8.978328173374612,15.338393184437978,2018-19,0.0
201935,James Harden,James,1610612745,HOU,29.0,78,51,27,0.654,2866.725,110.3,452,0.157,0.244,158,0.309,58,0.201,1000.0,812.0,876.0,3060.0,6.93,6.934216034075859,68,21,271,98,2,372,29,156,142,2,49,46,193,527,528,525,528,66,78,528,344,184,277,6,21,51,47,73,120,0.392,0.608,5,201,105,35,206,0.024,0.976,0.905,0.302,201935.0,James Harden,0.3504027777777778,0.1544361111111111,5935.8,28.78787878787879,11.597151576805697,49.41860465116278,27.928805729824205,21.44659377628259,34.36426116838488,29.19719421154396,94.3820224719101,92.45283018867924,20.0,75.11129955480178,16.102746350645727,35.82735997081001,25.96505316072787,49.07275320970042,28.637770897832816,39.87701116936,2018-19,0.0
1628991,Jaren Jackson Jr.,Jaren,1610612763,MEM,19.0,58,23,35,0.397,1514.6883333333333,103.6,199,0.132,0.195,52,0.199,82,0.421,488.0,375.0,503.0,1322.0,6.65,6.653456448440637,248,272,397,382,180,89,170,235,227,143,229,26,61,338,324,391,313,79,58,625,439,186,78,0,99,230,34,33,67,0.507,0.493,16,198,103,25,214,0.075,0.925,0.866,0.21,1628991.0,Jaren Jackson Jr.,0.3129451612903225,0.1323258064516129,2955.2,40.909090909090914,100.0,88.37209302325581,73.45665961945032,29.43650126156434,35.051546391752574,32.80552833967728,19.850187265917604,25.78616352201258,0.0,16.965232139071443,40.639909961045525,54.38331137587515,47.511610668460335,12.981455064194009,28.173374613003094,19.8178188611581,2018-19,0.0
1628386,Jarrett Allen,Jarrett,1610612751,BKN,21.0,80,42,38,0.525,2095.97,111.6,481,0.208,0.317,43,0.158,120,0.561,806.0,713.0,535.0,2370.0,4.33,4.330650114001446,42,95,426,233,88,421,23,67,58,181,353,11,18,480,511,419,480,183,79,1257,1109,148,78,0,374,871,33,22,55,0.6,0.4,38,370,202,92,408,0.093,0.907,0.91,0.414,1628386.0,Jarrett Allen,0.3290207715133531,0.1171543026706231,4582.3,60.1010101010101,46.69379450661241,41.86046511627908,50.848348396788154,85.78637510513036,21.993127147766323,47.51042633071194,19.850187265917604,20.125786163522015,0.0,14.984100063599747,30.10934461363161,67.1159123615821,48.612628487606855,53.20970042796006,54.79876160990712,53.924777959836234,2018-19,0.0
1627759,Jaylen Brown,Jaylen,1610612738,BOS,22.0,74,41,33,0.554,1913.3516666666667,105.9,248,0.122,0.178,69,0.194,32,0.15,604.0,542.0,521.0,1824.0,7.27,7.266204623930187,112,103,372,208,119,161,121,270,272,78,242,129,258,391,424,402,395,56,74,439,193,246,122,3,8,20,28,41,69,0.406,0.594,12,117,64,22,129,0.093,0.907,0.853,0.293,1627759.0,Jaylen Brown,0.2862960893854748,0.1174525139664804,4085.4,15.656565656565656,74.46592065106816,74.99999999999993,51.0756984905001,8.746846089150546,55.670103092783506,36.90080029133033,36.32958801498128,36.477987421383645,10.0,29.799130803476785,58.09677718092189,66.86564017403934,62.481208677480616,19.97146932952924,15.63467492260062,18.01991184641136,2018-19,0.0
1628369,Jayson Tatum,Jayson,1610612738,BOS,21.0,79,48,31,0.608,2454.6966666666667,105.1,407,0.157,0.232,84,0.191,57,0.201,695.0,668.0,664.0,2280.0,9.75,9.753592749849384,56,38,335,146,37,129,40,157,157,46,250,49,192,436,498,478,467,14,79,601,281,320,154,0,23,55,33,50,83,0.398,0.602,6,101,53,15,107,0.056,0.944,0.803,0.227,1628369.0,Jayson Tatum,0.2970421348314607,0.1521039325842696,5217.5,28.28282828282828,51.271617497456766,79.65116279069768,49.1709881349156,16.14802354920101,81.09965635738831,55.11900323411339,48.31460674157304,45.911949685534594,0.0,35.39502508656632,51.05742177075442,37.78462795415351,44.42102486245396,42.65335235378031,13.157894736842104,29.38039642615812,2018-19,0.0
201145,Jeff Green,Jeff,1610612764,WAS,32.0,77,29,48,0.377,2096.6883333333335,113.2,252,0.117,0.18,43,0.126,39,0.209,750.0,610.0,570.0,2276.0,3.26,3.264151220599367,74,209,500,400,87,471,118,281,269,181,435,92,181,461,470,427,466,241,77,683,393,290,69,12,100,223,19,21,40,0.475,0.525,13,255,126,34,268,0.049,0.951,0.834,0.225,201145.0,Jeff Green,0.3322404371584699,0.1628087431693989,4399.8,19.19191919191919,51.475076297049846,32.558139534883686,33.832579264456044,25.5677039529016,70.79037800687286,52.70130838528435,16.479400749063668,20.125786163522015,40.0,23.635785456858173,28.000255191685287,28.80067463116055,28.40046491142292,20.54208273894437,36.9969040247678,27.946752317564915,2018-19,0.0
203924,Jerami Grant,Jerami,1610612760,OKC,25.0,80,48,32,0.6,2612.26,105.6,321,0.118,0.165,61,0.121,100,0.376,855.0,636.0,661.0,2600.0,10.11,10.11129235225092,42,38,352,154,19,147,69,280,302,102,441,19,78,499,482,476,507,9,80,794,510,284,89,12,67,157,37,45,82,0.451,0.549,15,391,174,32,407,0.037,0.961,0.941,0.173,203924.0,Jerami Grant,0.3153746556473829,0.1427713498622589,5737.4,50.0,34.99491353001017,76.74418604651163,51.43426624713147,35.40790580319596,68.72852233676976,55.40027572334024,23.97003745318352,31.446540880503143,40.0,30.594304289449507,39.04843388435235,45.61694660106045,42.3326902427064,30.385164051355208,58.04953560371517,42.83413124991719,2018-19,0.0
203087,Jeremy Lamb,Jeremy,1610612766,CHA,27.0,79,38,41,0.481,2250.09,109.6,369,0.159,0.234,88,0.255,32,0.142,625.0,634.0,601.0,2210.0,5.95,5.949483301138283,56,132,462,286,62,334,49,153,153,40,104,129,273,399,481,441,463,103,79,507,233,274,160,1,13,30,34,44,78,0.436,0.564,5,48,34,13,53,0.094,0.906,0.85,0.325,203087.0,Jeremy Lamb,0.3393247126436782,0.1536149425287356,4773.6,15.656565656565656,54.83214649033571,53.48837209302326,38.82597055749957,12.111017661900757,65.29209621993127,44.01966479671906,50.56179775280899,48.42767295597484,3.3333333333333335,38.00773796904813,23.359596149754086,36.516521180688684,29.938058665221384,37.23252496433666,4.953560371517028,22.706990897567827,2018-19,0.0
202710,Jimmy Butler III,Jimmy,1610612755,PHI,29.0,65,38,27,0.585,2184.9766666666665,108.3,221,0.094,0.136,123,0.342,39,0.173,746.0,585.0,701.0,2324.0,6.56,6.564084350778331,196,132,271,180,72,266,142,385,388,9,24,92,225,460,453,492,476,84,65,491,272,219,198,1,19,44,45,47,92,0.489,0.511,21,125,76,16,146,0.144,0.856,0.826,0.174,202710.0,Jimmy Butler III,0.3437222222222222,0.1356169590643275,4499.8,19.19191919191919,49.03357070193286,61.046511627906966,40.10014532942092,15.391084945332212,46.391752577319586,33.991485524524634,64.7940074906367,70.44025157232704,3.3333333333333335,51.40502437990248,20.4789427039276,51.621229672855726,36.05008618839166,16.119828815977176,16.873065015479877,16.458785105753392,2018-19,0.0
203925,Joe Harris,Joe,1610612751,BKN,27.0,76,41,35,0.539,2293.5216666666665,111.2,239,0.096,0.145,38,0.126,17,0.083,894.0,726.0,528.0,2494.0,5.04,5.036438953008905,88,103,397,220,56,406,127,373,363,208,436,230,377,508,513,413,494,142,76,564,335,229,54,2,27,69,33,44,77,0.429,0.571,11,217,126,21,228,0.048,0.952,0.913,0.152,203925.0,Joe Harris,0.3282305475504323,0.1602708933717579,5060.3,8.080808080808081,40.38657171922686,44.18604651162787,28.414134961959597,20.689655172413794,49.82817869415808,38.17276928546036,10.861423220973784,16.9811320754717,6.666666666666667,11.954632181471274,30.626992464330822,30.930551095714403,30.778771780022616,18.687589158345222,31.11455108359133,24.279722024705972,2018-19,0.0
204060,Joe Ingles,Joe,1610612762,UTA,31.0,82,50,32,0.61,2567.5666666666666,101.6,295,0.108,0.153,98,0.217,20,0.065,834.0,605.0,610.0,2506.0,13.03,13.026200942880273,1,25,352,142,25,53,86,322,338,27,179,206,406,494,465,447,496,1,82,398,190,208,212,0,31,65,24,56,80,0.3,0.7,2,120,68,16,122,0.016,0.984,0.919,0.216,204060.0,Joe Ingles,0.3151989528795811,0.1206675392670157,5473.3,9.595959595959595,39.77619532044761,100.0,42.7600522005405,8.494533221194281,42.61168384879725,28.964823597756062,70.0374531835206,54.71698113207547,0.0,47.16592466963465,39.16353057134512,64.167447898468,51.66548923490656,26.676176890156917,16.09907120743034,21.91647933292996,2018-19,0.0
203954,Joel Embiid,Joel,1610612755,PHI,25.0,64,43,21,0.672,2154.305,104.8,711,0.292,0.414,46,0.15,122,0.496,755.0,556.0,645.0,2104.0,8.81,8.80912191039332,201,88,202,77,81,121,5,12,13,162,365,10,32,462,432,469,448,27,64,834,663,171,79,1,247,577,54,36,90,0.6,0.4,105,394,281,144,499,0.21,0.79,0.892,0.457,203954.0,Joel Embiid,0.3158196202531645,0.1735949367088607,4434.0,61.111111111111114,60.223804679552394,81.3953488372093,65.87161329159011,48.27586206896552,29.89690721649485,37.248489157483114,20.224719101123593,22.0125786163522,3.3333333333333335,16.62762348950604,38.756953262872926,19.748421111989735,29.25268718743133,86.01997146932952,58.51393188854489,73.64225365797644,2018-19,1.0
1628381,John Collins,John,1610612737,ATL,21.0,61,24,37,0.393,1828.4016666666664,113.0,376,0.196,0.287,22,0.071,39,0.22,821.0,542.0,675.0,1972.0,2.98,2.983320659992809,227,262,416,386,135,465,46,83,81,294,493,92,165,488,424,485,424,258,61,640,387,253,42,0,146,325,41,17,58,0.707,0.293,144,243,179,83,387,0.372,0.628,0.817,0.379,1628381.0,John Collins,0.3270148809523809,0.1405773809523809,4022.2,19.19191919191919,66.9379450661241,33.72093023255812,39.53528100805064,25.063078216989062,58.075601374570454,44.8705921115379,6.367041198501873,6.918238993710692,0.0,4.968200127199491,31.42333278198221,47.45822292460631,39.440777853294264,38.23109843081313,35.139318885448915,36.83979763539923,2018-19,0.0
1628371,Jonathan Isaac,Jonathan,1610612753,ORL,21.0,75,37,38,0.493,1996.1833333333336,107.3,312,0.152,0.21,59,0.215,98,0.422,643.0,443.0,612.0,1982.0,6.73,6.734569728792607,98,139,426,273,104,219,74,169,196,110,186,20,60,405,365,448,425,73,75,578,407,171,139,5,74,167,23,33,56,0.411,0.589,65,209,99,37,274,0.237,0.763,0.818,0.306,1628371.0,Jonathan Isaac,0.3018147058823529,0.1346970588235294,4091.2,48.98989898989899,66.4292980671414,66.86046511627906,59.56133019852885,26.74516400336417,29.89690721649485,28.636209931242576,42.69662921348314,30.18867924528302,16.666666666666664,31.811356087908976,47.931078781012395,52.393250883265615,50.162164832139005,29.101283880171184,29.876160990712076,29.44997857991459,2018-19,0.0
203903,Jordan Clarkson,Jordan,1610612739,CLE,27.0,81,18,63,0.222,2214.48,115.0,188,0.087,0.129,57,0.182,13,0.107,788.0,568.0,582.0,2316.0,2.33,2.334301580843529,22,321,528,484,67,497,187,418,411,119,282,260,334,476,441,432,474,296,81,478,220,258,97,1,19,45,32,34,66,0.485,0.515,8,102,64,10,110,0.073,0.927,0.853,0.133,203903.0,Jordan Clarkson,0.3087401574803149,0.136010498687664,4696.6,6.0606060606060606,49.440488301119025,22.093023255813936,25.251669143587566,11.01766190075694,59.79381443298969,40.28335342009659,26.96629213483146,28.930817610062892,3.3333333333333335,21.74563635078793,43.39445966665924,51.290953711530896,47.34270668909507,11.412268188302424,13.312693498452012,12.26745957786974,2018-19,0.0
1628404,Josh Hart,Josh,1610612747,LAL,24.0,67,31,36,0.463,1714.815,104.7,213,0.109,0.158,64,0.235,40,0.209,612.0,470.0,501.0,1758.0,7.14,7.144167080729368,179,187,406,314,152,116,152,316,322,99,139,88,180,396,380,390,385,59,67,567,348,219,101,1,14,30,29,39,68,0.426,0.574,0,79,34,7,79,0.0,1.0,0.895,0.184,1628404.0,Josh Hart,0.2935649717514124,0.1219802259887005,3660.8,19.696969696969695,77.82299084435402,81.97674418604647,55.61102072082341,21.783010933557613,46.391752577319586,36.54825591981479,28.46441947565543,33.33333333333333,3.3333333333333335,23.885767790262168,53.33518868162446,63.06578279738606,58.20048573950526,14.978601997146937,9.75232198142415,12.626775990071682,2018-19,0.0
1628367,Josh Jackson,Josh,1610612756,PHX,22.0,79,19,60,0.241,1988.1266666666668,112.4,281,0.136,0.22,74,0.199,56,0.242,775.0,666.0,661.0,2090.0,3.64,3.643099351463156,56,307,525,471,106,449,91,220,179,60,226,50,149,468,497,476,444,216,79,493,280,213,114,12,10,21,26,35,61,0.426,0.574,11,137,64,14,148,0.074,0.926,0.81,0.177,1628367.0,Josh Jackson,0.3195752688172043,0.1574112903225806,4511.0,27.77777777777778,60.93591047812817,37.20930232558134,41.74100535985131,16.063919259882255,44.329896907216494,33.023505848282795,33.33333333333333,39.62264150943396,40.0,37.20125786163522,36.29676033228779,33.33045720444886,34.813608768368326,24.67902995720399,18.730650154798763,22.00225904612164,2018-19,0.0
1629006,Josh Okogie,Josh,1610612750,MIN,20.0,74,32,42,0.432,1757.17,110.6,177,0.098,0.143,88,0.278,33,0.192,547.0,504.0,522.0,1860.0,4.22,4.2176032681526525,112,179,465,349,146,384,201,371,369,40,79,119,206,366,400,406,401,189,72,431,225,206,158,13,3,7,20,42,62,0.323,0.677,4,69,44,10,73,0.055,0.945,0.936,0.213,1629006.0,Josh Okogie,0.2989111747851002,0.120484240687679,3967.5,16.161616161616163,72.63479145473042,47.67441860465117,43.805428124964905,11.438183347350716,41.92439862542955,29.72991251419802,49.812734082397,48.42767295597484,43.333333333333336,47.70811250088333,49.83307960920264,64.32128022159371,57.077179915398176,9.843081312410842,8.204334365325078,9.105645186222247,2018-19,0.0
1626196,Josh Richardson,Josh,1610612748,MIA,25.0,73,35,38,0.479,2539.43,105.6,209,0.078,0.114,79,0.195,34,0.115,911.0,725.0,671.0,2182.0,9.73,9.725106577869475,124,152,426,288,31,149,157,450,452,56,238,110,316,518,512,483,459,15,73,588,293,295,185,1,21,50,45,54,99,0.455,0.545,10,104,61,11,114,0.088,0.912,0.847,0.153,1626196.0,Josh Richardson,0.3112944444444444,0.1510555555555555,5136.1,16.666666666666664,56.25635808748728,76.74418604651163,45.54243850891512,17.157275021026074,72.5085910652921,50.36806464758568,59.925093632958806,42.76729559748428,3.3333333333333335,39.77192424563635,41.72123635391199,38.66447260118999,40.192854477550995,14.407988587731811,13.622291021671826,14.05442468300482,2018-19,0.0
201950,Jrue Holiday,Jrue,1610612740,NOP,29.0,67,30,37,0.448,2401.9283333333333,109.1,259,0.099,0.141,109,0.284,54,0.179,904.0,674.0,702.0,2466.0,6.67,6.665735357146353,179,201,416,330,43,313,110,365,375,18,67,54,217,516,500,494,491,76,67,578,278,300,211,2,40,104,48,52,100,0.48,0.52,11,108,63,13,119,0.092,0.908,0.829,0.171,201950.0,Jrue Holiday,0.3503550295857988,0.1578313609467455,5051.6,26.767676767676768,41.81078331637843,56.39534883720931,39.43968207710549,15.895710681244744,74.22680412371135,50.89436674672471,69.66292134831461,61.63522012578616,6.666666666666667,51.104162250017666,16.134024507361346,32.9779152468078,24.55596987708457,21.540656205420827,14.241486068111456,18.25602964363161,2018-19,0.0
203944,Julius Randle,Julius,1610612740,NOP,24.0,73,31,42,0.425,2231.635,111.4,472,0.198,0.286,52,0.15,45,0.192,853.0,627.0,708.0,2360.0,4.71,4.711617208102255,124,187,465,354,65,413,26,81,82,143,368,74,204,498,478,495,479,157,73,710,436,274,78,2,104,241,38,48,86,0.442,0.558,68,261,171,89,329,0.207,0.793,0.826,0.43,203944.0,Julius Randle,0.3230942857142857,0.1702228571428571,4823.8,22.22222222222222,47.20244150559512,43.02325581395343,36.16555736933554,29.184188393608075,65.29209621993127,50.84893308940199,19.850187265917604,25.78616352201258,6.666666666666667,18.63189880573811,33.991576461862785,22.578420314822797,28.284998388342792,51.925820256776035,37.92569659442725,45.62576460871908,2018-19,0.0
203200,Justin Holiday,Justin,1610612763,MEM,30.0,82,25,57,0.305,2606.6116666666667,110.1,277,0.103,0.154,121,0.279,36,0.146,930.0,705.0,822.0,2498.0,6.63,6.625649372806477,1,251,522,443,20,357,95,346,335,11,76,105,261,521,509,519,495,80,82,603,301,302,185,1,15,37,27,55,82,0.329,0.671,4,139,80,18,143,0.028,0.972,0.889,0.2,203200.0,Justin Holiday,0.3181107954545454,0.1635227272727273,5418.4,17.67676767676768,40.18311291963377,50.58139534883722,33.78014542978819,17.830109335576115,74.91408934707904,52.08049734247787,59.925093632958806,69.18238993710692,3.3333333333333335,49.01720726450428,37.25608518721196,28.201467404965275,32.72877629608862,24.10841654778887,19.040247678018577,21.82774055639224,2018-19,0.0
1628382,Justin Jackson,Justin,1610612742,DAL,24.0,81,36,45,0.444,1613.25,108.3,168,0.096,0.144,32,0.133,14,0.095,490.0,458.0,490.0,1670.0,5.08,5.077592400340845,22,146,488,335,167,265,211,378,365,237,420,253,350,340,375,384,370,140,78,374,207,167,31,1,12,26,18,37,55,0.327,0.673,6,103,58,12,109,0.055,0.945,0.853,0.176,1628382.0,Justin Jackson,0.2644456824512535,0.0886183844011142,3667.5,6.565656565656567,82.29908443540182,61.046511627906966,46.69257008563,9.92430613961312,28.52233676975945,21.083124517700917,2.247191011235955,13.20754716981132,3.3333333333333335,6.354851247261677,72.41020820444585,91.06452459748134,81.7373664009636,8.559201141226819,13.46749226006192,10.767932144702614,2018-19,0.0
1626159,Justise Winslow,Justise,1610612748,MIA,23.0,66,30,36,0.455,1959.505,104.2,292,0.141,0.199,72,0.225,19,0.086,698.0,524.0,521.0,1692.0,8.35,8.354603247026485,190,201,406,321,112,103,88,213,219,66,161,214,371,440,410,402,375,35,66,443,244,199,107,5,16,44,38,49,87,0.437,0.563,12,82,58,20,94,0.128,0.872,0.866,0.299,1626159.0,Justise Winslow,0.3032724719101123,0.1224747191011235,4143.1,9.090909090909092,81.18006103763989,84.88372093023251,53.270315232095726,13.036164844407065,39.51890034364261,28.925806143948392,30.711610486891384,38.36477987421384,16.666666666666664,29.87898381739806,46.97614766464531,62.65078217638289,54.8134649205141,26.24821683309558,10.21671826625387,19.03404247801681,2018-19,0.0
203994,Jusuf Nurkić,Jusuf,1610612757,POR,24.0,72,45,27,0.625,1973.5533333333333,106.5,505,0.241,0.335,71,0.228,103,0.452,534.0,528.0,532.0,1944.0,7.14,7.140143567257388,135,70,271,126,108,189,17,31,39,71,154,16,47,358,415,415,414,59,72,923,785,138,131,0,357,839,33,47,80,0.413,0.588,164,438,317,157,602,0.272,0.728,0.871,0.431,203994.0,Jusuf Nurkić,0.3113262195121951,0.1300853658536585,4073.0,51.51515151515152,68.36215666327568,71.51162790697671,62.41072241495127,58.536585365853654,18.556701030927837,34.54865476489817,39.70037453183521,37.735849056603776,0.0,29.087696982545403,41.70042162758282,56.263588807679646,48.98200521763123,56.63338088445078,65.3250773993808,60.5446443161693,2018-19,0.0
1626157,Karl-Anthony Towns,Karl-Anthony,1610612750,MIN,23.0,77,34,43,0.442,2544.66,111.3,691,0.257,0.39,67,0.157,125,0.439,830.0,799.0,711.0,2596.0,5.41,5.408701790076184,74,165,474,342,29,411,7,20,15,87,355,9,53,492,524,496,506,126,77,1134,897,237,121,3,185,404,50,56,106,0.472,0.528,53,368,208,100,421,0.126,0.874,0.893,0.429,1626157.0,Karl-Anthony Towns,0.3431828571428572,0.1673914285714285,5462.5,62.62626262626263,35.19837232960326,43.604651162790695,48.271098156563866,67.95626576955425,52.57731958762887,58.72889806039902,35.95505617977528,35.22012578616352,10.0,29.209066497067347,20.832261746599425,24.954681148287676,22.893471447443552,83.16690442225392,54.4891640866873,70.26192127124895,2018-19,0.0
202695,Kawhi Leonard,Kawhi,1610612761,TOR,28.0,60,41,19,0.683,2040.1833333333336,107.8,361,0.165,0.241,106,0.305,24,0.106,580.0,555.0,490.0,1992.0,6.46,6.460598734020906,232,103,183,73,98,242,53,139,147,20,53,175,336,379,431,384,428,87,60,426,223,203,193,0,11,25,41,60,101,0.406,0.594,12,131,89,34,143,0.084,0.916,0.848,0.324,202695.0,Kawhi Leonard,0.2920282131661442,0.1713793103448276,4395.7,11.616161616161616,65.92065106815869,63.95348837209301,43.70706461334344,11.269974768713205,40.893470790378,29.044072381712084,62.92134831460674,59.74842767295597,0.0,46.08048901137728,54.34186503672682,21.607873334649145,37.97486918568798,36.091298145506414,17.80185758513932,27.861049893341225,2018-19,0.0
203482,Kelly Olynyk,Kelly,1610612748,MIA,28.0,79,39,40,0.494,1812.253333333333,106.0,303,0.16,0.231,53,0.169,37,0.197,649.0,521.0,470.0,1544.0,6.75,6.74659569010886,56,118,454,270,137,165,83,151,160,140,327,102,199,408,408,374,353,72,78,542,328,214,118,15,72,176,26,28,54,0.481,0.519,47,244,135,45,291,0.162,0.838,0.849,0.283,203482.0,Kelly Olynyk,0.3399118457300276,0.1530853994490358,3849.1,18.181818181818183,88.70803662258393,74.41860465116275,56.92519125342234,20.100925147182505,44.67353951890035,34.844493770213205,34.831460674157306,26.41509433962264,50.0,35.67786728853085,22.974985970255375,36.96093729367864,29.967961631967007,27.81740370898716,35.294117647058826,31.181924981119412,2018-19,0.0
1626162,Kelly Oubre Jr.,Kelly,1610612756,PHX,23.0,69,21,48,0.304,1934.7933333333333,113.3,254,0.126,0.206,84,0.25,59,0.246,743.0,641.0,637.0,2048.0,3.09,3.0882406727477982,157,284,500,444,115,472,115,254,205,46,110,44,148,459,489,463,439,251,69,440,259,181,208,6,10,22,25,31,56,0.446,0.554,2,50,20,5,52,0.038,0.962,0.87,0.217,1626162.0,Kelly Oubre Jr.,0.369593567251462,0.1410233918128655,4079.9,29.292929292929298,63.072227873855546,31.976744186046503,41.78663751953279,14.297729184188391,33.33333333333333,25.71909167367535,68.53932584269663,45.911949685534594,20.0,48.48491272701576,3.5315369335641464,47.08391076650915,25.30772385003665,20.827389443651924,5.263157894736842,13.823485246640136,2018-19,0.0
202689,Kemba Walker,Kemba,1610612766,CHA,29.0,82,39,43,0.476,2862.605,111.8,309,0.106,0.153,102,0.239,34,0.118,820.0,769.0,800.0,2864.0,5.72,5.717140973067955,1,118,474,293,3,427,77,333,337,24,131,110,308,487,521,517,525,114,82,589,278,311,156,27,28,65,45,88,133,0.338,0.662,0,74,50,8,74,0.0,1.0,0.909,0.145,202689.0,Kemba Walker,0.363191135734072,0.1691135734072022,6062.1,16.666666666666664,21.566632756866735,40.69767441860465,24.389406736221183,15.895710681244744,78.00687285223368,53.16240798383811,49.063670411985015,57.23270440251572,90.0,62.15691470567451,7.725544037545,23.509380580193895,15.617462308869449,28.673323823109843,8.978328173374612,19.81057578072899,2018-19,0.0
203145,Kent Bazemore,Kent,1610612737,ATL,29.0,67,24,43,0.358,1643.4133333333334,110.2,224,0.126,0.195,89,0.306,42,0.211,688.0,531.0,484.0,1600.0,4.11,4.112602956045766,179,262,474,412,163,361,138,255,230,38,52,80,176,434,416,382,359,194,67,351,212,139,143,6,11,27,40,51,91,0.44,0.56,0,48,28,9,48,0.0,1.0,0.875,0.281,203145.0,Kent Bazemore,0.3422753623188406,0.1408202898550724,3659.5,20.707070707070702,85.85961342828077,49.999999999999964,50.83369298272654,10.344827586206897,18.900343642611684,15.47813722004977,44.19475655430712,49.056603773584904,20.0,39.84771394247756,21.426729602821496,47.254362965930206,34.34054628437585,16.547788873038517,4.953560371517028,11.330386047353848,2018-19,0.0
203484,Kentavious Caldwell-Pope,Kentavious,1610612747,LAL,26.0,82,37,45,0.451,2035.135,110.1,190,0.088,0.131,73,0.23,13,0.064,824.0,639.0,609.0,2162.0,5.1,5.098777925615175,1,139,488,325,99,354,183,411,407,62,149,260,408,489,485,446,454,139,81,267,102,165,105,5,17,36,34,47,81,0.42,0.58,7,77,43,8,84,0.083,0.917,0.896,0.167,203484.0,Kentavious Caldwell-Pope,0.3642632978723404,0.1518377659574468,4663.5,6.0606060606060606,57.273652085452696,50.58139534883722,35.11536949136017,1.0933557611438185,27.835051546391753,17.13837323229258,29.962546816479403,38.9937106918239,16.666666666666664,29.79948413539679,7.023208430783205,38.008006829706595,22.5156076302449,11.697574893009984,9.442724458204331,10.682892197347442,2018-19,0.0
201142,Kevin Durant,Kevin,1610612744,GSW,30.0,78,54,24,0.692,2701.5316666666668,107.3,464,0.153,0.224,58,0.133,84,0.225,954.0,786.0,842.0,2590.0,9.06,9.063397463692352,68,10,245,65,8,224,28,162,166,115,421,25,160,524,522,522,504,20,78,609,326,283,118,3,60,157,35,40,75,0.467,0.533,5,105,70,28,110,0.045,0.955,1.0,0.4,201142.0,Kevin Durant,0.2698219178082192,0.1586876712328767,5935.3,41.91919191919192,35.50356052899288,66.86046511627906,45.90903923189404,19.932716568544993,68.38487972508591,49.00401446246954,34.831460674157306,29.55974842767295,10.0,26.778496219348455,68.88842601614074,32.25926155560771,50.573843785874224,50.78459343794579,13.777089783281737,34.131216793346965,2018-19,0.0
1628989,Kevin Huerter,Kevin,1610612737,ATL,20.0,75,27,48,0.36,2048.53,111.6,185,0.087,0.126,65,0.188,25,0.121,871.0,579.0,740.0,2180.0,4.25,4.252538304398173,98,229,500,410,95,418,190,421,422,96,259,166,301,505,447,504,458,187,75,437,224,213,118,0,10,24,36,45,81,0.444,0.556,4,91,59,11,96,0.042,0.948,0.881,0.164,1628989.0,Kevin Huerter,0.3172754820936639,0.1083746556473829,4540.6,12.12121212121212,56.358087487283825,41.86046511627908,35.038931748103955,11.35407905803196,44.329896907216494,31.13956976754268,34.831460674157306,33.9622641509434,0.0,25.81937672249311,37.80326951242838,74.48418276878725,56.14372614060781,10.984308131241084,11.609907120743031,11.26582767651696,2018-19,0.0
1628995,Kevin Knox II,Kevin,1610612752,NYK,19.0,75,15,60,0.2,2157.8933333333334,115.1,274,0.12,0.179,43,0.149,24,0.101,740.0,657.0,548.0,2298.0,2.2,2.200169336609879,98,352,525,496,80,500,97,273,271,181,372,175,341,458,495,421,470,303,75,512,251,261,62,0,21,48,30,36,66,0.455,0.545,3,123,57,17,126,0.024,0.976,0.919,0.274,1628995.0,Kevin Knox II,0.3181313672922252,0.1494906166219839,4676.6,11.616161616161616,50.356052899287896,21.511627906976756,27.648990137959597,13.624894869638352,60.824742268041234,41.94480330868008,13.857677902621724,20.125786163522015,0.0,12.587096318281397,37.24260930181805,39.97783898172856,38.6102241417733,23.680456490727533,16.563467492260063,20.477811441417177,2018-19,0.0
203114,Khris Middleton,Khris,1610612749,MIL,27.0,77,56,21,0.727,2393.338333333333,104.2,411,0.149,0.204,80,0.212,7,0.021,738.0,605.0,523.0,2124.0,10.21,10.209848251783944,74,4,202,42,44,101,37,182,207,55,190,339,467,457,465,407,451,8,77,415,170,245,136,1,29,61,31,35,66,0.47,0.53,25,96,58,18,121,0.207,0.793,0.795,0.247,203114.0,Khris Middleton,0.2988714285714285,0.1378771428571428,5254.4,3.0303030303030303,59.20651068158698,84.88372093023251,43.15533018323478,6.812447434819176,55.32646048109966,35.920855262587466,41.57303370786517,43.39622641509434,3.3333333333333335,32.65122606176242,49.85911595212059,49.72438287350685,49.791749412813715,43.22396576319544,12.38390092879257,29.34593658771415,2018-19,0.0
202691,Klay Thompson,Klay,1610612744,GSW,29.0,78,55,23,0.705,2652.3333333333335,108.5,262,0.089,0.133,84,0.198,47,0.135,973.0,762.0,832.0,2628.0,7.91,7.905586042037196,68,8,230,54,13,276,106,404,402,46,233,70,282,525,518,521,511,44,77,456,282,174,166,1,24,54,29,52,81,0.358,0.642,6,84,55,15,90,0.067,0.933,0.846,0.231,202691.0,Klay Thompson,0.2988271276595745,0.1303324468085106,5821.4,23.232323232323232,33.5707019328586,59.88372093023253,36.01360520198793,16.232127838519762,30.927835051546392,25.049552166335737,52.80898876404494,45.911949685534594,3.3333333333333335,38.02611122888842,49.888135917195456,56.056227477206846,52.97218169720115,21.96861626248217,10.526315789473683,16.81958104962835,2018-19,0.0
1628398,Kyle Kuzma,Kyle,1610612747,LAL,23.0,70,33,37,0.471,2313.5816666666665,109.7,322,0.127,0.182,41,0.115,26,0.099,871.0,642.0,724.0,2450.0,6.07,6.066966230263439,148,169,416,301,55,342,67,251,261,192,452,161,345,505,490,500,488,100,70,597,369,228,50,7,47,109,28,37,65,0.431,0.569,22,247,122,27,269,0.082,0.918,0.878,0.194,1628398.0,Kyle Kuzma,0.3256789772727272,0.1433778409090909,4913.3,12.626262626262626,42.624618514750765,52.90697674418601,33.19586571671432,23.549201009251473,49.48453608247423,39.110402053185126,9.363295880149812,18.867924528301888,23.333333333333332,16.182425270298918,32.29843617160594,45.10795233047329,38.70319425103962,30.527817403708983,35.758513931888544,32.881630841389786,2018-19,0.0
200768,Kyle Lowry,Kyle,1610612761,TOR,33.0,65,47,18,0.723,2213.2933333333335,105.5,271,0.114,0.167,91,0.237,31,0.133,703.0,587.0,589.0,2092.0,8.55,8.546111134773058,196,51,168,47,69,144,98,287,292,35,134,131,284,444,457,435,445,33,65,353,177,176,144,23,30,68,29,78,107,0.271,0.729,24,111,70,22,135,0.178,0.822,0.778,0.244,200768.0,Kyle Lowry,0.3085816023738872,0.1372729970326409,4737.4,15.151515151515152,60.83418107833164,77.3255813953488,46.683964786859335,7.401177460050462,31.615120274914087,21.929543148968634,44.569288389513105,50.314465408805034,76.66666666666667,54.60444491555367,43.498323525401666,50.23140892917065,46.86486622728616,23.25249643366619,14.705882352941178,19.406520097339936,2018-19,0.0
202681,Kyrie Irving,Kyrie,1610612738,BOS,27.0,67,37,30,0.552,2213.846666666667,107.1,264,0.113,0.166,103,0.256,34,0.152,665.0,618.0,635.0,2122.0,7.52,7.523168532512239,179,139,324,209,68,214,104,298,298,23,102,110,257,419,473,461,450,52,67,357,180,177,170,12,21,47,51,67,118,0.432,0.568,12,54,41,8,66,0.182,0.818,0.854,0.167,202681.0,Kyrie Irving,0.3165258358662614,0.1692066869300911,4825.9,16.666666666666664,59.30824008138352,68.0232558139535,44.43036464863927,7.653490328006729,31.958762886597935,22.23665386316145,54.30711610486891,57.861635220125784,40.0,51.97441876899159,38.294336319571734,23.4312355689654,30.86278594426857,22.25392296718973,5.88235294117647,14.886716455483764,2018-19,0.0
200746,LaMarcus Aldridge,LaMarcus,1610612759,SAS,33.0,81,48,33,0.593,2686.65,111.0,493,0.18,0.252,43,0.127,107,0.413,780.0,702.0,750.0,2554.0,5.93,5.928317971260808,22,38,372,165,11,397,22,111,120,181,432,14,64,471,508,507,501,104,81,1103,907,196,90,0,335,730,40,35,75,0.533,0.467,137,657,421,151,794,0.173,0.827,0.863,0.309,200746.0,LaMarcus Aldridge,0.3408493150684931,0.1543506849315068,5581.8,53.535353535353536,37.33468972533062,45.3488372093023,45.81849212033271,68.7973086627418,38.48797250859107,50.61170697025136,24.344569288389515,20.125786163522015,0.0,16.78185287258851,22.360882866675187,35.899053421527604,29.129968144101397,54.92154065620542,99.22600619195046,74.8585501472907,2018-19,0.0
1629013,Landry Shamet,Landry,1610612746,LAC,22.0,79,51,28,0.646,1801.8933333333337,109.3,113,0.06,0.086,37,0.134,10,0.058,670.0,445.0,510.0,1990.0,4.94,4.939390108645287,56,21,292,106,138,320,291,495,499,211,414,298,424,422,367,397,427,147,79,437,256,181,60,1,21,47,13,24,37,0.351,0.649,1,108,56,4,109,0.009,0.991,0.862,0.062,1629013.0,Landry Shamet,0.3052547425474254,0.0937886178861788,3828.8,4.545454545454546,66.02238046795524,55.23255813953487,38.73415451684987,14.045416316232128,33.33333333333333,25.61816652649285,13.108614232209735,16.352201257861633,3.3333333333333335,11.8000494664688,45.67763207532231,86.72543462205277,66.20153334868755,0.7132667617689016,14.241486068111456,6.800965449623051,2018-19,0.0
204038,Langston Galloway,Langston,1610612765,DET,27.0,80,41,39,0.513,1745.1716666666666,107.9,122,0.07,0.101,37,0.152,8,0.054,534.0,439.0,378.0,1858.0,5.58,5.578094393629793,42,103,438,246,147,249,276,473,477,211,363,319,427,358,360,314,400,118,79,379,229,150,63,2,7,17,32,33,65,0.492,0.508,3,56,33,1,59,0.051,0.949,0.917,0.028,204038.0,Langston Galloway,0.2504186666666667,0.084408,3712.0,3.535353535353535,72.73652085452696,63.37209302325575,42.71494696903979,11.774600504625736,22.68041237113402,18.318087624530705,14.232209737827716,16.352201257861633,6.666666666666667,13.082821002049323,81.59881157933853,94.59806651591698,88.09843904762775,1.9971469329529243,6.191950464396285,3.884808522102437,2018-19,0.0
1626204,Larry Nance Jr.,Larry,1610612739,CLE,26.0,67,16,51,0.239,1795.4433333333334,114.6,384,0.224,0.32,100,0.391,40,0.46,647.0,441.0,533.0,1770.0,2.08,2.0803513991707403,179,341,510,473,139,488,44,49,54,25,13,88,43,407,363,417,388,314,67,571,416,155,187,3,191,445,45,44,89,0.506,0.494,80,370,224,105,450,0.178,0.822,0.842,0.395,1626204.0,Larry Nance Jr.,0.3006772334293948,0.1182017291066282,3859.8,19.696969696969695,77.21261444557477,24.4186046511628,41.00785409752975,27.50210260723297,24.398625429553263,25.640016300625145,60.67415730337079,55.9748427672956,10.0,46.36085788990178,48.676196871745766,66.23686549424093,57.456531182993345,39.37232524964337,54.79876160990712,46.31422161176205,2018-19,0.0
1628374,Lauri Markkanen,Lauri,1610612741,CHI,22.0,52,16,36,0.308,1682.128333333333,112.3,396,0.234,0.333,37,0.15,33,0.216,594.0,462.0,453.0,1736.0,3.11,3.11083007991585,281,341,406,441,158,447,43,38,40,211,369,119,168,387,377,361,382,248,52,424,261,163,56,2,59,132,20,24,44,0.455,0.545,14,172,83,32,186,0.075,0.925,0.847,0.327,1628374.0,Lauri Markkanen,0.3383527508090615,0.1206181229773462,3327.8,16.161616161616163,78.94201424211597,37.7906976744186,43.542025867991704,14.465937762825904,27.147766323024054,22.075034898944793,11.610486891385769,16.352201257861633,6.666666666666667,12.034131863472544,23.99629407117791,64.20892024739516,44.102607159286535,41.08416547788873,24.148606811145513,33.46316407785429,2018-19,0.0
2544,LeBron James,LeBron,1610612747,LAL,34.0,55,28,27,0.509,1937.4016666666664,107.6,408,0.193,0.279,72,0.237,33,0.146,713.0,511.0,615.0,2044.0,6.25,6.245637435913718,270,219,271,249,114,238,38,87,89,66,135,119,262,446,405,450,438,95,55,314,177,137,98,6,40,88,37,47,84,0.44,0.56,13,119,68,40,132,0.098,0.902,0.944,0.556,2544.0,LeBron James,0.2858110749185668,0.1351563517915309,4083.1,16.161616161616163,63.275686673448625,65.11627906976744,44.890206567795346,7.401177460050462,18.213058419243985,13.888306035566576,27.340823970037455,38.36477987421384,20.0,29.364002543989827,58.41449305405867,52.00779178959076,55.21114242182472,42.796005706134096,15.944272445820436,30.71272573899295,2018-19,0.0
101150,Lou Williams,Lou,1610612746,LAC,32.0,75,47,28,0.627,1992.5883333333336,109.2,182,0.081,0.125,57,0.198,11,0.051,709.0,654.0,598.0,2100.0,5.61,5.610958507556123,98,51,292,125,105,317,194,440,424,119,234,290,430,445,494,440,446,117,75,277,109,168,95,0,18,41,21,46,67,0.313,0.687,1,61,33,4,62,0.016,0.984,0.825,0.1,101150.0,Lou Williams,0.3058484042553191,0.1273829787234042,4386.7,5.05050505050505,60.42726347914547,55.81395348837205,37.12323260999595,1.682085786375105,28.865979381443296,17.99242194341602,26.21722846441947,28.930817610062892,0.0,20.612677549289803,45.28874522608313,58.53155232238093,51.91014877423203,10.556348074179745,6.96594427244582,8.940666363399478,2018-19,0.0
1629029,Luka Dončić,Luka,1610612742,DAL,20.0,72,28,44,0.389,2317.74,110.6,477,0.198,0.281,77,0.234,25,0.125,827.0,612.0,889.0,2302.0,5.45,5.45329377414938,135,219,485,392,53,385,25,77,88,58,141,166,296,490,472,529,471,125,72,454,258,196,145,8,7,15,51,50,101,0.505,0.495,5,50,36,15,55,0.091,0.909,0.923,0.385,1629029.0,Luka Dončić,0.3492872928176795,0.1305994475138121,4838.2,12.12121212121212,50.15259409969482,47.67441860465117,34.320497434540826,14.21362489486964,38.48797250859107,28.7782334631025,44.9438202247191,41.509433962264154,26.666666666666668,39.172496643346754,16.833461210200046,55.8321486058845,36.33280490804227,52.63908701854494,5.263157894736842,31.319918912831294,2018-19,0.0
1627763,Malcolm Brogdon,Malcolm,1610612749,MIL,26.0,64,49,15,0.766,1831.5916666666667,102.7,223,0.107,0.146,46,0.163,13,0.058,554.0,418.0,368.0,1566.0,8.67,8.670215110497402,201,30,145,26,134,71,139,326,359,162,339,260,425,369,347,311,356,31,64,402,223,179,64,0,13,31,41,35,76,0.539,0.461,8,40,29,8,48,0.167,0.833,0.935,0.258,1627763.0,Malcolm Brogdon,0.3048088235294118,0.1437823529411764,3867.5,6.0606060606060606,87.58901322482198,93.60465116279066,56.48155984362778,11.269974768713205,32.64604810996563,24.09561877346466,14.606741573033707,22.0125786163522,0.0,13.547099144936752,45.96973789859738,44.76846783554033,45.369102867068854,16.405135520684734,3.7151702786377703,10.694651161763602,2018-19,0.0
1627736,Malik Beasley,Malik,1610612743,DEN,22.0,81,53,28,0.654,1878.7233333333336,107.3,165,0.085,0.123,55,0.187,10,0.061,581.0,493.0,456.0,1946.0,6.37,6.370512255411765,22,13,292,97,128,221,221,427,429,127,264,298,415,380,394,365,415,91,80,354,182,172,91,4,5,10,29,37,66,0.439,0.561,1,80,48,9,81,0.012,0.988,0.873,0.164,1627736.0,Malik Beasley,0.3023868421052632,0.1276236842105263,4006.0,4.545454545454546,68.26042726347914,66.86046511627906,42.42444763946928,7.821698906644239,30.240549828178693,21.27300945956491,24.719101123595504,27.67295597484277,13.333333333333334,22.906508373966503,47.5562925178852,58.32954156808541,52.94291704298531,8.131241084165477,9.907120743034056,8.93038693065634,2018-19,0.0
201188,Marc Gasol,Marc,1610612761,TOR,34.0,79,39,40,0.494,2435.985,104.9,547,0.227,0.327,84,0.191,86,0.326,786.0,553.0,683.0,2146.0,9.49,9.49021567278263,56,118,454,270,41,123,13,46,48,46,250,23,98,474,429,488,453,18,79,741,627,114,131,27,217,497,30,44,74,0.405,0.595,27,517,307,118,544,0.05,0.95,0.927,0.356,201188.0,Marc Gasol,0.3331836734693877,0.1207492711370262,4993.7,42.92929292929293,58.08748728382503,80.81395348837202,57.705826093148936,45.24810765349033,10.309278350515465,24.28481007170541,39.70037453183521,45.911949685534594,90.0,54.449332202671194,27.38237434782506,64.09885487672919,45.74061461227713,62.62482168330956,77.55417956656346,69.34303273077381,2018-19,0.0
201158,Marco Belinelli,Marco,1610612759,SAS,33.0,79,46,33,0.582,1815.3566666666663,110.1,182,0.093,0.135,35,0.168,8,0.045,604.0,497.0,555.0,1828.0,4.64,4.642637902451981,56,61,372,181,136,358,194,390,391,224,328,319,442,391,396,423,397,161,79,412,186,226,66,0,17,36,21,18,39,0.538,0.462,1,49,36,3,50,0.02,0.98,0.923,0.077,201158.0,Marco Belinelli,0.314641304347826,0.1247663043478261,3875.1,3.535353535353535,74.26246185147508,50.58139534883722,40.05135189936699,8.15811606391926,48.797250859106526,32.541596941031614,15.355805243445692,15.09433962264151,0.0,11.425340965302803,39.528826458907986,60.72758187981398,50.128204169360984,10.556348074179745,5.108359133126935,8.10475305070598,2018-19,0.0
202694,Marcus Morris Sr.,Marcus,1610612738,BOS,29.0,75,44,31,0.587,2090.5066666666667,108.9,382,0.176,0.254,43,0.12,25,0.12,682.0,522.0,633.0,2008.0,6.03,6.0332796802297635,98,77,335,173,90,298,45,114,118,181,443,166,303,429,409,458,430,102,75,436,226,210,75,0,50,111,24,32,56,0.429,0.571,49,311,181,60,361,0.136,0.861,0.883,0.293,202694.0,Marcus Morris Sr.,0.3199657142857143,0.1569742857142857,4461.4,12.12121212121212,65.10681586978637,57.55813953488366,42.02540528663099,11.522287636669471,43.29896907216495,30.58829649796676,18.726591760299627,20.125786163522015,0.0,14.534661861352555,36.040993275006485,33.69721091500104,34.86910209500376,39.08701854493581,45.6656346749226,42.047395803429865,2018-19,0.0
203935,Marcus Smart,Marcus,1610612738,BOS,25.0,80,48,32,0.6,2199.7833333333333,106.7,177,0.077,0.114,143,0.345,28,0.118,683.0,623.0,643.0,2076.0,7.78,7.78360294191262,42,38,352,154,71,195,201,456,454,3,23,149,310,431,475,468,442,47,80,557,227,330,228,14,20,50,29,54,83,0.349,0.651,36,164,114,21,200,0.18,0.82,0.844,0.156,203935.0,Marcus Smart,0.2951129943502825,0.1467062146892655,4721.3,13.636363636363637,61.64801627670396,70.34883720930229,44.61856045371741,11.606391925988223,84.5360824742268,55.36420625493137,76.02996254681648,83.01886792452831,46.666666666666664,71.13525545897816,52.32113366843931,42.31463296767195,47.317883318055635,9.843081312410842,22.910216718266255,15.72329224504578,2018-19,0.0
1628963,Marvin Bagley III,Marvin,1610612758,SAC,20.0,62,30,32,0.484,1567.495,111.0,309,0.18,0.275,33,0.139,59,0.399,528.0,488.0,489.0,1684.0,3.49,3.4852907409275673,224,201,352,281,174,398,77,108,95,230,399,44,69,353,391,383,372,229,62,561,320,241,50,0,48,105,33,25,58,0.569,0.431,50,242,127,52,292,0.171,0.829,0.901,0.369,1628963.0,Marvin Bagley III,0.3109634831460674,0.145126404494382,3529.5,29.292929292929298,81.58697863682605,45.3488372093023,51.60982354238641,19.428090832632464,53.95189003436426,40.14237035367154,9.363295880149812,13.836477987421384,0.0,8.58808564765741,41.93803742906066,43.64047997235769,42.78925870070917,28.673323823109843,34.984520123839005,31.513362158437968,2018-19,0.0
101107,Marvin Williams,Marvin,1610612766,CHA,33.0,75,35,40,0.467,2133.2633333333333,110.9,331,0.152,0.22,71,0.216,61,0.28,571.0,562.0,630.0,2162.0,4.83,4.8268811808577885,98,152,454,305,85,395,62,167,177,71,184,42,126,376,435,455,454,153,75,666,420,246,138,0,134,318,24,46,70,0.343,0.657,20,365,177,37,385,0.052,0.948,0.863,0.18,101107.0,Marvin Williams,0.3457447447447447,0.1971261261261261,4280.8,30.303030303030305,57.273652085452696,45.93023255813948,43.649548490655434,27.83851976450799,55.670103092783506,44.537469761473304,42.32209737827715,37.735849056603776,0.0,30.136386121122182,19.154059524094876,0.0,9.577029762047438,31.81169757489301,54.024767801857585,41.807579177027065,2018-19,0.0
203486,Mason Plumlee,Mason,1610612743,DEN,29.0,82,54,28,0.659,1730.92,106.1,359,0.198,0.291,66,0.232,76,0.434,459.0,514.0,390.0,1684.0,6.48,6.477276154395914,1,10,292,91,148,168,54,79,76,93,147,30,56,317,406,324,372,86,82,529,359,170,131,5,206,451,40,29,69,0.58,0.42,91,211,139,58,302,0.301,0.699,0.848,0.354,203486.0,Mason Plumlee,0.3248032345013477,0.1238652291105121,3718.2,37.878787878787875,81.58697863682605,73.83720930232559,62.16625999998566,22.70815811606392,29.553264604811,26.81522200931217,39.70037453183521,34.59119496855346,16.666666666666664,32.15373471839446,32.872104377888164,61.483804309735255,47.177954343811706,35.805991440798856,30.185758513931887,33.27688662370872,2018-19,0.0
1628467,Maxi Kleber,Maxi,1610612742,DAL,27.0,71,30,41,0.423,1502.1616666666666,105.3,239,0.149,0.219,36,0.188,78,0.479,481.0,397.0,514.0,1474.0,5.93,5.9285340193242035,144,201,462,358,183,135,127,180,184,217,260,28,37,333,335,400,341,104,70,604,416,188,53,5,73,180,19,21,40,0.475,0.525,39,266,155,54,305,0.128,0.872,0.886,0.309,1628467.0,Maxi Kleber,0.2617438692098092,0.0942452316076294,3232.3,38.88888888888889,92.26856561546288,78.48837209302324,67.47164654422338,27.50210260723297,35.738831615120276,32.44414001196535,10.486891385767793,15.723270440251572,16.666666666666664,13.864567875061832,74.18007077891757,86.34222407128892,80.26114742510325,18.687589158345222,38.69969040247678,27.693034718204427,2018-19,0.0
1628969,Mikal Bridges,Mikal,1610612756,PHX,22.0,82,19,63,0.232,2417.115,112.0,208,0.085,0.134,129,0.269,38,0.146,952.0,799.0,718.0,2608.0,4.68,4.679650501946956,1,307,528,476,42,438,159,426,398,8,87,99,264,523,524,498,508,160,81,529,288,241,223,0,26,59,28,75,103,0.272,0.728,6,123,63,7,129,0.047,0.953,0.926,0.103,1628969.0,Mikal Bridges,0.3615475578406169,0.1669408740359897,5432.6,18.68686868686869,34.58799593082401,39.53488372093021,29.464266980768432,16.736753574432296,53.95189003436426,39.065835450391475,74.15730337078652,74.21383647798741,0.0,55.63776411561021,8.80219395443574,25.332806560564347,17.067500257500043,14.265335235378032,16.563467492260063,15.299494750974947,2018-19,0.0
201144,Mike Conley,Mike,1610612763,MEM,31.0,70,30,40,0.429,2341.8,105.6,199,0.088,0.128,94,0.227,22,0.079,798.0,566.0,761.0,2028.0,9.01,9.010447739827312,148,201,454,350,50,150,170,413,416,31,157,191,380,479,439,510,436,23,70,452,189,263,148,5,20,44,56,63,119,0.471,0.529,0,47,33,5,47,0.0,1.0,0.971,0.147,201144.0,Mike Conley,0.3177840909090909,0.1624715909090909,4613.6,10.606060606060606,64.08952187182095,76.74418604651163,45.85980340918948,8.410428931875526,61.512027491408936,40.271388067595566,46.06741573033708,52.20125786163522,16.666666666666664,40.864073210373824,37.47009781363638,29.083627808637264,33.27686281113682,12.981455064194009,4.798761609907121,9.29924300976491,2018-19,0.0
1628970,Miles Bridges,Miles,1610612766,CHA,21.0,80,38,42,0.475,1696.3333333333333,111.5,256,0.148,0.214,55,0.216,49,0.29,506.0,473.0,474.0,1826.0,3.61,3.606397001527044,42,132,465,296,155,415,114,183,189,127,185,68,121,345,384,377,396,218,79,483,282,201,83,0,36,83,17,21,38,0.447,0.553,8,152,82,28,160,0.05,0.95,0.911,0.311,1628970.0,Miles Bridges,0.3001084656084656,0.1301640211640211,3731.5,24.24242424242424,74.36419125127162,42.44186046511626,46.334901751193826,16.232127838519762,40.20618556701031,30.61656247561409,21.722846441947567,27.67295597484277,0.0,18.374673167973995,49.04877661352259,56.19757777168011,52.62317719260135,21.11269614835949,21.052631578947366,21.085667092124034,2018-19,0.0
1628420,Monte Morris,Monte,1610612743,DEN,24.0,82,54,28,0.659,1970.2083333333333,105.1,159,0.078,0.114,73,0.219,4,0.024,540.0,531.0,469.0,2014.0,7.87,7.869463210788857,1,10,292,91,110,128,230,448,451,62,171,388,464,361,416,373,433,45,81,356,146,210,110,7,21,48,24,45,69,0.348,0.652,2,79,61,8,81,0.025,0.975,0.938,0.123,1628420.0,Monte Morris,0.2824742268041237,0.1259123711340206,4115.1,1.5151515151515151,64.80162767039674,79.65116279069768,43.19942098837389,4.79394449116905,43.29896907216495,27.896959239766588,31.83520599250936,38.9937106918239,23.333333333333332,32.215214472475445,60.60034457919681,59.76575164187336,60.18304811053508,7.275320970042796,9.75232198142415,8.389971425164406,2018-19,0.0
1626149,Montrezl Harrell,Montrezl,1610612746,LAC,25.0,82,48,34,0.585,2158.1483333333335,109.9,351,0.146,0.219,71,0.225,110,0.46,809.0,664.0,630.0,2208.0,5.57,5.566984299913677,1,38,382,175,78,350,58,191,182,71,163,12,42,481,496,455,462,119,82,999,756,243,94,19,265,589,49,37,86,0.57,0.43,52,520,299,100,572,0.091,0.909,0.901,0.301,1626149.0,Montrezl Harrell,0.3361432225063938,0.1255268542199488,4722.7,55.05050505050505,54.93387589013224,51.744186046511565,54.1831050933762,56.09756097560976,54.63917525773196,55.22252954488307,25.842696629213485,37.735849056603776,63.33333333333333,39.37795915483005,25.443678142786503,60.08929458863565,42.766486365711074,34.66476462196862,78.0185758513932,54.17397967520968,2018-19,0.0
1626167,Myles Turner,Myles,1610612754,IND,23.0,74,43,31,0.581,2118.8166666666666,104.5,430,0.195,0.292,60,0.15,199,0.76,680.0,629.0,567.0,1940.0,8.78,8.78459862493046,112,88,335,182,86,111,33,86,75,105,371,1,3,426,479,426,412,29,74,893,732,161,108,1,216,496,26,32,58,0.448,0.552,38,448,263,94,486,0.078,0.922,0.883,0.315,1626167.0,Myles Turner,0.3196495726495726,0.1463447293447293,4460.3,100.0,68.56561546286876,83.1395348837209,84.78284913293429,54.079058031959626,26.46048109965636,37.507911872577665,31.086142322097377,30.81761006289308,3.3333333333333335,24.05395378418486,36.24808651204319,42.618007552064,39.433047032053594,45.93437945791726,66.87306501547987,55.35678795882043,2018-19,1.0
202357,Nemanja Bjelica,Nemanja,1610612758,SAC,31.0,77,38,39,0.494,1787.91,108.7,319,0.171,0.25,54,0.163,56,0.341,639.0,503.0,533.0,1940.0,5.26,5.259628010339484,74,132,438,272,141,286,71,127,130,132,338,50,90,403,399,417,412,132,76,735,435,300,125,0,36,89,24,19,43,0.558,0.442,31,163,86,35,194,0.16,0.84,0.896,0.365,202357.0,Nemanja Bjelica,0.3110680473372781,0.1401331360946745,3994.6,27.77777777777778,68.56561546286876,58.720930232558096,49.7893090812547,29.10008410428932,74.22680412371135,56.176116115942534,37.453183520599254,27.044025157232703,0.0,24.446682213271146,41.8695411148762,47.8310529745988,44.8502970447375,30.09985734664765,22.755417956656345,26.79485962115156,2018-19,0.0
201587,Nicolas Batum,Nicolas,1610612766,CHA,30.0,75,35,40,0.467,2354.0183333333334,110.3,319,0.131,0.193,71,0.204,43,0.17,695.0,671.0,659.0,2390.0,5.77,5.7748453578388785,98,152,454,305,48,368,71,237,235,71,211,78,230,436,499,475,484,111,75,575,321,254,142,1,27,68,25,42,67,0.373,0.627,7,129,81,22,136,0.051,0.949,0.92,0.25,201587.0,Nicolas Batum,0.3104349112426036,0.1206272189349112,4827.2,21.21212121212121,45.676500508647,49.41860465116278,36.82627482566563,19.51219512195122,58.4192439862543,42.85642444053307,43.82022471910113,37.735849056603776,3.3333333333333335,31.568970390785104,42.28428624282318,64.20128651510801,53.24278637896559,30.09985734664765,17.492260061919502,24.426438568519984,2018-19,0.0
203999,Nikola Jokić,Nikola,1610612743,DEN,24.0,80,53,27,0.663,2503.5866666666666,107.5,637,0.249,0.349,108,0.281,55,0.247,829.0,571.0,668.0,2516.0,8.13,8.13388053841707,42,13,271,87,34,234,9,27,32,19,73,53,147,491,443,482,498,39,80,795,569,226,195,5,295,652,42,40,82,0.512,0.488,88,405,276,126,493,0.178,0.822,0.882,0.403,203999.0,Nikola Jokić,0.3519972222222222,0.1581,5182.1,27.27272727272727,39.2675483214649,65.69767441860462,41.07715142625477,40.37005887300252,48.797250859106526,45.42637406466493,63.67041198501872,61.0062893081761,16.666666666666664,50.987032718535794,15.058282023500691,32.75246140098979,23.90537171224524,75.46362339514978,60.216718266253864,68.60251608714663,2018-19,0.0
202696,Nikola Vučević,Nikola,1610612753,ORL,28.0,80,41,39,0.513,2510.1766666666667,106.4,736,0.286,0.394,81,0.232,89,0.341,787.0,554.0,688.0,2462.0,9.06,9.056255005659036,42,103,438,246,33,181,3,13,14,53,144,22,91,475,430,489,490,20,80,853,741,112,127,0,351,797,52,30,82,0.634,0.366,57,662,348,163,719,0.079,0.921,0.874,0.41,202696.0,Nikola Vučević,0.3453286516853932,0.1333820224719101,5114.7,44.44444444444444,42.01424211597152,72.09302325581389,50.506018332321275,54.83599663582843,9.621993127147768,27.707594530620035,38.20224719101123,44.0251572327044,0.0,30.689703907851033,19.42662741366894,53.496887898328595,36.46175765599877,89.58630527817404,100.0,94.27246790299571,2018-19,0.0
203943,Noah Vonleh,Noah,1610612752,NYK,23.0,68,13,55,0.191,1721.695,112.4,415,0.234,0.347,46,0.185,51,0.305,597.0,483.0,423.0,1808.0,3.14,3.1365015070691555,165,374,521,504,151,450,36,39,33,162,272,61,110,389,389,343,392,246,67,558,378,180,77,4,197,459,29,46,75,0.387,0.613,60,220,137,64,280,0.214,0.786,0.851,0.398,203943.0,Noah Vonleh,0.294775,0.144428125,3487.5,25.252525252525253,75.27975584944049,37.20930232558134,45.75125022970961,24.30613961312027,32.98969072164948,29.5162702782378,19.475655430711612,22.0125786163522,13.333333333333334,18.827998021341248,52.54254184786924,44.2265071919935,48.38452451993137,43.794579172610554,31.57894736842105,38.29754486072528,2018-19,0.0
203490,Otto Porter Jr.,Otto,1610612741,CHI,26.0,56,25,31,0.446,1683.7516666666668,111.6,260,0.153,0.23,82,0.265,31,0.185,576.0,470.0,507.0,1718.0,3.55,3.5538977004826147,263,251,335,332,157,423,109,163,162,51,92,131,211,378,380,396,379,223,56,338,179,159,144,3,29,68,29,46,75,0.387,0.613,18,88,41,12,106,0.17,0.83,0.759,0.222,203490.0,Otto Porter Jr.,0.3368185053380783,0.1392918149466192,3464.4,15.151515151515152,79.85757884028484,41.86046511627908,44.47587493377552,7.5693860386879726,25.773195876288657,18.491671941248384,44.569288389513105,44.65408805031446,10.0,35.95664617341531,25.00132417373766,48.53712711422683,36.769225643982246,21.683309557774606,11.145510835913312,16.941300132937023,2018-19,0.0
200782,P.J. Tucker,P.J.,1610612745,HOU,34.0,82,53,29,0.646,2802.1266666666666,109.5,358,0.129,0.198,132,0.259,39,0.138,936.0,746.0,865.0,2966.0,7.43,7.431302835719534,1,13,312,105,7,328,55,242,222,7,98,92,278,522,516,523,526,55,82,665,362,303,194,24,91,234,36,72,108,0.333,0.667,79,418,240,90,497,0.159,0.841,0.839,0.315,200782.0,P.J. Tucker,0.3170305555555555,0.1356111111111111,5766.9,19.19191919191919,16.378433367243133,54.06976744186044,26.926661215767883,22.960470984020183,75.25773195876289,54.33882756886581,63.29588014981273,76.10062893081762,80.0,71.95357218571127,37.963712250158544,51.62613753538289,44.79492489277072,35.66333808844508,62.22910216718266,47.617931923876995,2018-19,0.0
1627783,Pascal Siakam,Pascal,1610612761,TOR,25.0,80,57,23,0.713,2547.6133333333332,104.2,425,0.154,0.222,73,0.172,52,0.19,769.0,647.0,690.0,2424.0,10.82,10.815067594344448,42,3,230,51,27,100,34,158,170,62,320,60,207,466,491,490,486,6,80,807,432,375,131,1,71,177,49,62,111,0.441,0.559,16,382,200,58,398,0.04,0.96,0.909,0.264,1627783.0,Pascal Siakam,0.3023763736263736,0.1389532967032967,5433.5,25.75757575757576,43.947100712105794,84.88372093023251,46.90544578482546,28.847771236333053,100.0,71.53910849453322,39.70037453183521,38.9937106918239,3.3333333333333335,30.36128188820578,47.56315004923272,48.821226685424826,48.19218836732877,45.22111269614836,56.656346749226,50.3669680200333,2018-19,0.0
201976,Patrick Beverley,Patrick,1610612746,LAC,30.0,78,48,30,0.615,2137.221666666667,108.7,312,0.135,0.201,67,0.216,43,0.208,735.0,623.0,613.0,2186.0,6.19,6.192597014740801,68,38,324,138,84,288,74,222,211,87,182,78,183,455,475,449,461,96,78,434,223,211,168,8,20,44,28,60,88,0.318,0.682,1,43,25,4,44,0.023,0.977,0.893,0.143,201976.0,Patrick Beverley,0.3192734806629834,0.1366215469613259,4435.7,21.21212121212121,56.0528992878942,58.720930232558096,42.783595793750976,11.269974768713205,43.6426116838488,30.69355691779456,53.558052434456926,35.22012578616352,26.666666666666668,40.41693166560667,36.49445110949671,50.77813481342726,43.63629296146198,29.101283880171184,4.179566563467492,17.886511087654526,2018-19,0.0
201988,Patty Mills,Patty,1610612759,SAS,30.0,82,48,34,0.585,1907.7083333333333,109.1,158,0.076,0.113,49,0.216,10,0.055,595.0,535.0,553.0,1938.0,5.5,5.497979875010112,1,38,382,175,121,311,231,458,456,153,183,298,426,388,420,422,411,123,82,262,104,158,94,9,32,70,32,45,77,0.416,0.584,2,78,46,6,80,0.025,0.975,0.852,0.111,201988.0,Patty Mills,0.340142091152815,0.156171581769437,4065.8,4.545454545454546,68.66734486266532,56.39534883720931,39.95058972941701,1.2615643397813288,25.42955326460481,15.762357694675416,25.842696629213485,23.89937106918239,30.0,26.201858525899233,22.824160313439418,34.370875779535986,28.5975180464877,7.132667617689016,9.597523219814242,8.241852638645367,2018-19,0.0
202331,Paul George,Paul,1610612760,OKC,29.0,77,46,31,0.597,2841.306666666667,103.9,523,0.173,0.246,170,0.301,34,0.114,898.0,683.0,665.0,2764.0,12.4,12.39910841598186,74,61,335,160,5,93,15,121,140,1,54,110,323,511,502,480,521,2,77,654,333,321,292,5,38,82,71,89,160,0.444,0.556,6,141,92,32,147,0.041,0.959,0.911,0.317,202331.0,Paul George,0.3208515406162465,0.1320224089635854,6214.2,16.666666666666664,26.653102746693797,86.62790697674411,37.65222937219552,20.52144659377628,81.44329896907216,57.07455801895381,100.0,100.0,16.666666666666664,79.16666666666667,35.46071968472217,54.63793604663191,45.04932786567704,59.201141226818834,19.34984520123839,41.268058015307645,2018-19,1.0
200794,Paul Millsap,Paul,1610612743,DEN,34.0,70,49,21,0.7,1894.5183333333337,105.4,352,0.182,0.256,83,0.271,54,0.327,663.0,402.0,497.0,1926.0,7.44,7.436717841374405,148,30,202,58,124,139,57,103,113,50,85,54,97,418,337,389,408,54,70,602,333,269,148,4,62,146,32,35,67,0.478,0.522,59,199,123,54,258,0.229,0.771,0.911,0.4,200794.0,Paul Millsap,0.3168942598187311,0.1276012084592145,3965.7,26.767676767676768,69.27772126144455,77.90697674418598,54.431017334622794,20.52144659377628,63.57388316151202,46.35290853441772,46.06741573033708,45.28301886792453,13.333333333333334,37.609356229241754,38.0529947808551,58.3484042185806,48.20069949971785,34.8074179743224,28.328173374613,31.891757904453172,2018-19,0.0
203493,Reggie Bullock Jr.,Reggie,1610612747,LAL,28.0,63,27,36,0.429,1878.89,110.3,151,0.082,0.117,40,0.156,12,0.078,672.0,462.0,579.0,2038.0,4.45,4.453104786540686,218,229,406,350,127,371,244,438,444,199,358,277,381,423,377,430,437,174,63,343,179,164,50,3,20,45,15,34,49,0.306,0.694,1,33,23,6,34,0.029,0.971,0.92,0.24,203493.0,Reggie Bullock Jr.,0.3157883435582822,0.1054141104294478,3901.6,5.555555555555555,63.58087487283826,49.41860465116278,36.830179590506305,7.5693860386879726,27.491408934707906,19.522599776299938,9.363295880149812,18.238993710691823,10.0,12.628966150802064,38.77744152271129,76.96880403667654,57.873122779693915,6.134094151212553,2.631578947368421,4.5579623094826935,2018-19,0.0
202704,Reggie Jackson,Reggie,1610612765,DET,29.0,82,41,41,0.5,2288.8683333333333,108.4,171,0.076,0.109,55,0.166,9,0.047,772.0,563.0,601.0,2354.0,6.92,6.915114370777064,1,103,462,251,59,268,207,457,461,127,333,310,435,467,436,441,477,67,82,472,223,249,78,7,23,55,37,38,75,0.493,0.507,6,77,37,8,83,0.072,0.928,0.787,0.17,202704.0,Reggie Jackson,0.3623472222222222,0.1442388888888889,4809.7,4.040404040404041,47.50762970498474,60.46511627906971,33.360111082673704,11.269974768713205,56.70103092783505,38.52860846418631,19.850187265917604,27.67295597484277,23.333333333333332,23.458942830895342,8.278362018374638,44.38532255595786,26.33184228716625,8.98716119828816,9.442724458204331,9.192164665250438,2018-19,0.0
201937,Ricky Rubio,Ricky,1610612762,UTA,28.0,68,40,28,0.588,1898.95,104.1,210,0.107,0.151,91,0.265,10,0.047,650.0,437.0,466.0,1786.0,8.16,8.158323381528874,165,113,292,169,123,98,156,327,347,35,93,298,437,410,359,371,390,37,68,396,226,170,201,4,21,49,37,62,100,0.37,0.62,1,59,33,5,60,0.017,0.983,0.786,0.119,201937.0,Ricky Rubio,0.3217962962962963,0.1212067901234568,3846.5,4.545454545454546,76.39877924720244,85.46511627906978,49.92403362447011,11.522287636669471,29.553264604811,22.34087381755439,65.91760299625467,50.314465408805034,13.333333333333334,47.31043742491696,34.841843555724466,63.714884587316966,49.27836407152071,14.550641940085592,6.656346749226007,10.99820910419878,2018-19,0.0
201577,Robin Lopez,Robin,1610612741,CHI,31.0,74,20,54,0.27,1605.6816666666666,109.9,146,0.085,0.122,11,0.05,78,0.51,550.0,445.0,421.0,1628.0,4.13,4.126927107977719,112,294,518,458,171,347,247,430,435,378,503,28,26,367,367,341,365,193,74,716,584,132,25,0,263,583,20,7,27,0.741,0.259,120,378,263,75,498,0.241,0.759,0.838,0.239,201577.0,Robin Lopez,0.333314371257485,0.1253413173652694,3387.4,38.88888888888889,84.4354018311292,51.744186046511565,58.04399270807867,41.63162321278385,16.49484536082474,26.549556501608382,0.0,0.0,0.0,0.0,27.29675883592686,60.245005372014695,43.77088210397078,5.420827389443652,56.03715170278638,28.19817333044788,2018-19,0.0
203918,Rodney Hood,Rodney,1610612757,POR,26.0,72,29,43,0.403,1892.5633333333333,113.7,132,0.071,0.102,59,0.23,12,0.091,613.0,501.0,524.0,1970.0,2.65,2.653652415143752,135,209,474,374,125,478,265,470,474,110,148,277,361,397,398,408,422,282,72,343,192,151,105,4,14,34,15,23,38,0.395,0.605,3,90,41,5,93,0.032,0.968,0.891,0.109,203918.0,Rodney Hood,0.274487106017192,0.105538681948424,4040.4,5.555555555555555,67.03967446592065,29.65116279069764,33.09889898296886,8.66274179983179,23.02405498281787,17.279529709623436,29.962546816479403,30.18867924528302,13.333333333333334,25.88438979577415,65.83242573926218,76.86425807549799,71.34834190738007,3.4236804564907275,11.455108359133128,7.037823012679809,2018-19,0.0
203585,Rodney McGruder,Rodney,1610612746,LAC,27.0,66,31,35,0.47,1549.715,106.3,178,0.106,0.152,36,0.167,12,0.062,583.0,434.0,410.0,1384.0,5.5,5.4973726788499615,190,187,397,303,177,179,199,332,341,217,329,277,412,381,356,334,325,123,64,354,187,167,47,3,10,21,24,29,53,0.453,0.547,8,75,39,10,83,0.096,0.904,0.78,0.2,203585.0,Rodney McGruder,0.2696785714285714,0.1152142857142857,3199.2,5.555555555555555,96.84638860630722,72.67441860465115,54.28706288559253,8.242220353238014,28.52233676975945,20.410290203150875,8.239700374531834,15.723270440251572,10.0,11.299024803900783,68.9823271743085,68.74406090685035,68.86319404057943,9.98573466476462,9.13312693498452,9.602061186363578,2018-19,0.0
1626220,Royce O'Neale,Royce,1610612762,UTA,26.0,82,50,32,0.61,1671.105,101.9,263,0.146,0.203,54,0.209,24,0.111,598.0,367.0,376.0,1620.0,8.3,8.303706865790238,1,25,352,142,160,60,105,190,209,132,195,175,329,390,316,313,363,36,82,357,201,156,79,1,17,40,18,38,56,0.321,0.679,0,75,46,14,75,0.0,1.0,0.902,0.275,1626220.0,Royce O'Neale,0.278579634464752,0.1000783289817232,3695.8,11.616161616161616,84.84231943031536,98.2558139534883,58.905229935447096,9.419680403700587,24.74226804123711,18.613232986222503,20.224719101123593,27.044025157232703,3.3333333333333335,18.388629778814217,63.15155467712117,81.44682922795282,72.299191952537,22.111269614835948,9.13312693498452,16.271105408902805,2018-19,0.0
200752,Rudy Gay,Rudy,1610612759,SAS,32.0,69,42,27,0.609,1842.2933333333333,106.8,407,0.209,0.297,54,0.243,34,0.187,555.0,493.0,525.0,1764.0,6.4,6.397791146316202,157,95,271,144,132,203,40,65,70,132,123,110,210,370,394,409,387,90,69,426,233,193,126,3,55,124,24,34,58,0.414,0.586,13,175,110,43,188,0.069,0.931,0.948,0.371,200752.0,Rudy Gay,0.2585959302325581,0.1017267441860465,3825.6,16.666666666666664,77.51780264496439,69.76744186046511,51.23975805752048,12.111017661900757,37.45704467353952,27.318633868884017,37.82771535580524,27.044025157232703,10.0,27.09649494735354,76.24217459020073,80.06340584696142,78.15279021858107,42.65335235378031,24.61300309597523,34.535195187768025,2018-19,0.0
203497,Rudy Gobert,Rudy,1610612762,UTA,27.0,81,50,31,0.617,2576.6866666666665,103.6,732,0.27,0.374,66,0.152,187,0.601,903.0,590.0,639.0,2454.0,11.38,11.384526381799194,22,25,335,136,23,87,4,15,21,93,364,2,13,514,459,465,489,5,81,1282,1109,173,127,4,478,1107,34,25,59,0.576,0.424,119,473,302,142,592,0.201,0.799,0.899,0.423,203497.0,Rudy Gobert,0.3473458445040214,0.1328257372654155,5506.9,93.93939393939394,42.42115971515768,88.37209302325581,74.51618673187673,85.78637510513036,30.584192439862544,52.66506550596967,38.20224719101123,34.59119496855346,13.333333333333334,30.721150448731535,18.105235534904292,53.96374719393921,36.034491364421754,89.01569186875892,70.74303405572755,80.7929958528948,2018-19,1.0
201566,Russell Westbrook,Russell,1610612760,OKC,30.0,73,44,29,0.603,2629.4333333333334,107.4,698,0.255,0.357,142,0.282,33,0.122,863.0,652.0,666.0,2620.0,8.75,8.746995471394143,124,77,312,153,16,230,6,21,27,4,71,119,299,502,493,481,510,30,73,341,175,166,226,5,5,12,72,62,134,0.537,0.463,8,38,28,15,46,0.174,0.826,0.757,0.405,201566.0,Russell Westbrook,0.3206260387811634,0.1628060941828255,5823.6,16.161616161616163,33.97761953204476,66.2790697674418,34.92658074272258,7.232968881412952,28.1786941580756,19.80040404741054,75.28089887640449,82.38993710691824,16.666666666666664,63.115504204649845,35.6084379845166,28.802897778552055,32.205667881534325,84.1654778887304,3.4055727554179565,47.8235205787398,2018-19,0.0
1627853,Ryan Arcidiacono,Ryan,1610612741,CHI,25.0,81,22,59,0.272,1961.3,110.2,192,0.096,0.14,65,0.213,4,0.024,628.0,556.0,526.0,1952.0,4.87,4.8702049800176415,22,276,523,457,111,360,181,379,381,96,188,388,465,400,432,411,418,151,81,355,171,184,94,16,15,33,19,45,64,0.297,0.703,1,81,57,9,82,0.012,0.988,0.934,0.148,1627853.0,Ryan Arcidiacono,0.292126404494382,0.1270140449438202,4034.0,1.5151515151515151,67.95523906408953,49.999999999999964,36.89039427849193,6.896551724137931,34.36426116838488,23.3771773906861,25.842696629213485,33.9622641509434,53.333333333333336,35.55720443784892,54.27754336033554,58.84117796486198,56.55936066259876,11.982881597717546,10.061919504643962,11.118448655834433,2018-19,0.0
201586,Serge Ibaka,Serge,1610612761,TOR,29.0,74,53,21,0.716,2010.375,107.4,445,0.204,0.298,29,0.098,103,0.44,649.0,539.0,521.0,1960.0,6.6,6.598429248872684,112,13,202,49,102,229,30,72,68,255,477,16,52,408,421,402,420,82,73,869,699,170,53,0,206,473,32,30,62,0.516,0.484,85,417,275,111,502,0.169,0.831,0.893,0.36,201586.0,Serge Ibaka,0.347514450867052,0.133378612716763,4217.4,51.51515151515152,67.54832146490337,66.2790697674418,60.81774056063723,51.30361648444071,29.553264604811,38.25340535666288,10.486891385767793,11.320754716981131,0.0,8.157020705250513,17.994787452420958,53.49974951655534,35.747268484488146,48.074179743223965,62.07430340557275,54.37423539128092,2018-19,0.0
1628983,Shai Gilgeous-Alexander,Shai,1610612746,LAC,20.0,82,48,34,0.585,2173.9066666666668,110.8,175,0.078,0.111,96,0.315,45,0.215,793.0,606.0,701.0,2404.0,4.99,4.985279367102406,1,38,382,175,74,389,205,453,459,28,46,74,169,478,467,492,485,144,82,564,357,207,158,1,25,56,43,55,98,0.439,0.561,0,66,36,7,66,0.0,1.0,0.9,0.175,1628983.0,Shai Gilgeous-Alexander,0.2898298429319372,0.1041623036649214,4775.4,22.22222222222222,44.96439471007121,46.51162790697674,36.254334014158,22.53994953742641,42.2680412371134,34.3768045572386,49.812734082397,53.459119496855344,3.3333333333333335,39.46911879019151,55.781939851178386,78.0193759690314,66.9006579101049,9.557774607703282,7.739938080495357,8.739748170459716,2018-19,0.0
203915,Spencer Dinwiddie,Spencer,1610612751,BKN,26.0,68,36,32,0.529,1914.003333333333,109.8,140,0.069,0.103,40,0.172,17,0.116,654.0,584.0,459.0,1962.0,4.95,4.949738950439607,165,146,352,230,118,343,254,477,473,199,315,230,313,412,452,368,421,146,67,375,209,166,82,1,11,27,26,23,49,0.531,0.469,0,76,44,12,76,0.0,1.0,0.898,0.245,203915.0,Spencer Dinwiddie,0.2809679300291545,0.1151078717201166,4170.9,8.080808080808081,67.44659206510681,52.32558139534883,39.92002580394782,10.09251471825063,28.1786941580756,20.944222382145615,21.34831460674157,18.238993710691823,3.3333333333333335,15.7563069747721,61.587066476614226,68.8333682653436,65.21021737097891,4.56490727532097,9.287925696594428,6.690265564894027,2018-19,0.0
201939,Stephen Curry,Stephen,1610612744,GSW,31.0,69,52,17,0.754,2331.1666666666665,105.8,324,0.122,0.177,92,0.237,25,0.082,831.0,648.0,729.0,2240.0,8.97,8.965295312973769,157,18,164,28,51,155,65,268,274,33,136,166,378,493,492,503,465,24,69,358,171,187,166,11,65,151,44,59,103,0.427,0.573,18,74,51,20,92,0.196,0.804,0.75,0.294,201939.0,Stephen Curry,0.3156977401129943,0.125728813559322,5243.8,12.12121212121212,53.306205493387594,75.5813953488372,42.401005608379805,6.896551724137931,35.39518900343643,23.995734091717026,52.80898876404494,50.943396226415096,36.666666666666664,48.12045085152992,38.836792644570295,59.919801325430086,49.37829698500019,30.813124108416545,8.978328173374612,20.987465937647677,2018-19,0.0
203500,Steven Adams,Steven,1610612760,OKC,25.0,80,47,33,0.588,2669.258333333333,105.9,369,0.133,0.185,117,0.226,76,0.304,903.0,630.0,651.0,2654.0,10.11,10.108363127946168,42,51,372,172,12,160,49,231,255,13,159,30,114,514,480,471,514,9,80,1133,848,285,179,0,275,615,63,55,118,0.534,0.466,222,491,360,143,713,0.311,0.689,0.861,0.342,203500.0,Steven Adams,0.3409376770538244,0.1589631728045325,5816.7,37.878787878787875,32.24821973550356,74.99999999999993,45.188392058941375,63.83515559293525,69.0721649484536,66.97736120624626,57.67790262172284,66.66666666666666,0.0,46.40449438202246,22.30300004618824,32.02804837901908,27.16552421260366,37.23252496433666,73.52941176470588,53.56612402450281,2018-19,0.0
201959,Taj Gibson,Taj,1610612750,MIN,34.0,70,32,38,0.457,1686.35,111.6,286,0.161,0.25,53,0.173,39,0.189,540.0,540.0,525.0,1740.0,3.48,3.475241665423641,148,179,426,318,156,422,90,144,123,140,313,92,208,361,423,409,383,230,70,558,344,214,81,0,151,325,42,30,72,0.583,0.417,90,228,133,64,318,0.283,0.717,0.773,0.372,201959.0,Taj Gibson,0.3315636942675159,0.1608312101910828,3480.5,19.19191919191919,78.73855544252288,41.86046511627908,45.70037836072045,21.44659377628259,44.67353951890035,35.382761221853244,20.973782771535586,26.41509433962264,0.0,17.634796127482154,28.44356559407232,30.460308291241496,29.451936942656907,25.392296718972897,32.81733746130031,28.733565053020236,2018-19,0.0
1627752,Taurean Prince,Taurean,1610612737,ATL,25.0,55,19,36,0.345,1552.2916666666667,115.4,177,0.11,0.161,53,0.205,19,0.114,699.0,475.0,601.0,1616.0,1.47,1.469215286391201,270,307,406,420,176,504,201,311,311,140,208,214,322,441,385,441,362,358,55,264,127,137,112,5,5,12,23,25,48,0.479,0.521,0,47,30,8,47,0.0,1.0,0.882,0.235,1627752.0,Taurean Prince,0.2851943573667712,0.1111504702194357,3511.3,9.090909090909092,85.04577822990844,19.767441860465063,38.34424648194785,3.1959629941127,18.213058419243985,12.206220249191473,32.58426966292135,26.41509433962264,16.666666666666664,26.44565755070313,58.81848297356894,72.15459567798446,65.4865393257767,9.843081312410842,4.798761609907121,7.573137446284168,2018-19,0.0
1628390,Terrance Ferguson,Terrance,1610612760,OKC,21.0,74,44,30,0.595,1931.0783333333336,107.1,108,0.055,0.076,40,0.11,16,0.095,641.0,468.0,445.0,1950.0,6.57,6.572111929303713,112,77,324,163,117,213,300,503,507,199,463,238,351,404,379,354,417,83,74,506,284,222,61,0,8,18,11,35,46,0.239,0.761,4,83,57,3,87,0.046,0.954,0.877,0.046,1628390.0,Terrance Ferguson,0.3166753623188406,0.1175971014492753,4223.6,7.575757575757576,68.05696846388607,68.0232558139535,43.85605594615153,16.400336417157273,47.42268041237113,35.013742814285585,13.48314606741573,18.238993710691823,0.0,11.77690622570843,38.196386813568125,66.74429592547104,52.47034136951958,0.0,10.371517027863778,4.6671826625387,2018-19,0.0
203082,Terrence Ross,Terrence,1610612753,ORL,28.0,81,42,39,0.519,2150.0533333333333,105.9,253,0.113,0.16,72,0.261,29,0.115,607.0,489.0,503.0,1970.0,8.12,8.124046194699451,22,95,438,237,82,157,117,297,315,66,95,144,319,394,392,391,422,40,81,431,172,259,119,0,7,15,24,42,66,0.364,0.636,6,78,55,16,84,0.071,0.929,0.917,0.267,203082.0,Terrence Ross,0.3092785145888594,0.1181485411140583,4392.7,14.14141414141414,67.03967446592065,74.99999999999993,47.87045171963787,6.980656013456686,60.13745704467354,38.8747366321868,35.2059925093633,38.36477987421384,0.0,27.510069959720163,43.04180091012569,66.2815032240533,54.66165206708949,20.684736091298145,9.597523219814242,15.695490299130393,2018-19,0.0
1626179,Terry Rozier,Terry,1610612738,BOS,25.0,79,47,32,0.595,1791.385,105.9,275,0.145,0.22,68,0.227,21,0.099,567.0,531.0,466.0,1720.0,6.7,6.695198630606976,56,51,352,161,140,162,96,195,178,83,155,200,346,375,416,371,380,74,79,279,117,162,97,3,15,32,19,46,65,0.292,0.708,1,46,30,7,47,0.021,0.979,0.857,0.2,1626179.0,Terry Rozier,0.3012384823848238,0.1201924119241192,3842.7,10.1010101010101,79.7558494404883,74.99999999999993,50.70495134457493,2.3549201009251473,26.804123711340207,17.024442267174184,26.96629213483146,35.84905660377358,10.0,25.83368666525334,48.30854247360384,64.56619590405992,56.43736918883188,23.823109843081312,4.643962848297214,15.19249369542847,2018-19,0.0
201152,Thaddeus Young,Thaddeus,1610612754,IND,31.0,81,47,34,0.58,2488.838333333333,106.5,331,0.132,0.196,123,0.252,36,0.143,761.0,695.0,728.0,2322.0,8.81,8.806956782256938,22,51,382,184,36,187,62,236,225,9,109,105,267,463,506,502,475,27,81,753,398,355,263,23,103,232,49,47,96,0.51,0.49,62,268,156,59,330,0.188,0.812,0.867,0.328,201152.0,Thaddeus Young,0.2923232876712329,0.1481972602739726,5208.6,17.67676767676768,49.1353001017294,71.51162790697671,42.14596908305654,25.988225399495377,93.12714776632302,66.27157881959195,89.13857677902621,70.44025157232704,76.66666666666667,79.47618542859162,54.148572134306185,41.06328117317392,47.605926653740056,31.81169757489301,39.0092879256966,35.05061323275463,2018-19,0.0
203501,Tim Hardaway Jr.,Tim,1610612742,DAL,27.0,65,14,51,0.215,2056.6066666666666,114.5,189,0.09,0.135,54,0.177,8,0.046,695.0,597.0,573.0,2182.0,2.46,2.455010030153894,196,361,510,487,94,487,185,402,392,132,300,319,441,436,462,429,459,292,65,447,201,246,83,18,16,35,27,44,71,0.38,0.62,3,89,55,13,92,0.033,0.967,0.859,0.203,203501.0,Tim Hardaway Jr.,0.3155436241610738,0.1689127516778523,4172.6,3.535353535353535,56.25635808748728,24.999999999999982,27.35386674476196,9.419680403700587,55.670103092783506,37.16993401715034,21.722846441947567,27.044025157232703,60.0,33.154547381810474,38.93774856974277,23.677919110453185,31.307833840097977,11.554921540656206,11.30030959752322,11.440346166246364,2018-19,0.0
202699,Tobias Harris,Tobias,1610612755,PHI,26.0,82,46,36,0.561,2847.82,110.5,576,0.188,0.267,51,0.142,37,0.137,995.0,744.0,885.0,3062.0,6.69,6.692869095624313,1,61,406,202,4,377,10,93,100,149,393,102,280,526,515,528,529,75,82,695,421,274,87,0,28,59,39,38,77,0.506,0.494,16,257,137,48,273,0.059,0.941,0.895,0.314,202699.0,Tobias Harris,0.3562562674094707,0.1784874651810584,6213.2,18.181818181818183,11.495422177009155,48.25581395348835,23.360078523052564,27.922624053826745,65.29209621993127,50.344307353489455,23.220973782771537,25.157232704402517,0.0,18.093420959649496,12.26833171743672,15.642393539049944,13.955362628243332,66.76176890156918,37.306501547987615,53.50689859245748,2018-19,0.0
203107,Tomas Satoransky,Tomas,1610612764,WAS,27.0,80,32,48,0.4,2163.5666666666666,110.5,197,0.09,0.136,82,0.232,13,0.073,766.0,607.0,590.0,2380.0,5.13,5.129973895041207,42,179,500,377,77,378,174,398,390,51,145,260,392,464,468,436,482,136,79,474,264,210,133,2,21,46,45,33,78,0.577,0.423,33,116,71,13,149,0.221,0.779,0.724,0.133,203107.0,Tomas Satoransky,0.347490765171504,0.1679815303430079,4630.7,6.0606060606060606,46.1851475076297,48.25581395348835,30.652997540284908,14.71825063078217,43.29896907216495,31.86668169561184,40.44943820224719,44.65408805031446,6.666666666666667,33.47537276517561,18.010303116293542,24.459441486686487,21.234872301490014,12.696148359486449,15.479876160990711,13.948825870163368,2018-19,0.0
1628470,Torrey Craig,Torrey,1610612743,DEN,28.0,75,50,25,0.667,1503.015,108.7,174,0.112,0.164,37,0.159,46,0.291,464.0,362.0,378.0,1494.0,4.39,4.387091556267182,98,25,255,78,182,287,206,302,303,211,348,73,119,324,312,314,346,177,72,417,215,202,75,1,9,19,36,38,74,0.486,0.514,17,58,37,15,75,0.227,0.773,0.74,0.3,1628470.0,Torrey Craig,0.2551857142857143,0.10568,3216.1,22.727272727272727,91.25127161749744,58.720930232558096,55.70908671517272,10.597140454163162,40.54982817869416,28.56875308888176,18.726591760299627,16.352201257861633,3.3333333333333335,14.047240477704756,78.47608679501298,76.74565767907266,77.61087223704283,9.4151212553495,6.5015479876160995,8.10401328486947,2018-19,0.0
1629027,Trae Young,Trae,1610612737,ATL,20.0,81,29,52,0.358,2503.2816666666668,114.8,237,0.091,0.135,72,0.176,15,0.059,1129.0,766.0,948.0,2722.0,2.76,2.763669650818232,22,209,515,413,35,494,129,395,394,66,303,245,423,530,520,530,519,276,81,426,180,246,103,4,13,29,49,62,111,0.441,0.559,0,20,14,3,20,0.0,1.0,0.933,0.2,1629027.0,Trae Young,0.3209005376344086,0.1393145161290322,5536.7,7.07070707070707,28.789420142421157,23.25581395348837,18.718533366502328,7.653490328006729,55.670103092783506,36.4634579868728,29.213483146067414,38.36477987421384,13.333333333333334,28.44639954773514,35.42862346601405,48.51807527192157,41.97334936896781,18.40228245363766,0.6191950464396285,10.399893120398549,2018-19,0.0
2772,Trevor Ariza,Trevor,1610612764,WAS,33.0,69,22,47,0.319,2348.866666666667,114.4,321,0.139,0.208,91,0.227,21,0.112,917.0,640.0,753.0,2684.0,2.85,2.8515768104404886,157,276,498,436,49,486,69,215,200,35,156,200,326,519,488,508,517,267,69,380,183,197,168,2,12,25,38,46,84,0.452,0.548,11,131,65,18,142,0.077,0.923,0.915,0.254,2772.0,Trevor Ariza,0.3377846607669617,0.1433952802359882,4779.4,10.1010101010101,30.72227873855544,25.581395348837155,21.188550436107732,7.905803195962995,38.83161512027492,26.46129035055015,53.558052434456926,50.314465408805034,6.666666666666667,40.6999505335312,24.36842982394561,45.093316471428096,34.73087314768685,30.385164051355208,17.80185758513932,24.72267614155806,2018-19,0.0
204020,Tyler Johnson,Tyler,1610612756,PHX,27.0,57,26,31,0.456,1529.075,108.5,139,0.087,0.132,54,0.211,27,0.165,587.0,477.0,431.0,1472.0,4.54,4.539727046373555,259,244,335,320,179,274,256,417,404,132,191,152,240,384,386,346,339,167,57,380,185,195,87,4,17,38,30,44,74,0.405,0.595,0,57,33,7,57,0.0,1.0,0.825,0.175,204020.0,Tyler Johnson,0.3033567073170732,0.1363597560975609,3110.8,13.131313131313131,92.3702950152594,59.88372093023253,52.55305874042417,8.074011774600505,38.144329896907216,26.116202647984533,23.220973782771537,27.044025157232703,13.333333333333334,22.087131651473396,46.92096802012418,50.997841353935115,48.95940468702965,4.42225392296719,6.3467492260061915,5.288276809334741,2018-19,0.0
1626145,Tyus Jones,Tyus,1610612750,MIN,23.0,68,29,39,0.426,1560.4233333333334,108.7,111,0.069,0.103,81,0.285,5,0.034,438.0,445.0,446.0,1632.0,4.56,4.56473575430906,165,209,438,353,175,289,292,478,472,53,65,369,456,306,367,355,366,165,68,271,115,156,127,4,3,6,13,41,54,0.241,0.759,0,23,14,1,23,0.0,1.0,0.824,0.059,1626145.0,Tyus Jones,0.2587254901960784,0.106610644257703,3572.5,2.0202020202020203,84.23194303153612,58.720930232558096,44.96949342725797,2.1867115222876365,24.74226804123711,15.720045433657322,38.20224719101123,44.0251572327044,13.333333333333334,34.02303724118437,76.1573044270573,75.96461961165177,76.06096201935453,0.4279600570613409,1.08359133126935,0.722994130454945,2018-19,0.0
202083,Wesley Matthews,Wesley,1610612754,IND,32.0,69,27,42,0.391,2091.0233333333335,109.4,138,0.063,0.092,54,0.171,17,0.091,730.0,576.0,773.0,2108.0,5.72,5.715779217390463,157,229,465,387,89,325,259,490,491,132,322,230,360,454,445,513,449,114,69,397,209,188,101,7,12,27,39,40,79,0.494,0.506,4,121,66,11,125,0.032,0.968,0.815,0.136,202083.0,Wesley Matthews,0.2686492307692308,0.1216861538461538,4347.6,8.080808080808081,60.020345879959315,54.65116279069762,37.9022349879834,10.09251471825063,35.738831615120276,25.480304856372417,28.46441947565543,27.044025157232703,23.333333333333332,26.684509928626948,69.65661194033295,63.312581223310794,66.48459658182188,4.279600570613409,16.253869969040245,9.668021799905484,2018-19,0.0
1626161,Willie Cauley-Stein,Willie,1610612758,SAC,25.0,81,39,42,0.481,2212.5466666666666,108.7,497,0.213,0.313,96,0.24,51,0.248,714.0,639.0,658.0,2354.0,6.43,6.4278293289187935,22,118,465,283,70,290,21,60,61,28,128,61,145,448,485,474,477,89,81,692,523,169,175,2,302,670,36,36,72,0.5,0.5,42,454,284,112,497,0.085,0.913,0.91,0.359,1626161.0,Willie Cauley-Stein,0.3390114613180515,0.158702005730659,4823.5,25.252525252525253,47.50762970498474,58.720930232558096,41.40891305589428,36.501261564339785,29.20962199312715,32.126277821612206,56.17977528089888,53.459119496855344,6.666666666666667,42.849268602925584,23.564796046299826,32.247231407296276,27.90601372679805,55.49215406562055,67.80185758513932,61.031520649404,2018-19,0.0
203897,Zach LaVine,Zach,1610612741,CHI,24.0,63,16,47,0.254,2170.855,112.4,254,0.113,0.163,60,0.185,26,0.129,776.0,591.0,566.0,2162.0,3.97,3.974527374303495,218,341,498,464,75,448,115,294,305,105,273,161,292,469,460,425,454,198,63,411,165,246,103,0,14,33,31,34,65,0.477,0.523,6,71,49,10,77,0.078,0.922,0.891,0.182,203897.0,Zach LaVine,0.2939096385542168,0.1535903614457831,4266.9,12.626262626262626,57.273652085452696,37.20930232558134,34.39860886180883,6.3919259882254,55.670103092783506,35.95883225096026,29.213483146067414,30.81761006289308,0.0,22.471556780439546,53.10940961385281,36.53715071916746,44.82328016651013,20.827389443651924,8.513931888544892,15.28633354385376,2018-19,0.0
203932,Aaron Gordon,Aaron,1610612753,ORL,24.0,62,30,32,0.484,2017.1433333333337,109.7,368,0.181,0.252,51,0.162,39,0.183,574.0,464.0,472.0,1938.0,5.43,5.42959517236233,123,152,397,247,50,334,26,106,124,114,336,77,217,418,423,422,466,90,62,330,209,121,63,1,55,119,33,34,67,0.493,0.507,14,53,39,21,67,0.209,0.791,0.929,0.5,203932.0,Aaron Gordon,0.3021847507331378,0.104683284457478,4096.1,19.897959183673468,50.15151515151515,39.10891089108909,35.28944169927196,13.51909184726522,14.342629482071716,14.013214428149118,11.594202898550725,29.52380952380953,2.941176470588235,15.706308610400685,58.11768215226692,82.66997990699325,70.39383102963009,44.936708860759495,10.875331564986736,29.609089077661757,2019-20,0.0
1628988,Aaron Holiday,Aaron,1610612754,IND,23.0,66,42,24,0.636,1617.3316666666667,106.9,134,0.077,0.115,55,0.228,16,0.09,476.0,469.0,475.0,1580.0,5.69,5.689696820679334,70,51,299,103,132,203,229,453,448,93,158,213,376,357,427,423,396,78,66,412,195,217,111,3,13,31,22,24,46,0.478,0.522,2,66,41,5,68,0.029,0.971,0.719,0.088,1628988.0,Aaron Holiday,0.3066416184971098,0.1426329479768786,3283.0,8.16326530612245,77.27272727272727,52.97029702970294,43.55333492532926,12.074303405572756,52.589641434262944,36.38350622278687,34.78260869565217,33.33333333333333,8.823529411764707,27.78559249786871,55.735816502395366,36.56378384072475,46.14980017156006,7.9113924050632916,14.323607427055704,10.796889164959875,2019-20,0.0
201143,Al Horford,Al,1610612755,PHI,34.0,67,39,28,0.582,2025.5433333333333,106.8,353,0.171,0.235,52,0.155,61,0.298,673.0,470.0,564.0,2056.0,7.23,7.229999608941655,59,74,354,178,47,197,31,131,151,111,357,31,128,472,429,481,488,28,67,674,483,191,102,0,173,392,41,26,67,0.612,0.388,28,285,156,76,313,0.089,0.911,0.813,0.396,201143.0,Al Horford,0.3846,0.1549323076923077,4099.3,31.122448979591837,41.21212121212121,53.46534653465348,40.23955864974253,41.795665634674926,42.23107569721115,42.05691167219666,30.434782608695656,30.47619047619048,0.0,22.84057971014493,14.072836837090536,21.620919057767267,17.8468779474289,42.563291139240505,72.41379310344827,55.996017023134,2019-20,0.0
202692,Alec Burks,Alec,1610612755,PHI,28.0,66,21,45,0.318,1754.2516666666668,109.8,234,0.131,0.194,62,0.218,17,0.099,640.0,459.0,547.0,1762.0,4.74,4.738134429225621,70,235,520,426,103,338,107,252,247,66,187,195,351,457,419,475,436,119,66,340,179,161,108,3,8,21,21,29,50,0.42,0.58,2,25,16,7,27,0.074,0.926,0.762,0.333,202692.0,Alec Burks,0.2924760563380282,0.1197154929577464,3596.7,8.673469387755102,63.48484848484849,38.61386138613862,35.34255007133367,10.42311661506708,30.278884462151396,22.33657732331767,33.33333333333333,40.0,8.823529411764707,29.53921568627451,63.30626007502838,64.40689433133086,63.856577203179626,23.73417721518987,3.4482758620689653,14.605521606285466,2019-20,0.0
203083,Andre Drummond,Andre,1610612739,CLE,26.0,57,21,36,0.368,1878.2016666666664,112.0,614,0.336,0.486,109,0.372,93,0.511,729.0,491.0,549.0,2052.0,3.75,3.7544833159907194,190,235,437,372,76,414,4,4,6,6,20,10,37,491,452,476,487,179,57,743,586,157,201,1,239,529,44,37,81,0.543,0.457,64,85,110,93,149,0.43,0.57,0.948,0.802,203083.0,Andre Drummond,0.36715625,0.1570208333333333,3692.1,47.44897959183674,41.51515151515152,27.72277227722771,40.44058793634465,52.42518059855521,28.68525896414343,38.18122761790814,78.26086956521739,84.76190476190476,2.941176470588235,61.70630861040068,23.395228958708874,19.083505975163003,21.23936746693594,83.86075949367088,19.363395225464192,54.836945572977875,2019-20,0.0
203952,Andrew Wiggins,Andrew,1610612744,GSW,25.0,54,15,39,0.278,1858.881666666667,112.8,208,0.11,0.16,45,0.15,53,0.229,731.0,513.0,539.0,1862.0,3.34,3.3377394561255405,232,321,477,467,80,431,139,328,335,143,386,44,166,492,465,472,454,206,54,470,242,228,74,1,9,24,28,25,53,0.528,0.472,7,33,29,11,40,0.175,0.825,0.853,0.324,203952.0,Andrew Wiggins,0.3315566343042071,0.1588770226537217,3873.1,27.040816326530617,55.90909090909091,23.76237623762376,36.3251024082,16.92466460268318,56.97211155378486,40.953132773344194,16.908212560386474,23.809523809523807,2.941176470588235,15.83191247513498,42.42058628698408,16.828365328179707,29.62447580758189,19.62025316455696,5.570291777188329,13.297770540241077,2019-20,0.0
203076,Anthony Davis,Anthony,1610612747,LAL,27.0,62,46,16,0.742,2131.193333333333,106.4,435,0.197,0.279,91,0.228,143,0.47,796.0,514.0,784.0,2044.0,7.88,7.880347989106097,123,21,194,42,26,186,17,80,88,20,159,3,57,513,467,527,486,20,62,772,482,290,170,13,151,339,54,54,108,0.5,0.5,28,88,70,38,116,0.241,0.759,0.909,0.494,203076.0,Anthony Davis,0.2793939393939394,0.1399454545454545,4438.8,72.95918367346938,42.12121212121212,55.44554455445542,57.78748385042585,41.69246646026832,81.67330677290838,65.68097064785235,63.28502415458937,67.61904761904762,38.23529411764706,58.53949985791418,70.29768244313519,39.82890104032,55.0632917417276,55.5379746835443,20.159151193633953,39.61750411308464,2019-20,1.0
203085,Austin Rivers,Austin,1610612745,HOU,27.0,68,43,25,0.632,1593.94,110.4,148,0.089,0.134,49,0.173,10,0.067,568.0,445.0,470.0,1752.0,4.03,4.026907669256322,48,42,307,108,133,359,209,425,412,123,301,271,414,414,411,419,434,154,67,229,134,95,94,3,14,37,16,19,35,0.457,0.543,2,64,41,7,66,0.03,0.97,0.788,0.135,203085.0,Austin Rivers,0.3109513513513514,0.1027432432432432,3403.6,5.1020408163265305,64.24242424242425,35.64356435643561,33.436555900488,5.779153766769865,3.98406374501992,4.7020997537198985,26.570048309178745,27.61904761904762,8.823529411764707,22.500568343279344,53.432583561848666,85.0269947604826,69.22978916116563,10.126582278481012,13.79310344827586,11.776516804888695,2019-20,0.0
1628389,Bam Adebayo,Bam,1610612748,MIA,22.0,72,44,28,0.611,2416.9616666666666,107.7,559,0.224,0.31,82,0.231,93,0.415,842.0,604.0,536.0,2174.0,7.91,7.910596909956264,9,32,354,147,9,234,7,41,58,30,154,10,78,522,517,469,504,19,72,788,523,265,179,1,366,874,57,38,95,0.6,0.4,26,389,221,105,415,0.063,0.937,0.87,0.413,1628389.0,Bam Adebayo,0.3186130790190735,0.1315694822888283,4761.7,47.44897959183674,32.27272727272727,49.009900990099,42.52752162971399,45.92363261093912,71.71314741035857,61.39734149059079,67.6328502415459,59.04761904761905,2.941176470588235,48.455100880932086,49.33795771318892,50.00512352282524,49.67154061800708,75.15822784810126,100.0,86.3370253164557,2019-20,1.0
203463,Ben McLemore,Ben,1610612745,HOU,27.0,71,44,27,0.62,1619.485,109.2,136,0.079,0.121,45,0.153,16,0.098,599.0,472.0,484.0,1778.0,4.64,4.637645835026012,21,32,339,133,131,297,226,445,437,143,369,213,353,441,433,433,439,126,71,314,176,138,80,3,28,71,19,22,41,0.463,0.537,1,68,39,7,69,0.014,0.986,0.709,0.127,203463.0,Ben McLemore,0.3372403314917127,0.0985276243093922,3417.9,8.16326530612245,62.272727272727266,41.58415841584157,35.45680027186391,10.113519091847266,21.115537848605577,16.714730345902254,19.806763285024154,23.809523809523807,8.823529411764707,18.46192100028417,39.38307119519093,90.14867793444388,64.76587456481741,8.227848101265822,14.854111405835544,11.209666588322197,2019-20,0.0
1627732,Ben Simmons,Ben,1610612755,PHI,23.0,57,35,22,0.614,2016.8633333333332,107.3,331,0.159,0.221,119,0.335,33,0.147,688.0,498.0,600.0,1968.0,6.93,6.934150404408247,190,107,270,144,51,224,42,158,182,2,27,97,268,479,456,493,473,33,57,308,189,119,222,4,74,172,39,59,98,0.398,0.602,18,25,18,12,43,0.419,0.581,0.75,0.5,1627732.0,Ben Simmons,0.3585888157894736,0.122641447368421,4122.2,16.83673469387755,47.878787878787875,50.990099009901,36.239794387602025,11.455108359133128,13.545816733067728,12.709533383493888,88.40579710144928,94.28571428571428,11.76470588235294,71.30349531116794,27.97388785869852,60.85206366279123,44.41297576074488,39.08227848101266,3.4482758620689653,23.046977302488,2019-20,1.0
203992,Bogdan Bogdanović,Bogdan,1610612758,SAC,27.0,61,29,32,0.475,1765.8266666666666,110.8,181,0.105,0.152,64,0.24,15,0.102,586.0,399.0,387.0,1642.0,4.14,4.139866609775914,140,162,397,261,97,373,169,355,362,62,133,227,347,430,381,365,413,149,61,428,201,227,126,0,20,44,16,25,41,0.39,0.61,3,70,45,9,73,0.041,0.959,0.833,0.167,203992.0,Bogdan Bogdanović,0.2940593471810089,0.1347240356083086,3537.5,7.653061224489796,72.57575757575758,33.663366336633665,36.87858122546949,12.693498452012385,56.573705179282875,39.02162248837468,42.028985507246375,41.904761904761905,0.0,31.47826086956522,62.4601084114908,46.17256111354058,54.316334762515694,15.348101265822786,15.384615384615383,15.364532619279457,2019-20,0.0
202711,Bojan Bogdanovic,Bojan,1610612762,UTA,31.0,63,41,22,0.651,2082.81,108.0,220,0.1,0.138,34,0.139,7,0.042,758.0,515.0,583.0,1990.0,6.64,6.642771574726009,107,60,270,98,37,245,123,378,402,203,419,323,454,505,468,487,478,42,63,373,183,190,57,3,30,69,29,24,53,0.547,0.453,3,93,36,9,96,0.031,0.969,0.9,0.225,202711.0,Bojan Bogdanovic,0.3322639751552795,0.1506987577639751,4211.8,3.571428571428571,46.21212121212121,47.52475247524752,29.48400197162573,10.8359133126935,41.832669322709165,29.433966918702897,8.695652173913043,13.333333333333334,8.823529411764707,10.35080988917306,42.04256500272261,26.764387140224738,34.40347607147367,21.518987341772153,21.485411140583555,21.503878051237287,2019-20,0.0
203078,Bradley Beal,Bradley,1610612764,WAS,27.0,57,20,37,0.351,2053.096666666667,117.6,190,0.095,0.142,71,0.218,23,0.133,739.0,636.0,589.0,2196.0,0.71,0.7092022070379994,190,250,452,383,42,507,155,399,393,43,184,146,301,495,521,490,505,407,57,327,137,190,111,13,15,36,32,31,63,0.508,0.492,1,29,24,6,30,0.033,0.967,0.96,0.24,203078.0,Bradley Beal,0.3226163522012578,0.1559496855345911,4323.7,11.73469387755102,30.6060606060606,0.0,15.405998763141618,6.0887512899896805,41.832669322709165,27.53510210962137,34.78260869565217,48.57142857142857,38.23529411764706,40.47186700767263,47.19850476446626,20.38487589111786,33.79169032779206,16.77215189873418,4.509283819628647,11.25386126313669,2019-20,0.0
1627742,Brandon Ingram,Brandon,1610612740,NOP,22.0,62,25,37,0.403,2103.44,111.3,329,0.144,0.212,61,0.185,38,0.166,849.0,598.0,729.0,2262.0,4.69,4.685537714408905,123,203,452,338,33,391,45,205,204,71,274,80,244,524,515,523,513,123,62,512,271,241,117,4,34,81,26,27,53,0.491,0.509,0,40,26,10,40,0.0,1.0,0.929,0.357,1627742.0,Brandon Ingram,0.3275317220543806,0.1412205438066465,4489.4,19.387755102040817,25.60606060606061,31.188118811881193,24.514252955907835,19.91744066047472,62.15139442231076,45.257812917576345,37.68115942028986,39.04761904761905,11.76470588235294,31.68030690537085,44.571603714314065,38.27975646230662,41.425680088310344,38.765822784810126,7.427055702917771,24.66337759795857,2019-20,0.0
201572,Brook Lopez,Brook,1610612749,MIL,32.0,68,53,15,0.779,1816.9366666666667,100.1,254,0.118,0.155,46,0.167,163,0.62,569.0,397.0,475.0,1450.0,10.06,10.05557291229787,48,1,179,21,90,51,87,301,350,138,312,2,15,415,377,423,383,4,68,1294,1047,247,86,0,125,294,26,22,48,0.542,0.458,11,275,175,45,286,0.038,0.962,0.884,0.227,201572.0,Brook Lopez,0.3421402985074627,0.1613850746268656,3858.6,83.16326530612244,87.12121212121212,86.63366336633668,85.41614620645738,100.0,64.5418326693227,78.72509960159363,22.705314009661837,24.761904761904763,0.0,17.748792270531403,36.764401820554326,13.78125699323883,25.272829406896577,26.89873417721519,69.76127320954907,46.18687674176544,2019-20,0.0
1628971,Bruce Brown,Bruce,1610612765,DET,23.0,58,18,40,0.31,1634.0416666666667,110.4,213,0.131,0.194,63,0.253,29,0.171,623.0,469.0,390.0,1754.0,4.07,4.065967806801613,173,282,484,432,128,358,130,256,248,63,113,117,235,450,427,366,435,153,58,371,218,153,146,1,14,35,21,25,46,0.457,0.543,0,40,26,8,40,0.0,1.0,0.929,0.286,1628971.0,Bruce Brown,0.3315063694267516,0.1124713375796178,3201.1,14.79591836734694,64.0909090909091,35.64356435643561,37.26107661786586,14.447884416924664,27.091633466135455,22.034133846451137,51.690821256038646,40.95238095238095,2.941176470588235,35.744955953395845,42.44744914030319,73.20803819464247,57.82774366747283,20.411392405063292,7.427055702917771,14.56844088909781,2019-20,0.0
1627854,Bryn Forbes,Bryn,1610612759,SAS,26.0,63,27,36,0.429,1579.215,114.8,114,0.071,0.1,33,0.151,0,0.0,492.0,445.0,486.0,1644.0,1.83,1.8309393105978689,107,181,437,319,137,483,260,469,479,212,375,480,480,364,411,434,415,316,63,228,112,116,61,0,16,32,18,34,52,0.346,0.654,0,47,32,1,47,0.0,1.0,0.889,0.028,1627854.0,Bryn Forbes,0.3274249201277955,0.162370607028754,3192.3,0.0,72.42424242424242,13.861386138613854,28.81383138313831,3.508771929824561,12.350597609561753,8.813867337666876,10.628019323671497,12.38095238095238,0.0,8.584541062801932,44.62868143206231,12.583903817027004,28.606292624544658,4.746835443037975,9.283819628647215,6.788478326562133,2019-20,0.0
1627741,Buddy Hield,Buddy,1610612758,SAC,27.0,72,31,41,0.431,2216.0616666666665,111.9,271,0.124,0.182,66,0.186,17,0.092,787.0,595.0,604.0,2196.0,4.52,4.521118149287184,9,144,494,315,16,412,74,273,279,57,270,195,363,510,513,497,505,134,72,510,279,231,135,1,18,38,38,30,68,0.559,0.441,4,33,22,7,37,0.108,0.892,0.88,0.28,1627741.0,Buddy Hield,0.3484707520891364,0.1539303621169916,4496.0,8.673469387755102,30.6060606060606,28.217821782178177,21.235964412767792,20.743034055727556,58.16733067729084,43.19761202866553,46.3768115942029,43.80952380952381,2.941176470588235,34.61935208866155,33.38124334854766,22.83821309568767,28.109728222117667,29.58860759493671,5.570291777188329,18.780365476949942,2019-20,0.0
203468,CJ McCollum,CJ,1610612757,POR,28.0,70,34,36,0.486,2556.5916666666667,113.6,251,0.09,0.135,54,0.162,42,0.128,741.0,855.0,780.0,2564.0,3.95,3.951372401607729,29,109,437,243,1,453,92,417,411,98,337,66,307,496,529,525,527,164,70,546,285,261,107,1,14,30,35,51,86,0.407,0.593,1,42,21,8,43,0.023,0.977,0.75,0.286,203468.0,CJ McCollum,0.3456069364161849,0.1727283236994219,5196.9,21.428571428571427,2.727272727272727,19.801980198019812,14.47646907547898,21.36222910216718,70.1195219123506,50.61660478827723,32.850241545893724,32.38095238095238,2.941176470588235,25.20872406933788,34.911740670929056,0.0,17.455870335464528,26.424050632911396,7.957559681697612,18.114129704865196,2019-20,0.0
1629629,Cam Reddish,Cam,1610612737,ATL,20.0,58,17,41,0.293,1550.745,113.2,181,0.11,0.167,62,0.256,28,0.157,600.0,498.0,499.0,1830.0,2.61,2.6054581210733705,173,295,494,455,142,440,169,326,317,66,108,121,251,442,456,442,447,245,58,309,161,148,139,0,9,21,25,36,61,0.41,0.59,0,28,18,6,28,0.0,1.0,0.947,0.316,1629629.0,Cam Reddish,0.2951028037383177,0.1133177570093458,3308.6,14.285714285714285,58.333333333333336,21.782178217821752,31.57649693540782,8.565531475748193,25.099601593625497,18.485973546474575,48.309178743961354,40.0,0.0,33.32367149758454,61.90245818209017,72.17969758336443,67.04107788272731,15.348101265822786,4.244031830238726,10.35127001980996,2019-20,0.0
2546,Carmelo Anthony,Carmelo,1610612757,POR,36.0,58,28,30,0.483,1902.0466666666664,113.0,297,0.145,0.213,49,0.201,27,0.111,514.0,557.0,585.0,1886.0,3.22,3.217131108577272,173,172,383,250,72,435,57,202,197,123,227,126,336,385,492,489,458,215,58,303,116,187,86,1,86,211,33,13,46,0.717,0.283,21,132,84,43,153,0.137,0.863,0.857,0.439,2546.0,Carmelo Anthony,0.2866141975308642,0.1464166666666666,3817.7,13.77551020408163,54.090909090909086,22.772277227722757,30.13509157038152,3.92156862745098,40.63745019920319,25.951097570502306,22.705314009661837,27.61904761904762,2.941176470588235,19.48408638817846,66.43898935410797,31.966829359645132,49.20290935687655,33.70253164556962,31.830238726790448,32.859999832118994,2019-20,0.0
1626224,Cedi Osman,Cedi,1610612739,CLE,25.0,65,19,46,0.292,1910.368333333333,115.2,192,0.103,0.147,54,0.213,16,0.15,838.0,513.0,616.0,2246.0,2.01,2.0138129676041188,85,264,526,456,70,489,153,360,373,98,199,213,259,520,465,503,512,299,65,424,255,169,120,8,16,33,18,23,41,0.439,0.561,6,61,43,15,67,0.09,0.91,0.915,0.319,1626224.0,Cedi Osman,0.3170157728706624,0.1041892744479495,3877.0,8.16326530612245,26.81818181818182,11.881188118811846,15.62196678851558,18.26625386996904,33.46613545816733,27.386182822888017,39.130434782608695,32.38095238095238,23.52941176470588,32.86786018755328,50.19159951920884,83.27016763583505,66.73088357752195,17.088607594936708,12.9973474801061,15.247540543262936,2019-20,0.0
101108,Chris Paul,Chris,1610612760,OKC,35.0,70,44,26,0.629,2207.8533333333335,107.1,323,0.143,0.208,111,0.287,11,0.056,667.0,550.0,486.0,2162.0,7.69,7.688649406887516,29,32,328,116,18,211,46,210,214,4,60,262,433,470,490,434,502,22,70,184,78,106,234,4,41,91,27,59,86,0.314,0.686,0,39,27,7,39,0.0,1.0,0.818,0.212,101108.0,Chris Paul,0.3559887323943662,0.1379070422535211,4451.6,5.612244897959184,33.18181818181819,51.980198019802,26.85358382777054,0.0,8.366533864541832,5.0199203187251,94.20289855072464,86.66666666666667,11.76470588235294,70.95566922421142,29.363439816167535,42.30542989670176,35.83443485643465,37.81645569620253,7.161803713527852,24.02186230399893,2019-20,0.0
1629632,Coby White,Coby,1610612741,CHI,20.0,65,22,43,0.338,1674.0,108.8,202,0.128,0.191,49,0.14,6,0.042,583.0,432.0,463.0,1742.0,5.03,5.029516003903932,85,221,509,393,119,276,146,260,255,123,415,338,455,427,402,415,432,107,65,295,141,154,86,4,4,9,28,33,61,0.459,0.541,0,13,11,4,13,0.0,1.0,1.0,0.364,1629632.0,Coby White,0.3517787610619469,0.1336755162241888,3465.7,3.061224489795918,65.0,43.564356435643575,34.86557890482926,6.5015479876160995,27.490039840637447,19.094643099428907,22.705314009661837,27.61904761904762,11.76470588235294,21.68996874111964,31.61335761375035,47.446439082940685,39.52989834834552,18.670886075949365,0.2652519893899204,10.388350736997616,2019-20,0.0
1629012,Collin Sexton,Collin,1610612739,CLE,21.0,65,19,46,0.292,2142.615,117.0,143,0.069,0.1,65,0.216,7,0.054,926.0,566.0,695.0,2522.0,1.13,1.1297945448564677,85,264,526,456,23,504,214,477,481,58,193,323,437,529,498,520,524,366,65,395,167,228,110,1,14,34,41,24,65,0.631,0.369,2,22,17,3,24,0.083,0.917,1.0,0.176,1629012.0,Collin Sexton,0.3617168674698795,0.144960843373494,4359.0,3.571428571428571,5.909090909090909,2.9702970297029436,4.239327504178982,9.18472652218782,56.97211155378486,37.85715754114605,34.29951690821256,42.857142857142854,2.941176470588235,29.45510088093208,26.30217596524495,33.735553189266064,30.018864577255503,9.335443037974684,2.6525198938992043,6.328127623140718,2019-20,0.0
202709,Cory Joseph,Cory,1610612758,SAC,28.0,72,31,41,0.431,1759.3966666666668,107.6,144,0.082,0.118,53,0.191,21,0.148,601.0,420.0,397.0,1684.0,5.82,5.8236107270448665,9,144,494,315,100,232,212,435,445,105,257,168,266,443,391,368,421,69,72,372,174,198,106,5,17,40,29,30,59,0.492,0.508,4,55,28,5,59,0.068,0.932,0.651,0.116,202709.0,Cory Joseph,0.2956201117318435,0.1276312849162011,3565.4,10.714285714285714,69.39393939393939,49.504950495049535,40.94983069735545,9.907120743034056,45.0199203187251,30.97480048844868,32.367149758454104,31.428571428571427,14.705882352941178,27.623330491616937,61.62599538233123,54.789758836315926,58.207877109323576,9.49367088607595,11.405835543766578,10.354144982036733,2019-20,0.0
203081,Damian Lillard,Damian,1610612757,POR,29.0,66,33,33,0.5,2473.655,114.3,251,0.092,0.139,70,0.219,22,0.067,718.0,822.0,741.0,2410.0,3.31,3.3111824826316374,70,125,410,217,5,474,92,409,399,46,182,155,413,487,528,524,520,212,65,310,118,192,136,6,13,29,33,33,66,0.5,0.5,2,23,17,8,25,0.08,0.92,0.85,0.4,203081.0,Damian Lillard,0.3264969879518072,0.1468825301204819,5072.1,11.224489795918368,14.393939393939394,16.33663366336633,13.611833122087717,4.12796697626419,42.62948207171315,27.228876033533563,46.85990338164252,47.61904761904761,17.647058823529413,39.82239272520602,45.12459243782821,31.40083773416641,38.262715085997314,26.424050632911396,2.9177718832891246,15.846225195581376,2019-20,0.0
1628464,Daniel Theis,Daniel,1610612738,BOS,28.0,65,42,23,0.646,1566.135,104.0,286,0.172,0.249,37,0.134,84,0.433,463.0,407.0,425.0,1360.0,6.85,6.8495488638914885,85,51,282,100,140,104,65,126,132,186,428,18,72,344,382,384,367,37,65,711,528,183,117,7,276,648,26,7,33,0.788,0.212,45,222,147,58,267,0.169,0.831,0.855,0.337,1628464.0,Daniel Theis,0.305278125,0.132728125,3155.2,42.857142857142854,93.93939393939394,67.32673267326733,66.85332818996184,46.43962848297213,39.04382470119522,42.00214621390599,37.68115942028986,16.19047619047619,20.588235294117645,25.886189258312022,56.464502767409144,48.597453386706,52.53097807705757,31.962025316455694,55.702917771883286,42.64542692139811,2019-20,0.0
201568,Danilo Gallinari,Danilo,1610612760,OKC,31.0,62,37,25,0.597,1833.9283333333333,111.2,288,0.157,0.227,42,0.144,5,0.031,592.0,478.0,411.0,1888.0,4.08,4.083851675941333,123,91,307,161,86,387,64,167,172,160,398,359,470,435,439,377,459,152,62,346,205,141,65,10,77,165,19,18,37,0.514,0.486,3,97,43,14,100,0.03,0.97,0.896,0.292,201568.0,Danilo Gallinari,0.3051322580645161,0.1118645161290322,3665.7,2.5510204081632653,53.939393939393945,31.68316831683166,27.819988121261098,13.106295149638802,22.31075697211155,18.62897224312245,12.560386473429952,20.952380952380953,29.411764705882355,19.710429099175904,56.54245783843229,73.94528396135694,65.2438708998946,32.278481012658226,22.546419098143236,27.89905315112648,2019-20,0.0
201980,Danny Green,Danny,1610612747,LAL,33.0,68,51,17,0.75,1686.72,106.0,174,0.1,0.141,85,0.258,32,0.131,653.0,424.0,665.0,1624.0,6.45,6.446468251007305,48,7,202,32,116,173,178,376,394,25,105,104,303,462,393,512,407,46,68,484,252,232,181,5,36,83,20,29,49,0.408,0.592,10,61,46,10,71,0.141,0.859,0.852,0.185,201980.0,Danny Green,0.3263272727272727,0.1492939393939394,3505.2,16.3265306122449,73.93939393939394,57.425742574257434,46.765835767250195,17.956656346749224,58.56573705179283,42.322104769775386,68.59903381642512,61.904761904761905,14.705882352941178,52.78275078147201,45.215292652639775,28.471143543301984,36.84321809797088,14.240506329113924,12.9973474801061,13.681084847060404,2019-20,0.0
1627863,Danuel House Jr.,Danuel,1610612745,HOU,27.0,63,40,23,0.635,1912.6516666666664,108.7,210,0.101,0.152,67,0.205,34,0.153,693.0,534.0,583.0,2032.0,5.71,5.711121917941906,107,66,282,105,69,273,133,366,363,55,220,95,257,480,478,487,483,76,63,545,317,228,99,6,33,81,39,31,70,0.557,0.443,3,102,60,11,105,0.029,0.971,0.857,0.157,1627863.0,Danuel House Jr.,0.3422068965517241,0.154787356321839,4058.7,17.346938775510203,43.03030303030303,44.05940594059404,33.014233055958655,24.664602683178536,56.97211155378486,44.04910800554234,28.985507246376812,44.761904761904766,17.647058823529413,31.672634271099746,36.72881009955754,21.7970248697064,29.26291748463197,19.936708860759495,23.87267904509284,21.7078954437095,2019-20,0.0
203967,Dario Saric,Dario,1610612756,PHX,26.0,66,32,34,0.485,1631.7816666666668,112.0,306,0.186,0.266,37,0.159,16,0.129,607.0,446.0,454.0,1738.0,3.32,3.3168768679140226,70,133,420,245,129,413,52,98,104,186,340,213,305,444,413,410,430,208,66,562,377,185,78,3,61,128,31,18,49,0.633,0.367,18,151,71,27,169,0.107,0.893,0.755,0.287,203967.0,Dario Saric,0.286762048192771,0.1251234939759036,3318.0,8.16326530612245,65.30303030303031,27.72277227722771,33.05205979781652,30.856553147574814,39.8406374501992,36.24700372914945,18.84057971014493,16.19047619047619,8.823529411764707,15.408780903665814,66.35997412826855,57.83655003454248,62.09826208140551,35.12658227848101,36.87002652519894,35.91113218950408,2019-20,0.0
1629636,Darius Garland,Darius,1610612739,CLE,20.0,59,17,42,0.288,1823.9683333333332,113.8,84,0.046,0.066,42,0.176,4,0.034,770.0,485.0,573.0,2088.0,2.68,2.6751664111369533,162,295,503,459,89,466,308,517,518,160,292,378,466,507,446,483,493,240,59,355,186,169,70,5,21,49,25,33,58,0.431,0.569,0,34,24,2,34,0.0,1.0,0.96,0.08,1629636.0,Darius Garland,0.3592117263843648,0.1333550488599348,3687.2,2.0408163265306123,38.78787878787879,18.81188118811881,19.095054403399523,11.145510835913312,33.46613545816733,24.53788560926572,14.975845410628018,20.952380952380953,14.705882352941178,17.000142085819835,27.64098829167388,47.835784593779785,37.738386442726835,0.0,5.835543766578249,2.6259946949602124,2019-20,0.0
202722,Davis Bertans,Davis,1610612764,WAS,27.0,54,20,34,0.37,1583.0116666666668,113.9,210,0.13,0.198,37,0.154,33,0.231,510.0,536.0,367.0,1710.0,2.34,2.336244606235325,232,250,420,371,135,468,133,258,239,186,365,97,165,379,481,350,425,267,54,470,332,138,83,10,33,75,18,21,39,0.462,0.538,4,103,50,15,107,0.037,0.963,0.877,0.263,202722.0,Davis Bertans,0.3520403726708074,0.142335403726708,3381.5,16.83673469387755,67.42424242424242,18.31683168316827,34.91238664682793,26.212590299277604,21.115537848605577,23.154358828874383,21.256038647342994,16.19047619047619,29.411764705882355,21.52202330207445,31.47354558930803,36.925279365704576,34.1994124775063,19.936708860759495,24.13793103448276,21.827258838934966,2019-20,0.0
1628368,De'Aaron Fox,De'Aaron,1610612758,SAC,22.0,51,20,31,0.392,1634.3966666666668,114.6,161,0.099,0.143,74,0.285,25,0.189,540.0,409.0,452.0,1624.0,2.05,2.048566586896749,249,250,391,355,127,480,191,381,385,40,65,134,206,400,384,409,407,292,51,313,104,209,149,1,16,41,29,37,66,0.439,0.561,0,13,9,1,13,0.0,1.0,0.818,0.091,1628368.0,De'Aaron Fox,0.3084077669902912,0.1461359223300971,3369.7,12.755102040816327,73.93939393939394,14.85148514851486,34.693699982243125,2.683178534571723,49.40239043824701,30.714705676776894,53.14009661835749,51.42857142857142,2.941176470588235,39.99133276499005,54.79194097113385,32.30791416056186,43.54992756584785,12.183544303797468,0.2652519893899204,6.820312762314072,2019-20,0.0
1629631,De'Andre Hunter,De'Andre,1610612737,ATL,22.0,63,19,44,0.302,2017.935,113.6,242,0.116,0.173,44,0.136,18,0.089,798.0,593.0,667.0,2262.0,3.12,3.1176266228198672,107,264,515,443,49,454,103,309,303,151,425,189,382,514,511,513,513,218,63,470,252,218,94,4,12,30,30,25,55,0.545,0.455,5,87,52,19,92,0.054,0.946,0.912,0.333,1629631.0,De'Andre Hunter,0.332617469879518,0.1064789156626506,4262.9,9.183673469387756,25.60606060606061,19.801980198019812,17.586085649381268,17.956656346749224,52.98804780876494,38.97549122395865,26.570048309178745,22.857142857142858,11.76470588235294,21.569195794259738,41.8536482599193,80.48841314906736,61.171030704493326,25.0,19.893899204244033,22.702254641909818,2019-20,0.0
201942,DeMar DeRozan,DeMar,1610612759,SAS,30.0,68,31,37,0.456,2316.2833333333333,113.7,331,0.139,0.201,70,0.206,20,0.078,701.0,697.0,668.0,2350.0,3.49,3.493204775436156,48,144,452,284,13,458,42,225,231,46,215,174,397,482,525,515,519,199,68,284,156,128,119,3,17,39,36,32,68,0.529,0.471,0,98,55,12,98,0.0,1.0,0.821,0.179,201942.0,DeMar DeRozan,0.3425357142857143,0.1440595238095238,4691.8,10.20408163265306,18.939393939393938,19.306930693069276,15.537153205116422,8.04953560371517,17.131474103585656,13.498698703637462,38.64734299516908,47.61904761904761,8.823529411764707,34.331486217675476,36.55308137994172,34.830593637082615,35.691837508512165,39.08227848101266,22.811671087533156,31.760505153946884,2019-20,0.0
1627749,Dejounte Murray,Dejounte,1610612759,SAS,23.0,66,29,37,0.439,1686.763333333333,113.5,314,0.184,0.257,111,0.407,17,0.09,533.0,462.0,482.0,1738.0,2.68,2.6773291707370808,70,162,452,306,115,449,48,101,117,4,14,195,375,396,421,430,430,240,66,415,202,213,204,0,13,28,38,45,83,0.458,0.542,1,24,15,5,25,0.04,0.96,0.833,0.278,1627749.0,Dejounte Murray,0.302177370030581,0.1275290519877675,3436.8,8.673469387755102,65.30303030303031,20.29702970297028,31.39970578690522,12.796697626418988,50.99601593625498,35.71628861232058,79.71014492753623,86.66666666666667,0.0,62.21739130434783,58.12162659101246,54.91396471867841,56.51779565484543,36.392405063291136,3.183023872679045,21.448183527515695,2019-20,0.0
1626153,Delon Wright,Delon,1610612742,DAL,28.0,73,42,31,0.575,1569.7166666666667,109.5,210,0.124,0.182,85,0.395,22,0.138,483.0,437.0,512.0,1620.0,4.39,4.385549095581174,2,51,391,185,139,318,133,274,282,25,17,155,284,361,405,451,405,142,72,305,200,105,172,3,5,13,33,26,59,0.559,0.441,6,42,20,5,48,0.125,0.875,0.571,0.143,1626153.0,Delon Wright,0.3158742857142857,0.1023542857142857,3215.6,11.224489795918368,74.24242424242425,40.0990099009901,40.49939687846336,12.59029927760578,7.968127490039841,9.816996205066218,64.25120772946859,61.904761904761905,8.823529411764707,49.57303211139528,50.80163984158993,85.49955104763913,68.15059544461454,19.936708860759495,7.957559681697612,14.546091730181647,2019-20,0.0
203471,Dennis Schröder,Dennis,1610612760,OKC,26.0,65,40,25,0.615,1998.8966666666668,103.0,217,0.099,0.15,45,0.144,14,0.06,676.0,531.0,438.0,1972.0,9.51,9.510972638547283,85,66,307,140,55,73,125,383,369,143,400,234,423,473,477,395,475,8,65,343,166,177,90,12,8,19,27,37,64,0.422,0.578,0,25,14,3,25,0.0,1.0,0.824,0.176,203471.0,Dennis Schröder,0.3009914285714286,0.1345771428571428,4086.5,7.142857142857142,47.57575757575758,72.27722772277228,37.57796493935108,9.081527347781218,36.65338645418327,25.62464281162245,24.637681159420293,23.809523809523807,35.294117647058826,27.011935208866156,58.75542444500048,46.351025567711545,52.553225006356016,21.044303797468356,3.4482758620689653,13.12609122653863,2019-20,0.0
1628401,Derrick White,Derrick,1610612759,SAS,25.0,68,32,36,0.471,1676.735,109.2,188,0.105,0.15,44,0.184,59,0.303,515.0,465.0,409.0,1594.0,4.85,4.849621378841131,48,133,437,267,118,298,162,354,367,151,276,35,123,386,425,375,400,115,68,574,313,261,97,30,25,52,19,29,48,0.396,0.604,0,37,18,3,37,0.0,1.0,0.75,0.125,1628401.0,Derrick White,0.361137026239067,0.154338192419825,3437.6,30.102040816326532,76.2121212121212,41.58415841584157,49.11109835473342,24.251805985552117,70.1195219123506,51.77243554163121,28.019323671497588,22.857142857142858,88.23529411764706,41.266552998010795,26.61205814779833,22.34272770371336,24.477392925755844,16.455696202531644,6.631299734748011,12.03471779202901,2019-20,0.0
1626164,Devin Booker,Devin,1610612756,PHX,23.0,70,34,36,0.486,2511.66,112.2,268,0.106,0.153,49,0.129,18,0.085,856.0,656.0,673.0,2600.0,4.91,4.913197296087298,29,109,437,243,2,420,75,351,356,123,433,189,389,525,523,516,529,112,70,411,213,198,94,4,44,98,38,29,67,0.567,0.433,3,78,48,9,81,0.037,0.963,0.814,0.153,1626164.0,Devin Booker,0.3516203966005666,0.1472067988668555,5207.0,9.183673469387756,0.0,26.732673267326707,10.35663770458678,13.93188854489164,45.0199203187251,32.58470760919171,26.570048309178745,27.61904761904762,11.76470588235294,23.2358624609264,31.697991686533776,31.00687380901011,31.352432747771942,29.11392405063291,17.50663129973475,23.89064231272874,2019-20,0.0
1628984,Devonte' Graham,Devonte',1610612766,CHA,25.0,63,23,40,0.365,2211.2316666666666,111.8,170,0.078,0.119,62,0.201,15,0.081,745.0,623.0,520.0,2312.0,4.57,4.570123879165145,107,213,484,375,17,405,182,449,444,66,229,227,394,498,519,458,518,129,63,304,106,198,129,13,4,9,30,28,58,0.517,0.483,0,53,32,8,53,0.0,1.0,0.889,0.222,1628984.0,Devonte' Graham,0.3304777777777777,0.1603222222222222,4281.6,7.653061224489796,21.818181818181817,28.712871287128717,17.875805947941732,2.8895768833849327,45.0199203187251,28.16778294458903,43.47826086956522,40.0,38.23529411764706,40.950127877237854,42.99715517740853,15.072548583556705,29.034851880482616,13.60759493670886,10.875331564986736,12.378076419433906,2019-20,0.0
1628415,Dillon Brooks,Dillon,1610612763,MEM,24.0,73,34,39,0.466,2111.9883333333332,108.9,175,0.076,0.108,63,0.193,27,0.115,747.0,580.0,606.0,1972.0,6.19,6.194603885825364,2,109,477,276,31,282,177,455,461,63,250,126,327,500,504,499,475,58,73,549,255,294,163,3,10,25,28,38,66,0.424,0.576,3,85,59,13,88,0.034,0.966,0.922,0.203,1628415.0,Dillon Brooks,0.2971538461538461,0.1622364672364672,4439.6,13.77551020408163,47.57575757575758,43.06930693069304,32.92904596582107,18.26625386996904,83.26693227091634,57.26666091053742,59.90338164251207,40.95238095238095,8.823529411764707,40.50056834327933,60.806327954608875,12.74687431504738,36.77660113482813,14.39873417721519,19.363395225464192,16.63283164892724,2019-20,0.0
1627734,Domantas Sabonis,Domantas,1610612754,IND,24.0,62,37,25,0.597,2158.65,106.8,582,0.262,0.383,47,0.144,30,0.149,635.0,529.0,601.0,2074.0,7.6,7.596166424753561,123,91,307,161,22,195,5,22,19,134,401,111,264,456,475,494,491,25,62,698,473,225,87,0,437,977,30,22,52,0.577,0.423,48,175,158,89,223,0.215,0.785,0.935,0.527,1627734.0,Domantas Sabonis,0.3313798219584569,0.1404955489614243,4338.2,15.306122448979592,39.84848484848485,53.46534653465348,33.435755310224906,40.76367389060888,55.77689243027888,49.77160501441087,23.18840579710145,25.71428571428571,0.0,18.27536231884058,42.51507938732238,39.16057466676213,40.83782702704225,78.79746835443038,43.236074270557026,62.79484101668737,2019-20,0.0
1628378,Donovan Mitchell,Donovan,1610612762,UTA,23.0,69,43,26,0.623,2363.9666666666667,108.6,251,0.101,0.144,70,0.236,14,0.074,820.0,587.0,624.0,2296.0,7.18,7.177670170708585,37,42,328,124,10,271,92,367,384,46,141,234,400,518,507,506,516,29,68,346,175,171,131,3,24,52,41,29,70,0.586,0.414,0,131,72,17,131,0.0,1.0,0.758,0.179,1628378.0,Donovan Mitchell,0.3693826086956521,0.1584579710144927,4803.8,7.142857142857142,23.03030303030303,44.554455445544576,22.056362779135064,10.01031991744066,34.26294820717131,24.561896891279055,44.44444444444444,47.61904761904761,8.823529411764707,36.65032679738562,22.205405167136306,17.33748386174204,19.771444514439175,26.424050632911396,31.56498673740053,28.73747187993151,2019-20,0.0
1628978,Donte DiVincenzo,Donte,1610612749,MIL,23.0,66,53,13,0.803,1520.4066666666668,99.6,252,0.14,0.192,85,0.331,20,0.109,545.0,361.0,483.0,1298.0,8.72,8.715912099842203,70,1,153,12,145,44,90,219,254,25,37,174,338,405,355,432,349,12,66,315,158,157,148,1,21,54,39,32,71,0.549,0.451,4,20,15,6,24,0.167,0.833,0.789,0.316,1628978.0,Donte DiVincenzo,0.2735787965616046,0.1203438395415472,3233.0,10.20408163265306,98.63636363636364,89.10891089108915,60.88158764856078,8.25593395252838,28.68525896414343,20.51352895949741,52.65700483091788,61.904761904761905,2.941176470588235,43.46476271668087,73.40544549444259,63.64349702807207,68.52447126125733,26.582278481012654,2.122015915119363,15.575160326360676,2019-20,0.0
1627827,Dorian Finney-Smith,Dorian,1610612742,DAL,27.0,71,40,31,0.563,2119.5383333333334,109.5,260,0.113,0.162,45,0.171,39,0.196,629.0,594.0,703.0,2128.0,5.82,5.8201803997700035,21,66,391,197,29,319,82,319,328,143,306,77,197,453,512,521,498,69,71,607,349,258,110,2,29,73,32,35,67,0.478,0.522,4,133,65,26,137,0.029,0.971,0.823,0.329,1627827.0,Dorian Finney-Smith,0.2956146788990825,0.1495474006116208,4254.4,19.897959183673468,35.75757575757576,40.0990099009901,30.499087663868423,27.966976264189885,68.92430278884463,52.541372178982726,34.29951690821256,23.809523809523807,5.88235294117647,23.523728331912473,61.62889882897139,28.163205830187877,44.89605232957963,27.848101265822784,32.09549071618037,29.7594265184837,2019-20,0.0
1629130,Duncan Robinson,Duncan,1610612748,MIA,26.0,73,44,29,0.603,2165.63,106.2,222,0.099,0.138,35,0.111,19,0.093,782.0,497.0,527.0,1922.0,8.06,8.05810380454035,2,32,365,152,20,181,119,380,404,198,454,182,361,509,454,462,464,18,73,462,210,252,81,9,58,132,11,25,36,0.306,0.694,1,81,54,7,82,0.012,0.988,0.806,0.104,1629130.0,Duncan Robinson,0.2996594005449591,0.1518174386920981,4279.4,9.693877551020408,51.36363636363637,56.43564356435643,35.96373463877,13.622291021671826,66.53386454183267,45.36923513376833,20.28985507246377,14.285714285714285,26.47058823529412,19.733589087809037,59.46729474695584,25.40526778515419,42.43628126605502,21.835443037974684,18.30238726790451,20.245567941443102,2019-20,0.0
202339,Eric Bledsoe,Eric,1610612749,MIL,30.0,61,48,13,0.787,1646.2833333333333,100.8,239,0.121,0.162,57,0.242,26,0.116,535.0,371.0,436.0,1358.0,8.96,8.959667624411995,140,15,153,19,123,56,106,284,331,86,128,129,326,398,364,391,363,10,61,374,176,198,99,3,29,72,31,39,70,0.443,0.557,3,38,29,7,41,0.073,0.927,0.906,0.219,202339.0,Eric Bledsoe,0.2912890173410404,0.1292052023121387,3551.1,13.26530612244898,94.0909090909091,83.1683168316832,59.03001983871857,10.113519091847266,45.0199203187251,31.057359827973965,28.985507246376812,35.23809523809524,8.823529411764707,26.13341858482524,63.94064448168248,52.877558903051394,58.40910169236693,24.525316455696203,6.896551724137931,16.59237232649498,2019-20,0.0
1629672,Eric Paschall,Eric,1610612744,GSW,23.0,60,14,46,0.233,1653.795,114.2,193,0.116,0.176,32,0.116,13,0.091,653.0,471.0,575.0,1712.0,2.27,2.268956552748888,151,339,526,490,122,472,150,308,298,221,446,244,368,462,432,484,426,274,60,354,202,152,69,3,52,128,20,19,39,0.513,0.487,1,102,49,21,103,0.01,0.99,0.961,0.412,1629672.0,Eric Paschall,0.2734744318181818,0.1257556818181818,3400.6,6.63265306122449,67.27272727272727,16.8316831683168,30.40643656202354,12.796697626418988,26.693227091633464,21.134615305547673,14.492753623188406,11.428571428571429,8.823529411764707,12.00298380221654,73.46122071833993,57.0684858699712,65.26485329415556,17.246835443037973,23.87267904509284,20.228465063962663,2019-20,0.0
203095,Evan Fournier,Evan,1610612753,ORL,27.0,66,28,38,0.424,2075.64,109.5,153,0.074,0.104,71,0.2,15,0.067,557.0,467.0,449.0,1998.0,5.72,5.719764948017697,70,172,467,327,39,322,201,461,471,43,230,227,412,408,426,405,480,74,66,343,151,192,134,5,9,21,33,33,66,0.5,0.5,1,57,34,8,58,0.017,0.983,0.739,0.174,203095.0,Evan Fournier,0.3105382262996942,0.1229449541284403,4207.0,7.653061224489796,45.60606060606061,40.0990099009901,29.048098177164658,7.533539731682147,42.62948207171315,28.591105135700747,45.893719806763286,48.57142857142857,14.705882352941178,39.03395851094061,53.6533682971729,60.48332410393494,57.06834620055392,10.917721518987342,11.93633952254642,11.376099620588928,2019-20,0.0
1627832,Fred VanVleet,Fred,1610612761,TOR,26.0,54,40,14,0.741,1928.1533333333336,104.3,185,0.088,0.13,100,0.289,17,0.089,648.0,537.0,500.0,1604.0,8.21,8.207790814803758,232,66,168,45,65,112,165,426,420,12,55,195,380,459,482,443,402,16,54,361,129,232,226,1,20,51,29,47,76,0.382,0.618,0,70,49,9,70,0.0,1.0,0.803,0.148,1627832.0,Fred VanVleet,0.3212810457516339,0.1626045751633986,3950.7,8.673469387755102,75.45454545454545,65.84158415841587,46.33887470379692,5.263157894736842,58.56573705179283,37.24470538897044,90.33816425120771,76.19047619047619,2.941176470588235,63.53722648479682,47.91212714072823,12.29964884112525,30.10588799092674,15.981012658227847,15.384615384615383,15.71263388510224,2019-20,0.0
1627788,Furkan Korkmaz,Furkan,1610612755,PHI,22.0,72,42,30,0.583,1558.9133333333334,106.6,150,0.093,0.133,41,0.162,16,0.091,526.0,371.0,482.0,1622.0,5.75,5.753603448640101,9,51,383,175,141,188,208,404,413,163,334,213,367,392,364,430,406,73,72,295,169,126,72,6,8,18,8,20,28,0.286,0.714,0,17,7,3,17,0.0,1.0,0.7,0.3,1627788.0,Furkan Korkmaz,0.2734378531073446,0.1099802259887005,3194.5,8.16326530612245,74.0909090909091,54.45544554455448,42.81098569040578,9.39112487100103,16.334661354581673,13.557246761149417,15.942028985507244,20.0,17.647058823529413,17.788576300085253,73.48076932948877,76.2345651459307,74.85766723770973,10.443037974683543,1.326259946949602,6.340487862203271,2019-20,0.0
202066,Garrett Temple,Garrett,1610612751,BKN,34.0,62,30,32,0.484,1729.7716666666668,106.9,189,0.096,0.139,49,0.225,29,0.18,630.0,476.0,447.0,1604.0,6.1,6.0993857551750015,123,152,397,247,108,204,157,394,398,123,168,117,224,454,436,403,402,62,62,388,200,188,101,2,16,36,26,29,55,0.473,0.527,1,38,25,6,39,0.026,0.974,0.758,0.182,202066.0,Garrett Temple,0.2827202380952381,0.1191220238095238,3600.6,14.79591836734694,75.45454545454545,52.97029702970294,45.57003251345542,12.59029927760578,41.03585657370518,29.65763365526542,29.951690821256037,27.61904761904762,5.88235294117647,23.1179312304632,68.52002220338535,65.12791798133631,66.82397009236084,16.61392405063291,6.896551724137931,12.24110650371017,2019-20,0.0
203914,Gary Harris,Gary,1610612743,DEN,25.0,56,37,19,0.661,1780.2,107.1,137,0.077,0.113,76,0.246,14,0.093,581.0,441.0,460.0,1762.0,6.13,6.130892350248751,206,91,226,88,95,213,224,450,451,39,122,234,362,425,407,412,436,61,56,253,88,165,146,3,14,34,19,39,58,0.328,0.672,0,28,20,3,28,0.0,1.0,0.87,0.13,203914.0,Gary Harris,0.2810526315789474,0.1241950464396284,3525.6,7.142857142857142,63.48484848484849,51.980198019802,38.07188933179033,1.0319917440660475,31.872509960159363,19.536302673722037,51.690821256038646,53.333333333333336,8.823529411764707,41.548877522023304,69.41123434810355,58.96454907787684,64.1878917129902,8.38607594936709,4.244031830238726,6.5221560957593265,2019-20,0.0
203507,Giannis Antetokounmpo,Giannis,1610612749,MIL,25.0,63,51,12,0.81,1916.88,97.4,716,0.307,0.409,61,0.207,66,0.25,579.0,413.0,487.0,1444.0,12.3,12.298735432074572,107,7,141,11,67,29,1,9,11,71,212,26,147,422,386,437,382,1,63,589,350,239,131,2,149,344,65,32,97,0.67,0.33,20,102,58,34,122,0.164,0.836,0.935,0.548,203507.0,Giannis Antetokounmpo,0.2393491124260355,0.1241745562130177,4067.0,33.6734693877551,87.57575757575758,100.0,69.12090290661719,28.07017543859649,61.354581673306775,48.04081917942266,44.44444444444444,39.04761904761905,5.88235294117647,32.915032679738566,91.6986758899088,58.98944327503022,75.34405958246951,100.0,23.87267904509284,65.74270557029179,2019-20,1.0
203922,Glenn Robinson III,Glenn,1610612755,PHI,26.0,62,17,45,0.274,1786.4316666666666,114.3,189,0.106,0.158,54,0.176,16,0.092,677.0,516.0,520.0,1850.0,2.4,2.397319631083651,123,295,520,472,93,475,157,352,343,98,294,213,364,474,469,458,451,262,62,475,265,210,95,0,27,72,30,26,56,0.536,0.464,2,35,18,4,37,0.054,0.946,0.818,0.182,203922.0,Glenn Robinson III,0.3138221574344023,0.1377492711370262,3654.7,8.16326530612245,56.81818181818182,16.33663366336633,27.2358281746542,19.29824561403509,49.800796812749006,37.599776333263435,27.053140096618357,32.38095238095238,0.0,22.154589371980677,51.89835038312687,42.49711080652034,47.1977305948236,16.61392405063291,6.10079575596817,11.883016318033778,2019-20,0.0
201609,Goran Dragic,Goran,1610612748,MIA,34.0,59,37,22,0.627,1662.8666666666666,108.2,158,0.09,0.131,40,0.155,10,0.06,627.0,486.0,379.0,1524.0,5.25,5.252669543265547,162,91,270,118,121,260,195,421,418,169,356,271,424,452,447,359,388,97,59,315,167,148,76,7,22,53,26,25,51,0.51,0.49,1,25,19,8,26,0.038,0.962,0.864,0.364,201609.0,Goran Dragic,0.2886278409090909,0.1057272727272727,3298.8,5.1020408163265305,81.51515151515152,46.53465346534652,42.20478272317027,9.18472652218782,25.099601593625497,18.733651565050423,17.874396135265698,19.047619047619047,20.588235294117645,18.963483944302357,65.36284614150006,81.4016069256773,73.38222653358868,11.708860759493673,3.4482758620689653,7.991597555652555,2019-20,0.0
202330,Gordon Hayward,Gordon,1610612738,BOS,30.0,52,34,18,0.654,1739.9883333333332,105.4,293,0.159,0.231,38,0.125,22,0.111,523.0,508.0,467.0,1612.0,7.0,7.000210550798514,245,109,216,97,107,152,59,160,168,183,439,155,332,390,461,416,404,32,52,320,178,142,68,0,30,77,26,25,51,0.51,0.49,7,69,45,13,76,0.092,0.908,0.918,0.265,202330.0,Gordon Hayward,0.274317880794702,0.1247218543046357,3581.8,11.224489795918368,74.84848484848486,60.396039603960375,45.785775516327135,10.319917440660474,22.709163346613543,17.753464984232316,14.009661835748794,17.142857142857142,0.0,11.603864734299515,73.01045972407559,58.32451424065462,65.6674869823651,33.06962025316456,15.119363395225465,24.99200466709197,2019-20,0.0
203084,Harrison Barnes,Harrison,1610612758,SAC,28.0,72,31,41,0.431,2481.615,111.4,278,0.111,0.162,43,0.111,12,0.058,842.0,607.0,640.0,2426.0,5.5,5.500112683235539,9,144,494,315,4,392,71,323,329,156,455,248,428,522,518,509,521,88,72,584,299,285,99,3,52,124,30,25,55,0.545,0.455,14,142,74,22,156,0.09,0.91,0.771,0.229,203084.0,Harrison Barnes,0.3315416666666667,0.1718027777777777,5063.9,6.122448979591836,13.18181818181818,30.693069306930653,14.73588328220576,22.807017543859647,79.6812749003984,56.93157195778291,28.985507246376812,21.904761904761905,8.823529411764707,21.466751918158568,42.42858538042936,1.124473783801731,21.776529582115547,30.69620253164557,34.48275862068966,32.40015277171541,2019-20,0.0
202355,Hassan Whiteside,Hassan,1610612757,POR,31.0,67,34,33,0.507,2008.0833333333333,112.0,647,0.294,0.435,26,0.106,196,0.647,576.0,625.0,631.0,1882.0,4.0,3.9959481298598343,59,109,410,216,54,415,3,11,9,250,463,1,9,420,520,508,457,158,67,938,798,140,76,4,294,683,32,18,50,0.64,0.36,63,126,107,72,189,0.333,0.667,0.899,0.605,202355.0,Hassan Whiteside,0.339421568627451,0.1520065359477124,4058.9,100.0,54.39393939393939,27.72277227722771,65.96857185718571,74.30340557275542,21.91235059760956,42.868772587667905,17.874396135265698,5.714285714285714,11.76470588235294,12.090934924694515,38.21736153473445,25.175527799752455,31.696444667243455,89.08227848101265,30.23872679045093,62.60268022025989,2019-20,0.0
202397,Ish Smith,Ish,1610612764,WAS,31.0,68,23,45,0.338,1786.92,113.1,189,0.103,0.156,59,0.198,30,0.175,557.0,549.0,398.0,1920.0,3.02,3.019160509546039,48,213,520,395,92,436,157,358,346,78,243,111,230,408,489,369,463,223,68,279,155,124,98,6,12,32,25,47,72,0.347,0.653,1,30,16,3,31,0.032,0.968,0.762,0.143,202397.0,Ish Smith,0.3744240687679083,0.1427851002865329,3783.0,15.306122448979592,51.51515151515152,22.277227722772288,29.722058940587935,7.946336429308566,15.53784860557769,12.50124373507004,28.502415458937197,37.142857142857146,17.647058823529413,28.812730889457235,19.51111823576807,36.378929389583895,27.945023812675984,16.61392405063291,4.774535809018567,11.286199341906457,2019-20,0.0
200755,JJ Redick,JJ,1610612740,NOP,36.0,60,26,34,0.433,1580.9666666666667,112.7,141,0.083,0.125,20,0.079,10,0.062,685.0,478.0,521.0,1718.0,2.88,2.876855849736702,151,193,420,312,136,429,218,433,433,297,479,271,421,478,439,460,428,228,59,222,120,102,44,14,42,100,13,19,32,0.406,0.594,3,62,37,4,65,0.046,0.954,0.804,0.087,200755.0,JJ Redick,0.3476810631229236,0.1652225913621262,3394.7,5.1020408163265305,66.81818181818183,24.257425742574227,31.491536398537807,4.3343653250774,6.772908366533864,5.797491149951278,2.4154589371980677,0.0,41.17647058823529,11.26030122193805,33.80327359990715,9.118941636659724,21.46110761828344,9.018987341772153,13.262599469496022,10.928612799247894,2019-20,0.0
1629630,Ja Morant,Ja,1610612763,MEM,20.0,67,33,34,0.493,2074.3233333333333,108.1,208,0.09,0.13,58,0.188,18,0.079,764.0,588.0,552.0,1914.0,6.53,6.530015791375287,59,125,420,235,40,255,139,418,422,83,267,189,395,506,508,478,462,44,67,352,167,185,99,3,12,26,29,38,67,0.433,0.567,1,52,36,6,53,0.019,0.981,0.818,0.136,1629630.0,Ja Morant,0.3080845070422535,0.1300985915492958,4352.4,9.183673469387756,51.96969696969697,47.02970297029705,33.6202890697233,9.18472652218782,39.8406374501992,27.578273078994652,28.985507246376812,36.19047619047619,8.823529411764707,26.466751918158568,54.96469946588536,51.79215324956515,53.37842635772526,19.62025316455696,10.610079575596815,15.565675049524897,2019-20,0.0
203109,Jae Crowder,Jae,1610612748,MIA,29.0,65,29,36,0.446,1874.7316666666663,111.9,332,0.169,0.242,72,0.233,24,0.117,711.0,547.0,538.0,1820.0,3.97,3.9741099613585753,85,162,437,296,78,410,41,135,143,42,150,140,324,484,486,471,444,162,65,429,207,222,127,5,22,52,18,33,51,0.353,0.647,3,77,34,14,80,0.038,0.963,0.708,0.292,203109.0,Jae Crowder,0.3181948051948052,0.1579512987012987,3870.0,12.244897959183673,59.09090909090909,28.217821782178177,32.6342328110362,13.312693498452012,54.581673306772906,38.07408138344455,42.51207729468599,49.523809523809526,14.705882352941178,38.014634839443026,49.56149408604673,17.95305540696883,33.757274746507775,39.24050632911392,17.24137931034483,29.340899170667832,2019-20,0.0
1627750,Jamal Murray,Jamal,1610612743,DEN,23.0,59,38,21,0.644,1903.4816666666663,107.7,191,0.101,0.145,67,0.225,17,0.108,620.0,438.0,486.0,1880.0,6.18,6.17542883069243,162,81,256,101,71,237,154,369,382,55,167,195,341,449,406,434,456,59,59,390,174,216,123,5,39,84,34,39,73,0.466,0.534,5,43,28,5,48,0.104,0.896,0.933,0.167,1627750.0,Jamal Murray,0.3727850746268656,0.1381044776119403,3746.5,8.673469387755102,54.54545454545454,49.009900990099,34.81277209353588,9.907120743034056,52.19123505976096,35.277589333070196,40.57971014492754,44.761904761904766,14.705882352941178,35.57502131287298,20.387039185554386,42.06555969756191,31.226299441558147,16.930379746835442,8.222811671087534,13.011974112748884,2019-20,0.0
201935,James Harden,James,1610612745,HOU,30.0,68,43,25,0.632,2482.55,108.2,376,0.139,0.209,125,0.278,60,0.216,894.0,741.0,818.0,2562.0,7.68,7.684975006419958,48,42,307,108,3,258,22,227,212,1,75,34,176,528,527,529,526,23,68,549,341,208,220,8,28,62,57,43,100,0.57,0.43,2,106,65,15,108,0.019,0.981,0.915,0.211,201935.0,James Harden,0.3555694822888283,0.1584659400544959,5210.1,30.612244897959183,2.878787878787879,46.53465346534652,24.886137083096063,27.141382868937047,49.00398406374502,40.25894358582183,87.43961352657004,100.0,23.52941176470588,75.85819835180448,29.58749793903986,17.327802033584085,23.45764998631197,46.20253164556962,24.93368700265252,36.63155155625692,2019-20,0.0
1628991,Jaren Jackson Jr.,Jaren,1610612763,MEM,20.0,57,28,29,0.491,1621.993333333333,110.9,207,0.12,0.172,40,0.156,92,0.467,594.0,457.0,479.0,1552.0,3.81,3.8069319261851726,190,172,365,239,130,379,142,292,306,169,353,13,60,437,418,426,391,174,57,716,507,209,106,0,97,213,30,22,52,0.577,0.423,2,105,52,12,108,0.019,0.972,0.897,0.207,1628991.0,Jaren Jackson Jr.,0.3317019230769231,0.1397403846153846,3446.6,46.93877551020408,79.39393939393939,33.16831683168313,54.8554681998812,44.27244582043344,49.40239043824701,47.35041259112158,32.367149758454104,19.047619047619047,0.0,19.613526570048307,42.34294020112943,40.078046711882166,41.2104934565058,19.462025316455694,24.6684350132626,21.8049096800188,2019-20,0.0
1628386,Jarrett Allen,Jarrett,1610612751,BKN,22.0,70,33,37,0.471,1851.8633333333332,109.6,455,0.226,0.33,40,0.165,92,0.511,580.0,487.0,503.0,1844.0,4.99,4.985731251752586,29,125,452,266,83,325,14,38,42,169,324,13,36,424,448,445,450,109,70,1008,856,152,86,1,307,724,39,24,63,0.619,0.381,28,227,114,69,255,0.11,0.89,0.809,0.489,1628386.0,Jarrett Allen,0.315242774566474,0.1190028901734104,3820.9,46.93877551020408,57.27272727272727,39.603960396039625,48.72195484854608,80.28895768833848,26.693227091633464,48.13151933031547,22.705314009661837,19.047619047619047,2.941176470588235,16.48408638817846,51.1391357670116,65.27265704554235,58.20589640627698,58.70253164556962,57.02917771883289,57.9495223785381,2019-20,0.0
1629633,Jarrett Culver,Jarrett,1610612750,MIN,21.0,63,19,44,0.302,1505.6066666666666,109.3,142,0.092,0.133,57,0.211,38,0.197,509.0,407.0,394.0,1588.0,4.25,4.252846897999103,107,264,515,443,148,308,215,408,415,86,202,80,193,378,382,367,399,147,63,310,179,131,105,1,7,16,33,22,55,0.6,0.4,3,25,16,7,28,0.107,0.893,0.842,0.368,1629633.0,Jarrett Culver,0.2585441176470588,0.103685294117647,3202.7,19.387755102040817,76.66666666666667,41.0891089108911,44.86071260187243,10.42311661506708,18.326693227091635,15.165262582281812,31.88405797101449,35.23809523809524,2.941176470588235,25.82225063938619,81.4403675876865,83.88246860948108,82.6614180985838,9.17721518987342,3.4482758620689653,6.599192492361415,2019-20,0.0
1627759,Jaylen Brown,Jaylen,1610612738,BOS,23.0,57,38,19,0.667,1933.665,106.8,302,0.149,0.216,65,0.201,20,0.096,584.0,509.0,510.0,1772.0,6.86,6.856556885194397,190,81,226,78,63,196,54,187,192,58,224,174,357,429,462,450,438,36,57,436,191,245,127,0,22,50,35,29,64,0.547,0.453,4,93,56,15,97,0.041,0.959,0.903,0.242,1627759.0,Jaylen Brown,0.3175359281437125,0.1412724550898203,3928.6,10.20408163265306,62.727272727272734,53.46534653465348,39.40251474127005,11.661506707946335,63.745019920318725,42.91161463536977,42.51207729468599,42.857142857142854,0.0,32.00483091787439,49.91361505947395,38.21668787149183,44.06515146548288,34.49367088607595,21.485411140583555,28.63995400060437,2019-20,0.0
1628369,Jayson Tatum,Jayson,1610612738,BOS,22.0,66,46,20,0.697,2265.085,103.5,396,0.165,0.238,93,0.23,57,0.209,653.0,599.0,606.0,1972.0,10.28,10.279784529717,70,21,242,65,15,86,21,143,148,16,156,38,180,462,516,499,475,3,66,449,230,219,190,0,28,64,40,51,91,0.44,0.56,3,86,44,18,89,0.034,0.966,0.88,0.36,1628369.0,Jayson Tatum,0.3207246376811594,0.1402173913043478,4598.9,29.081632653061224,47.57575757575758,69.8019801980198,45.734663262244595,15.68627450980392,53.38645418326693,38.30638231388172,72.94685990338165,69.52380952380952,0.0,53.512077294685994,48.20948603503689,39.49851683238757,43.85400143371223,49.36708860759494,19.628647214854112,35.984789980861564,2019-20,0.0
203924,Jerami Grant,Jerami,1610612743,DEN,26.0,71,45,26,0.634,1891.945,112.3,190,0.099,0.15,50,0.175,57,0.292,650.0,499.0,481.0,1950.0,3.66,3.662824515954805,21,29,328,107,73,422,155,379,368,121,296,38,131,461,458,427,470,183,71,485,285,200,93,5,40,95,21,16,37,0.568,0.432,12,138,58,12,150,0.08,0.92,0.795,0.164,203924.0,Jerami Grant,0.2805331491712707,0.1083397790055248,3790.1,29.081632653061224,49.24242424242424,26.23762376237624,35.426907486667034,21.36222910216718,45.81673306772908,36.03493148150432,26.08695652173913,28.57142857142857,14.705882352941178,24.111253196930942,69.68885921114301,78.2275938905453,73.95822655084416,16.77215189873418,33.42175066312997,24.264471342712284,2019-20,0.0
202710,Jimmy Butler III,Jimmy,1610612748,MIA,30.0,58,38,20,0.655,1959.1033333333332,108.0,280,0.139,0.193,103,0.323,32,0.188,631.0,479.0,446.0,1782.0,6.14,6.139957022247271,173,81,242,92,61,247,70,223,251,7,39,104,208,455,442,402,440,60,58,368,164,204,197,1,45,104,51,32,83,0.614,0.386,17,83,63,17,100,0.17,0.83,0.887,0.239,202710.0,Jimmy Butler III,0.2760825688073394,0.1337859327217125,3892.2,16.3265306122449,61.969696969696976,47.52475247524752,40.10119430310378,8.875128998968009,47.410358565737056,31.996266739029437,76.32850241545893,79.04761904761905,2.941176470588235,58.9333617504973,72.06736471147074,47.31229073453236,59.68982772300156,31.0126582278481,18.83289124668435,25.531763086324418,2019-20,0.0
203925,Joe Harris,Joe,1610612751,BKN,28.0,69,33,36,0.478,2123.015,109.9,234,0.102,0.145,41,0.147,17,0.085,658.0,526.0,605.0,2168.0,5.54,5.543468284353275,37,125,437,255,27,341,107,361,383,163,390,195,388,466,473,498,503,85,69,549,339,210,64,2,39,94,35,34,69,0.507,0.493,6,107,70,14,113,0.053,0.947,0.854,0.171,203925.0,Joe Harris,0.3417994186046512,0.1344709302325581,4396.9,8.673469387755102,32.72727272727273,38.11881188118809,24.453636179944517,26.93498452012384,49.800796812749006,40.65447189569894,12.07729468599034,20.0,5.88235294117647,13.301506109690251,36.946576875825585,46.48006650351094,41.71332168966826,23.73417721518987,25.198938992042443,24.39332001477353,2019-20,0.0
204060,Joe Ingles,Joe,1610612762,UTA,32.0,72,44,28,0.611,2136.576666666667,105.6,251,0.112,0.159,65,0.223,11,0.056,738.0,544.0,527.0,2118.0,8.39,8.385627575851224,9,32,354,147,25,162,92,321,339,58,173,262,431,494,485,462,497,13,72,328,133,195,164,7,47,113,31,29,60,0.517,0.483,0,104,48,7,104,0.0,1.0,0.842,0.123,204060.0,Joe Ingles,0.3285606936416185,0.0904190751445086,4326.8,5.612244897959184,36.51515151515152,59.40594059405944,29.87668613800156,5.675954592363261,43.82470119521912,28.565202554076777,60.38647342995169,42.857142857142854,20.588235294117645,44.30164819551009,44.02169462835289,100.0,72.01084731417644,26.424050632911396,24.40318302387268,25.514660208843974,2019-20,0.0
203954,Joel Embiid,Joel,1610612755,PHI,26.0,51,32,19,0.627,1505.815,102.0,452,0.279,0.39,45,0.188,65,0.401,498.0,350.0,407.0,1328.0,7.64,7.641910766105757,249,133,226,117,147,64,15,15,14,143,264,29,83,368,347,374,357,24,51,499,414,85,86,5,148,322,47,32,79,0.595,0.405,32,198,130,69,230,0.139,0.861,0.861,0.457,203954.0,Joel Embiid,0.3327291666666667,0.1165451388888888,3058.8,33.16326530612245,96.36363636363636,77.22772277227725,66.29950954279101,34.6749226006192,0.0,13.86996904024768,22.705314009661837,23.809523809523807,14.705882352941178,21.09192952543336,41.79395460181686,68.25865354978914,55.026304075803,58.22784810126582,49.3368700265252,54.22690796763254,2019-20,0.0
202685,Jonas Valanciunas,Jonas,1610612763,MEM,28.0,70,32,38,0.457,1845.1033333333332,107.3,575,0.279,0.386,30,0.116,76,0.386,655.0,464.0,535.0,1688.0,6.28,6.279392162069115,29,133,467,281,85,220,6,14,15,232,445,22,89,465,423,468,423,52,70,817,678,139,58,1,269,600,36,16,52,0.692,0.308,101,315,232,124,417,0.242,0.755,0.829,0.443,202685.0,Jonas Valanciunas,0.321853448275862,0.1316522988505747,3879.4,38.775510204081634,69.0909090909091,50.990099009901,52.43954701592609,61.91950464396285,21.51394422310757,37.67616839144968,9.178743961352655,9.523809523809524,2.941176470588235,7.740125035521455,47.60622039577613,49.9045071726576,48.75536378421687,77.68987341772153,80.37135278514589,78.8965391330625,2019-20,0.0
203903,Jordan Clarkson,Jordan,1610612762,UTA,28.0,71,34,37,0.479,1704.7283333333332,111.0,137,0.078,0.112,46,0.201,16,0.124,576.0,425.0,451.0,1716.0,3.94,3.944890996692293,21,109,452,254,110,380,224,447,455,138,226,213,316,420,396,407,427,165,71,319,178,141,78,0,21,49,36,23,59,0.61,0.39,2,72,42,13,74,0.027,0.973,0.875,0.271,203903.0,Jordan Clarkson,0.2735,0.1043323353293413,3428.8,8.16326530612245,66.96969696969697,32.67326732673266,34.873016893526085,10.319917440660474,22.31075697211155,17.51442115953112,18.84057971014493,24.761904761904763,0.0,16.20289855072464,73.4475564192789,83.09635863635629,78.27195752781759,8.38607594936709,15.915119363395224,11.77414548567975,2019-20,0.0
1628404,Josh Hart,Josh,1610612740,NOP,25.0,65,26,39,0.4,1755.215,111.2,364,0.195,0.282,63,0.232,23,0.145,721.0,479.0,518.0,1902.0,3.94,3.9395583675256134,85,193,477,339,102,389,28,83,84,63,151,146,271,488,442,456,461,165,65,494,289,205,108,2,9,21,30,33,63,0.476,0.524,0,68,28,11,68,0.0,1.0,0.966,0.379,1628404.0,Josh Hart,0.331221902017291,0.1067118155619596,3723.7,11.73469387755102,52.87878787878788,31.68316831683166,31.12224538780408,21.775025799793603,47.80876494023904,37.395269284060866,33.33333333333333,40.95238095238095,5.88235294117647,29.13725490196078,42.59947589698178,80.20545600464187,61.40246595081183,44.303797468354425,14.854111405835544,31.05143874022093,2019-20,0.0
1629006,Josh Okogie,Josh,1610612750,MIN,21.0,62,19,43,0.306,1547.2933333333333,111.0,181,0.114,0.17,68,0.227,26,0.16,593.0,454.0,432.0,1648.0,3.62,3.623412153599431,123,264,509,437,143,381,169,316,313,53,161,129,248,436,416,388,416,186,62,324,195,129,135,3,10,26,24,39,63,0.381,0.619,10,17,17,9,27,0.37,0.63,0.895,0.474,1629006.0,Josh Okogie,0.3053033033033033,0.106027027027027,3301.3,13.26530612244898,72.12121212121212,32.67326732673266,38.716863523087,12.074303405572756,17.52988047808765,15.347649649081694,46.3768115942029,45.714285714285715,8.823529411764707,36.75660699062233,56.45104682953166,81.03742634449472,68.74423658701319,15.348101265822786,1.326259946949602,9.038272672329857,2019-20,0.0
1626196,Josh Richardson,Josh,1610612755,PHI,26.0,55,33,22,0.6,1693.185,106.0,133,0.075,0.109,52,0.194,36,0.176,519.0,426.0,442.0,1642.0,6.42,6.423602281083731,220,125,270,153,113,175,231,457,459,111,248,88,228,389,397,398,413,47,54,334,209,125,114,1,12,25,22,39,61,0.361,0.639,4,26,21,5,30,0.133,0.867,0.913,0.217,1626196.0,Josh Richardson,0.2847820512820513,0.1139935897435897,3396.2,18.367346938775512,72.57575757575758,57.425742574257434,47.10488957058972,13.51909184726522,15.93625498007968,14.969389726953898,36.231884057971016,30.47619047619048,2.941176470588235,25.89471440750213,67.41813579656365,71.35860791712471,69.38837185684417,7.753164556962025,3.7135278514588856,5.935328039485612,2019-20,0.0
201950,Jrue Holiday,Jrue,1610612740,NOP,30.0,61,26,35,0.426,2116.8166666666666,109.5,216,0.095,0.137,99,0.286,48,0.215,817.0,573.0,694.0,2154.0,5.82,5.819128655973228,140,193,433,324,30,317,126,397,405,13,61,50,178,516,501,519,500,69,61,456,239,217,246,2,23,56,42,45,87,0.483,0.517,4,94,51,8,98,0.041,0.959,0.927,0.145,201950.0,Jrue Holiday,0.3412415902140672,0.134565749235474,4492.2,24.489795918367346,33.78787878787879,40.0990099009901,31.64642841835204,16.615067079463365,52.589641434262944,38.19981169234311,100.0,75.23809523809524,5.88235294117647,67.80392156862744,37.24469482601375,46.36486802389829,41.80478142495602,20.88607594936709,21.750663129973475,21.27514018063997,2019-20,0.0
203944,Julius Randle,Julius,1610612752,NYK,25.0,64,21,43,0.328,2080.4,111.6,471,0.223,0.316,51,0.151,22,0.116,746.0,519.0,601.0,1856.0,4.45,4.4549312612949405,100,235,509,416,38,398,12,43,53,114,378,155,325,499,471,494,452,138,64,497,281,216,84,0,98,232,54,39,93,0.581,0.419,35,140,115,64,175,0.2,0.8,0.95,0.529,203944.0,Julius Randle,0.3091484848484848,0.157890909090909,4207.1,11.224489795918368,56.36363636363636,29.70297029702972,31.6428112198975,20.94943240454076,52.19123505976096,39.69451399767288,21.73913043478261,29.52380952380953,0.0,19.02898550724638,54.396082149173786,18.02642457440733,36.211253361790554,61.23417721518988,33.95225464190981,48.957312057213855,2019-20,0.0
203200,Justin Holiday,Justin,1610612754,IND,31.0,73,45,28,0.616,1825.7016666666664,106.4,206,0.104,0.163,87,0.296,46,0.24,572.0,583.0,488.0,1858.0,6.9,6.903766603876344,2,29,354,139,88,185,145,357,327,24,50,57,159,417,505,439,453,34,73,509,296,213,148,3,40,90,17,23,40,0.425,0.575,1,126,69,20,127,0.008,0.992,0.821,0.238,203200.0,Justin Holiday,0.3084152542372881,0.1191016949152542,3762.4,23.46938775510204,56.21212121212121,55.44554455445542,42.923383664897095,22.497420020639836,50.99601593625498,39.59657757000892,52.65700483091788,63.8095238095238,8.823529411764707,45.60201761864165,54.787939592278015,65.15261617094012,59.970277881609064,19.303797468354432,30.23872679045093,24.224515663297858,2019-20,0.0
202695,Kawhi Leonard,Kawhi,1610612746,LAC,29.0,57,41,16,0.719,1848.1083333333331,104.7,348,0.175,0.244,103,0.363,33,0.185,569.0,424.0,512.0,1582.0,7.53,7.532923685311391,190,60,194,57,84,133,34,119,136,7,23,97,213,415,393,451,397,26,57,411,190,221,201,0,23,53,39,39,78,0.5,0.5,0,88,47,17,88,0.0,1.0,0.797,0.288,202695.0,Kawhi Leonard,0.2938027210884353,0.1282959183673469,3794.9,16.83673469387755,77.12121212121212,63.86138613861385,49.69246465462872,11.55830753353973,54.18326693227091,37.133283172778434,78.26086956521739,79.04761904761905,0.0,58.971014492753625,62.59725604681057,53.98227551844504,58.2897657826278,41.77215189873418,20.159151193633953,32.04630158143908,2019-20,0.0
1626162,Kelly Oubre Jr.,Kelly,1610612756,PHX,24.0,56,22,34,0.393,1933.371666666667,110.4,294,0.151,0.22,71,0.223,40,0.248,680.0,497.0,532.0,2040.0,4.81,4.80515201845629,206,221,420,353,64,365,58,183,183,43,170,72,153,475,454,465,485,117,56,330,182,148,173,3,7,14,28,29,57,0.491,0.509,4,46,33,13,50,0.08,0.92,0.971,0.382,1626162.0,Kelly Oubre Jr.,0.2746222910216718,0.1130340557275541,3941.0,20.40816326530612,42.42424242424242,35.64356435643561,31.9226412437162,10.732714138286893,25.099601593625497,19.352846611490055,64.73429951690821,48.57142857142857,8.823529411764707,45.09960215970446,72.8477750088255,72.52437486662544,72.68607493772546,33.22784810126582,9.018567639257292,22.333671893361984,2019-20,0.0
202689,Kemba Walker,Kemba,1610612738,BOS,30.0,56,37,19,0.661,1742.405,108.1,181,0.1,0.146,48,0.167,28,0.137,508.0,477.0,504.0,1556.0,5.5,5.502167765063967,206,91,226,88,106,253,169,377,378,130,313,121,287,377,438,446,392,88,56,396,195,201,91,18,13,29,29,34,63,0.46,0.54,0,27,15,3,27,0.0,1.0,0.833,0.167,202689.0,Kemba Walker,0.3475641025641026,0.1520865384615384,3542.5,14.285714285714285,79.0909090909091,47.02970297029705,45.15352963867816,12.074303405572756,46.21513944223107,32.55880502756774,25.120772946859905,26.666666666666668,52.94117647058824,32.61693662972436,33.865780354022114,25.07833032166753,29.47205533784482,15.348101265822786,3.978779840848806,10.231906624584497,2019-20,0.0
1629134,Kendrick Nunn,Kendrick,1610612748,MIA,24.0,67,42,25,0.627,1962.4683333333332,109.1,159,0.079,0.109,56,0.182,15,0.09,725.0,519.0,441.0,1784.0,5.62,5.619322497118562,59,51,307,119,60,295,194,444,458,90,280,227,377,489,471,397,441,81,67,419,177,242,99,1,16,39,23,26,49,0.469,0.531,1,72,49,9,73,0.014,0.986,0.875,0.161,1629134.0,Kendrick Nunn,0.3213743016759777,0.145072625698324,3899.1,7.653061224489796,61.81818181818181,42.07920792079211,35.21739010635758,10.21671826625387,62.54980079681275,41.61656778458919,28.985507246376812,34.285714285714285,2.941176470588235,24.329497016197784,47.86228875767435,33.59974545587939,40.731017106776875,11.867088607594935,15.915119363395224,13.688702447705069,2019-20,0.0
203145,Kent Bazemore,Kent,1610612758,SAC,30.0,68,32,36,0.471,1687.7166666666667,106.6,267,0.144,0.212,74,0.288,40,0.197,524.0,488.0,462.0,1546.0,6.27,6.2667333357456,48,133,437,267,114,189,77,208,201,40,58,72,192,391,451,413,390,53,68,426,244,182,186,6,20,51,25,36,61,0.41,0.59,1,32,16,8,33,0.03,0.97,0.889,0.444,203145.0,Kent Bazemore,0.3121623188405797,0.1322927536231884,3507.1,20.40816326530612,79.84848484848484,54.45544554455448,49.724096389230766,17.131062951496386,38.645418326693225,30.03967617661449,71.01449275362319,51.42857142857142,17.647058823529413,50.81756180733163,52.78541114874265,49.12639926393769,50.95590520634017,28.955696202531644,5.305039787798409,18.31290081590169,2019-20,0.0
203484,Kentavious Caldwell-Pope,Kentavious,1610612747,LAL,27.0,69,51,18,0.739,1761.9616666666666,107.2,104,0.056,0.082,57,0.189,14,0.058,624.0,431.0,595.0,1684.0,6.1,6.09912736904939,37,7,216,46,98,216,275,503,503,86,263,234,427,451,401,491,421,62,69,219,90,129,107,3,16,35,22,32,54,0.407,0.593,9,63,34,10,72,0.125,0.875,0.81,0.238,203484.0,Kentavious Caldwell-Pope,0.2976225352112676,0.1106957746478873,3654.1,7.142857142857142,69.39393939393939,51.485148514851474,40.01630877373451,1.238390092879257,17.52988047808765,11.013284324004294,32.850241545893724,35.23809523809524,8.823529411764707,27.679312304632003,60.55584837445009,75.36522339910458,67.96053588677734,3.1645569620253164,13.527851458885944,7.8280394856125985,2019-20,0.0
1628989,Kevin Huerter,Kevin,1610612737,ATL,21.0,56,19,37,0.339,1760.375,113.6,193,0.106,0.158,51,0.195,27,0.141,728.0,530.0,577.0,2010.0,2.71,2.7142865093028288,206,264,452,391,99,456,150,348,344,114,247,126,281,490,476,486,481,237,56,354,178,176,115,0,15,38,16,23,39,0.41,0.59,5,53,41,9,58,0.086,0.914,0.953,0.209,1628989.0,Kevin Huerter,0.3379365079365079,0.1328349206349206,3714.0,13.77551020408163,44.696969696969695,19.801980198019812,26.104638525077,10.319917440660474,36.254980079681275,25.880955024072954,36.71497584541063,29.52380952380953,0.0,25.019323671497588,39.01101645901235,48.467704133984554,43.739360296498454,17.246835443037973,10.875331564986736,14.379658697914916,2019-20,0.0
201567,Kevin Love,Kevin,1610612739,CLE,31.0,56,16,40,0.286,1779.87,115.4,493,0.286,0.407,33,0.139,19,0.188,741.0,432.0,620.0,2068.0,1.78,1.7751058741881662,206,304,484,460,96,492,11,13,12,212,420,182,209,496,402,504,490,321,56,356,210,146,41,9,102,229,17,25,42,0.405,0.595,21,193,128,77,214,0.098,0.902,0.914,0.55,201567.0,Kevin Love,0.4109326241134751,0.1590070921985815,3583.4,9.693877551020408,40.303030303030305,10.89108910891084,20.706383903696477,13.622291021671826,24.302788844621514,20.03058971544164,0.966183574879227,12.38095238095238,26.47058823529412,11.337453822108554,0.0,16.670339897084787,8.335169948542394,64.71518987341773,48.01061007957559,57.198128966188776,2019-20,0.0
203114,Khris Middleton,Khris,1610612749,MIL,28.0,62,46,16,0.742,1852.6716666666664,100.9,338,0.157,0.208,53,0.181,7,0.031,588.0,397.0,506.0,1362.0,9.89,9.8882667579501,123,21,194,42,82,57,37,170,215,105,283,323,471,431,377,447,369,6,62,355,149,206,113,6,33,74,23,28,51,0.451,0.549,5,73,44,16,78,0.064,0.936,0.786,0.286,203114.0,Khris Middleton,0.240312865497076,0.1270555555555555,3920.6,3.571428571428571,93.78787878787878,82.67326732673267,54.922645836012165,7.327141382868938,48.20717131474104,31.855159341992195,35.748792270531396,31.428571428571427,17.647058823529413,29.711281614094915,91.18362126939124,55.489229880886896,73.33642557513906,40.189873417721515,16.180371352785148,29.38559748850015,2019-20,0.0
204001,Kristaps Porziņģis,Kristaps,1610612742,DAL,24.0,57,32,25,0.561,1813.7766666666664,109.3,440,0.221,0.312,41,0.169,115,0.561,516.0,473.0,614.0,1652.0,5.18,5.177070860966912,190,133,307,198,91,305,16,44,56,163,309,7,29,387,435,501,417,99,57,729,559,170,84,0,130,307,26,31,57,0.456,0.544,8,152,95,49,160,0.05,0.95,0.905,0.467,204001.0,Kristaps Porziņģis,0.3351314878892733,0.1669377162629757,3661.4,58.673469387755105,71.81818181818181,41.0891089108911,58.87802861918845,49.63880288957688,33.86454183266932,40.174246255432344,21.73913043478261,20.0,0.0,15.695652173913045,40.510091875096705,7.035184427158223,23.772638151127463,56.32911392405063,37.13527851458886,47.69188798979284,2019-20,0.0
1628398,Kyle Kuzma,Kyle,1610612747,LAL,24.0,61,46,15,0.754,1526.185,105.2,221,0.135,0.201,28,0.106,26,0.124,513.0,381.0,462.0,1478.0,6.23,6.232551205044016,140,21,179,30,144,146,120,241,232,237,462,129,315,384,369,413,385,56,61,403,269,134,39,6,22,54,16,21,37,0.432,0.568,9,105,54,23,114,0.079,0.921,0.9,0.383,1628398.0,Kyle Kuzma,0.2988563049853372,0.1300058651026393,3166.1,13.26530612244898,85.0,61.38613861386138,50.402657102444934,19.711042311661505,19.52191235059761,19.59756433502317,0.0,7.6190476190476195,17.647058823529413,7.078431372549019,59.89648982931632,51.90480941917484,55.90064962424558,21.677215189873415,24.6684350132626,23.02326411039855,2019-20,0.0
200768,Kyle Lowry,Kyle,1610612761,TOR,34.0,58,41,17,0.707,2098.3216666666667,104.0,260,0.115,0.168,82,0.208,26,0.127,702.0,558.0,559.0,1826.0,9.24,9.23621138636024,173,60,202,61,34,103,82,314,316,30,210,129,309,483,493,480,446,9,58,332,140,192,173,34,23,54,33,34,67,0.493,0.507,10,99,77,14,109,0.092,0.908,0.828,0.151,200768.0,Kyle Lowry,0.3346767371601208,0.1640694864048338,4351.7,13.26530612244898,58.63636363636363,67.32673267326733,42.660532890023696,6.398348813209494,42.62948207171315,28.137028768311684,64.73429951690821,59.04761904761905,100.0,71.56038647342996,40.75312245136334,10.519883787799762,25.63650311958155,27.848101265822784,23.076923076923077,25.70107108081792,2019-20,0.0
200746,LaMarcus Aldridge,LaMarcus,1610612759,SAS,34.0,53,23,30,0.434,1753.9383333333333,113.4,289,0.162,0.224,36,0.15,87,0.524,540.0,453.0,514.0,1724.0,2.76,2.7589710409827295,240,213,383,311,104,445,61,154,176,192,382,16,32,400,415,454,429,233,53,661,513,148,79,0,231,511,25,17,42,0.595,0.405,26,266,169,73,292,0.089,0.911,0.929,0.401,200746.0,LaMarcus Aldridge,0.302411149825784,0.1299407665505226,3491.9,44.38775510204081,66.36363636363637,20.792079207920747,46.18039457006925,44.89164086687307,25.099601593625497,33.01641730292452,19.32367149758454,15.23809523809524,0.0,13.062801932367153,57.99668860915686,51.983899622596184,54.99029411587652,32.436708860759495,67.37400530503979,48.158492260685634,2019-20,0.0
204038,Langston Galloway,Langston,1610612765,DET,28.0,66,20,46,0.303,1702.225,112.1,116,0.068,0.103,48,0.188,11,0.07,648.0,479.0,448.0,1822.0,3.43,3.4293949041841683,70,250,526,442,112,418,254,481,473,130,265,262,408,459,442,404,445,202,66,330,171,159,86,7,8,18,26,36,62,0.419,0.581,1,36,25,5,37,0.027,0.973,0.862,0.172,204038.0,Langston Galloway,0.3042168674698795,0.1295662650602409,3376.7,5.612244897959184,58.93939393939394,27.22772277227724,29.68061653104086,9.597523219814242,29.482071713147413,21.528252315814147,22.705314009661837,26.666666666666668,20.588235294117645,23.56251776072748,57.03166629806071,52.4388928303544,54.73527956420756,5.063291139240507,6.36604774535809,5.649531611993419,2019-20,0.0
2544,LeBron James,LeBron,1610612747,LAL,35.0,67,50,17,0.746,2316.266666666667,103.6,459,0.191,0.269,78,0.191,36,0.106,818.0,543.0,780.0,2150.0,10.35,10.348574653036856,59,12,202,40,14,90,13,92,100,34,256,88,343,517,484,525,499,2,67,274,151,123,129,10,31,70,30,48,78,0.385,0.615,11,94,57,34,105,0.105,0.895,0.814,0.486,2544.0,LeBron James,0.2856051873198847,0.1130172910662824,4750.8,18.367346938775512,34.090909090909086,69.30693069306935,36.60548963059572,7.533539731682147,15.139442231075698,12.097081231318278,43.47826086956522,55.23809523809524,29.411764705882355,44.07757885763001,66.97823056322115,72.54474276156566,69.7614866623934,59.33544303797469,21.750663129973475,42.422292079374145,2019-20,0.0
1628366,Lonzo Ball,Lonzo,1610612740,NOP,22.0,63,26,37,0.413,2025.215,110.3,312,0.142,0.204,88,0.278,38,0.166,841.0,564.0,667.0,2218.0,5.11,5.112322518337574,107,193,452,335,48,357,49,212,224,22,79,80,244,521,497,513,508,105,63,459,252,207,186,1,21,52,33,35,68,0.485,0.515,3,29,18,7,32,0.094,0.906,0.818,0.318,1628366.0,Lonzo Ball,0.3386906906906907,0.1462852852852852,4315.4,19.387755102040817,28.939393939393938,36.13861386138614,26.918543384950738,17.956656346749224,48.60557768924303,36.34600915224551,71.01449275362319,64.76190476190476,2.941176470588235,51.80775788576299,38.607961647641304,32.12644858067803,35.36720511415967,36.07594936708861,4.509283819628647,21.870949870731625,2019-20,0.0
101150,Lou Williams,Lou,1610612746,LAC,33.0,65,44,21,0.677,1863.7083333333333,107.4,170,0.081,0.12,43,0.172,12,0.067,643.0,534.0,556.0,1806.0,6.38,6.380764017950719,85,32,256,74,79,227,182,439,439,156,302,248,411,458,478,479,443,48,65,257,93,164,86,6,26,55,24,26,50,0.48,0.52,0,35,18,2,35,0.0,1.0,0.783,0.087,101150.0,Lou Williams,0.3009074626865671,0.1163134328358209,3923.1,6.122448979591836,60.15151515151515,50.495049504950465,36.12577227110466,1.547987616099071,31.47410358565737,19.503657197834052,22.705314009661837,21.904761904761905,17.647058823529413,21.16055697641376,58.80029799016805,68.54016025424336,63.670229122205704,13.60759493670886,6.10079575596817,10.22953530537555,2019-20,0.0
1629029,Luka Dončić,Luka,1610612742,DAL,21.0,61,36,25,0.59,2047.245,111.4,495,0.224,0.32,62,0.238,14,0.072,611.0,562.0,647.0,2082.0,4.52,4.522851777310806,140,99,307,168,45,394,10,42,49,66,136,234,402,446,495,511,492,134,60,323,186,137,94,2,3,6,39,33,72,0.542,0.458,1,18,11,4,19,0.053,0.947,0.917,0.333,1629029.0,Luka Dončić,0.3691954397394137,0.1407882736156351,4126.2,7.142857142857142,39.24242424242424,30.693069306930653,24.265258668724005,11.145510835913312,20.717131474103585,16.888483218827474,26.570048309178745,40.0,5.88235294117647,26.098607558965615,22.305433108550783,38.80493461494516,30.55518386174797,65.03164556962025,1.5915119363395225,36.48358543464393,2019-20,0.0
1627763,Malcolm Brogdon,Malcolm,1610612754,IND,27.0,54,34,20,0.63,1666.2683333333334,105.7,216,0.124,0.182,35,0.14,10,0.055,536.0,413.0,458.0,1626.0,6.36,6.362122279641128,232,109,242,113,120,167,126,275,281,198,413,271,434,399,386,411,409,49,53,269,149,120,79,0,10,21,34,31,65,0.523,0.477,7,18,14,6,25,0.28,0.72,0.737,0.316,1627763.0,Malcolm Brogdon,0.2857443365695793,0.1273236245954692,3341.7,5.1020408163265305,73.7878787878788,58.910891089108894,42.59429667456541,7.327141382868938,13.94422310756972,11.297390417689408,19.32367149758454,14.285714285714285,0.0,12.729468599033815,66.90386559759838,55.1635446819328,61.03370513976559,20.88607594936709,1.5915119363395225,12.203522143504683,2019-20,0.0
202694,Marcus Morris Sr.,Marcus,1610612746,LAC,30.0,62,26,36,0.419,1936.2733333333333,109.9,252,0.128,0.182,47,0.159,30,0.168,610.0,470.0,533.0,1638.0,4.94,4.941608325055469,123,193,437,331,62,339,90,263,278,134,342,111,237,445,429,467,412,111,62,351,181,170,89,6,37,94,30,29,59,0.508,0.492,11,124,65,24,135,0.081,0.919,0.765,0.282,202694.0,Marcus Morris Sr.,0.2827632398753893,0.1571806853582554,3895.2,15.306122448979592,72.87878787878788,38.11881188118809,41.15972770746461,10.62951496388029,33.86454183266932,24.570531085153707,24.154589371980677,25.71428571428571,17.647058823529413,23.073600454674622,68.49704093751662,18.88929690664568,43.69316892208115,26.582278481012654,29.708222811671085,27.98895342980895,2019-20,0.0
203935,Marcus Smart,Marcus,1610612738,BOS,26.0,60,39,21,0.65,1919.27,104.6,183,0.089,0.13,101,0.277,29,0.133,589.0,534.0,502.0,1662.0,8.19,8.189780783245558,151,74,256,99,66,120,167,424,421,10,80,117,300,433,478,444,418,17,60,403,185,218,192,12,23,51,26,50,76,0.342,0.658,3,92,59,17,95,0.032,0.968,0.831,0.239,203935.0,Marcus Smart,0.2725072463768116,0.1284811594202898,3944.5,14.79591836734694,71.06060606060606,64.3564356435644,46.878688379042,11.042311661506709,52.98804780876494,36.20975334986164,73.91304347826086,77.14285714285715,35.294117647058826,65.38874680306905,73.97810968652473,53.75722055050988,63.86766511851731,15.664556962025316,21.22015915119363,18.16457794715106,2019-20,0.0
1628365,Markelle Fultz,Markelle,1610612753,ORL,22.0,72,33,39,0.458,1995.945,110.5,197,0.1,0.138,90,0.26,11,0.057,562.0,424.0,451.0,1944.0,4.95,4.953947209371728,9,125,477,278,57,366,148,373,401,21,102,262,430,413,393,407,467,110,72,453,241,212,156,2,26,65,25,36,61,0.41,0.59,2,55,39,3,57,0.035,0.965,0.813,0.063,1628365.0,Markelle Fultz,0.318864161849711,0.13678612716763,4075.7,5.612244897959184,49.696969696969695,35.14851485148514,28.425966065994352,16.821465428276575,50.59760956175299,37.08715190836242,56.52173913043478,66.66666666666666,5.88235294117647,47.41261722080136,49.20377254072266,43.667263597738696,46.43551806923068,17.87974683544304,11.405835543766578,14.966486754188631,2019-20,0.0
1628467,Maxi Kleber,Maxi,1610612742,DAL,28.0,74,42,32,0.568,1889.7033333333336,109.2,276,0.136,0.196,25,0.111,83,0.437,541.0,548.0,615.0,1934.0,5.43,5.430312303797602,1,51,397,194,74,303,72,238,244,259,449,19,70,402,487,502,465,90,74,738,541,197,64,7,167,389,20,16,36,0.556,0.444,21,247,147,46,268,0.078,0.922,0.855,0.267,1628467.0,Maxi Kleber,0.3477298850574712,0.1265114942528735,3816.7,42.3469387755102,50.45454545454545,41.58415841584157,44.99390602325538,47.781217750258,44.6215139442231,45.885395466637064,12.07729468599034,4.761904761904762,20.588235294117645,11.644643364592213,33.77718189267736,56.15022644231097,44.96370416749416,30.37974683544304,62.3342175066313,44.75925863747776,2019-20,0.0
1628969,Mikal Bridges,Mikal,1610612756,PHX,23.0,73,34,39,0.466,2042.128333333333,108.1,226,0.107,0.155,102,0.295,46,0.258,681.0,512.0,514.0,2102.0,6.54,6.538652028539494,2,109,477,276,46,249,115,345,348,9,51,57,145,476,463,454,495,43,73,488,317,171,203,1,12,28,26,36,62,0.419,0.581,3,104,47,11,107,0.028,0.972,0.855,0.2,1628969.0,Mikal Bridges,0.3163791208791209,0.117010989010989,4178.4,23.46938775510204,37.72727272727273,47.02970297029705,34.34972629916054,24.664602683178536,34.26294820717131,30.423609997574204,79.22705314009661,78.0952380952381,2.941176470588235,59.75944870701904,50.5318428447644,67.6926781214151,59.11226048308975,22.468354430379748,24.40318302387268,23.339027297451565,2019-20,0.0
1628970,Miles Bridges,Miles,1610612766,CHA,22.0,65,23,42,0.354,1995.5766666666664,114.0,274,0.138,0.206,40,0.157,48,0.304,714.0,566.0,509.0,2158.0,2.83,2.826789681710615,85,213,503,382,58,470,73,230,218,169,348,50,122,486,498,449,501,230,65,560,324,236,84,2,10,28,40,18,58,0.69,0.31,4,72,44,14,76,0.053,0.947,0.936,0.298,1628970.0,Miles Bridges,0.3299421487603305,0.1536776859504132,3897.4,24.489795918367346,33.484848484848484,17.821782178217806,25.97106088159836,25.38699690402477,60.1593625498008,46.25041629149038,21.73913043478261,19.047619047619047,5.88235294117647,16.832907075873827,43.28340920721059,23.145197026430132,33.21430311682036,30.063291139240505,15.915119363395224,23.696613840110132,2019-20,0.0
1628420,Monte Morris,Monte,1610612743,DEN,25.0,73,46,27,0.63,1636.5516666666667,109.3,113,0.067,0.101,55,0.2,17,0.092,529.0,444.0,411.0,1628.0,4.66,4.660001312365739,2,21,339,111,125,310,261,486,478,93,230,195,365,393,408,377,410,125,72,219,113,106,89,4,22,46,22,21,43,0.512,0.488,0,36,17,2,36,0.0,1.0,0.654,0.077,1628420.0,Monte Morris,0.2571885245901639,0.1002295081967213,3272.6,8.673469387755102,73.63636363636363,41.0891089108911,39.51439225555208,3.611971104231166,8.366533864541832,6.464708760417566,24.154589371980677,33.33333333333333,11.76470588235294,24.26967888604717,82.16483165267924,88.08100763346476,85.12291964307201,4.588607594936709,6.36604774535809,5.388455662626331,2019-20,0.0
1626149,Montrezl Harrell,Montrezl,1610612746,LAC,26.0,63,44,19,0.698,1749.1266666666668,105.8,282,0.141,0.211,39,0.165,72,0.398,613.0,487.0,487.0,1662.0,6.85,6.854398356174938,107,32,226,64,105,170,69,213,206,178,325,23,86,448,448,437,418,37,63,776,548,228,56,30,202,473,24,22,46,0.522,0.478,26,337,209,70,363,0.072,0.928,0.917,0.307,1626149.0,Montrezl Harrell,0.3339467455621301,0.1503816568047337,3692.1,36.734693877551024,71.06060606060606,58.41584158415843,54.16905006827214,48.503611971104235,56.97211155378486,53.58471172071261,8.212560386473431,18.095238095238095,88.23529411764706,31.67718101733447,41.14324888185885,27.149642703613665,34.14644579273626,31.329113924050635,86.20689655172413,56.02411610650371,2019-20,0.0
1626167,Myles Turner,Myles,1610612754,IND,24.0,62,37,25,0.597,1825.8016666666667,106.7,321,0.168,0.248,46,0.164,132,0.574,559.0,470.0,542.0,1704.0,6.47,6.470445788820362,123,91,307,161,87,192,47,136,134,138,328,5,25,411,429,473,424,45,62,688,542,146,98,3,163,365,18,13,31,0.581,0.419,13,177,108,31,190,0.068,0.932,0.844,0.242,1626167.0,Myles Turner,0.3119009287925696,0.1321950464396284,3662.3,67.3469387755102,67.87878787878789,53.96039603960395,64.18645027768083,47.8844169246646,24.302788844621514,33.735440076638746,28.502415458937197,24.761904761904763,8.823529411764707,22.27351520318272,52.92510476532385,49.2451066817253,51.08510572352458,37.5,43.76657824933687,40.31996021220159,2019-20,0.0
202357,Nemanja Bjelica,Nemanja,1610612758,SAC,32.0,72,31,41,0.431,2011.1883333333333,111.1,347,0.177,0.255,62,0.204,40,0.235,668.0,478.0,536.0,1970.0,4.54,4.541952508212217,9,144,494,315,53,382,35,114,119,66,222,72,163,471,439,469,474,131,72,688,383,305,145,0,70,167,20,23,43,0.465,0.535,16,132,73,34,148,0.108,0.892,0.793,0.37,202357.0,Nemanja Bjelica,0.3851371428571428,0.1638314285714285,4029.5,20.40816326530612,47.72727272727273,32.1782178217822,32.91236521611345,31.475748194014447,87.64940239043824,65.17994071186872,51.20772946859904,40.0,0.0,34.48309178743962,13.785773772118148,10.809107462641665,12.297440617379904,41.61392405063291,31.830238726790448,37.211265654903805,2019-20,0.0
203999,Nikola Jokić,Nikola,1610612743,DEN,25.0,73,46,27,0.63,2335.405,108.9,545,0.237,0.341,85,0.219,44,0.216,747.0,573.0,598.0,2278.0,6.76,6.756602584248709,2,21,339,111,11,280,8,35,35,25,183,63,177,500,501,492,515,40,73,643,455,188,204,5,296,659,37,38,75,0.493,0.507,45,257,179,100,302,0.149,0.851,0.886,0.495,203999.0,Nikola Jokić,0.3479405099150142,0.1560509915014164,4572.1,22.448979591836736,24.39393939393939,43.06930693069304,28.28479735728674,38.90608875128999,41.03585657370518,40.183949444739106,79.71014492753623,61.904761904761905,14.705882352941178,57.227195225916454,33.66461850965622,20.2617962024998,26.96320735607801,72.94303797468355,64.9867374005305,69.36270271631469,2019-20,0.0
202696,Nikola Vučević,Nikola,1610612753,ORL,29.0,62,28,34,0.452,1998.1783333333333,109.2,533,0.27,0.366,54,0.158,47,0.27,541.0,421.0,442.0,1944.0,5.69,5.693042879172252,123,172,420,291,56,300,9,17,23,98,344,54,139,402,392,398,467,78,62,627,492,135,108,0,312,710,35,19,54,0.648,0.352,27,304,177,76,331,0.082,0.918,0.827,0.355,202696.0,Nikola Vučević,0.3733820895522388,0.1373910447761194,4059.6,23.97959183673469,49.696969696969695,41.58415841584157,37.38181573259366,42.72445820433436,19.9203187250996,29.041974516793506,33.33333333333333,32.38095238095238,0.0,24.666666666666664,20.067978935505685,42.93233086647245,31.500154900989067,71.04430379746836,77.45358090185677,73.92847849444314,2019-20,0.0
1628384,OG Anunoby,OG,1610612761,TOR,22.0,69,50,19,0.725,2065.6766666666667,104.2,284,0.129,0.187,96,0.238,45,0.246,695.0,577.0,543.0,1830.0,8.95,8.948161188628552,37,12,226,54,41,109,67,259,269,14,134,61,155,481,503,474,447,11,68,499,272,227,172,4,32,81,31,40,71,0.437,0.563,12,152,98,39,164,0.073,0.927,0.899,0.358,1628384.0,OG Anunoby,0.2897764705882353,0.1633294117647059,4279.4,22.95918367346939,58.333333333333336,66.33663366336633,46.184498551896006,20.02063983488132,56.573705179282875,41.95247904152225,64.25120772946859,72.38095238095238,11.76470588235294,53.974992895709,64.74898866982609,11.419022891996796,38.08400578091144,31.64556962025317,37.13527851458886,34.115938622704235,2019-20,0.0
200782,P.J. Tucker,P.J.,1610612745,HOU,35.0,72,44,28,0.611,2467.233333333333,108.9,364,0.137,0.206,77,0.177,36,0.133,893.0,723.0,810.0,2580.0,7.16,7.162718743664736,9,32,354,147,7,283,28,235,219,36,291,88,302,527,526,528,528,30,71,661,335,326,154,24,92,233,49,57,106,0.462,0.538,26,251,141,53,278,0.094,0.903,0.806,0.303,200782.0,P.J. Tucker,0.3319237057220708,0.1556539509536784,5186.8,18.367346938775512,1.5151515151515151,43.06930693069304,18.644568538486496,26.522187822497425,96.01593625498008,68.21843688198702,55.55555555555556,54.285714285714285,70.58823529411765,58.86928104575164,42.224413807215434,20.744172794084236,31.484293300649835,44.303797468354425,63.395225464190986,52.894940066480885,2019-20,0.0
1629023,P.J. Washington,P.J.,1610612766,CHA,21.0,58,22,36,0.379,1758.9916666666666,110.1,258,0.145,0.214,51,0.212,44,0.301,611.0,482.0,437.0,1890.0,4.53,4.530885360393962,173,221,437,365,101,349,84,201,195,114,200,63,124,446,445,392,460,133,58,534,324,210,131,0,56,136,25,29,54,0.463,0.537,6,131,71,30,137,0.044,0.956,0.899,0.38,1629023.0,P.J. Washington,0.3232464183381089,0.1395186246418338,3422.8,22.448979591836736,53.78787878787878,37.12871287128715,37.08752763031406,25.38699690402477,49.800796812749006,40.035276849259304,44.44444444444444,29.52380952380953,0.0,28.11111111111111,46.86178109035497,40.34746962296957,43.60462535666227,27.531645569620256,31.56498673740053,29.34664909512138,2019-20,0.0
1627783,Pascal Siakam,Pascal,1610612761,TOR,26.0,60,46,14,0.767,2110.161666666667,103.0,375,0.162,0.236,61,0.151,53,0.265,665.0,541.0,508.0,1830.0,9.87,9.866705249216537,151,21,168,26,32,76,24,151,150,71,380,44,141,469,483,448,447,7,60,620,284,336,99,1,55,144,37,40,77,0.481,0.519,3,161,78,27,164,0.018,0.982,0.804,0.278,1627783.0,Pascal Siakam,0.339665671641791,0.1621164179104477,4373.7,27.040816326530617,58.333333333333336,72.27722772277228,49.30230012797199,21.25902992776058,100.0,68.50361197110423,28.985507246376812,39.04761904761905,2.941176470588235,25.996163682864452,38.08690655700622,12.892725878665264,25.489816217835745,46.04430379746836,39.52254641909814,43.10951297720176,2019-20,0.0
1629628,RJ Barrett,RJ,1610612752,NYK,20.0,56,17,39,0.304,1704.4216666666666,114.5,229,0.134,0.194,55,0.193,17,0.11,595.0,487.0,481.0,1560.0,2.17,2.166529787336885,206,295,477,440,111,478,113,243,250,93,251,195,337,438,448,427,393,284,56,333,167,166,76,2,2,4,24,31,55,0.436,0.564,2,27,19,9,29,0.069,0.931,0.864,0.409,1629628.0,RJ Barrett,0.31270245398773,0.1481533742331288,3482.2,8.673469387755102,78.78787878787878,15.346534653465326,34.88177899422594,9.18472652218782,32.27091633466135,23.03644040967194,17.874396135265698,33.33333333333333,5.88235294117647,20.28701335606706,52.49674892643359,29.856850715746447,41.176799821090015,22.943037974683545,3.978779840848806,14.409121814457912,2019-20,0.0
201937,Ricky Rubio,Ricky,1610612756,PHX,29.0,65,32,33,0.492,2016.361666666667,108.4,258,0.128,0.179,94,0.292,11,0.064,661.0,505.0,527.0,2096.0,6.3,6.304570995857811,85,133,410,236,52,265,84,268,290,15,53,262,417,468,460,462,494,51,65,338,137,201,175,8,16,39,33,39,72,0.458,0.542,0,47,32,9,47,0.0,1.0,0.821,0.231,201937.0,Ricky Rubio,0.3460494186046511,0.1251918604651163,4126.7,5.612244897959184,38.18181818181819,45.544554455445514,26.994672936681415,6.0887512899896805,46.21513944223107,30.164584181334515,65.70048309178745,70.47619047619048,23.52941176470588,56.82921284455812,34.67526672079139,57.75348951532625,46.21437811805882,27.531645569620256,9.283819628647215,19.320123896182388,2019-20,0.0
203496,Robert Covington,Robert,1610612745,HOU,29.0,70,27,43,0.386,2136.8083333333334,108.8,400,0.18,0.263,115,0.283,93,0.337,753.0,562.0,575.0,2104.0,6.26,6.2607466972769155,29,181,509,360,24,278,20,109,109,3,69,10,102,503,495,484,496,54,70,520,287,233,237,6,48,117,28,45,73,0.384,0.616,7,164,81,35,171,0.041,0.959,0.764,0.33,203496.0,Robert Covington,0.3564094707520891,0.1374874651810585,4488.3,47.44897959183674,37.57575757575757,43.564356435643575,43.02219609716073,21.568627450980394,58.964143426294825,44.00593703616906,95.65217391304348,90.47619047619048,17.647058823529413,74.33930093776641,29.13858633275379,42.81518679502005,35.97688656388692,50.0,40.318302387267906,45.64323607427056,2019-20,0.0
1626220,Royce O'Neale,Royce,1610612762,UTA,27.0,71,44,27,0.62,2049.4683333333332,107.3,362,0.165,0.231,59,0.227,32,0.189,713.0,516.0,532.0,1990.0,7.04,7.038905640113774,21,32,339,133,43,219,30,142,167,78,160,104,207,485,469,465,478,31,71,434,226,208,102,1,53,127,17,35,52,0.327,0.673,3,102,59,21,105,0.029,0.971,0.843,0.3,1626220.0,Royce O'Neale,0.3059037900874635,0.1377463556851312,4167.8,16.3265306122449,46.21212121212121,50.990099009901,35.45237942161563,15.273477812177502,49.00398406374502,35.511781563118014,30.434782608695656,37.142857142857146,2.941176470588235,25.909207161125323,56.1301311281606,42.500652877364416,49.31539200276251,43.9873417721519,23.87267904509284,34.935743544975324,2019-20,0.0
203497,Rudy Gobert,Rudy,1610612762,UTA,28.0,68,42,26,0.618,2332.7066666666665,106.6,686,0.276,0.386,51,0.174,135,0.685,825.0,586.0,621.0,2222.0,8.37,8.373029442621622,48,51,328,137,12,190,2,16,16,114,298,4,5,519,506,505,509,15,68,1117,910,207,107,0,471,1089,30,13,43,0.698,0.302,72,273,209,131,345,0.209,0.791,0.909,0.57,203497.0,Rudy Gobert,0.3221160714285714,0.1317113095238095,4723.3,68.87755102040816,28.636363636363637,54.45544554455448,51.18760906702916,85.86171310629514,48.60557768924303,63.50803185606388,32.850241545893724,29.52380952380953,0.0,23.473429951690825,47.46586777608298,49.8328133177496,48.64934054691629,95.25316455696202,69.23076923076923,83.54308666017528,2019-20,1.0
201566,Russell Westbrook,Russell,1610612745,HOU,31.0,57,36,21,0.632,2049.1683333333335,107.1,351,0.157,0.238,93,0.232,20,0.093,732.0,595.0,645.0,2222.0,7.27,7.267543215630275,190,99,256,110,44,215,32,171,147,16,152,174,360,493,513,510,509,27,57,248,119,129,150,2,9,20,40,44,84,0.476,0.524,4,36,24,14,40,0.1,0.9,0.8,0.467,201566.0,Russell Westbrook,0.3433093749999999,0.16328125,4419.8,10.20408163265306,28.636363636363637,51.980198019802,27.099409430739,4.231166150670795,17.52988047808765,12.210394747120908,53.62318840579711,69.52380952380952,5.88235294117647,47.25319693094629,36.139617041845696,11.477536079216296,23.80857656053099,42.24683544303797,6.36604774535809,26.10048097908203,2019-20,0.0
203552,Seth Curry,Seth,1610612742,DAL,29.0,64,38,26,0.594,1575.7133333333334,110.6,118,0.07,0.101,38,0.205,9,0.054,473.0,456.0,523.0,1598.0,3.84,3.8379999533931737,100,81,328,165,138,368,251,475,477,183,216,289,436,355,417,461,401,173,64,238,97,141,90,4,12,25,20,23,43,0.465,0.535,0,20,13,5,20,0.0,1.0,0.765,0.294,203552.0,Seth Curry,0.306613707165109,0.126202492211838,3125.7,4.591836734693878,75.9090909090909,34.653465346534674,37.06828284869304,1.96078431372549,22.31075697211155,14.170767908757128,24.637681159420293,17.142857142857142,11.76470588235294,18.796248934356353,55.750733041645674,56.52564238457827,56.138187713111975,5.379746835443038,2.122015915119363,3.9137679212973846,2019-20,0.0
1628983,Shai Gilgeous-Alexander,Shai,1610612760,OKC,21.0,70,43,27,0.614,2428.335,109.2,365,0.146,0.212,79,0.202,47,0.201,790.0,642.0,518.0,2552.0,6.9,6.900991627274451,29,42,339,143,8,301,27,193,198,33,223,54,184,511,522,456,525,34,70,553,326,227,144,2,13,28,37,47,84,0.44,0.56,1,44,26,11,45,0.022,0.978,0.867,0.367,1628983.0,Shai Gilgeous-Alexander,0.3456011235955056,0.1380449438202247,4912.2,23.97959183673469,3.636363636363636,41.58415841584157,21.26060361138154,25.593395252837976,56.573705179282875,44.18158120870492,50.72463768115942,56.19047619047619,5.88235294117647,41.42710997442455,34.91484719296159,42.137889104962426,38.52636814896201,44.462025316455694,8.488063660477453,28.273742571265487,2019-20,0.0
203915,Spencer Dinwiddie,Spencer,1610612751,BKN,27.0,64,30,34,0.469,1994.15,109.4,189,0.085,0.123,40,0.17,21,0.115,658.0,528.0,565.0,1944.0,5.53,5.529182705746815,100,152,420,271,59,313,157,431,435,169,307,168,327,466,474,482,467,86,64,399,204,195,71,2,37,91,22,40,62,0.355,0.645,1,61,39,7,62,0.016,0.984,0.886,0.159,203915.0,Spencer Dinwiddie,0.2896685878962536,0.1426512968299711,4125.5,10.714285714285714,49.696969696969695,40.59405940594056,31.828168531138815,13.0030959752322,43.82470119521912,31.49605910722435,15.458937198067632,19.047619047619047,5.88235294117647,14.320829781187838,64.80664397661442,36.54149126314117,50.67406761987779,16.61392405063291,12.9973474801061,14.986464593895846,2019-20,0.0
203500,Steven Adams,Steven,1610612760,OKC,26.0,63,40,23,0.635,1680.51,106.7,376,0.214,0.308,51,0.21,67,0.444,556.0,397.0,342.0,1672.0,6.06,6.059897387233408,107,66,282,105,117,194,22,55,60,114,208,25,66,407,377,329,420,64,63,723,566,157,90,3,302,643,43,24,67,0.642,0.358,75,245,183,89,320,0.234,0.766,0.867,0.422,203500.0,Steven Adams,0.3070401234567901,0.1314598765432099,3396.3,34.183673469387756,70.3030303030303,53.96039603960395,51.769629003716695,50.36119711042312,28.68525896414343,37.35563422265531,24.637681159420293,29.52380952380953,8.823529411764707,22.39428815004263,55.52284512315927,50.13828686417844,52.830565993668856,46.20253164556962,61.80371352785146,53.22306349259645,2019-20,0.0
203933,T.J. Warren,T.J.,1610612754,IND,26.0,67,42,25,0.627,2202.3516666666665,106.9,212,0.092,0.137,78,0.23,34,0.138,681.0,559.0,625.0,2202.0,7.7,7.698118398497221,59,51,307,119,19,201,131,407,409,34,155,95,286,476,494,507,507,21,67,326,163,163,195,4,12,28,32,41,73,0.438,0.562,4,58,31,10,62,0.065,0.935,0.912,0.294,203933.0,T.J. Warren,0.2948258258258258,0.11309009009009,4442.3,17.346938775510203,30.151515151515152,52.97029702970294,30.734380070660123,8.771929824561402,31.07569721115538,22.15419025651779,75.36231884057972,55.23809523809524,11.76470588235294,52.41943734015345,62.050482357469726,72.45629702176632,67.25338968961802,20.253164556962027,12.20159151193634,16.629956686700467,2019-20,0.0
1627752,Taurean Prince,Taurean,1610612751,BKN,26.0,64,30,34,0.469,1857.435,108.4,331,0.162,0.234,57,0.234,25,0.146,581.0,472.0,488.0,1866.0,5.72,5.721955183019835,100,152,420,271,81,264,42,153,154,86,147,134,269,425,433,439,455,74,64,381,180,201,120,10,43,107,22,30,52,0.423,0.577,2,116,67,22,118,0.017,0.983,0.931,0.306,1627752.0,Taurean Prince,0.2799287833827893,0.1089169139465875,3859.2,12.755102040816327,55.6060606060606,45.544554455445514,35.950300642309124,10.526315789473683,46.21513944223107,31.939609981128115,39.130434782608695,35.23809523809524,29.411764705882355,35.3384484228474,70.01184795296254,77.5264151637372,73.76913155834987,39.08227848101266,27.58620689655172,33.90904626800524,2019-20,0.0
203082,Terrence Ross,Terrence,1610612753,ORL,29.0,69,31,38,0.449,1889.0833333333333,108.0,209,0.108,0.159,77,0.245,24,0.103,590.0,447.0,476.0,1748.0,6.05,6.054996841267467,37,144,467,293,75,246,136,340,338,36,126,140,345,434,414,425,433,65,69,261,108,153,133,0,9,18,16,33,49,0.327,0.673,0,57,30,8,57,0.0,1.0,0.682,0.182,203082.0,Terrence Ross,0.2958795518207283,0.1414593837535014,3806.0,12.244897959183673,64.54545454545455,47.52475247524752,39.370056393394435,3.095975232198142,27.091633466135455,17.493370172560528,45.410628019323674,54.285714285714285,0.0,37.16425120772947,61.48734387444726,37.98958257413716,49.73846322429221,19.77848101265823,11.93633952254642,16.249517342107914,2019-20,0.0
1626179,Terry Rozier,Terry,1610612766,CHA,26.0,63,21,42,0.333,2164.46,113.4,226,0.107,0.159,61,0.216,10,0.052,757.0,572.0,512.0,2296.0,3.44,3.4405885688703126,107,235,503,396,21,447,115,343,342,71,191,271,440,504,500,451,516,200,63,347,103,244,96,0,15,36,42,51,93,0.452,0.548,2,26,15,3,28,0.071,0.929,0.75,0.15,1626179.0,Terry Rozier,0.3548184438040346,0.1442449567723343,4165.2,5.1020408163265305,23.03030303030303,20.792079207920747,15.29944218911686,2.5799793601651184,63.34661354581673,39.039959871556086,27.536231884057973,39.04761904761905,0.0,24.68115942028986,29.98887237135363,34.605305512034626,32.29708894169413,22.468354430379748,3.7135278514588856,14.02868246986536,2019-20,0.0
201152,Thaddeus Young,Thaddeus,1610612741,CHI,32.0,64,22,42,0.344,1590.6616666666666,108.1,221,0.145,0.214,92,0.264,23,0.173,598.0,416.0,437.0,1630.0,5.12,5.117655688931215,100,221,503,388,134,248,120,197,196,19,93,146,233,440,388,392,411,104,64,468,241,227,175,13,40,91,34,28,62,0.548,0.452,25,104,60,29,129,0.194,0.806,0.882,0.426,201152.0,Thaddeus Young,0.318434650455927,0.140386018237082,3278.7,11.73469387755102,73.48484848484848,47.02970297029705,42.17100026329164,16.821465428276575,56.573705179282875,40.67280927888036,65.70048309178745,68.57142857142857,38.23529411764706,59.83901676612675,49.43331456199428,39.29364686249382,44.363480712244055,21.677215189873415,24.40318302387268,22.903900715173084,2019-20,0.0
203501,Tim Hardaway Jr.,Tim,1610612742,DAL,28.0,71,41,30,0.577,2091.3533333333335,110.1,207,0.09,0.129,41,0.154,5,0.024,579.0,588.0,707.0,2056.0,5.42,5.415364560576086,21,60,383,180,35,351,142,420,426,163,361,359,474,422,508,522,488,92,71,419,172,247,79,7,17,38,12,21,33,0.364,0.636,3,44,25,8,47,0.064,0.936,0.806,0.258,203501.0,Tim Hardaway Jr.,0.311694610778443,0.1426766467065868,4234.0,2.5510204081632653,41.21212121212121,37.12871287128715,24.72682880532952,9.700722394220849,64.5418326693227,42.605388559281955,19.32367149758454,20.0,20.588235294117645,19.87652742256323,53.035366459594954,36.51069292995178,44.77302969477337,19.462025316455694,8.488063660477453,14.523742571265489,2019-20,0.0
202699,Tobias Harris,Tobias,1610612755,PHI,27.0,72,43,29,0.597,2469.1783333333333,107.2,426,0.172,0.234,53,0.132,40,0.153,780.0,548.0,692.0,2434.0,8.38,8.381752264991913,9,42,365,160,6,218,18,128,155,105,430,72,258,508,487,518,522,14,72,461,279,182,76,0,24,52,25,27,52,0.481,0.519,27,129,86,37,156,0.173,0.827,0.878,0.378,202699.0,Tobias Harris,0.3367994100294985,0.1366666666666666,4972.3,20.40816326530612,12.575757575757576,51.485148514851474,25.436067586350468,20.743034055727556,38.645418326693225,31.48446461830696,17.874396135265698,31.428571428571427,0.0,18.149758454106276,39.61871105276732,43.812399779954845,41.71555541636109,54.11392405063291,31.03448275862069,43.728175469227416,2019-20,0.0
203107,Tomas Satoransky,Tomas,1610612741,CHI,28.0,65,22,43,0.338,1877.9383333333333,108.8,178,0.101,0.145,80,0.21,7,0.047,747.0,512.0,481.0,2018.0,5.55,5.549181712067368,85,221,509,393,77,277,173,370,381,32,207,323,449,500,463,427,482,84,65,290,151,139,132,7,22,59,43,35,78,0.551,0.449,7,63,35,9,70,0.1,0.9,0.897,0.231,203107.0,Tomas Satoransky,0.3449776357827476,0.1251789137380191,3838.4,3.571428571428571,44.09090909090909,43.564356435643575,27.751478719300504,7.533539731682147,21.51394422310757,15.9217824265374,44.927536231884055,57.14285714285714,20.588235294117645,43.11807331628303,35.248055240175105,57.76921888635618,46.50863706326564,14.873417721518988,13.527851458885944,14.267912903334118,2019-20,0.0
203503,Tony Snell,Tony,1610612765,DET,28.0,59,18,41,0.305,1641.0766666666666,111.4,102,0.064,0.095,32,0.126,15,0.103,595.0,444.0,426.0,1804.0,3.57,3.572318987083652,162,282,494,439,124,395,277,495,489,221,438,227,345,438,408,385,442,191,59,383,220,163,94,0,17,41,10,18,28,0.357,0.643,0,93,38,6,93,0.0,1.0,0.844,0.133,203503.0,Tony Snell,0.2904757281553398,0.0981650485436893,3183.5,7.653061224489796,60.303030303030305,30.693069306930653,31.840552422589187,14.654282765737875,31.07569721115538,24.50713143298838,26.570048309178745,11.428571428571429,0.0,14.6280193236715,64.37528730202631,90.58918221806768,77.48223476004699,2.848101265822785,21.485411140583555,11.234890709465132,2019-20,0.0
1629027,Trae Young,Trae,1610612737,ATL,21.0,60,18,42,0.3,2120.2083333333335,116.1,223,0.1,0.153,65,0.198,8,0.036,875.0,675.0,686.0,2512.0,1.74,1.737918985015157,151,282,503,445,28,496,118,372,359,58,245,305,464,526,524,517,523,325,60,252,119,133,105,13,10,21,35,36,71,0.493,0.507,1,12,10,5,13,0.077,0.923,1.0,0.5,1629027.0,Trae Young,0.3609847094801223,0.1308256880733945,4516.0,4.081632653061225,6.666666666666667,7.42574257425743,5.8224220381221805,4.231166150670795,19.12350597609562,13.166570045925688,31.88405797101449,42.857142857142854,38.23529411764706,37.312446717817565,26.693460171650813,50.90878165176272,38.80112091170676,21.99367088607595,0.0,12.096518987341774,2019-20,0.0
202684,Tristan Thompson,Tristan,1610612739,CLE,29.0,57,19,38,0.333,1721.525,115.2,351,0.207,0.294,33,0.15,50,0.515,792.0,419.0,601.0,2034.0,1.83,1.8306970791046313,190,264,467,396,109,488,32,66,75,212,382,47,34,512,390,494,484,316,57,603,432,171,60,0,264,593,43,22,65,0.662,0.338,62,213,162,81,275,0.225,0.775,0.89,0.445,202684.0,Tristan Thompson,0.2845844594594594,0.1164256756756756,3492.0,25.510204081632654,42.878787878787875,11.881188118811846,28.18195441993178,36.53250773993808,34.26294820717131,35.17077202027802,10.144927536231885,12.38095238095238,0.0,8.391304347826086,67.52373398790593,68.40379302719974,67.96376350755284,42.24683544303797,53.315649867374006,47.22780193398919,2019-20,0.0
1628972,Troy Brown Jr.,Troy,1610612764,WAS,20.0,69,24,45,0.348,1782.0183333333334,113.7,307,0.171,0.265,85,0.279,7,0.045,560.0,553.0,432.0,1960.0,2.71,2.711941902129558,37,207,520,387,94,459,51,129,105,25,73,323,451,412,491,388,472,237,69,358,178,180,135,2,8,21,29,35,64,0.453,0.547,6,56,33,14,62,0.097,0.903,0.786,0.333,1628972.0,Troy Brown Jr.,0.3480969529085873,0.1546177285318559,3764.4,3.571428571428571,48.48484848484848,19.306930693069276,23.225001071535715,10.319917440660474,37.84860557768924,26.837130322877737,46.3768115942029,61.904761904761905,5.88235294117647,41.687979539641944,33.58101131907116,22.00311081139732,27.79206106523424,35.28481012658228,11.671087533156498,24.65863495954068,2019-20,0.0
1629639,Tyler Herro,Tyler,1610612748,MIA,20.0,55,34,21,0.618,1508.08,109.6,208,0.131,0.188,34,0.153,9,0.068,575.0,428.0,367.0,1462.0,4.12,4.123275116811027,220,109,256,136,146,324,139,254,263,203,366,289,410,419,398,350,384,151,55,322,166,156,57,0,7,15,17,23,40,0.425,0.575,0,38,18,2,38,0.0,1.0,0.783,0.087,1629639.0,Tyler Herro,0.3019047619047619,0.1138898809523809,3055.7,4.591836734693878,86.2121212121212,39.603960396039625,41.91196721712987,9.081527347781218,28.28685258964144,20.604722492897352,8.695652173913043,13.333333333333334,0.0,8.144927536231885,58.26731543913431,71.48460686989075,64.87596115451254,19.62025316455696,6.896551724137931,13.894587516368398,2019-20,0.0
202083,Wesley Matthews,Wesley,1610612749,MIL,33.0,67,52,15,0.776,1634.865,98.3,144,0.073,0.096,38,0.147,9,0.049,502.0,358.0,467.0,1280.0,10.01,10.01454917141177,59,5,179,22,126,32,212,465,488,183,389,289,445,371,354,416,347,5,66,325,136,189,92,6,23,56,12,22,34,0.353,0.647,7,88,60,15,95,0.074,0.926,0.857,0.214,202083.0,Wesley Matthews,0.2238159509202454,0.1351073619631901,3516.5,4.591836734693878,100.0,95.5445544554456,60.72287330773895,5.985552115583075,41.43426294820717,27.254778615157537,25.60386473429952,17.142857142857142,17.647058823529413,20.653310599602165,100.0,45.70684631039082,72.85342315519542,9.49367088607595,20.159151193633953,14.293137024477051,2019-20,0.0
203115,Will Barton,Will,1610612743,DEN,29.0,58,38,20,0.655,1915.8383333333336,106.9,289,0.147,0.217,61,0.182,29,0.159,588.0,503.0,469.0,1956.0,6.7,6.69673479506806,173,81,242,92,68,205,61,192,189,71,281,117,249,431,459,418,471,41,58,394,196,198,90,1,11,23,24,35,59,0.407,0.593,0,19,16,7,19,0.0,1.0,1.0,0.438,203115.0,Will Barton,0.3204848484848485,0.1390787878787878,3802.4,14.79591836734694,48.78787878787879,52.97029702970294,36.23669918012209,12.17750257997936,45.0199203187251,31.882953223226803,24.637681159420293,39.04761904761905,2.941176470588235,24.257033248081843,48.33763559660125,40.88184063323641,44.60973811491883,32.436708860759495,1.8567639257294428,18.675733639995975,2019-20,0.0
203897,Zach LaVine,Zach,1610612741,CHI,25.0,60,20,40,0.333,2085.41,111.2,248,0.125,0.182,88,0.208,28,0.172,813.0,592.0,549.0,2234.0,4.68,4.677245927500247,151,250,484,396,36,388,98,272,277,22,211,121,234,515,510,476,511,124,60,369,159,210,124,0,21,46,25,28,53,0.472,0.528,4,48,30,9,52,0.077,0.923,0.882,0.265,203897.0,Zach LaVine,0.3114451612903225,0.1399645161290322,4264.1,14.285714285714285,27.727272727272727,31.68316831683166,23.33962324803908,8.359133126934983,49.800796812749006,33.22413133842339,41.06280193236715,64.76190476190476,0.0,39.091787439613526,53.16867873148582,39.805742544874605,46.487210638180215,25.949367088607595,9.549071618037134,18.569234126850887,2019-20,0.0
203932,Aaron Gordon,Aaron,1610612743,DEN,27.0,68,45,23,0.662,2055.1066666666666,110.9,282,0.136,0.197,54,0.16,51,0.273,683.0,543.0,582.0,2250.0,7.3,7.301462747850144,133,35,226,64,96,191,80,210,227,121,367,51,136,435,423,434,459,47,68,374,267,107,79,1,59,144,28,23,51,0.549,0.451,12,20,31,22,32,0.375,0.625,0.969,0.688,203932.0,Aaron Gordon,0.2698106508875739,0.1219881656804733,4181.9,24.46808510638298,49.42922374429224,70.4697986577181,44.704912017485,19.69823973176865,19.069767441860467,19.32115635782374,17.194570135746606,31.48148148148148,3.7037037037037033,18.82227249874309,80.1274271796573,59.59111390412719,69.85927054189224,26.198083067092657,12.76595744680851,20.15362653796479,2022-23,0.0
1630174,Aaron Nesmith,Aaron,1610612754,IND,23.0,73,30,43,0.411,1816.4033333333336,118.5,215,0.119,0.184,55,0.204,34,0.147,679.0,563.0,559.0,2014.0,2.44,2.441571566481779,92,207,499,402,143,501,146,276,258,119,226,95,283,431,439,421,417,302,73,396,246,150,109,12,29,71,11,23,34,0.324,0.676,5,37,29,13,42,0.119,0.881,0.906,0.406,1630174.0,Aaron Nesmith,0.326413407821229,0.1550586592178771,3765.7,15.425531914893616,62.89954337899544,19.46308724832218,33.050824760686396,17.93797150041911,39.06976744186046,30.61704906528392,30.76923076923077,32.407407407407405,44.44444444444444,34.761396011396016,51.92710569614435,31.75288171775285,41.8399937069486,15.495207667731629,24.822695035460992,19.692576983209843,2022-23,0.0
201143,Al Horford,Al,1610612738,BOS,37.0,63,44,19,0.698,1921.375,111.1,317,0.159,0.22,30,0.12,61,0.286,597.0,478.0,483.0,1972.0,6.63,6.626101033639162,189,40,176,33,123,204,60,143,175,252,465,37,127,384,382,380,409,67,63,636,407,229,75,0,117,280,19,10,29,0.655,0.345,15,73,81,38,88,0.17,0.83,0.953,0.447,201143.0,Al Horford,0.3242333333333333,0.17607,3897.6,29.78723404255319,65.29680365296804,69.12751677852353,52.05065409019097,31.43336127409891,75.81395348837209,58.06171660266281,15.384615384615383,9.25925925925926,0.0,9.394586894586894,53.013250695913946,14.065858614265943,33.539554655089944,31.789137380191697,50.35460992907801,40.14360002719054,2022-23,0.0
1627936,Alex Caruso,Alex,1610612741,CHI,29.0,67,33,34,0.493,1575.3766666666668,106.5,154,0.099,0.143,98,0.35,46,0.28,499.0,354.0,367.0,1364.0,7.51,7.512243147872922,145,162,403,292,174,68,220,373,392,14,28,65,130,340,313,319,328,43,67,354,163,191,227,14,56,127,14,25,39,0.359,0.641,0,21,17,4,21,0.0,1.0,1.0,0.235,1627936.0,Alex Caruso,0.3071358024691358,0.1438858024691358,3172.4,21.808510638297875,100.0,100.0,68.72340425531915,10.980720871751885,58.139534883720934,39.27600927893331,84.16289592760181,72.22222222222221,51.85185185185185,71.90589911178147,61.53149067333762,41.15802047096718,51.3447555721524,5.7507987220447285,13.47517730496454,9.226769084358644,2022-23,0.0
1630578,Alperen Sengun,Alperen,1610612745,HOU,20.0,75,18,57,0.24,2170.6566666666668,120.3,436,0.204,0.293,70,0.232,70,0.366,893.0,608.0,855.0,2222.0,1.81,1.8070077758993783,70,339,534,492,73,521,27,66,76,63,142,29,81,526,467,534,455,345,75,628,499,129,133,9,253,580,25,17,42,0.595,0.405,37,102,132,81,139,0.266,0.734,0.992,0.609,1630578.0,Alperen Sengun,0.368432664756447,0.1466790830945558,4372.9,34.57446808510639,51.02739726027398,7.382550335570524,33.535013859031075,39.14501257334451,29.30232558139535,33.23940037817501,41.6289592760181,46.2962962962963,33.33333333333333,41.18862074744427,30.99249723775453,38.8066798559807,34.89958854686761,50.79872204472843,70.92198581560284,59.85419074162192,2022-23,0.0
1629614,Andrew Nembhard,Andrew,1610612754,IND,23.0,75,32,43,0.427,2073.5316666666668,118.2,164,0.078,0.121,70,0.226,13,0.051,786.0,680.0,663.0,2354.0,2.99,2.985792484036291,70,178,499,382,94,493,208,472,463,63,157,262,464,487,511,478,475,260,75,269,156,113,138,15,16,40,18,24,42,0.429,0.571,0,19,16,4,19,0.0,1.0,0.941,0.235,1629614.0,Andrew Nembhard,0.3114097035040431,0.1187574123989218,4301.0,4.25531914893617,43.49315068493151,21.476510067114106,22.29385791607902,10.393964794635371,21.86046511627907,17.273864987621593,43.89140271493213,46.2962962962963,55.55555555555556,47.64915367856544,59.40217065957265,62.31071226412745,60.85644146185005,7.348242811501597,12.05673758865248,9.467065461219496,2022-23,0.0
1629014,Anfernee Simons,Anfernee,1610612757,POR,24.0,62,27,35,0.435,2170.66,115.7,143,0.067,0.1,42,0.145,14,0.07,745.0,609.0,640.0,2368.0,4.66,4.656906422690617,203,238,420,374,72,426,238,508,508,181,402,248,434,466,468,466,477,161,62,283,146,137,101,2,15,34,11,16,27,0.407,0.593,0,5,5,3,5,0.0,1.0,1.0,0.6,1629014.0,Anfernee Simons,0.3689382352941177,0.12585,4369.5,4.787234042553192,42.69406392694064,38.255033557046985,26.421574380712247,9.555741827326068,33.02325581395349,23.63625021930252,27.149321266968325,20.37037037037037,7.4074074074074066,19.84120998826881,30.740614600454418,56.34028124477487,43.540447922614646,3.993610223642172,2.127659574468085,3.1539324315138333,2022-23,0.0
203076,Anthony Davis,Anthony,1610612747,LAL,30.0,56,31,25,0.554,1904.51,109.5,507,0.248,0.357,59,0.208,114,0.591,638.0,498.0,632.0,1996.0,7.46,7.456244374169742,253,191,256,178,127,143,15,23,23,102,210,7,17,408,393,463,413,45,55,592,453,139,116,2,178,397,26,31,57,0.456,0.544,39,72,108,83,111,0.351,0.649,1.0,0.769,203076.0,Anthony Davis,0.3260408163265306,0.1150952380952381,3955.9,57.97872340425532,63.92694063926941,79.86577181208054,65.53236153846655,35.28918692372171,33.95348837209302,34.48776779274449,33.93665158371041,36.11111111111111,7.4074074074074066,28.0654013742249,52.11273622903224,65.39347419683386,58.75310521293305,62.14057507987221,49.645390070921984,56.51774182584461,2022-23,0.0
1630162,Anthony Edwards,Anthony,1610612750,MIN,21.0,79,40,39,0.506,2841.455,111.9,411,0.139,0.21,125,0.259,58,0.172,1049.0,819.0,839.0,2994.0,9.17,9.165744824637706,27,74,472,261,2,257,34,207,195,3,101,44,235,538,537,533,534,13,79,358,176,182,204,0,2,5,25,24,49,0.51,0.49,2,14,15,9,16,0.125,0.875,0.938,0.563,1630162.0,Anthony Edwards,0.359625,0.1728614130434782,5866.9,28.191489361702125,6.963470319634703,63.75838926174494,29.653407671989232,12.070410729253982,53.95348837209303,37.20025731495741,73.7556561085973,97.2222222222222,0.0,63.530040221216694,35.38060465700868,16.766797703209356,26.07370118010902,46.80511182108626,8.51063829787234,29.572598735639996,2022-23,0.0
1630559,Austin Reaves,Austin,1610612747,LAL,25.0,64,35,29,0.547,1843.2266666666667,110.5,160,0.079,0.118,33,0.14,19,0.099,649.0,533.0,592.0,1990.0,6.74,6.7425347580559345,181,137,327,193,136,181,213,470,470,231,417,198,368,416,415,443,412,64,64,337,181,156,67,19,18,41,13,14,27,0.481,0.519,0,17,17,2,17,0.0,1.0,1.0,0.118,1630559.0,Austin Reaves,0.3415907780979827,0.1359077809798271,3845.0,7.446808510638298,64.26940639269407,73.15436241610739,43.76160624572509,12.489522212908634,41.86046511627907,30.1120879549309,11.76470588235294,12.037037037037036,70.37037037037037,26.51143790849673,44.365517811292,47.87379610207667,46.11965695668434,6.7092651757188495,10.638297872340424,8.47732988919856,2022-23,0.0
1630245,Ayo Dosunmu,Ayo,1610612741,CHI,23.0,80,40,40,0.5,2097.616666666667,110.1,175,0.081,0.115,62,0.188,26,0.138,710.0,535.0,619.0,2082.0,7.97,7.967028574883144,15,74,481,264,90,163,187,465,476,92,282,144,308,446,418,456,437,33,80,417,218,199,110,1,18,38,18,27,45,0.4,0.6,0,8,7,2,8,0.0,1.0,0.875,0.25,1630245.0,Ayo Dosunmu,0.3084413265306122,0.145563775510204,4317.7,11.170212765957446,59.018264840182646,75.83892617449669,44.08420934407108,15.590947191953058,61.86046511627907,43.35265794654867,31.221719457013577,38.88888888888889,3.7037037037037033,27.02572481984247,60.88105948884161,39.74552860516229,50.313294047001946,9.105431309904152,4.25531914893617,6.922880837468561,2022-23,0.0
1628389,Bam Adebayo,Bam,1610612748,MIA,25.0,75,40,35,0.533,2597.9933333333333,111.2,504,0.206,0.296,88,0.205,61,0.401,793.0,625.0,643.0,2466.0,8.9,8.896611822370092,70,74,420,217,18,205,16,62,70,26,225,37,68,492,482,467,496,16,75,556,386,170,134,2,331,778,33,18,51,0.647,0.353,24,143,139,57,167,0.144,0.856,0.946,0.388,1628389.0,Bam Adebayo,0.3210726744186046,0.126203488372093,5113.0,29.78723404255319,37.10045662100457,68.45637583892616,42.01414739410441,29.67309304274937,48.372093023255815,40.892493031053235,42.081447963800905,62.96296296296296,7.4074074074074066,40.72146807440925,54.58793720101743,56.042720176737625,55.31532868887753,61.66134185303515,100.0,78.91373801916933,2022-23,1.0
1631097,Bennedict Mathurin,Bennedict,1610612754,IND,21.0,78,33,45,0.423,2222.38,115.8,231,0.103,0.163,48,0.137,13,0.049,879.0,726.0,681.0,2508.0,4.73,4.732211556342568,38,162,511,386,66,431,130,351,321,149,428,262,468,522,528,496,503,157,77,233,111,122,92,2,21,49,24,22,46,0.522,0.478,6,37,36,10,43,0.14,0.86,0.947,0.263,1631097.0,Bennedict Mathurin,0.3499945799457994,0.1623983739837398,4589.6,4.25531914893617,34.70319634703196,37.583892617449706,23.24421953539808,6.621961441743504,26.046511627906977,18.276691553441587,23.076923076923077,25.925925925925924,7.4074074074074066,20.156695156695154,40.1786208007815,25.574422856751887,32.8765218287667,18.051118210862622,24.822695035460992,21.09832778193189,2022-23,0.0
1626171,Bobby Portis Jr.,Bobby,1610612749,MIL,28.0,70,47,23,0.671,1818.4316666666664,112.0,518,0.263,0.378,29,0.129,16,0.092,680.0,542.0,518.0,1910.0,5.84,5.843389949486165,116,22,226,54,141,259,12,14,15,259,447,228,384,432,422,399,399,100,69,388,226,162,58,0,89,212,23,14,37,0.622,0.378,24,57,71,57,81,0.296,0.704,0.922,0.74,1626171.0,Bobby Portis Jr.,0.3571949860724234,0.1384818941504178,3743.6,5.851063829787234,68.83561643835617,63.08724832214766,42.20470336587647,16.261525565800504,44.65116279069768,33.295307900738806,7.6923076923076925,8.333333333333332,0.0,5.993589743589743,36.59127314171512,45.70694727546749,41.14911020859131,63.897763578274756,39.00709219858156,52.69696145741282,2022-23,0.0
203992,Bogdan Bogdanović,Bogdan,1610612737,ATL,30.0,54,27,27,0.5,1508.6083333333331,116.1,142,0.093,0.137,43,0.21,18,0.107,500.0,452.0,479.0,1600.0,3.03,3.031773981874791,270,238,291,264,188,442,245,407,419,172,207,207,354,341,364,376,357,257,54,329,151,178,103,1,31,70,6,8,14,0.429,0.571,1,8,7,6,9,0.111,0.889,1.0,0.857,203992.0,Bogdan Bogdanović,0.370453947368421,0.163266447368421,3095.3,6.914893617021277,86.5296803652968,35.57046979865778,41.943963024326834,9.97485331098072,52.093023255813954,35.24575527788066,28.054298642533936,21.296296296296298,3.7037037037037033,19.601349086643207,29.985464673359935,24.84369204953742,27.414578361448676,3.8338658146964857,4.25531914893617,4.023519815104344,2022-23,0.0
202711,Bojan Bogdanovic,Bojan,1610612765,DET,34.0,59,15,44,0.254,1892.8666666666663,119.5,187,0.099,0.152,34,0.131,8,0.057,738.0,627.0,535.0,2198.0,2.03,2.025913746973743,230,369,504,483,129,513,174,370,357,226,442,333,457,462,483,408,452,323,59,277,151,126,56,0,23,52,17,11,28,0.607,0.393,2,34,31,5,36,0.056,0.944,1.0,0.161,202711.0,Bojan Bogdanovic,0.3181345029239766,0.1354152046783625,3872.7,1.5957446808510638,52.3972602739726,12.751677852349028,22.165258431318097,9.97485331098072,27.906976744186046,20.734127370903913,6.787330316742081,12.962962962962962,0.0,7.251969163733869,56.051777218904256,48.28843924715599,52.17010823303012,11.022364217252395,22.69503546099291,16.27506627693563,2022-23,0.0
1629626,Bol Bol,Bol,1610612753,ORL,23.0,70,26,44,0.371,1505.4183333333333,112.0,336,0.22,0.319,30,0.135,85,0.48,608.0,451.0,526.0,1460.0,4.85,4.853607585604729,116,253,504,424,190,261,50,45,47,252,433,19,49,390,363,403,340,147,70,419,219,200,51,0,37,80,13,9,22,0.591,0.409,5,32,34,25,37,0.135,0.865,0.971,0.714,1629626.0,Bol Bol,0.3374240687679083,0.1452750716332378,3094.8,42.5531914893617,94.52054794520548,63.08724832214766,65.87528045710351,15.67476948868399,62.32558139534884,43.6652566326829,4.524886877828054,9.25925925925926,0.0,5.050695491871962,46.441433349720235,39.988555082859186,43.21499421628971,34.82428115015975,21.27659574468085,28.727822717694245,2022-23,0.0
203078,Bradley Beal,Bradley,1610612764,WAS,30.0,50,24,26,0.48,1672.9333333333334,115.9,155,0.091,0.131,45,0.198,33,0.173,554.0,490.0,464.0,1730.0,3.42,3.4185089671408884,294,271,273,317,164,437,219,420,437,159,244,102,232,362,389,367,377,235,49,221,103,118,96,4,18,42,13,9,22,0.591,0.409,0,5,5,3,5,0.0,1.0,1.0,0.6,203078.0,Bradley Beal,0.3046666666666666,0.1558514492753623,3331.9,14.893617021276595,79.1095890410959,36.912751677852334,42.87399089235728,5.951383067896061,24.186046511627907,16.892181134135168,24.8868778280543,23.14814814814815,14.814814814814811,21.760306686777273,62.76165024838617,31.08552325603648,46.92358675221132,5.9105431309904155,2.127659574468085,4.208245530555367,2022-23,0.0
1627742,Brandon Ingram,Brandon,1610612740,NOP,25.0,45,23,22,0.511,1538.0766666666666,112.5,223,0.145,0.214,32,0.126,19,0.143,573.0,441.0,423.0,1532.0,4.63,4.630385315275813,321,281,214,253,182,288,141,191,191,239,454,198,292,373,361,348,349,163,45,264,129,135,76,2,30,66,12,9,21,0.571,0.429,0,11,10,2,11,0.0,1.0,0.909,0.182,1627742.0,Brandon Ingram,0.3314214559386973,0.145919540229885,3091.9,7.446808510638298,90.41095890410958,59.73154362416109,49.55544492673394,8.130762782900252,32.093023255813954,22.508119066648472,15.837104072398189,11.11111111111111,7.4074074074074066,12.075582369700015,49.43202286682131,39.4460513427804,44.43903710480086,16.773162939297126,6.382978723404255,12.097580042145337,2022-23,0.0
201572,Brook Lopez,Brook,1610612749,MIL,35.0,78,57,21,0.731,2372.4766666666665,106.6,363,0.135,0.186,37,0.128,193,0.668,791.0,591.0,583.0,2316.0,11.31,11.306201509297257,38,1,200,23,42,72,44,213,253,208,450,1,6,490,450,435,468,1,78,1360,1225,135,77,0,222,517,16,13,29,0.552,0.448,31,111,134,69,142,0.218,0.782,0.957,0.493,201572.0,Brook Lopez,0.3672493297587131,0.1766541554959785,4931.7,100.0,45.662100456621005,99.32885906040272,80.81394992491803,100.0,32.093023255813954,59.25581395348837,16.289592760180994,15.74074074074074,0.0,12.025096363331656,31.582052043325216,13.574125513530552,22.578088778427883,39.13738019169329,77.30496453900709,56.31279314798449,2022-23,1.0
1628971,Bruce Brown,Bruce,1610612743,DEN,26.0,80,53,27,0.663,2279.485,113.0,265,0.116,0.174,87,0.248,51,0.217,861.0,652.0,600.0,2398.0,6.64,6.643156053624746,15,6,291,63,55,312,94,287,287,28,120,51,178,516,496,447,484,66,80,402,211,191,165,0,19,42,18,21,39,0.462,0.538,1,14,15,5,15,0.067,0.933,1.0,0.333,1628971.0,Bruce Brown,0.3128020565552699,0.1259023136246786,4599.1,24.46808510638298,40.98173515981735,56.37583892617452,38.22480108003289,15.004191114836546,58.139534883720934,40.88539737616718,56.10859728506787,62.03703703703704,0.0,44.15640187699012,58.70848000225769,56.29624444113092,57.502362221694305,23.482428115015978,8.51063829787234,16.74512269730134,2022-23,0.0
1627741,Buddy Hield,Buddy,1610612754,IND,30.0,80,35,45,0.438,2481.875,116.3,333,0.132,0.203,92,0.226,26,0.086,918.0,830.0,746.0,2736.0,4.88,4.880053933341024,15,137,511,372,21,453,53,229,213,18,156,144,402,529,538,520,529,145,80,443,222,221,170,0,39,81,34,33,67,0.507,0.493,4,13,17,10,17,0.235,0.765,1.0,0.588,1627741.0,Buddy Hield,0.3921187845303867,0.1748618784530386,5114.8,11.170212765957446,21.689497716894977,34.22818791946313,20.616456287162,15.926236378876782,72.09302325581395,49.62630850503908,58.371040723981906,66.66666666666666,0.0,46.68174962292609,19.191725888312742,15.082836727871443,17.137281308092092,34.34504792332269,7.801418439716312,22.40041465569982,2022-23,0.0
203468,CJ McCollum,CJ,1610612740,NOP,31.0,75,38,37,0.507,2649.1683333333335,113.5,273,0.104,0.151,70,0.172,38,0.163,953.0,731.0,798.0,2816.0,7.34,7.339066488626424,70,95,450,260,15,344,88,348,358,63,330,82,252,533,529,529,532,46,75,394,178,216,112,2,29,62,26,24,50,0.52,0.48,0,17,16,6,17,0.0,1.0,0.941,0.353,203468.0,CJ McCollum,0.3787703081232493,0.1595238095238095,5338.3,17.5531914893617,17.123287671232877,53.02013422818794,26.269460837723173,12.238055322715844,69.76744186046511,46.7556872453654,32.126696832579185,46.2962962962963,7.4074074074074066,30.90623428858723,25.84213209445539,27.99418695188796,26.91815952317168,24.76038338658147,10.638297872340424,18.405444905173,2022-23,0.0
1628997,Caleb Martin,Caleb,1610612748,MIA,27.0,71,38,33,0.535,2077.7383333333332,110.7,256,0.13,0.194,71,0.214,31,0.228,692.0,519.0,517.0,2032.0,7.49,7.492789159611156,109,95,385,214,93,185,102,233,230,61,188,111,171,438,408,397,424,44,71,315,136,179,139,16,24,59,23,20,43,0.535,0.465,1,40,35,12,41,0.024,0.976,0.972,0.333,1628997.0,Caleb Martin,0.3809688385269121,0.1550594900849858,4133.1,13.829787234042554,61.87214611872146,71.81208053691275,45.140186169397715,8.717518860016764,52.55813953488372,35.02189126493694,44.34389140271493,47.22222222222222,59.25925925925925,49.08014915367856,24.746792087479403,31.75218230661577,28.249487197047586,22.04472843450479,26.95035460992908,24.252260213445723,2022-23,0.0
1627747,Caris LeVert,Caris,1610612739,CLE,28.0,74,45,29,0.608,2237.34,108.5,229,0.105,0.158,72,0.229,24,0.105,713.0,583.0,593.0,2176.0,9.49,9.491273025921943,79,35,327,112,65,118,136,342,340,58,148,160,358,448,447,445,450,10,74,294,166,128,146,6,18,44,28,33,61,0.459,0.541,0,22,21,7,22,0.0,1.0,0.955,0.318,1627747.0,Caris LeVert,0.3159222520107239,0.1433941018766756,4407.9,10.106382978723405,53.65296803652968,86.5771812080537,44.46538730628817,11.232187761944678,28.837209302325583,21.795200686173217,47.511312217194565,48.148148148148145,22.22222222222222,41.41193229428523,57.15395298446009,41.57192645769227,49.36293972107618,17.731629392971247,14.184397163120568,16.135374889538443,2022-23,0.0
1626224,Cedi Osman,Cedi,1610612739,CLE,28.0,77,48,29,0.623,1548.3133333333333,108.0,151,0.1,0.155,35,0.156,11,0.077,474.0,414.0,401.0,1534.0,6.81,6.8063479999335765,46,16,327,104,179,103,226,367,347,223,374,298,414,329,349,337,350,61,68,190,108,82,61,5,20,46,8,8,16,0.5,0.5,0,9,8,6,9,0.0,1.0,1.0,0.75,1626224.0,Cedi Osman,0.2299230769230769,0.0811671087533156,3045.7,3.1914893617021276,90.29680365296804,89.93288590604027,55.36369849972973,6.3704945515507125,7.441860465116279,7.013314099690053,9.049773755656108,13.88888888888889,18.51851851851852,13.110650243003183,100.0,93.95365099617676,96.97682549808836,5.271565495207668,4.964539007092199,5.1334035755557075,2022-23,0.0
1628449,Chris Boucher,Chris,1610612761,TOR,30.0,76,39,37,0.513,1523.47,111.6,264,0.19,0.278,47,0.163,64,0.37,432.0,366.0,471.0,1496.0,5.02,5.0224495250751175,55,89,450,249,186,238,96,89,94,152,357,33,79,312,322,372,345,140,76,353,224,129,74,10,37,89,13,14,27,0.481,0.519,21,19,38,26,40,0.525,0.475,0.974,0.667,1628449.0,Chris Boucher,0.339103825136612,0.1199890710382513,3036.5,31.382978723404253,92.46575342465754,65.77181208053696,61.359158208126075,16.093880972338642,29.30232558139535,24.018947737772667,14.93212669683258,25.0,37.03703703703704,23.98210993799229,45.604554155532824,61.27392098862896,53.43923757208089,23.322683706070286,12.05673758865248,18.253007953232277,2022-23,0.0
101108,Chris Paul,Chris,1610612756,PHX,38.0,59,33,26,0.559,1888.635,112.5,224,0.118,0.18,91,0.326,22,0.104,578.0,550.0,538.0,1796.0,5.66,5.663204635122493,230,162,273,168,130,289,140,279,269,20,38,174,360,375,428,409,384,113,59,163,66,97,142,3,20,44,17,29,46,0.37,0.63,1,11,12,4,12,0.083,0.917,1.0,0.333,101108.0,Chris Paul,0.3257798165137615,0.1589480122324159,3730.8,9.042553191489365,75.34246575342466,59.73154362416109,44.91977019633465,2.8499580888516345,14.418604651162791,9.791146026238328,45.70135746606335,65.74074074074075,11.11111111111111,44.06758002346238,52.24277015363158,28.478884244717054,40.36082719917432,16.93290734824281,6.382978723404255,12.185439467065462,2022-23,0.0
1626174,Christian Wood,Christian,1610612742,DAL,27.0,67,33,34,0.493,1738.3583333333331,116.7,404,0.238,0.365,30,0.144,72,0.434,542.0,552.0,431.0,1782.0,3.21,3.2060180280517487,145,162,403,292,154,468,36,27,21,252,407,27,58,358,430,353,382,250,67,514,387,127,41,0,114,261,14,19,33,0.424,0.576,13,67,76,40,80,0.163,0.838,0.962,0.506,1626174.0,Christian Wood,0.3506130952380952,0.1433244047619047,3429.0,35.638297872340424,76.14155251141553,31.54362416107383,48.79076856820006,29.7569153394803,28.37209302325581,28.926021949745607,0.0,9.25925925925926,0.0,3.2407407407407405,39.870467434583205,41.63059641559646,40.75053192508983,45.68690095846645,46.09929078014184,45.872476378220384,2022-23,0.0
203991,Clint Capela,Clint,1610612737,ATL,29.0,65,35,30,0.538,1730.0833333333333,116.4,459,0.268,0.386,45,0.188,79,0.485,527.0,469.0,569.0,2004.0,3.37,3.3727816425049104,171,137,342,207,156,458,20,13,11,159,283,21,47,352,376,424,415,240,65,597,492,105,69,16,294,628,21,13,34,0.618,0.382,27,73,91,66,100,0.27,0.73,0.978,0.71,203991.0,Clint Capela,0.3479073482428115,0.1207060702875399,3611.3,39.361702127659576,63.4703196347032,33.55704697986576,46.34855446817639,38.558256496228,18.13953488372093,26.307023528723757,12.669683257918551,23.14814814814815,59.25925925925925,27.984539969834085,41.218510167015594,60.67036206210202,50.94443611455881,54.47284345047924,50.35460992907801,52.61963836584869,2022-23,0.0
1629632,Coby White,Coby,1610612741,CHI,23.0,74,37,37,0.5,1730.2283333333332,110.1,196,0.11,0.163,54,0.182,6,0.041,560.0,487.0,453.0,1620.0,6.58,6.57539683571139,79,110,450,264,155,162,162,312,320,121,298,365,477,368,387,365,361,69,73,332,159,173,69,8,12,25,11,29,40,0.275,0.725,0,13,13,8,13,0.0,1.0,1.0,0.615,1629632.0,Coby White,0.322307901907357,0.1672179836512261,3527.7,0.5319148936170213,85.38812785388129,75.83892617449669,49.05834224992943,10.645431684828164,49.76744186046512,34.118637790210336,12.669683257918551,31.48148148148148,29.629629629629623,23.49379922909334,53.97252879734344,21.51734965887446,37.74493922810895,12.460063897763575,7.801418439716312,10.363673441642309,2022-23,0.0
1630175,Cole Anthony,Cole,1610612753,ORL,23.0,60,28,32,0.467,1551.76,112.5,241,0.152,0.223,37,0.174,31,0.187,583.0,463.0,428.0,1444.0,4.74,4.7368074212776206,222,230,377,338,177,287,118,161,166,208,326,111,207,378,371,351,335,156,60,213,106,107,68,2,11,26,18,20,38,0.474,0.526,1,3,4,2,4,0.25,0.75,1.0,0.5,1630175.0,Cole Anthony,0.3226468926553672,0.1245,3132.0,13.829787234042554,95.4337899543379,59.73154362416109,53.866627283675555,6.202849958088851,19.069767441860467,13.92300044835182,12.217194570135746,15.74074074074074,7.4074074074074066,12.24798893916541,53.80363864796378,57.47669045527244,55.64016455161811,19.64856230031949,0.7092198581560284,11.125858201345936,2022-23,0.0
1630557,Corey Kispert,Corey,1610612764,WAS,24.0,74,31,43,0.419,2093.29,115.6,174,0.082,0.117,32,0.11,9,0.045,749.0,603.0,613.0,2338.0,4.57,4.565176568260316,79,191,499,389,91,423,189,464,472,239,480,321,473,467,458,453,472,164,73,337,211,126,57,0,38,84,10,13,23,0.435,0.565,2,18,20,4,20,0.1,0.9,1.0,0.2,1630557.0,Corey Kispert,0.3618243626062323,0.1544362606232294,4265.2,2.127659574468085,44.40639269406393,38.92617449664436,26.124844896870695,15.004191114836546,27.906976744186046,22.745862492446243,7.239819004524888,11.11111111111111,0.0,6.7848164906988435,34.28485003453923,32.27680727001825,33.28082865227874,8.945686900958465,11.347517730496454,10.02651077425056,2022-23,0.0
1626156,D'Angelo Russell,D'Angelo,1610612747,LAL,27.0,71,39,32,0.549,2304.096666666667,112.1,180,0.075,0.115,70,0.199,29,0.113,870.0,680.0,649.0,2438.0,7.23,7.227511876416053,109,89,377,187,51,264,183,479,475,63,242,126,345,520,511,470,490,49,70,272,114,158,156,2,19,43,22,16,38,0.579,0.421,1,9,8,3,10,0.1,0.9,0.889,0.333,1626156.0,D'Angelo Russell,0.3303121387283237,0.1130086705202312,4745.9,12.76595744680851,38.6986301369863,62.41610738255039,34.254930372306205,6.873428331936295,42.7906976744186,28.42378993742568,52.03619909502263,46.2962962962963,7.4074074074074066,38.87003519356461,49.98470092800474,67.14991464910302,58.56730778855388,9.904153354632587,4.964539007092199,7.681326898239413,2022-23,0.0
203081,Damian Lillard,Damian,1610612757,POR,32.0,58,27,31,0.466,2106.59,117.4,233,0.112,0.167,50,0.174,18,0.089,752.0,606.0,664.0,2400.0,3.5,3.502695488390156,240,238,357,343,89,483,127,301,303,138,327,207,393,470,465,481,485,230,55,164,78,86,90,5,10,20,17,21,38,0.447,0.553,1,9,10,6,10,0.1,0.9,1.0,0.6,203081.0,Damian Lillard,0.3478198198198198,0.1367447447447447,4278.7,6.914893617021277,40.8675799086758,26.845637583892607,23.781019810818194,3.8558256496227994,9.30232558139535,7.123725608686329,22.171945701357465,27.77777777777778,18.51851851851852,23.22063013239484,41.26211810770661,47.1692528937025,44.21568550070455,18.37060702875399,4.964539007092199,12.337876419006188,2022-23,0.0
1627814,Damion Lee,Damion,1610612756,PHX,30.0,74,40,34,0.541,1506.295,107.3,186,0.124,0.184,30,0.133,7,0.042,543.0,361.0,419.0,1530.0,6.96,6.962423903526555,79,74,403,204,189,83,176,254,255,252,434,345,476,360,319,346,348,50,68,188,83,105,41,0,15,31,11,10,21,0.524,0.476,0,18,17,4,18,0.0,1.0,1.0,0.235,1627814.0,Damion Lee,0.3300082191780822,0.1212821917808219,3055.0,1.0638297872340423,90.52511415525116,94.6308724832215,55.76703999003689,4.274937133277452,18.13953488372093,12.593695783543538,0.0,9.25925925925926,0.0,3.2407407407407405,50.136118093638224,60.18539186111591,55.16075497737707,10.86261980830671,11.347517730496454,11.080823873292095,2022-23,0.0
1629655,Daniel Gafford,Daniel,1610612764,WAS,24.0,78,32,46,0.41,1604.22,114.3,270,0.159,0.237,33,0.155,99,0.51,596.0,520.0,464.0,1670.0,4.12,4.116373971380117,38,178,514,403,170,378,90,144,143,231,376,13,34,383,409,367,366,193,78,567,467,100,78,1,240,523,21,17,38,0.553,0.447,27,114,129,54,141,0.191,0.809,0.963,0.403,1629655.0,Daniel Gafford,0.3401171428571428,0.1292485714285714,3238.7,50.0,82.53424657534246,47.65100671140943,60.799737979222215,36.46269907795474,15.813953488372093,24.07345172420515,16.7420814479638,12.037037037037036,3.7037037037037033,11.835721468074407,45.0997044444595,53.47941615295089,49.2895602987052,24.281150159744406,79.43262411347519,49.09931343892326,2022-23,0.0
1629636,Darius Garland,Darius,1610612739,CLE,23.0,69,40,29,0.58,2447.15,108.8,157,0.067,0.1,85,0.227,9,0.038,743.0,605.0,657.0,2296.0,10.05,10.050128756348004,123,74,327,144,27,127,217,503,506,31,153,321,481,464,463,476,466,5,69,240,110,130,138,7,13,33,15,24,39,0.385,0.615,0,6,6,1,6,0.0,1.0,1.0,0.167,1629636.0,Darius Garland,0.3243306010928962,0.1264508196721311,4783.4,2.127659574468085,46.80365296803653,84.56375838926176,38.37328196591546,6.538139145012574,29.767441860465116,20.4757207742841,43.89140271493213,60.18518518518518,25.925925925925924,45.10285738226915,52.96479047527719,55.8345204971764,54.39965548622679,6.230031948881789,2.8368794326241136,4.703113316565835,2022-23,0.0
1628368,De'Aaron Fox,De'Aaron,1610612758,SAC,25.0,73,44,29,0.603,2435.241666666667,116.8,266,0.111,0.159,83,0.234,23,0.135,808.0,616.0,628.0,2748.0,4.52,4.5159431992347745,92,40,327,118,29,470,93,305,335,32,138,166,314,499,476,460,530,168,73,361,133,228,196,5,13,34,31,17,48,0.646,0.354,1,6,7,2,7,0.143,0.857,1.0,0.286,1628368.0,De'Aaron Fox,0.3608904109589041,0.1705287671232876,5073.7,9.574468085106384,21.00456621004566,30.872483221476553,18.899506212927673,8.466051969823972,75.34883720930232,48.59572311351098,70.13574660633483,58.333333333333336,18.51851851851852,53.10059493883024,34.75015840698445,18.730383116938334,26.74027076196139,23.642172523961666,2.8368794326241136,14.279790632859768,2022-23,0.0
1629631,De'Andre Hunter,De'Andre,1610612737,ATL,25.0,67,35,32,0.522,2125.63,115.5,238,0.112,0.162,35,0.119,17,0.081,663.0,594.0,710.0,2450.0,4.68,4.681690021174731,145,137,377,229,85,418,121,303,325,223,467,216,409,423,453,507,492,159,65,382,175,207,92,4,31,72,14,12,26,0.538,0.462,1,31,23,6,32,0.031,0.969,0.885,0.231,1629631.0,De'Andre Hunter,0.3201570996978852,0.1363776435045317,4443.7,6.382978723404255,38.013698630136986,39.59731543624163,25.757314868970052,11.986588432523051,65.58139534883722,44.14347258231155,23.076923076923077,13.88888888888889,14.814814814814811,17.795584045584047,55.04408991981043,47.47827306449002,51.26118149215023,19.169329073482427,20.56737588652482,19.798450139351505,2022-23,0.0
1629001,De'Anthony Melton,De'Anthony,1610612755,PHI,25.0,77,50,27,0.649,2149.826666666667,112.8,243,0.114,0.172,126,0.364,41,0.184,705.0,603.0,680.0,2148.0,6.37,6.366081316411317,46,13,291,78,77,304,116,293,291,2,22,77,211,444,458,495,445,76,77,305,150,155,234,0,22,52,28,24,52,0.538,0.462,1,22,21,8,23,0.043,0.957,0.955,0.364,1629001.0,De'Anthony Melton,0.3757106741573034,0.1647893258426966,4253.0,19.148936170212767,55.25114155251142,57.71812080536917,41.427004212806395,9.89103101424979,41.3953488372093,28.793621708025498,87.33031674208145,98.14814814814817,0.0,69.28397854868443,27.366486492292992,23.56175640165948,25.464121446976236,19.968051118210862,14.184397163120568,17.36540683842023,2022-23,0.0
201942,DeMar DeRozan,DeMar,1610612741,CHI,33.0,74,37,37,0.5,2681.61,110.7,309,0.116,0.167,83,0.19,36,0.153,826.0,635.0,700.0,2562.0,9.57,9.573051791533938,79,110,450,264,11,186,62,288,306,32,275,89,272,509,490,504,512,9,74,359,159,200,136,13,9,24,21,23,44,0.477,0.523,2,32,31,11,34,0.059,0.941,0.969,0.344,201942.0,DeMar DeRozan,0.3781331444759206,0.1745580736543909,5445.0,16.48936170212766,31.621004566210047,71.81208053691275,35.61611641325277,10.645431684828164,62.32558139534884,41.65352151114057,42.98642533936652,58.333333333333336,48.148148148148145,49.64827383945031,26.159576343917234,15.338574928891164,20.7490756364042,30.5111821086262,21.27659574468085,26.355618244850795,2022-23,0.0
1629028,Deandre Ayton,Deandre,1610612756,PHX,24.0,67,36,31,0.537,2035.3366666666664,113.2,495,0.247,0.37,37,0.12,53,0.294,640.0,599.0,581.0,2050.0,5.79,5.790167291594436,145,126,357,209,99,323,17,24,19,208,464,47,124,409,456,433,430,104,67,643,505,138,76,0,302,651,16,12,28,0.571,0.429,18,76,88,67,94,0.191,0.809,0.978,0.744,1629028.0,Deandre Ayton,0.341235294117647,0.1331705882352941,4066.0,25.53191489361702,60.84474885844748,55.033557046979865,45.2668173196484,39.64794635373009,33.48837209302326,35.95220179730599,15.837104072398189,15.74074074074074,0.0,11.844100888218534,44.54262513027746,50.177922802665066,47.36027396647126,60.22364217252396,52.4822695035461,56.74002447148392,2022-23,0.0
1627749,Dejounte Murray,Dejounte,1610612737,ATL,26.0,74,38,36,0.514,2693.395,115.4,336,0.127,0.18,112,0.278,19,0.071,826.0,714.0,864.0,3116.0,6.02,6.018678322462056,79,95,441,247,10,409,50,243,266,6,80,198,430,509,525,536,539,95,72,257,145,112,232,0,11,25,27,32,59,0.458,0.542,1,8,8,7,9,0.111,0.889,1.0,0.875,1627749.0,Dejounte Murray,0.3605583333333333,0.1168666666666666,5591.7,7.446808510638298,0.0,40.26845637583891,13.045837498215048,9.471919530595136,21.3953488372093,16.625977114563636,86.42533936651584,85.18518518518519,0.0,64.38495056142115,34.915604337640346,63.902312904752414,49.408958621196376,34.82428115015975,4.25531914893617,21.06824824960914,2022-23,0.0
1630166,Deni Avdija,Deni,1610612764,WAS,22.0,76,33,43,0.434,2020.38,114.1,413,0.196,0.283,65,0.217,29,0.142,695.0,594.0,557.0,2150.0,5.24,5.244501434239529,55,162,499,376,103,374,31,76,87,82,179,126,303,440,453,419,447,126,76,415,261,154,95,0,25,63,27,24,51,0.529,0.471,3,17,18,9,20,0.15,0.85,0.947,0.474,1630166.0,Deni Avdija,0.3664212034383954,0.1739942693409742,4113.6,12.76595744680851,55.13698630136986,48.99328859060408,36.65265033185388,19.19530595138307,40.93023255813954,32.23626191543695,24.43438914027149,41.66666666666667,0.0,24.357088989441937,31.9946366898521,15.813176717546742,23.90390670369942,47.12460063897764,10.638297872340424,30.705764393990897,2022-23,0.0
203471,Dennis Schröder,Dennis,1610612747,LAL,29.0,66,37,29,0.561,1985.945,112.2,144,0.067,0.098,50,0.202,10,0.06,661.0,537.0,650.0,2206.0,6.2,6.197431790551687,162,110,327,167,107,268,236,501,510,138,231,311,451,422,421,471,453,85,66,250,128,122,106,10,17,44,22,18,40,0.55,0.45,0,6,6,0,6,0.0,1.0,1.0,0.0,203471.0,Dennis Schröder,0.3154776119402985,0.1148746268656716,4106.9,2.6595744680851063,51.9406392694064,61.74496644295302,34.679295142264536,8.046940486169321,26.046511627906977,18.84668317121191,29.411764705882355,27.77777777777778,37.03703703703704,30.746187363834423,57.37547917169413,65.57918133255129,61.477330252122705,4.15335463258786,2.8368794326241136,3.5609407926041743,2022-23,0.0
1628401,Derrick White,Derrick,1610612738,BOS,28.0,82,57,25,0.695,2319.3283333333334,107.2,241,0.098,0.139,54,0.189,76,0.296,693.0,611.0,590.0,2342.0,10.64,10.642163386606311,2,1,256,38,49,80,118,377,414,121,279,23,121,439,471,440,473,3,81,507,335,172,130,13,32,81,12,20,32,0.375,0.625,0,15,15,5,15,0.0,1.0,1.0,0.333,1628401.0,Derrick White,0.3364623655913978,0.1378629032258064,4721.8,37.765957446808514,44.178082191780824,95.30201342281876,54.39421510155138,25.39815590947192,49.30232558139535,39.740657712625975,40.27149321266968,31.48148148148148,48.148148148148145,39.16415284062343,46.9205679399505,46.228004303573265,46.57428612176189,19.64856230031949,9.219858156028367,14.955645435388488,2022-23,0.0
1630217,Desmond Bane,Desmond,1610612763,MEM,25.0,58,38,20,0.655,1841.4533333333336,107.4,248,0.123,0.185,56,0.166,22,0.093,588.0,549.0,515.0,1796.0,8.41,8.40995528195764,240,95,195,70,137,88,108,255,254,112,344,174,381,379,427,395,384,21,58,288,123,165,106,0,25,54,12,16,28,0.429,0.571,1,9,9,6,10,0.1,0.9,0.9,0.6,1630217.0,Desmond Bane,0.2930543806646525,0.1379305135951661,3833.9,9.042553191489365,75.34246575342466,93.95973154362412,53.47681717620041,7.627829002514669,46.04651162790698,30.679038577750056,29.411764705882355,33.33333333333333,0.0,23.431372549019606,68.547060997886,46.171090935821006,57.35907596685351,20.766773162939295,4.964539007092199,13.655767792808104,2022-23,0.0
1626164,Devin Booker,Devin,1610612756,PHX,26.0,53,34,19,0.642,1835.4133333333336,113.4,194,0.105,0.161,51,0.192,18,0.089,590.0,576.0,455.0,1824.0,5.15,5.15010665244629,277,149,176,85,138,338,164,343,329,135,268,207,394,380,444,366,387,133,52,229,114,115,103,1,16,38,21,22,43,0.488,0.512,3,22,24,8,25,0.12,0.88,0.96,0.32,1626164.0,Devin Booker,0.3507876712328767,0.1641506849315068,3685.7,6.914893617021277,73.74429223744292,53.691275167785214,41.99927852185984,6.873428331936295,22.79069767441861,16.42378993742568,28.054298642533936,28.703703703703702,3.7037037037037033,22.1939416792358,39.7834911203038,24.099354485864364,31.94142280308408,12.140575079872203,14.184397163120568,13.060295017333967,2022-23,0.0
1628415,Dillon Brooks,Dillon,1610612763,MEM,27.0,73,46,27,0.63,2214.2633333333333,108.5,199,0.084,0.122,65,0.179,16,0.063,664.0,628.0,592.0,2078.0,9.34,9.341379534880367,92,32,291,95,69,117,159,456,462,82,308,228,448,424,485,443,434,11,73,280,124,156,152,1,26,63,10,20,30,0.333,0.667,0,33,31,7,33,0.0,1.0,1.0,0.226,1628415.0,Dillon Brooks,0.3359942196531792,0.165907514450867,4592.3,5.851063829787234,59.24657534246576,86.5771812080537,44.721022203791335,7.711651299245599,41.86046511627907,28.200939589465683,50.2262443438914,41.66666666666667,3.7037037037037033,35.59975699681582,47.1538050943605,22.620482450994047,34.88714377267728,12.939297124600635,21.98581560283688,17.010230439806946,2022-23,0.0
1627734,Domantas Sabonis,Domantas,1610612758,SAC,27.0,79,47,32,0.595,2735.555,116.8,722,0.275,0.392,65,0.167,39,0.25,923.0,695.0,674.0,3074.0,5.0,4.9976348908102635,27,22,377,122,6,469,2,10,9,82,340,80,152,530,515,490,537,142,79,752,641,111,123,3,435,1054,30,22,52,0.577,0.423,52,112,161,116,164,0.317,0.683,0.988,0.712,1627734.0,Domantas Sabonis,0.3942021857923497,0.1380027322404371,5611.7,18.08510638297873,2.3972602739726026,30.872483221476553,15.79120445445104,51.04777870913663,20.930232558139537,32.977251018538375,37.10407239819005,41.66666666666667,11.11111111111111,32.20274007038713,18.15374490382858,46.110298392372414,32.1320216481005,96.48562300319487,78.01418439716312,88.1734756304806,2022-23,0.0
1628378,Donovan Mitchell,Donovan,1610612739,CLE,26.0,68,44,24,0.647,2432.38,110.4,226,0.097,0.142,99,0.289,27,0.119,779.0,556.0,674.0,2246.0,8.88,8.880848275783986,133,40,238,80,30,179,139,381,400,13,63,140,335,482,432,490,458,17,68,238,96,142,166,2,13,27,37,34,71,0.521,0.479,0,23,22,7,23,0.0,1.0,0.957,0.304,1628378.0,Donovan Mitchell,0.338585294117647,0.1384235294117647,4765.0,11.702127659574469,49.65753424657534,73.82550335570467,40.51736388905732,5.364626990779548,35.348837209302324,23.355153121893213,56.56108597285068,73.14814814814815,7.4074074074074066,50.07813809284398,45.8628938941983,45.756077813670245,45.80948585393428,17.252396166134183,14.893617021276595,16.190945550948268,2022-23,0.0
1628978,Donte DiVincenzo,Donte,1610612744,GSW,26.0,72,42,30,0.583,1894.38,110.6,245,0.123,0.183,97,0.321,10,0.064,731.0,490.0,558.0,1986.0,6.88,6.877380365111564,102,60,342,137,128,184,114,258,260,15,41,311,446,458,389,420,411,54,72,276,128,148,179,0,28,75,24,19,43,0.558,0.442,1,8,9,1,9,0.111,0.889,1.0,0.111,1628978.0,Donte DiVincenzo,0.3471939058171745,0.139387811634349,3976.3,2.6595744680851063,64.49771689497716,72.48322147651012,41.758836069603575,8.046940486169321,38.139534883720934,26.10249712470029,62.44343891402715,71.29629629629629,0.0,49.93107926931456,41.57395761962859,44.94435988828957,43.25915875395908,20.287539936102235,4.25531914893617,13.073040581877509,2022-23,0.0
1627827,Dorian Finney-Smith,Dorian,1610612751,BKN,30.0,66,31,35,0.47,2008.825,114.3,202,0.105,0.159,55,0.177,36,0.214,623.0,561.0,556.0,2106.0,5.01,5.013202294492352,162,191,420,332,105,379,155,344,337,119,314,89,181,399,437,418,439,141,66,403,276,127,100,0,52,127,28,20,48,0.583,0.417,2,36,31,9,38,0.053,0.947,0.969,0.281,1627827.0,Dorian Finney-Smith,0.3280316455696203,0.1588417721518987,3958.5,16.48936170212766,57.64840182648402,47.65100671140943,38.68543699797282,20.452640402347026,28.37209302325581,25.2043119748923,26.69683257918552,32.407407407407405,0.0,22.0213256242668,51.120875978484506,28.568315508438317,39.84459574346141,13.4185303514377,24.113475177304963,18.23125552307797,2022-23,0.0
203110,Draymond Green,Draymond,1610612744,GSW,33.0,73,41,32,0.562,2297.635,109.2,459,0.185,0.271,74,0.22,61,0.349,861.0,604.0,666.0,2250.0,9.29,9.291201137474095,92,65,377,166,52,137,20,97,106,54,171,37,92,516,462,483,459,12,73,735,500,235,201,13,234,605,16,17,33,0.485,0.515,5,112,111,55,117,0.043,0.957,0.974,0.482,203110.0,Draymond Green,0.3268268156424581,0.1479245810055866,4836.5,29.78723404255319,49.42922374429224,81.87919463087248,49.68492058524168,39.22883487007544,78.6046511627907,62.854324645704594,72.39819004524887,50.0,48.148148148148145,58.49631305513658,51.72113987232194,37.758238894683835,44.73968938350289,54.47284345047924,78.01418439716312,65.06644687648699,2022-23,1.0
1629234,Drew Eubanks,Drew,1610612757,POR,26.0,78,31,47,0.397,1583.6766666666667,117.1,286,0.183,0.284,40,0.169,102,0.548,567.0,484.0,511.0,1766.0,2.77,2.7721973200152106,38,191,517,412,172,474,74,103,84,197,337,11,25,372,385,392,380,273,77,481,395,86,97,8,258,604,21,9,30,0.7,0.3,22,63,76,38,85,0.259,0.741,0.927,0.463,1629234.0,Drew Eubanks,0.3316730769230769,0.1318241758241758,3207.4,51.59574468085106,77.05479452054794,28.859060402684623,54.82224105520336,30.427493713327745,9.30232558139535,17.752392834168308,25.339366515837103,18.51851851851852,29.629629629629623,24.024635495223727,49.30666161171815,51.31131203608954,50.30898682390384,26.8370607028754,43.262411347517734,34.22846849296445,2022-23,0.0
201569,Eric Gordon,Eric,1610612746,LAC,34.0,69,25,44,0.362,1965.5083333333337,116.4,118,0.059,0.087,43,0.153,25,0.118,832.0,573.0,695.0,2078.0,3.94,3.940375060191271,123,262,504,428,111,454,270,517,519,172,384,154,336,512,443,502,434,204,65,128,51,77,93,0,24,57,13,10,23,0.565,0.435,0,6,5,0,6,0.0,1.0,1.0,0.0,201569.0,Eric Gordon,0.2821708860759493,0.1251487341772151,4051.3,10.638297872340424,59.24657534246576,33.55704697986576,33.38088226376563,1.592623637887678,5.116279069767442,3.706816897015536,23.52941176470588,21.296296296296298,0.0,16.865468409586057,73.96937720459033,56.93059601515994,65.44998660987514,0.0,2.8368794326241136,1.2765957446808511,2022-23,0.0
1630596,Evan Mobley,Evan,1610612739,CLE,22.0,79,48,31,0.608,2715.2616666666668,109.0,524,0.2,0.297,60,0.149,119,0.438,863.0,674.0,713.0,2456.0,11.05,11.05191285029567,27,16,357,113,9,129,10,71,68,98,399,6,56,519,510,509,494,2,79,895,614,281,145,1,213,484,30,24,54,0.556,0.444,19,87,95,58,106,0.179,0.821,0.99,0.604,1630596.0,Evan Mobley,0.3727206266318538,0.1734647519582245,5333.3,60.63829787234043,37.67123287671233,83.22147651006712,58.245619783302274,48.78457669740151,100.0,79.5138306789606,47.05882352941176,37.03703703703704,3.7037037037037033,32.712418300653596,28.856171907572232,16.25891629597288,22.557544101772557,64.85623003194888,60.28368794326241,62.79858609203997,2022-23,1.0
1630532,Franz Wagner,Franz,1610612753,ORL,21.0,80,33,47,0.413,2608.7266666666665,110.1,259,0.098,0.141,77,0.193,17,0.068,925.0,671.0,765.0,2526.0,9.85,9.847723406647166,15,162,517,399,16,165,101,378,405,48,267,216,439,531,505,523,506,6,80,452,230,222,159,2,30,71,15,22,37,0.405,0.595,9,39,42,14,48,0.188,0.813,0.894,0.298,1630532.0,Franz Wagner,0.3457989417989418,0.1731164021164021,5323.1,6.382978723404255,33.67579908675799,75.83892617449669,33.29945271335117,16.596814752724224,72.55813953488372,50.17360962201992,53.39366515837104,52.77777777777778,7.4074074074074066,41.681540137422495,42.26894909889886,16.55215182835981,29.410550463629335,22.523961661341858,26.24113475177305,24.196689552035892,2022-23,0.0
1627832,Fred VanVleet,Fred,1610612761,TOR,29.0,69,34,35,0.493,2534.9866666666667,112.8,250,0.11,0.16,123,0.25,38,0.151,762.0,559.0,767.0,2590.0,7.52,7.522653950039502,123,149,420,291,20,299,106,310,334,4,114,82,274,477,435,524,514,42,69,286,109,177,262,1,29,63,19,45,64,0.297,0.703,1,17,16,7,18,0.056,0.944,0.889,0.389,1627832.0,Fred VanVleet,0.3793247126436782,0.1763448275862069,5057.1,17.5531914893617,30.02283105022831,57.71812080536917,31.95879766466688,6.454316848281643,51.627906976744185,33.55847092535917,100.0,95.37037037037037,3.7037037037037033,74.30555555555554,25.565919652606805,13.83451298444052,19.700216318523665,21.08626198083067,10.638297872340424,16.384678132010063,2022-23,0.0
1629216,Gabe Vincent,Gabe,1610612748,MIA,27.0,68,37,31,0.544,1758.6766666666667,111.7,118,0.071,0.104,62,0.212,5,0.049,577.0,465.0,465.0,1704.0,5.83,5.825083936820111,133,110,357,199,151,247,270,487,497,92,194,385,469,374,372,370,375,102,67,278,122,156,130,8,25,53,14,13,27,0.519,0.481,0,18,14,1,18,0.0,1.0,0.933,0.067,1629216.0,Gabe Vincent,0.3008085106382978,0.1434924012158054,3505.3,0.0,80.59360730593608,65.1006711409396,44.48293034231253,7.544006705783739,41.86046511627907,28.13388175208094,40.27149321266968,38.88888888888889,29.629629629629623,37.12711580358639,64.68384001841947,41.489179587786325,53.0865098031029,0.0,11.347517730496454,5.1063829787234045,2022-23,0.0
1629018,Gary Trent Jr.,Gary,1610612761,TOR,24.0,66,31,35,0.47,2117.9933333333333,113.8,143,0.073,0.107,104,0.24,14,0.059,621.0,533.0,703.0,2252.0,5.73,5.728435412033023,162,191,420,332,88,362,238,485,489,9,129,248,452,398,415,505,461,106,66,149,63,86,180,0,11,24,15,29,44,0.341,0.659,1,14,14,5,15,0.067,0.933,0.933,0.333,1629018.0,Gary Trent Jr.,0.3241040462427745,0.1503815028901734,4279.2,4.787234042553192,49.31506849315068,51.00671140939601,31.926845441973025,2.5984911986588433,9.30232558139535,6.620791828300747,62.89592760180995,77.77777777777779,0.0,52.380593262946206,53.077663415628265,35.690039887930155,44.38385165177921,3.993610223642172,8.51063829787234,6.026272857045749,2022-23,0.0
1627777,Georges Niang,Georges,1610612755,PHI,30.0,78,51,27,0.654,1511.8483333333334,111.1,166,0.109,0.167,31,0.126,14,0.093,558.0,409.0,452.0,1496.0,5.34,5.3389391790474,38,10,291,71,187,203,204,320,304,246,455,248,380,366,345,364,345,122,77,254,130,124,48,9,52,125,10,15,25,0.4,0.6,2,40,39,17,42,0.048,0.952,0.951,0.415,1627777.0,Georges Niang,0.3081364902506963,0.1158328690807799,3028.4,4.787234042553192,92.46575342465754,69.12751677852353,51.559786510282294,8.214585079631181,26.976744186046513,19.47188054348038,3.167420814479638,10.185185185185183,33.33333333333333,13.16511647394,61.03293338260869,64.77254779245004,62.902740587529365,7.667731629392971,26.95035460992908,16.34491197063422,2022-23,0.0
203507,Giannis Antetokounmpo,Giannis,1610612749,MIL,28.0,63,47,16,0.746,2023.615,109.2,605,0.268,0.377,52,0.187,51,0.251,627.0,528.0,551.0,2022.0,8.24,8.23759623251324,189,22,153,20,102,135,5,12,16,132,285,51,151,404,413,414,421,27,63,414,273,141,95,3,111,259,35,23,58,0.603,0.397,12,38,47,31,50,0.24,0.76,0.979,0.646,203507.0,Giannis Antetokounmpo,0.3113810975609756,0.1297713414634146,4226.9,24.46808510638298,62.44292237442922,81.87919463087248,52.112055531321545,20.20117351215423,34.883720930232556,29.010701963001225,24.43438914027149,29.629629629629623,11.11111111111111,22.921903804256743,59.41642255885361,53.03935638808576,56.22788947346969,77.79552715654951,25.53191489361702,54.276901638229894,2022-23,0.0
202330,Gordon Hayward,Gordon,1610612766,CHA,33.0,50,20,30,0.4,1576.9016666666666,111.7,182,0.112,0.16,42,0.162,12,0.075,530.0,428.0,386.0,1854.0,5.23,5.230680521254808,294,310,342,407,173,245,180,300,333,181,359,278,420,354,356,332,392,128,50,253,153,100,89,0,26,65,9,11,20,0.45,0.55,2,10,12,6,12,0.167,0.833,1.0,0.5,202330.0,Gordon Hayward,0.2330813559322034,0.0971389830508474,3292.6,3.723404255319149,72.03196347031964,65.1006711409396,42.975716701974434,10.142497904442582,15.813953488372093,13.545371254800289,21.71945701357466,20.37037037037037,0.0,15.817412435059495,98.42649919868056,80.50877317349213,89.46763618608634,10.22364217252396,5.673758865248227,8.176194684249882,2022-23,0.0
1629684,Grant Williams,Grant,1610612738,BOS,24.0,79,55,24,0.696,2044.7616666666668,109.0,276,0.134,0.19,41,0.157,31,0.157,645.0,493.0,542.0,2058.0,8.32,8.324340281371784,27,4,238,35,98,130,87,221,239,192,372,111,267,414,391,410,431,24,79,362,230,132,68,6,70,175,28,15,43,0.651,0.349,21,102,113,45,123,0.171,0.829,0.966,0.385,1629684.0,Grant Williams,0.3511999999999999,0.1503405405405405,4137.4,13.829787234042554,60.38812785388128,83.22147651006712,47.47312876999224,16.596814752724224,30.697674418604652,25.05733055225248,12.217194570135746,19.444444444444446,22.22222222222222,17.24798893916541,39.57806289702124,35.72452136304604,37.65129213003364,25.23961661341853,70.92198581560284,45.79668275440147,2022-23,0.0
1628960,Grayson Allen,Grayson,1610612749,MIL,27.0,72,53,19,0.736,1972.1366666666668,109.1,176,0.082,0.114,62,0.234,14,0.063,642.0,522.0,532.0,2002.0,8.0,7.998986513120642,102,6,176,22,109,132,186,463,478,92,139,248,447,410,411,406,414,32,72,249,143,106,113,3,17,36,17,21,38,0.447,0.553,1,3,4,1,4,0.25,0.75,1.0,0.25,1628960.0,Grayson Allen,0.3279571428571428,0.1302228571428571,4091.5,4.787234042553192,63.58447488584474,82.55033557046984,44.8070437196844,9.304274937133275,18.6046511627907,14.88450067252773,32.57918552036199,38.88888888888889,11.11111111111111,29.42056309703369,51.1579943196586,52.6592774423061,51.908635880982345,9.26517571884984,0.7092198581560284,5.4149955815376245,2022-23,0.0
203084,Harrison Barnes,Harrison,1610612758,SAC,31.0,82,48,34,0.585,2662.0383333333334,115.2,279,0.107,0.152,57,0.15,10,0.061,870.0,709.0,663.0,3012.0,6.11,6.109712672654387,2,16,403,136,13,402,84,335,356,108,395,311,450,520,523,478,536,88,82,537,307,230,91,7,31,79,18,12,30,0.6,0.4,5,37,39,24,42,0.119,0.881,0.951,0.585,203084.0,Harrison Barnes,0.3423388429752066,0.1641542699724518,5497.7,2.6595744680851063,5.93607305936073,41.61073825503356,13.544139921768688,23.051131601005867,76.27906976744187,54.98789450086747,22.624434389140273,34.25925925925926,25.925925925925924,27.521995977878333,43.99282094684483,24.09633665360522,34.044578800225025,25.718849840255594,24.822695035460992,25.315580178098024,2022-23,0.0
1630529,Herbert Jones,Herbert,1610612740,NOP,24.0,66,31,35,0.47,1950.53,111.8,172,0.089,0.129,103,0.308,42,0.237,719.0,556.0,520.0,1942.0,6.31,6.307036928121429,162,191,420,332,116,254,193,431,444,11,49,75,166,451,432,400,403,79,66,406,214,192,222,19,33,83,22,27,49,0.449,0.551,0,33,31,6,33,0.0,1.0,0.969,0.188,1630529.0,Herbert Jones,0.3087042682926829,0.1129329268292683,3933.3,19.680851063829788,67.00913242009132,64.42953020134232,47.43291932289945,15.255658005029336,58.6046511627907,41.26505389968615,81.90045248868778,76.85185185185185,70.37037037037037,77.25092173621584,60.750058056693575,67.21367452173068,63.98186628921213,8.626198083067091,21.98581560283688,14.638025966963497,2022-23,0.0
1630193,Immanuel Quickley,Immanuel,1610612752,NYK,24.0,81,47,34,0.58,2344.105,108.1,279,0.11,0.166,80,0.249,14,0.065,730.0,657.0,527.0,2138.0,10.09,10.087678192281338,11,22,403,143,45,106,84,308,313,42,119,248,445,457,501,404,443,4,81,425,220,205,127,1,16,38,20,30,50,0.4,0.6,0,24,22,7,24,0.0,1.0,0.957,0.304,1630193.0,Immanuel Quickley,0.3275702917771883,0.1312758620689655,4642.8,4.787234042553192,55.821917808219176,89.26174496644299,43.76800109150874,15.758591785414922,64.65116279069767,45.09413438858457,38.91402714932127,55.55555555555556,3.7037037037037033,35.935981230098875,51.35072918650877,51.77287411139583,51.5618016489523,25.718849840255594,15.602836879432624,21.16664400788526,2022-23,0.0
1630171,Isaac Okoro,Isaac,1610612739,CLE,22.0,76,48,28,0.632,1652.5666666666666,109.0,135,0.085,0.125,56,0.218,30,0.181,525.0,406.0,420.0,1642.0,6.86,6.856830359964403,55,16,312,94,168,131,252,446,452,112,178,118,221,351,341,347,363,57,74,273,191,82,104,0,14,33,17,16,33,0.515,0.485,1,36,31,6,37,0.027,0.973,0.912,0.176,1630171.0,Isaac Okoro,0.2498256130790191,0.1191852861035422,3311.1,13.297872340425531,84.1324200913242,83.22147651006712,55.57086509565046,13.327745180217937,7.441860465116279,9.796214351156944,28.50678733031674,33.33333333333333,0.0,23.069381598793363,90.08426535490722,61.95053476867536,76.01740006179129,2.7156549520766773,24.113475177304963,12.344674053429408,2022-23,0.0
1628392,Isaiah Hartenstein,Isaiah,1610612752,NYK,25.0,82,47,35,0.573,1628.2166666666667,110.2,327,0.192,0.281,53,0.229,64,0.512,500.0,403.0,385.0,1458.0,6.17,6.1713096121788125,2,22,420,148,169,169,57,84,92,130,147,33,33,341,339,331,339,86,82,488,402,86,107,3,170,393,20,19,39,0.513,0.487,29,138,138,69,167,0.174,0.826,0.932,0.466,1628392.0,Isaiah Hartenstein,0.354972602739726,0.1134684931506849,3281.1,31.382978723404253,94.63470319634705,75.16778523489933,64.46728391680799,31.01424979044426,9.30232558139535,17.987095265014915,29.86425339366516,30.555555555555557,11.11111111111111,25.417923579688285,37.698497026854234,66.76284303988612,52.230670033370174,33.38658146964856,96.45390070921984,61.76687512745565,2022-23,0.0
1627826,Ivica Zubac,Ivica,1610612746,LAC,26.0,76,43,33,0.566,2169.41,113.4,520,0.238,0.335,29,0.098,98,0.505,809.0,562.0,681.0,2236.0,6.05,6.052882649429389,55,53,385,160,74,337,11,28,36,259,490,14,37,501,438,496,457,93,76,869,699,170,52,0,325,721,17,22,39,0.436,0.564,60,85,136,100,145,0.414,0.586,0.965,0.709,1627826.0,Ivica Zubac,0.3163685714285714,0.1749971428571428,4353.6,49.46808510638298,50.2283105022831,53.691275167785214,50.78996151029859,55.90947191953059,48.372093023255815,51.38704458176572,4.97737556561086,8.333333333333332,0.0,4.90761689291101,56.931590121775,14.968973235518504,35.95028167864675,64.21725239616613,58.86524822695035,61.808850520019035,2022-23,0.0
1629630,Ja Morant,Ja,1610612763,MEM,23.0,61,40,21,0.656,1948.3483333333336,108.5,296,0.139,0.205,66,0.213,16,0.067,618.0,593.0,563.0,1956.0,8.25,8.254015452754981,214,74,200,68,117,116,70,206,210,75,191,228,442,397,452,423,406,26,61,190,87,103,112,5,7,19,25,30,55,0.455,0.545,0,21,21,10,21,0.0,1.0,1.0,0.476,1629630.0,Ja Morant,0.3077507598784194,0.1202066869300911,4067.9,5.851063829787234,66.21004566210046,86.5771812080537,47.15823681566347,4.610226320201174,17.209302325581397,12.169671923429307,32.126696832579185,42.592592592592595,18.51851851851852,32.38771577006871,61.22510989650031,61.09073528208272,61.15792258929152,28.434504792332262,13.47517730496454,21.70280742301679,2022-23,0.0
1631095,Jabari Smith Jr.,Jabari,1610612745,HOU,20.0,79,21,58,0.266,2450.5466666666666,120.4,447,0.18,0.266,43,0.127,74,0.319,1007.0,704.0,920.0,2584.0,1.95,1.9482619191485735,27,303,535,478,25,522,24,105,112,172,453,25,110,536,521,538,513,329,79,609,345,264,127,0,42,101,25,13,38,0.658,0.342,12,27,39,24,39,0.308,0.692,1.0,0.615,1631095.0,Jabari Smith Jr.,0.3588445040214477,0.1764101876675603,4975.2,36.702127659574465,30.36529680365297,6.711409395973152,26.986557294101612,26.236378876781224,92.09302325581396,65.75036550420087,38.91402714932127,21.296296296296298,0.0,23.01931456343221,35.769459170536415,13.779493874478357,24.774476522507385,52.55591054313099,17.73049645390071,36.884474202977366,2022-23,0.0
1631093,Jaden Ivey,Jaden,1610612765,DET,21.0,74,16,58,0.216,2304.3166666666666,120.1,215,0.094,0.142,61,0.201,17,0.101,908.0,696.0,721.0,2594.0,2.02,2.0214246883269404,79,357,535,500,50,519,146,401,398,95,233,216,363,528,516,513,515,325,74,285,129,156,113,1,11,25,33,18,51,0.647,0.353,1,14,13,2,15,0.067,0.933,0.867,0.133,1631093.0,Jaden Ivey,0.3706666666666666,0.1389550264550264,4701.6,6.382978723404255,29.794520547945208,8.724832214765174,15.162481734833818,8.130762782900252,41.86046511627907,28.368584182927545,32.57918552036199,37.96296296296296,3.7037037037037033,27.24463717110776,29.87948480733848,45.30867178751109,37.59407829742479,15.495207667731629,8.51063829787234,12.35215145129495,2022-23,0.0
1630183,Jaden McDaniels,Jaden,1610612750,MIN,22.0,79,41,38,0.519,2416.4883333333332,111.6,215,0.086,0.129,74,0.182,76,0.262,880.0,652.0,710.0,2488.0,7.97,7.967145768733799,27,65,459,237,32,233,146,444,442,54,297,23,145,523,496,507,500,33,79,558,332,226,178,1,16,37,13,22,35,0.371,0.629,3,35,33,12,38,0.079,0.921,0.971,0.353,1630183.0,Jaden McDaniels,0.316120320855615,0.171548128342246,4979.1,37.765957446808514,35.84474885844749,65.77181208053696,44.09499809931427,25.14668901927913,74.4186046511628,54.70983839840933,61.990950226244344,50.0,3.7037037037037033,43.22230601642366,57.055272188605144,17.8723005406063,37.46378636460573,15.495207667731629,23.404255319148938,19.05427911086942,2022-23,0.0
1627751,Jakob Poeltl,Jakob,1610612761,TOR,27.0,72,26,46,0.361,1906.125,115.5,417,0.24,0.343,66,0.197,86,0.509,706.0,477.0,591.0,2172.0,4.29,4.291079009091926,102,253,514,429,126,414,30,26,29,75,248,18,35,445,381,442,449,185,72,672,551,121,144,3,252,546,13,20,33,0.394,0.606,41,101,132,82,142,0.289,0.711,0.957,0.594,1627751.0,Jakob Poeltl,0.4059970501474926,0.1455427728613569,3900.9,43.08510638297872,53.88127853881278,39.59731543624163,45.99181890083637,43.50377200335289,25.581395348837212,32.75034601064348,46.60633484162896,42.592592592592595,11.11111111111111,36.32771912183677,12.277370948063034,39.763208311528786,26.02028962979591,47.763578274760384,70.2127659574468,57.865712731969275,2022-23,0.0
1628973,Jalen Brunson,Jalen,1610612752,NYK,26.0,68,40,28,0.588,2378.6716666666666,117.1,201,0.085,0.125,61,0.216,15,0.077,734.0,646.0,660.0,2270.0,4.09,4.0874215441591035,133,74,312,129,41,475,156,448,455,95,185,238,415,460,493,477,462,196,68,357,132,225,103,27,30,75,37,23,60,0.617,0.383,0,15,13,4,15,0.0,1.0,0.867,0.267,1628973.0,Jalen Brunson,0.3448064516129032,0.1746598240469208,4696.6,5.319148936170213,48.28767123287671,28.859060402684623,26.243109606646097,8.382229673093043,73.95348837209302,47.724984892493026,28.054298642533936,37.96296296296296,100.0,49.508756494050616,42.76342222762515,15.252923015378055,29.0081726215016,13.258785942492011,9.219858156028367,11.441268438583371,2022-23,0.0
1631105,Jalen Duren,Jalen,1610612765,DET,19.0,67,16,51,0.239,1670.145,116.2,366,0.221,0.343,44,0.18,59,0.488,635.0,515.0,481.0,1866.0,3.32,3.3153668871525213,145,357,527,494,166,448,43,44,31,169,304,43,45,406,404,378,394,242,67,536,383,153,64,0,251,555,16,16,32,0.5,0.5,52,54,98,78,106,0.491,0.509,0.951,0.757,1631105.0,Jalen Duren,0.3509919571045576,0.1470268096514745,3374.5,28.723404255319153,71.34703196347031,34.89932885906041,45.18565510410737,29.42162615255658,40.46511627906977,36.04772022846449,10.407239819004523,22.22222222222222,0.0,11.940673705379588,39.68171291076018,38.5139689952274,39.09784095299379,39.61661341853035,36.87943262411347,38.38488206104276,2022-23,0.0
1630224,Jalen Green,Jalen,1610612745,HOU,21.0,76,20,56,0.263,2602.155,120.0,241,0.093,0.135,59,0.154,18,0.078,1130.0,712.0,1005.0,2748.0,2.41,2.40767506902321,55,310,533,480,17,517,118,410,425,102,377,207,412,539,524,539,530,303,76,292,112,180,93,0,7,15,25,19,44,0.568,0.432,0,2,1,1,2,0.0,1.0,0.5,0.5,1630224.0,Jalen Green,0.334538028169014,0.1436704225352112,5295.5,6.914893617021277,21.00456621004566,9.395973154362451,12.466548908915104,6.705783738474434,53.02325581395348,34.49626698376186,23.52941176470588,36.11111111111111,0.0,22.05065359477124,47.879300992787215,41.33932398257325,44.60931248768023,19.64856230031949,0.0,10.80670926517572,2022-23,0.0
1629667,Jalen McDaniels,Jalen,1610612755,PHI,25.0,80,31,49,0.388,1912.8533333333332,113.9,283,0.145,0.219,83,0.26,34,0.18,652.0,589.0,472.0,1944.0,5.32,5.319919275634657,15,191,523,417,125,365,79,192,178,32,97,95,222,417,449,373,404,123,80,393,201,192,158,0,27,68,17,15,32,0.531,0.469,3,22,23,11,25,0.12,0.88,0.92,0.44,1629667.0,Jalen McDaniels,0.3415869565217391,0.1589483695652174,3956.1,15.425531914893616,66.89497716894978,50.33557046979864,42.167347392539526,14.16596814752724,58.6046511627907,40.829177956685314,52.94117647058824,58.333333333333336,0.0,41.59313725490196,44.36742177647818,28.478583447467535,36.42300261197286,26.357827476038334,14.184397163120568,20.879783835225343,2022-23,0.0
1631114,Jalen Williams,Jalen,1610612760,OKC,22.0,75,36,39,0.48,2275.5916666666667,112.6,253,0.109,0.168,103,0.252,35,0.173,659.0,724.0,552.0,2374.0,6.94,6.943649172011055,70,126,472,317,57,295,103,317,300,11,111,92,231,420,527,415,480,53,75,355,247,108,155,6,24,57,25,24,49,0.51,0.49,5,34,35,18,39,0.128,0.872,0.921,0.474,1631114.0,Jalen Williams,0.351631299734748,0.113657824933687,4764.0,15.95744680851064,42.35159817351598,59.06040268456382,35.9711387552758,18.021793797150043,19.53488372093023,18.929647751418155,51.58371040723983,76.85185185185185,22.22222222222222,53.087187866599635,39.36318306016268,66.60346646059466,52.98332476037867,21.56549520766773,22.69503546099291,22.07378832166406,2022-23,0.0
1627750,Jamal Murray,Jamal,1610612743,DEN,26.0,65,43,22,0.662,2133.385,112.5,209,0.099,0.145,66,0.191,16,0.084,717.0,601.0,620.0,2380.0,6.51,6.506894509825711,171,53,214,65,81,284,150,374,383,75,274,228,404,450,457,458,481,71,65,339,165,174,121,5,27,60,22,25,47,0.468,0.532,0,21,21,4,21,0.0,1.0,1.0,0.19,1627750.0,Jamal Murray,0.3377365439093484,0.1368583569405099,4280.1,5.851063829787234,42.00913242009132,59.73154362416109,31.976507784987128,11.148365465213748,50.23255813953489,34.59888106980643,36.199095022624434,42.592592592592595,18.51851851851852,34.01667504608681,46.28575366340131,47.07361589689332,46.67968478014732,14.536741214057509,13.47517730496454,14.059037454965672,2022-23,0.0
201935,James Harden,James,1610612755,PHI,33.0,58,39,19,0.672,2135.005,113.3,314,0.151,0.221,71,0.227,31,0.145,680.0,550.0,742.0,2018.0,5.94,5.943761898146393,240,89,176,53,80,332,61,169,172,61,152,111,289,432,428,518,419,98,58,261,108,153,119,3,6,13,24,21,45,0.533,0.467,3,28,28,9,31,0.097,0.903,0.903,0.29,201935.0,James Harden,0.3383948220064725,0.151177993527508,4171.5,13.829787234042554,62.67123287671232,54.362416107382586,41.05745042731198,6.3704945515507125,40.46511627906977,26.827267588062146,35.294117647058826,47.22222222222222,11.11111111111111,33.423202614379086,45.95778988619143,35.01956633508409,40.48867811063776,31.309904153354633,18.439716312056735,25.51831962477058,2022-23,0.0
1628991,Jaren Jackson Jr.,Jaren,1610612763,MEM,23.0,63,41,22,0.651,1787.503333333333,106.6,318,0.159,0.238,65,0.2,189,0.67,524.0,512.0,502.0,1632.0,8.6,8.604663799188423,189,65,214,76,147,71,59,142,142,82,234,2,5,350,401,387,362,19,63,683,535,148,124,0,85,196,20,27,47,0.426,0.574,12,63,65,33,75,0.16,0.84,0.942,0.478,1628991.0,Jaren Jackson Jr.,0.3218168168168168,0.1608888888888889,3726.8,97.87234042553192,84.70319634703196,99.32885906040272,93.62726965677464,42.162615255658,38.139534883720934,39.74876703249576,37.55656108597285,41.66666666666667,0.0,29.605957767722476,54.21719457299151,26.84508416408328,40.53113936853739,31.948881789137378,43.262411347517734,37.03997009040854,2022-23,1.0
1629020,Jarred Vanderbilt,Jarred,1610612747,LAL,24.0,78,43,35,0.551,1879.7416666666663,116.2,412,0.216,0.329,83,0.304,21,0.143,682.0,598.0,652.0,2232.0,3.72,3.7203340456870295,38,53,420,184,132,446,33,49,41,32,52,178,292,434,455,473,456,215,78,333,212,121,173,0,144,357,27,28,55,0.491,0.509,12,25,32,21,37,0.324,0.676,0.941,0.618,1629020.0,Jarred Vanderbilt,0.3573081570996979,0.134833836858006,3853.7,8.51063829787234,50.456621004566216,34.89932885906041,29.788904885512217,15.088013411567475,25.581395348837212,21.384042573929317,59.72850678733032,58.333333333333336,0.0,44.3080693815988,36.53488968047311,48.777825725481954,42.65635770297753,46.96485623003195,16.312056737588655,33.171096458432466,2022-23,0.0
1628386,Jarrett Allen,Jarrett,1610612739,CLE,25.0,68,44,24,0.647,2220.1116666666667,108.8,445,0.21,0.303,54,0.164,84,0.412,733.0,503.0,614.0,2100.0,9.12,9.118846091817275,133,40,238,80,68,125,25,57,60,121,351,20,66,459,396,454,438,14,68,756,582,174,102,4,261,613,31,21,52,0.596,0.404,23,83,92,57,107,0.215,0.776,0.958,0.594,1628386.0,Jarrett Allen,0.3158614130434782,0.1306711956521739,4363.0,42.02127659574468,57.99086757990868,84.56375838926176,58.24625388858135,46.102263202011734,50.23255813953489,48.580440164525626,27.601809954751133,31.48148148148148,14.814814814814811,25.76294620412267,57.18426384788786,52.281872989411035,54.73306841864945,52.23642172523961,57.446808510638306,54.581095778669024,2022-23,0.0
1627759,Jaylen Brown,Jaylen,1610612738,BOS,26.0,67,46,21,0.687,2404.9183333333335,111.2,381,0.152,0.219,75,0.221,26,0.099,796.0,655.0,656.0,2462.0,8.31,8.3145063154379,145,32,200,42,35,208,40,163,177,51,170,144,370,493,499,475,495,25,67,339,195,144,138,1,27,65,38,23,61,0.623,0.377,2,45,46,14,47,0.043,0.957,1.0,0.304,1627759.0,Jaylen Brown,0.3291286549707602,0.1607456140350877,4932.7,11.170212765957446,37.32876712328767,68.45637583892616,34.6472475592652,13.66303436714166,36.27906976744186,27.23265560732178,43.89140271493213,50.92592592592593,3.7037037037037033,36.30656108597285,50.57432984789861,26.965690729633156,38.77001028876588,42.01277955271566,30.49645390070922,36.83043300931276,2022-23,0.0
1628369,Jayson Tatum,Jayson,1610612738,BOS,25.0,74,52,22,0.703,2732.1966666666667,110.8,571,0.2,0.284,78,0.219,51,0.169,821.0,705.0,720.0,2718.0,9.72,9.715160493965326,79,8,214,32,7,188,8,72,85,46,174,51,238,507,522,512,527,7,74,382,202,180,159,0,60,146,36,30,66,0.545,0.455,0,23,19,12,23,0.0,1.0,0.95,0.6,1628369.0,Jayson Tatum,0.3461555555555555,0.1375777777777777,5556.0,24.46808510638298,22.71689497716895,71.14093959731547,35.52338218389119,14.249790444258172,53.02325581395348,37.51386966607536,53.39366515837104,53.70370370370371,0.0,40.15376235964472,42.09127890884541,46.46801851489698,44.2796487118712,72.36421725239617,14.893617021276595,46.50244714839236,2022-23,0.0
203924,Jerami Grant,Jerami,1610612757,POR,29.0,63,28,35,0.444,2245.525,117.3,230,0.104,0.155,51,0.174,53,0.259,781.0,650.0,653.0,2496.0,3.78,3.7768926670352694,189,230,420,365,62,479,133,347,348,135,323,47,149,484,494,474,501,212,63,309,191,118,86,8,45,113,16,4,20,0.8,0.2,3,44,36,10,47,0.064,0.936,0.878,0.244,203924.0,Jerami Grant,0.3327341040462427,0.1456416184971098,4529.6,25.53191489361702,35.38812785388128,27.516778523489982,29.477805337177756,13.327745180217937,24.186046511627907,19.84272597906392,20.361990950226243,28.703703703703702,29.629629629629623,25.5985000837942,48.77804237836393,39.68000157753835,44.229021977951135,17.89137380191693,29.78723404255319,23.24451091020325,2022-23,0.0
1628975,Jevon Carter,Jevon,1610612749,MIL,27.0,81,57,24,0.704,1811.7516666666668,107.2,167,0.084,0.12,66,0.277,29,0.137,625.0,517.0,481.0,1846.0,8.34,8.342375705263,11,1,238,31,144,79,202,454,467,75,81,126,310,402,406,378,390,23,80,176,85,91,127,0,9,23,20,20,40,0.5,0.5,0,6,6,1,6,0.0,1.0,1.0,0.167,1628975.0,Jevon Carter,0.2490757180156658,0.0739843342036553,3756.1,12.76595744680851,72.48858447488584,95.30201342281876,54.30289090063815,4.442581726739313,11.627906976744184,8.753776876742236,38.91402714932127,42.592592592592595,0.0,30.473018267135913,90.45787404485584,100.0,95.22893702242791,7.827476038338658,2.8368794326241136,5.581707565767113,2022-23,0.0
202710,Jimmy Butler III,Jimmy,1610612748,MIA,33.0,64,35,29,0.547,2138.015,113.7,234,0.121,0.179,117,0.315,21,0.162,712.0,535.0,575.0,2126.0,5.77,5.771752759118549,181,137,327,193,79,355,126,266,271,5,44,178,256,447,418,427,441,105,64,206,101,105,204,5,50,120,21,19,40,0.525,0.475,15,26,34,19,41,0.366,0.634,0.872,0.487,202710.0,Jimmy Butler III,0.3201229235880398,0.1491362126245847,4206.6,8.51063829787234,56.5068493150685,51.67785234899329,36.101115666671234,5.7837384744342,18.13953488372093,13.197216320006238,73.7556561085973,89.81481481481481,18.51851851851852,65.56707725825373,55.06111695765993,36.738306056491595,45.89971150707576,18.53035143769968,17.02127659574468,17.85126775881993,2022-23,0.0
203925,Joe Harris,Joe,1610612751,BKN,31.0,74,40,34,0.541,1527.175,113.2,141,0.089,0.141,34,0.157,13,0.071,536.0,485.0,412.0,1576.0,4.41,4.413230982894509,79,74,403,204,184,322,247,430,404,226,373,262,432,356,386,343,355,177,73,288,176,112,55,0,25,54,13,18,31,0.419,0.581,3,49,46,11,52,0.058,0.942,0.939,0.224,203925.0,Joe Harris,0.2864017341040462,0.1280809248554913,3089.1,4.25531914893617,87.89954337899543,55.033557046979865,46.22535710396783,12.070410729253982,21.3953488372093,17.665373594027173,6.334841628959276,12.962962962962962,0.0,7.070973688620747,71.86150682859319,54.462323056842834,63.16191494271801,3.6741214057507983,33.33333333333333,17.020766773162936,2022-23,0.0
203954,Joel Embiid,Joel,1610612755,PHI,29.0,66,43,23,0.652,2284.1066666666666,110.2,557,0.243,0.357,66,0.192,112,0.521,743.0,628.0,708.0,2150.0,8.41,8.406940027471146,162,53,226,75,54,170,9,25,25,75,271,8,32,464,485,506,447,21,66,673,563,110,97,2,151,337,36,23,59,0.61,0.39,20,108,118,74,128,0.156,0.844,0.937,0.587,203954.0,Joel Embiid,0.3622114285714286,0.1051628571428571,4508.5,56.91489361702128,55.13698630136986,75.16778523489933,60.8558489610128,44.50963956412406,20.46511627906977,30.082925593091485,25.339366515837103,42.592592592592595,7.4074074074074066,26.895005865594097,34.09200810871829,73.75439952754212,53.923203818130204,70.12779552715655,75.177304964539,72.40007477397866,2022-23,0.0
1628381,John Collins,John,1610612737,ATL,25.0,71,37,34,0.521,2129.6466666666665,115.2,385,0.18,0.26,42,0.138,73,0.353,671.0,620.0,698.0,2516.0,4.88,4.884520781409355,109,110,403,231,82,403,39,106,116,181,423,26,91,428,479,503,505,145,71,626,372,254,61,14,108,244,18,16,34,0.529,0.471,7,49,54,28,56,0.125,0.875,0.982,0.509,1628381.0,John Collins,0.3873479532163743,0.1669678362573099,4458.0,36.17021276595745,34.24657534246575,41.61073825503356,36.857071040004385,28.499580888516345,87.44186046511628,63.864948634476306,9.049773755656108,20.37037037037037,51.85185185185185,23.712502094855033,21.568623836171632,21.727919882895453,21.648271859533544,42.6517571884984,33.33333333333333,38.45846645367412,2022-23,0.0
202685,Jonas Valanciunas,Jonas,1610612740,NOP,31.0,79,40,39,0.506,1968.243333333333,113.5,579,0.293,0.415,20,0.068,52,0.31,728.0,508.0,612.0,2034.0,5.44,5.442251728167692,27,74,472,261,110,347,7,6,4,311,504,50,115,456,397,452,426,118,79,525,438,87,56,0,223,483,19,12,31,0.613,0.387,65,111,165,123,176,0.369,0.631,0.959,0.715,202685.0,Jonas Valanciunas,0.3692796610169491,0.1175197740112994,3987.5,25.0,61.757990867579906,53.02013422818794,44.87033036069995,34.03185247275775,9.767441860465116,19.473206105382168,6.787330316742081,0.0,0.0,2.7149321266968327,30.57051131100027,63.35253719965295,46.96152425532661,73.64217252396166,77.30496453900709,75.2904289307321,2022-23,0.0
203903,Jordan Clarkson,Jordan,1610612762,UTA,31.0,61,30,31,0.492,1988.3033333333333,116.6,174,0.083,0.129,33,0.131,13,0.066,764.0,650.0,736.0,2294.0,3.72,3.719169673520001,214,207,357,295,106,464,189,458,445,231,440,262,444,478,494,516,465,215,59,251,134,117,84,0,24,55,22,18,40,0.55,0.45,0,7,6,1,7,0.0,1.0,1.0,0.167,203903.0,Jordan Clarkson,0.3414984615384615,0.1131938461538461,4074.7,4.25531914893617,46.917808219178085,32.21476510067121,26.177051811454596,8.549874266554903,23.72093023255814,17.652507846156844,19.457013574660635,12.037037037037036,0.0,11.995768392827216,44.41151127164236,66.99403665236248,55.702773962002425,8.945686900958465,3.546099290780142,6.51587247637822,2022-23,0.0
1629673,Jordan Poole,Jordan,1610612744,GSW,24.0,82,44,38,0.537,2458.0933333333332,111.8,193,0.073,0.11,63,0.174,21,0.097,1014.0,699.0,687.0,2548.0,8.1,8.095707598956102,2,40,459,210,23,251,166,483,487,90,324,178,375,537,518,500,510,28,81,292,106,186,138,3,29,72,28,21,49,0.571,0.429,1,10,10,3,11,0.091,0.909,1.0,0.3,1629673.0,Jordan Poole,0.3455942408376963,0.1514450261780104,5133.0,8.51063829787234,32.42009132420091,64.42953020134232,30.85866983295483,6.202849958088851,55.81395348837209,35.969512076258795,43.89140271493213,39.81481481481482,11.11111111111111,34.269524048935814,42.37093411213545,34.7947823620956,38.58285823711553,11.980830670926515,5.673758865248227,9.142648358371286,2022-23,0.0
1630581,Josh Giddey,Josh,1610612760,OKC,20.0,76,34,42,0.447,2367.2716666666665,114.0,451,0.189,0.285,57,0.142,31,0.146,788.0,734.0,666.0,2610.0,6.28,6.281275511114628,55,149,493,364,43,369,22,92,83,108,414,111,286,488,530,483,519,81,76,346,157,189,105,1,15,38,19,16,35,0.543,0.457,4,29,31,15,33,0.121,0.879,0.969,0.469,1630581.0,Josh Giddey,0.4156467391304347,0.1824239130434782,4926.6,13.829787234042554,28.881278538812783,49.66442953020136,28.056469764751835,10.477787091366302,57.20930232558139,38.51669623189535,28.95927601809955,34.25925925925926,3.7037037037037033,24.50037707390649,7.469754742127312,8.71723246218503,8.09349360215617,53.194888178913736,19.148936170212767,37.8742097749983,2022-23,0.0
1630182,Josh Green,Josh,1610612742,DAL,22.0,60,27,33,0.45,1539.23,112.8,127,0.087,0.133,42,0.181,5,0.048,472.0,472.0,405.0,1606.0,4.64,4.641125796184347,222,238,385,360,181,301,263,434,430,181,303,385,470,327,377,339,360,162,59,169,98,71,74,2,15,36,15,23,38,0.395,0.605,0,18,16,6,18,0.0,1.0,0.889,0.333,1630182.0,Josh Green,0.3206300940438871,0.129103448275862,3080.5,0.0,86.18721461187214,57.71812080536917,44.59505531549753,5.532271584241409,2.3255813953488373,3.6082574709058663,14.93212669683258,20.37037037037037,7.4074074074074066,14.954332160214513,54.808437217720794,53.601578588058565,54.20500790288968,1.437699680511182,11.347517730496454,5.897117803004555,2022-23,0.0
1628404,Josh Hart,Josh,1610612752,NYK,28.0,76,42,34,0.553,2454.025,113.5,451,0.185,0.271,88,0.253,21,0.097,816.0,653.0,666.0,2560.0,6.88,6.875152507190736,55,60,403,179,24,345,22,96,105,26,110,178,375,504,498,483,511,54,76,368,200,168,135,0,31,80,37,33,70,0.529,0.471,3,19,21,12,22,0.136,0.864,0.955,0.545,1628404.0,Josh Hart,0.3470986301369863,0.1465616438356164,4936.1,8.51063829787234,31.7351598173516,53.02013422818794,27.76659481226898,14.082145850796312,47.44186046511628,34.09797461938829,42.53393665158371,62.96296296296296,0.0,39.05061169767052,41.62142535718096,38.905538415634624,40.26348188640779,53.194888178913736,12.05673758865248,34.682720413296174,2022-23,0.0
1626196,Josh Richardson,Josh,1610612740,NOP,29.0,65,24,41,0.369,1529.6016666666667,113.6,134,0.087,0.134,69,0.29,20,0.171,624.0,479.0,436.0,1672.0,4.32,4.320118376487993,171,271,487,425,183,349,254,435,429,68,62,191,237,400,383,356,367,182,65,150,84,66,129,1,20,45,14,12,26,0.538,0.462,1,15,15,4,16,0.063,0.938,1.0,0.267,1626196.0,Josh Richardson,0.3090093457943925,0.1159408099688473,3152.1,7.97872340425532,82.42009132420091,52.34899328859066,45.12576964732011,4.358759430008382,0.0,1.7435037720033528,39.81900452488688,45.370370370370374,3.7037037037037033,32.73315736551031,60.59806398270032,64.68168481512481,62.63987439891257,2.5559105431309903,9.219858156028367,5.55468696893481,2022-23,0.0
201950,Jrue Holiday,Jrue,1610612749,MIL,33.0,67,50,17,0.746,2182.54,107.9,262,0.107,0.15,79,0.255,25,0.104,702.0,571.0,522.0,2124.0,9.6,9.59958313616659,145,13,162,19,71,100,98,328,362,45,105,154,359,442,441,402,440,8,66,327,159,168,167,1,5,12,28,25,53,0.528,0.472,6,18,23,9,24,0.25,0.75,1.0,0.391,201950.0,Jrue Holiday,0.2972346041055718,0.138208211143695,4534.4,10.638297872340424,56.62100456621004,90.60402684563756,46.72367745851907,10.645431684828164,47.44186046511628,32.72328895300103,57.01357466063348,54.629629629629626,3.7037037037037033,42.85172616054969,66.46441253175188,45.93732941590934,56.20087097383061,23.00319488817891,11.347517730496454,17.75814016722181,2022-23,0.0
203944,Julius Randle,Julius,1610612752,NYK,28.0,77,44,33,0.571,2737.2516666666666,115.4,626,0.226,0.334,49,0.142,21,0.098,835.0,773.0,764.0,2624.0,6.08,6.083784548188164,46,40,385,149,5,411,4,38,37,144,415,178,372,513,532,522,521,90,77,445,232,213,99,0,62,145,42,19,61,0.689,0.311,26,63,81,62,89,0.292,0.708,0.964,0.738,203944.0,Julius Randle,0.3755833333333333,0.1825948275862069,5417.2,8.51063829787234,28.08219178082192,40.26845637583891,23.300136536396337,16.764459346186086,68.37209302325581,47.72903955242793,26.24434389140272,26.851851851851855,0.0,19.895885704709237,27.42992955352305,8.573359232137033,18.001644392830038,81.15015974440894,43.262411347517734,64.1006729658079,2022-23,0.0
1630231,KJ Martin,KJ,1610612745,HOU,22.0,82,22,60,0.268,2292.1583333333333,118.7,326,0.143,0.21,41,0.118,30,0.146,963.0,613.0,838.0,2406.0,3.01,3.0078555948888197,2,290,537,475,53,503,58,195,196,192,469,118,284,535,473,532,487,258,80,322,158,164,66,1,65,149,23,16,39,0.59,0.41,1,14,13,6,15,0.067,0.933,1.0,0.462,1630231.0,KJ Martin,0.3334058355437665,0.1794376657824933,4672.7,13.297872340425531,40.52511415525114,18.12080536912753,24.03314023278999,10.561609388097237,45.58139534883721,31.573480964541226,11.312217194570136,19.444444444444446,3.7037037037037033,12.256368359309535,48.443375920279976,11.2310094193749,29.83719266982744,33.22683706070288,8.51063829787234,22.104547617429137,2022-23,0.0
202695,Kawhi Leonard,Kawhi,1610612746,LAC,32.0,52,33,19,0.635,1747.4883333333332,112.1,281,0.16,0.228,72,0.274,28,0.19,592.0,411.0,517.0,1818.0,5.49,5.485561685322916,283,162,176,92,152,265,82,140,157,58,84,135,200,381,347,397,386,117,52,294,166,128,147,1,22,49,24,12,36,0.667,0.333,0,35,27,7,35,0.0,1.0,0.9,0.233,202695.0,Kawhi Leonard,0.2716405228758169,0.1459313725490196,3502.1,12.23404255319149,74.08675799086758,62.41610738255039,46.428009163717846,11.232187761944678,28.837209302325583,21.795200686173217,47.963800904977376,48.148148148148145,3.7037037037037033,36.963298139768725,79.21575818793994,39.4360910787463,59.32592463334312,26.03833865814697,23.404255319148938,24.853001155597855,2022-23,0.0
1631099,Keegan Murray,Keegan,1610612758,SAC,22.0,80,47,33,0.588,2381.673333333333,117.1,282,0.123,0.174,61,0.174,42,0.264,749.0,622.0,602.0,2706.0,4.1,4.103783303359775,15,22,385,130,38,476,80,260,288,95,322,75,143,467,481,449,525,195,80,434,264,170,102,10,29,74,22,16,38,0.579,0.421,2,33,32,11,35,0.057,0.943,0.97,0.333,1631099.0,Keegan Murray,0.3283983739837398,0.1507452574525745,4899.0,19.680851063829788,23.401826484018265,28.859060402684623,23.277744795609465,19.44677284157586,48.372093023255815,36.80196495058383,27.601809954751133,37.96296296296296,37.03703703703704,33.587020278196746,50.93816651810552,35.38383689898709,43.16100170854631,26.198083067092657,21.98581560283688,24.30256270817755,2022-23,0.0
1629640,Keldon Johnson,Keldon,1610612759,SAS,23.0,63,17,46,0.27,2063.3316666666665,121.4,262,0.133,0.201,46,0.15,11,0.07,804.0,621.0,603.0,2470.0,1.04,1.0357405149615202,189,347,514,473,95,525,98,222,218,155,394,298,435,496,480,450,497,398,62,275,139,136,100,0,19,44,25,9,34,0.735,0.265,3,19,15,10,22,0.136,0.864,0.882,0.588,1629640.0,Keldon Johnson,0.3606428571428571,0.1663809523809523,4262.1,3.1914893617021276,36.87214611872146,0.0,14.18184688623336,8.968985750209555,32.55813953488372,23.122478021014057,26.69683257918552,24.074074074074073,0.0,19.104658957600137,34.87349333933019,22.22194969221787,28.54772151577403,23.00319488817891,12.05673758865248,18.077289103392022,2022-23,0.0
203482,Kelly Olynyk,Kelly,1610612762,UTA,32.0,68,28,40,0.412,1941.5933333333332,116.0,338,0.164,0.249,60,0.26,37,0.182,782.0,614.0,664.0,2126.0,3.98,3.9787574914618897,133,230,481,400,119,439,49,132,129,98,98,85,214,486,475,481,441,202,68,470,302,168,131,12,107,260,13,18,31,0.419,0.581,12,34,42,16,46,0.261,0.739,0.955,0.364,203482.0,Kelly Olynyk,0.3815913312693498,0.176984520123839,3989.2,17.02127659574468,56.5068493150685,36.24161073825506,35.646310583135616,22.632020117351217,47.44186046511628,37.51792432601025,40.723981900452486,37.03703703703704,44.44444444444444,40.36366683425507,24.436657097438676,13.29602965729113,18.866343377364903,35.14376996805112,22.69503546099291,29.541839439874924,2022-23,0.0
1626162,Kelly Oubre Jr.,Kelly,1610612766,CHA,27.0,48,16,32,0.333,1547.5116666666668,115.3,184,0.121,0.181,68,0.269,18,0.118,522.0,473.0,388.0,1722.0,3.5,3.4985651055466844,302,357,377,442,180,408,178,267,265,70,91,207,337,349,378,333,376,230,47,193,107,86,154,0,14,35,17,16,33,0.515,0.485,0,4,3,2,4,0.0,1.0,1.0,0.667,1626162.0,Kelly Oubre Jr.,0.3322727272727273,0.1342289562289562,3215.6,6.914893617021277,79.5662100456621,40.93959731543628,40.84903029164931,6.286672254819782,9.30232558139535,8.096064250765123,51.13122171945701,44.44444444444444,0.0,36.00804424333836,49.00790703590018,49.28700492407734,49.14745597998876,10.543130990415335,1.4184397163120568,6.43701991706886,2022-23,0.0
203484,Kentavious Caldwell-Pope,Kentavious,1610612743,DEN,30.0,76,51,25,0.671,2381.2066666666665,111.5,173,0.074,0.107,112,0.283,35,0.159,812.0,643.0,693.0,2658.0,8.04,8.043149663695695,55,10,256,55,39,230,191,482,490,6,73,92,262,503,492,501,523,31,75,176,90,86,200,1,24,50,18,28,46,0.391,0.609,2,17,17,5,19,0.105,0.895,0.944,0.278,203484.0,Kentavious Caldwell-Pope,0.3316719999999999,0.1235973333333333,4864.0,15.95744680851064,26.14155251141553,66.44295302013424,32.14326035743325,4.861693210393965,9.30232558139535,7.526072632994795,71.94570135746606,85.18518518518519,3.7037037037037033,59.51902128372716,49.30719815054819,58.23654135453845,53.77186975254333,8.78594249201278,10.638297872340424,9.61950241316022,2022-23,0.0
201142,Kevin Durant,Kevin,1610612756,PHX,34.0,47,34,13,0.723,1671.756666666667,110.3,296,0.166,0.252,34,0.145,67,0.267,608.0,508.0,510.0,1656.0,6.11,6.113919223470662,311,149,123,26,165,173,70,131,124,226,403,31,139,390,397,390,364,88,47,385,245,140,63,0,22,49,21,10,31,0.677,0.323,2,31,32,17,33,0.061,0.939,0.97,0.515,201142.0,Kevin Durant,0.2856458333333334,0.1554861111111111,3381.0,32.97872340425532,83.33333333333334,74.49664429530203,60.9823171021943,17.85414920368818,34.418604651162795,27.792822472172947,9.95475113122172,12.962962962962962,0.0,8.518937489525724,72.23810764979919,31.39305929663007,51.81558347321463,28.434504792332262,20.56737588652482,24.89429678471892,2022-23,0.0
1628989,Kevin Huerter,Kevin,1610612758,SAC,24.0,75,44,31,0.587,2202.776666666666,116.6,209,0.1,0.14,80,0.26,24,0.188,752.0,543.0,576.0,2526.0,4.11,4.113357883410852,70,40,357,134,70,463,150,365,406,42,98,160,205,470,423,428,506,194,75,370,209,161,160,0,22,51,20,17,37,0.541,0.459,0,14,13,7,14,0.0,1.0,1.0,0.538,1628989.0,Kevin Huerter,0.3715183098591549,0.1701183098591549,4480.3,10.106382978723405,33.67579908675799,32.21476510067121,23.88277414702246,14.836546521374686,44.18604651162791,32.44624651552662,53.84615384615385,55.55555555555556,0.0,40.98290598290598,29.45518371109389,19.07589972099469,24.26554171604429,14.536741214057509,8.51063829787234,11.824994901774184,2022-23,0.0
1629645,Kevin Porter Jr.,Kevin,1610612745,HOU,23.0,59,18,41,0.305,2023.8833333333337,119.5,238,0.117,0.172,82,0.279,17,0.101,859.0,572.0,740.0,2040.0,2.12,2.116848273862888,230,339,487,458,101,514,121,282,290,40,78,216,363,515,442,517,428,318,59,292,106,186,144,3,3,6,24,21,45,0.533,0.467,3,8,11,8,11,0.273,0.727,1.0,0.727,1629645.0,Kevin Porter Jr.,0.3375,0.138512987012987,4089.3,6.382978723404255,61.41552511415526,12.751677852349028,27.2365447424033,6.202849958088851,55.81395348837209,35.969512076258795,46.60633484162896,57.407407407407405,11.11111111111111,41.512904307021955,46.40360329917808,45.68077378257539,46.04218854087674,19.169329073482427,4.25531914893617,12.458024607436611,2022-23,0.0
1626172,Kevon Looney,Kevon,1610612744,GSW,27.0,82,44,38,0.537,1957.595,112.0,486,0.234,0.342,52,0.194,50,0.301,672.0,514.0,601.0,2042.0,6.26,6.257292892415873,2,40,459,210,112,260,18,30,32,132,259,56,119,429,402,448,429,83,82,773,577,196,93,0,300,774,11,15,26,0.423,0.577,68,94,150,109,162,0.42,0.58,0.968,0.703,1626172.0,Kevon Looney,0.3734034582132565,0.1788731988472622,4053.9,23.93617021276596,61.3013698630137,63.08724832214766,46.801759617698096,45.68315171835708,60.46511627906976,54.55233045478469,23.52941176470588,29.629629629629623,0.0,19.78213507625272,28.51597522532896,11.7061689928697,20.11107210909933,58.78594249201278,65.24822695035462,61.69397049826661,2022-23,0.0
1630165,Killian Hayes,Killian,1610612765,DET,21.0,76,16,60,0.211,2153.588333333333,117.6,193,0.092,0.14,104,0.331,28,0.172,804.0,673.0,631.0,2424.0,3.42,3.421140034304204,55,357,537,503,75,487,166,418,407,9,36,135,233,496,509,462,488,235,76,350,201,149,216,8,9,21,16,32,48,0.333,0.667,0,22,21,6,22,0.0,1.0,1.0,0.286,1630165.0,Killian Hayes,0.3587598944591029,0.1496939313984168,4368.7,12.23404255319149,39.49771689497717,25.503355704698055,25.093656860693116,14.16596814752724,38.604651162790695,28.829177956685314,79.18552036199095,77.77777777777779,29.629629629629623,66.30383777442601,35.81161289215636,36.26882698134324,36.0402199367498,11.980830670926515,14.184397163120568,12.97243559241384,2022-23,0.0
202691,Klay Thompson,Klay,1610612744,GSW,33.0,69,38,31,0.551,2278.911666666667,112.6,247,0.101,0.151,49,0.151,29,0.151,861.0,627.0,730.0,2354.0,6.96,6.9617090546213225,123,95,357,185,56,291,111,360,361,144,389,126,275,516,483,515,475,50,69,280,166,114,98,0,23,56,7,18,25,0.28,0.72,5,7,11,6,12,0.417,0.583,0.917,0.5,202691.0,Klay Thompson,0.3156598837209302,0.144953488372093,4788.2,12.76595744680851,43.49315068493151,59.06040268456382,35.09408638959039,11.232187761944678,22.32558139534884,17.888223941987174,25.79185520361991,26.851851851851855,0.0,19.714890229596115,57.28466870433099,40.25925891982719,48.77196381207909,20.60702875399361,3.546099290780142,12.929610495547552,2022-23,0.0
204001,Kristaps Porziņģis,Kristaps,1610612764,WAS,27.0,65,27,38,0.415,2119.5116666666668,114.8,432,0.194,0.277,58,0.21,100,0.437,719.0,610.0,673.0,2210.0,5.08,5.075820839287357,171,238,459,395,87,392,28,81,98,105,206,12,57,451,469,489,454,136,65,733,557,176,84,0,184,397,15,15,30,0.5,0.5,10,60,66,38,70,0.143,0.857,0.957,0.551,204001.0,Kristaps Porziņģis,0.3240807453416149,0.1546242236024844,4285.4,50.53191489361703,51.71232876712328,44.29530201342286,49.385906529295674,44.006705783738475,51.162790697674424,48.30035673210004,19.457013574660635,35.18518518518518,0.0,20.097620244679067,53.08927226542913,32.118582928641985,42.60392759703556,50.15974440894568,41.13475177304964,46.09849772279247,2022-23,0.0
203937,Kyle Anderson,Kyle,1610612750,MIN,29.0,69,36,33,0.522,1956.5733333333333,111.7,302,0.152,0.231,78,0.222,63,0.274,664.0,559.0,534.0,2034.0,6.42,6.4224553550997765,123,126,385,230,114,241,66,160,150,46,165,35,135,424,435,407,426,75,69,343,198,145,166,1,41,96,14,20,34,0.412,0.588,7,26,29,16,33,0.212,0.788,0.935,0.516,203937.0,Kyle Anderson,0.3536029411764705,0.155435294117647,4016.1,30.851063829787233,61.757990867579906,65.1006711409396,50.23089012080276,13.914501257334452,36.74418604651163,27.612312130840756,56.56108597285068,53.70370370370371,3.7037037037037033,42.34665661136249,38.38088245293318,31.43583625916513,34.908359356049154,29.39297124600639,17.02127659574468,23.825708653388624,2022-23,0.0
1628398,Kyle Kuzma,Kyle,1610612764,WAS,27.0,64,29,35,0.453,2238.8516666666665,112.6,408,0.172,0.255,36,0.116,29,0.121,797.0,665.0,623.0,2404.0,6.83,6.829809428689171,181,220,420,356,64,293,35,124,120,218,473,126,331,494,503,459,486,58,63,330,206,124,66,5,27,58,17,19,36,0.472,0.528,4,20,21,15,24,0.167,0.833,0.955,0.682,1628398.0,Kyle Kuzma,0.2992911764705882,0.1281676470588235,4547.6,12.76595744680851,40.63926940639269,59.06040268456382,34.0952279421018,14.585079631181893,26.976744186046513,22.020078364100662,11.312217194570136,14.814814814814811,18.51851851851852,14.339701692642867,65.43979809617679,54.389321641567754,59.914559868872274,46.3258785942492,12.76595744680851,31.223914077900893,2022-23,0.0
200768,Kyle Lowry,Kyle,1610612748,MIA,37.0,55,30,25,0.545,1717.725,111.3,182,0.112,0.166,57,0.211,21,0.202,556.0,429.0,436.0,1594.0,5.84,5.840158781459162,267,207,256,195,158,212,180,298,310,108,201,178,189,364,357,356,356,100,54,181,86,95,103,13,33,75,7,24,31,0.226,0.774,3,26,24,8,29,0.103,0.897,0.889,0.296,200768.0,Kyle Lowry,0.3086709677419355,0.1459967741935484,3389.2,8.51063829787234,86.87214611872146,67.7852348993289,50.75581518553366,4.526404023470243,13.488372093023257,9.90358486520205,28.054298642533936,34.25925925925926,48.148148148148145,35.249497234791356,60.76664887819292,39.38103698154319,50.07384292986805,10.22364217252396,17.02127659574468,13.282577662973283,2022-23,0.0
202681,Kyrie Irving,Kyrie,1610612742,DAL,31.0,60,32,28,0.533,2240.5733333333333,113.2,245,0.107,0.167,66,0.215,45,0.157,725.0,672.0,616.0,2316.0,6.47,6.4736583634476,222,178,312,217,63,321,114,333,307,75,186,68,266,455,506,455,468,73,60,274,166,108,126,5,29,69,31,29,60,0.517,0.483,3,12,14,7,15,0.2,0.8,1.0,0.5,202681.0,Kyrie Irving,0.34661875,0.16660625,4487.7,21.27659574468085,45.662100456621005,55.033557046979865,38.25076271943466,11.232187761944678,19.53488372093023,16.213805337336012,38.46153846153847,42.592592592592595,18.51851851851852,34.921652421652425,41.860508661063626,22.032297626003867,31.946403143533747,20.287539936102235,7.092198581560284,14.34963632655836,2022-23,0.0
1628374,Lauri Markkanen,Lauri,1610612762,UTA,26.0,66,32,34,0.485,2272.4866666666667,113.6,440,0.183,0.273,42,0.139,38,0.167,838.0,682.0,785.0,2508.0,6.22,6.215788714897197,162,178,403,310,58,350,26,102,102,181,421,82,240,514,513,527,503,84,66,482,338,144,87,0,69,156,20,5,25,0.8,0.2,3,35,36,20,38,0.079,0.921,0.947,0.526,1628374.0,Lauri Markkanen,0.2928290598290598,0.125,4670.1,17.5531914893617,34.70319634703196,52.34899328859066,32.25464363935353,25.649622799664712,36.27906976744186,32.027290980331,20.81447963800905,20.37037037037037,0.0,15.455421484833249,68.65931913414775,57.055798155088155,62.85755864461795,51.43769968051119,23.404255319148938,38.82264971789818,2022-23,0.0
2544,LeBron James,LeBron,1610612747,LAL,38.0,55,30,25,0.545,1953.94,111.0,392,0.191,0.267,50,0.192,32,0.176,624.0,509.0,590.0,2060.0,6.83,6.828787663099604,267,207,256,195,115,200,37,85,110,138,272,108,229,400,399,440,432,58,55,223,127,96,97,8,40,87,14,19,33,0.424,0.576,7,24,30,19,31,0.226,0.774,1.0,0.633,2544.0,LeBron James,0.3251309904153355,0.1641214057507987,4070.5,14.361702127659576,60.273972602739725,69.79865771812082,44.29023569155294,7.963118189438391,13.953488372093023,11.55734029903117,25.339366515837103,27.77777777777778,29.629629629629623,27.265376235964467,52.56602480682723,24.124001249295883,38.34501302806156,43.76996805111821,15.602836879432624,31.094759023859694,2022-23,0.0
1629652,Luguentz Dort,Luguentz,1610612760,OKC,24.0,74,36,38,0.486,2272.3566666666666,114.1,216,0.092,0.141,75,0.208,23,0.12,704.0,787.0,555.0,2388.0,5.95,5.949228037914513,79,126,459,305,59,372,145,415,402,51,211,166,332,443,535,417,483,97,74,379,167,212,116,6,15,34,24,35,59,0.407,0.593,8,22,28,12,30,0.267,0.733,1.0,0.429,1629652.0,Luguentz Dort,0.3105564971751412,0.1456977401129943,4760.4,9.574468085106384,41.55251141552511,48.99328859060408,30.62148837712736,11.316010058675609,67.90697674418604,45.270590069981864,33.93665158371041,50.92592592592593,22.22222222222222,36.9542902631138,59.82725053324389,39.63275926553895,49.73000489939142,15.654952076677317,14.184397163120568,14.99320236557678,2022-23,0.0
1629029,Luka Dončić,Luka,1610612742,DAL,24.0,66,33,33,0.5,2390.471666666667,116.0,515,0.224,0.342,90,0.283,33,0.193,760.0,700.0,675.0,2496.0,4.91,4.90627228629913,162,162,385,264,36,440,14,40,33,23,72,102,199,475,519,493,501,144,65,330,173,157,191,4,6,13,30,26,56,0.536,0.464,1,24,23,14,25,0.04,0.96,0.958,0.583,1629029.0,Luka Dončić,0.3746871345029239,0.1612807017543859,4754.8,14.893617021276595,35.38812785388128,36.24161073825506,27.40369424193285,11.81894383906119,42.32558139534884,30.12292637283378,67.87330316742081,64.81481481481481,14.814814814814811,53.538210155857215,27.876428920335083,26.515262127681556,27.19584552400832,63.418530351437695,15.602836879432624,41.901468289035414,2022-23,0.0
1631103,Malaki Branham,Malaki,1610612759,SAS,20.0,66,15,51,0.227,1549.5966666666666,119.4,153,0.098,0.147,33,0.15,7,0.058,578.0,498.0,487.0,1832.0,1.71,1.7061440067353786,162,369,527,497,178,512,222,376,374,231,390,345,454,375,393,384,389,352,65,192,98,94,50,0,7,16,10,15,25,0.4,0.6,1,2,3,1,3,0.333,0.667,1.0,0.333,1631103.0,Malaki Branham,0.3021861702127659,0.1155585106382978,3267.5,1.0638297872340423,73.28767123287672,13.422818791946304,29.43192154438704,5.532271584241409,13.023255813953488,10.026862122068655,4.072398190045249,12.037037037037036,0.0,5.841922238981063,63.99746986616034,65.00349850431256,64.50048418523645,5.5910543130990416,0.0,3.075079872204473,2022-23,0.0
1627763,Malcolm Brogdon,Malcolm,1610612738,BOS,30.0,67,46,21,0.687,1743.815,109.3,238,0.132,0.192,45,0.194,18,0.096,579.0,468.0,468.0,1744.0,6.96,6.959816968581907,145,32,200,42,153,140,121,226,233,159,260,207,377,377,375,371,379,50,67,257,145,112,75,0,8,19,17,24,41,0.415,0.585,3,20,22,7,23,0.13,0.87,0.957,0.304,1627763.0,Malcolm Brogdon,0.3040862068965517,0.1128304597701149,3520.7,6.914893617021277,78.31050228310502,81.2080536912752,50.47664666871407,9.471919530595136,21.3953488372093,16.625977114563636,15.384615384615383,23.14814814814815,0.0,14.255698005698004,63.05084379676179,67.29992971417104,65.17538675546642,19.169329073482427,12.76595744680851,16.287811841479165,2022-23,0.0
1627736,Malik Beasley,Malik,1610612747,LAL,26.0,81,45,36,0.556,2093.085,114.6,248,0.116,0.172,65,0.223,9,0.045,808.0,631.0,770.0,2446.0,5.11,5.111203575776462,11,35,441,172,92,389,108,291,289,82,164,321,472,499,488,526,491,135,79,209,100,109,98,1,30,71,11,19,30,0.367,0.633,1,23,22,8,24,0.042,0.958,0.917,0.333,1627736.0,Malik Beasley,0.3557915492957746,0.1308309859154929,4325.2,2.127659574468085,38.242009132420094,45.637583892617506,25.645162999288644,5.699916177703269,20.0,14.279966471081307,25.79185520361991,41.66666666666667,3.7037037037037033,25.826001340707226,37.29048587316685,52.147364006460215,44.71892493981353,20.766773162939295,14.893617021276595,18.12385289919108,2022-23,0.0
1628370,Malik Monk,Malik,1610612758,SAC,25.0,77,47,30,0.61,1719.235,112.7,171,0.097,0.147,49,0.201,20,0.143,615.0,466.0,369.0,1884.0,5.23,5.231289840147046,46,22,342,110,157,298,196,382,376,144,232,191,292,395,373,322,395,128,76,230,128,102,92,1,25,53,19,9,28,0.679,0.321,0,10,10,3,10,0.0,1.0,1.0,0.3,1628370.0,Malik Monk,0.3192195767195767,0.1107989417989418,3579.0,7.97872340425532,70.31963470319634,58.38926174496643,42.400676944062454,8.046940486169321,16.74418604651163,13.265287822374706,23.076923076923077,26.851851851851855,3.7037037037037033,19.554843304843303,55.511177581591085,69.01003025767656,62.26060391963382,8.466453674121405,5.673758865248227,7.209741010128476,2022-23,0.0
202694,Marcus Morris Sr.,Marcus,1610612746,LAC,33.0,65,35,30,0.538,1825.1133333333332,113.9,229,0.127,0.178,42,0.166,21,0.158,665.0,412.0,501.0,1900.0,4.77,4.767708626865469,171,137,342,207,140,367,136,244,275,181,345,178,265,426,348,386,398,152,65,203,125,78,72,0,29,68,7,22,29,0.241,0.759,6,35,37,20,41,0.146,0.854,0.949,0.513,202694.0,Marcus Morris Sr.,0.319,0.1422176656151419,3647.1,8.51063829787234,69.40639269406392,50.33557046979864,40.280385379520965,7.795473595976529,5.5813953488372094,6.467026647692938,14.027149321266968,20.37037037037037,0.0,12.740489358136417,55.62057391522933,42.56223238596644,49.09140315059789,17.731629392971247,23.404255319148938,20.28431105975121,2022-23,0.0
203935,Marcus Smart,Marcus,1610612738,BOS,29.0,61,43,18,0.705,1956.76,111.7,145,0.073,0.104,93,0.336,23,0.115,592.0,496.0,507.0,1962.0,6.49,6.492650082889355,214,53,165,29,113,248,235,484,495,17,33,166,341,381,392,389,407,72,61,253,116,137,157,11,49,113,19,27,46,0.413,0.587,2,60,55,11,62,0.032,0.968,0.965,0.193,203935.0,Marcus Smart,0.313680981595092,0.1493006134969325,4012.6,9.574468085106384,65.8675799086758,65.1006711409396,43.15860798731398,7.041072925398156,33.02325581395349,22.630382658531357,52.488687782805435,67.5925925925926,40.74074074074074,54.83806770571477,58.27058669059541,36.59991593386208,47.43525131222874,4.313099041533546,41.13475177304964,20.88284277071579,2022-23,0.0
1628365,Markelle Fultz,Markelle,1610612753,ORL,25.0,60,29,31,0.483,1777.9416666666666,114.0,165,0.095,0.136,87,0.285,26,0.186,642.0,514.0,483.0,1848.0,4.71,4.714973081904214,222,220,357,312,149,371,206,397,423,28,69,144,208,410,402,380,391,158,60,239,123,116,136,0,26,57,22,30,52,0.423,0.577,0,10,10,4,10,0.0,1.0,1.0,0.4,1628365.0,Markelle Fultz,0.3208996960486322,0.1067294832826747,3641.1,11.170212765957446,72.3744292237443,49.66442953020136,42.215242717243825,7.627829002514669,23.25581395348837,17.00461997309889,42.98642533936652,62.03703703703704,0.0,38.90753309870957,54.67411755524707,72.43563776850883,63.55487766187795,7.507987220447284,5.673758865248227,6.682584460607709,2022-23,0.0
203486,Mason Plumlee,Mason,1610612746,LAC,33.0,79,28,51,0.354,2052.945,117.4,471,0.238,0.35,46,0.14,47,0.28,760.0,613.0,543.0,2276.0,3.49,3.4882562013657035,27,230,527,436,97,484,19,29,28,155,418,62,131,475,473,411,463,233,79,472,365,107,118,1,293,654,33,14,47,0.702,0.298,42,78,106,76,120,0.35,0.65,0.955,0.685,203486.0,Mason Plumlee,0.3664940119760479,0.1429520958083832,4238.6,22.340425531914892,47.94520547945205,26.845637583892607,32.42840152654732,27.912824811399833,19.069767441860467,22.606990389676213,34.841628959276015,24.074074074074073,3.7037037037037033,23.28850343556226,31.958362411358003,41.94400035925022,36.95118138530411,56.38977635782748,53.90070921985816,55.269696145741285,2022-23,0.0
1629622,Max Strus,Max,1610612748,MIA,27.0,80,42,38,0.525,2271.9783333333335,113.1,209,0.097,0.144,42,0.116,12,0.088,781.0,545.0,586.0,2148.0,6.56,6.561453216988929,15,60,459,225,60,317,150,383,387,181,471,278,395,484,425,437,445,70,79,383,157,226,88,9,34,74,10,18,28,0.357,0.643,2,35,34,9,37,0.054,0.946,0.944,0.25,1629622.0,Max Strus,0.3688126649076517,0.1891372031662269,4482.6,3.723404255319149,55.25114155251142,55.70469798657724,34.75343574215096,10.477787091366302,74.4186046511628,48.842277627244194,21.266968325791854,20.37037037037037,33.33333333333333,23.969750293279706,30.803175603822137,3.066088219048872,16.934631911435503,14.536741214057509,23.404255319148938,18.527122561348655,2022-23,0.0
1629008,Michael Porter Jr.,Michael,1610612743,DEN,25.0,62,41,21,0.661,1797.8933333333334,112.2,277,0.151,0.218,37,0.133,29,0.188,616.0,533.0,560.0,2026.0,5.68,5.6831677044112885,203,65,200,66,145,269,86,168,182,208,437,126,204,396,415,422,422,109,62,226,136,90,80,0,14,33,12,16,28,0.429,0.571,7,6,12,9,13,0.538,0.462,0.923,0.692,1629008.0,Michael Porter Jr.,0.2906408045977011,0.1068994252873563,3657.9,12.76595744680851,62.21461187214612,61.74496644295302,42.317738744712805,8.717518860016764,11.16279069767442,10.184681962611355,17.647058823529413,15.74074074074074,0.0,12.568082788671024,69.74953989997768,72.29258320601211,71.0210615529949,25.399361022364214,2.8368794326241136,15.246244306981172,2022-23,0.0
1628969,Mikal Bridges,Mikal,1610612751,BKN,26.0,83,42,41,0.506,2963.1766666666667,113.2,285,0.094,0.143,91,0.206,61,0.196,960.0,869.0,789.0,3086.0,8.42,8.419591699490155,1,60,487,263,1,327,77,400,393,20,219,37,195,534,539,528,538,20,82,442,263,179,165,0,21,47,28,25,53,0.528,0.472,0,18,17,5,18,0.0,1.0,0.944,0.278,1628969.0,Mikal Bridges,0.3390576923076923,0.167532967032967,5950.3,29.78723404255319,1.7123287671232876,55.033557046979865,26.272597947259396,19.362950544844928,52.55813953488372,39.2800639388682,56.10859728506787,65.74074074074075,0.0,45.45269817328641,45.62753820572677,21.252201498753,33.43986985223989,26.677316293929714,11.347517730496454,19.77890694038475,2022-23,0.0
201144,Mike Conley,Mike,1610612750,MIN,35.0,67,34,33,0.507,2028.055,116.1,149,0.075,0.111,73,0.258,14,0.074,660.0,580.0,685.0,2306.0,4.05,4.053728839976822,145,149,385,257,100,441,232,480,486,57,103,248,422,421,446,499,467,199,67,212,128,84,118,4,26,64,19,19,38,0.5,0.5,0,7,7,3,7,0.0,1.0,1.0,0.429,201144.0,Mike Conley,0.3401645161290322,0.1350612903225806,4110.2,4.787234042553192,46.23287671232877,35.57046979865778,26.98901791600079,8.046940486169321,8.372093023255815,8.242032008421218,34.841628959276015,49.07407407407408,14.814814814814811,34.816281213340034,45.07610238743296,48.58635890170257,46.83123064456777,4.952076677316294,3.546099290780142,4.3193868533750255,2022-23,0.0
1629011,Mitchell Robinson,Mitchell,1610612752,NYK,25.0,59,35,24,0.593,1588.8283333333334,112.6,288,0.178,0.261,56,0.272,109,0.641,490.0,462.0,447.0,1536.0,4.77,4.774020112919699,230,137,238,125,171,296,72,110,114,112,87,9,9,335,369,362,351,152,59,521,400,121,106,0,153,338,21,13,34,0.618,0.382,76,108,168,116,184,0.413,0.587,0.939,0.648,1629011.0,Mitchell Robinson,0.279652027027027,0.0990945945945946,3137.7,55.319148936170215,90.18264840182648,59.06040268456382,68.4566871862483,30.846605196982395,25.581395348837212,27.68747928809528,29.411764705882355,33.33333333333333,0.0,23.431372549019606,75.22430962836829,78.8625694916628,77.04343956001554,27.15654952076677,75.177304964539,48.76588947046428,2022-23,0.0
1628420,Monte Morris,Monte,1610612764,WAS,28.0,62,28,34,0.452,1696.0866666666666,117.3,184,0.106,0.153,43,0.213,13,0.076,538.0,536.0,514.0,1892.0,2.86,2.860218527834794,203,230,403,359,161,482,178,338,354,172,192,262,419,357,420,394,396,268,61,160,67,93,82,5,15,34,16,18,34,0.471,0.529,0,20,19,2,20,0.0,1.0,0.95,0.1,1628420.0,Monte Morris,0.3029206349206349,0.1188349206349206,3448.5,4.25531914893617,69.86301369863014,27.516778523489982,33.03337708496751,2.933780385582565,12.558139534883722,8.708395875163259,18.552036199095024,21.296296296296298,18.51851851851852,19.504147812971343,63.63154880502763,62.24546702466193,62.93850791484478,10.543130990415335,12.76595744680851,11.543402895792266,2022-23,0.0
1626167,Myles Turner,Myles,1610612754,IND,27.0,62,29,33,0.468,1825.21,116.3,378,0.205,0.315,36,0.124,140,0.619,607.0,603.0,521.0,1954.0,3.57,3.5715702373505622,203,220,385,337,139,450,41,64,54,218,458,5,11,389,458,401,405,224,62,667,560,107,80,0,216,488,17,9,26,0.654,0.346,19,75,88,45,94,0.202,0.798,0.989,0.506,1626167.0,Myles Turner,0.3036830769230769,0.1248,3745.2,71.80851063829788,66.32420091324201,34.22818791946313,60.49392155481963,44.25817267393127,19.069767441860467,29.14512953468879,17.647058823529413,14.814814814814811,0.0,12.24400871459695,63.25168904648972,57.22415507516187,60.237922060825795,41.53354632587859,51.77304964539007,46.14132281965876,2022-23,0.0
1630230,Naji Marshall,Naji,1610612740,NOP,25.0,77,40,37,0.519,1792.0366666666666,111.4,231,0.132,0.195,54,0.178,14,0.101,630.0,481.0,550.0,1892.0,6.12,6.1199814243094055,46,74,450,236,146,220,130,225,229,121,313,248,362,405,384,413,396,87,77,251,131,120,110,1,15,33,11,11,22,0.5,0.5,3,29,32,8,32,0.094,0.906,1.0,0.25,1630230.0,Naji Marshall,0.300254593175853,0.1341627296587926,3648.9,4.787234042553192,69.86301369863014,67.11409395973152,43.14547190147471,8.298407376362112,25.116279069767444,18.38913039240531,31.221719457013577,31.48148148148148,3.7037037037037033,24.433132227249875,64.95980980085578,49.34275343097627,57.15128161591603,18.051118210862622,19.148936170212767,18.545136292570188,2022-23,0.0
1629651,Nic Claxton,Nic,1610612751,BKN,24.0,76,41,35,0.539,2270.6566666666668,111.3,518,0.213,0.331,65,0.193,189,0.568,750.0,740.0,607.0,2328.0,7.68,7.682720722393882,55,65,420,206,61,219,12,54,40,82,265,2,21,469,531,451,470,40,76,919,700,219,173,0,276,632,18,18,36,0.5,0.5,15,94,88,51,109,0.138,0.862,0.936,0.543,1629651.0,Nic Claxton,0.3332449567723343,0.1421729106628242,4576.3,97.87234042553192,44.97716894977169,67.7852348993289,71.83725402746508,55.993294216261525,71.16279069767441,65.09499210510926,59.72850678733032,41.66666666666667,0.0,38.47473604826546,48.52352807752526,42.59990641561773,45.5617172465715,63.897763578274756,65.24822695035462,64.5054720957107,2022-23,0.0
201587,Nicolas Batum,Nicolas,1610612746,LAC,34.0,78,44,34,0.564,1709.57,110.0,237,0.135,0.204,54,0.195,44,0.265,643.0,529.0,516.0,1854.0,6.6,6.60341639162524,38,40,403,163,159,155,124,217,211,121,256,70,142,412,414,396,392,68,77,372,218,154,120,2,56,132,9,17,26,0.346,0.654,3,30,30,14,33,0.091,0.909,0.938,0.438,201587.0,Nicolas Batum,0.3138662952646239,0.1186100278551532,3477.7,20.74468085106383,72.03196347031964,76.51006711409397,52.636576333560896,15.590947191953058,40.93023255813954,30.794518411664946,35.74660633484163,31.48148148148148,7.4074074074074066,27.16901290430702,58.17826070968578,62.43477830340423,60.306519506545,19.009584664536742,19.858156028368796,19.391441778261168,2022-23,0.0
203999,Nikola Jokić,Nikola,1610612743,DEN,28.0,69,48,21,0.696,2323.0066666666667,111.6,650,0.283,0.404,87,0.227,47,0.236,820.0,607.0,667.0,2534.0,7.75,7.750354599874769,123,16,200,36,47,235,3,8,6,28,151,62,167,505,466,487,508,39,69,586,447,139,218,4,280,643,30,20,50,0.6,0.4,28,98,122,89,126,0.222,0.778,1.0,0.73,203999.0,Nikola Jokić,0.38533608815427,0.1629173553719008,4734.3,22.340425531914892,33.21917808219178,65.77181208053696,37.00583556166732,34.786253143336126,33.95348837209302,34.286594280590265,80.09049773755656,62.03703703703704,14.814814814814811,57.45286576168929,22.57096443946221,25.137552316320058,23.85425837789113,84.98402555910543,68.08510638297872,77.37951192984842,2022-23,0.0
202696,Nikola Vučević,Nikola,1610612741,CHI,32.0,82,40,42,0.488,2746.355,112.8,744,0.274,0.385,60,0.149,57,0.243,887.0,612.0,768.0,2646.0,8.1,8.097974234423555,2,74,493,301,4,303,1,11,12,98,398,45,161,525,472,525,522,28,82,672,489,183,164,1,343,741,21,20,41,0.512,0.488,22,134,142,100,156,0.141,0.859,0.979,0.69,202696.0,Nikola Vučević,0.4053397260273973,0.138731506849315,5549.9,27.659574468085108,26.82648401826484,57.71812080536917,34.88262939496903,38.30678960603521,54.418604651162795,47.97387863311176,55.65610859728507,37.03703703703704,3.7037037037037033,36.15133232780292,12.604859439962516,45.496827149479365,29.05084329472094,100.0,93.61702127659576,97.1276595744681,2022-23,0.0
1626181,Norman Powell,Norman,1610612746,LAC,30.0,60,31,29,0.517,1567.135,113.0,151,0.093,0.142,50,0.214,18,0.111,635.0,473.0,511.0,1676.0,4.67,4.666017535892257,222,191,327,246,176,313,226,409,399,138,189,207,346,406,378,392,368,160,60,204,110,94,88,0,12,27,10,16,26,0.385,0.615,0,15,15,3,15,0.0,1.0,1.0,0.2,1626181.0,Norman Powell,0.2820922619047619,0.1424166666666666,3212.3,6.914893617021277,82.1917808219178,56.37583892617452,45.62704046602337,6.538139145012574,13.023255813953488,10.429209146377122,21.266968325791854,27.77777777777778,0.0,18.22900955253896,74.00854891678203,42.39471636533579,58.20163264105891,5.271565495207668,9.219858156028367,7.0482971925769835,2022-23,0.0
1628384,OG Anunoby,OG,1610612761,TOR,25.0,67,33,34,0.493,2385.651666666666,111.4,237,0.11,0.159,128,0.26,50,0.193,767.0,521.0,724.0,2452.0,8.07,8.071442474799188,145,162,403,292,37,221,124,311,336,1,100,56,198,479,410,514,493,30,67,434,269,165,241,9,23,54,28,30,58,0.483,0.517,6,41,43,15,47,0.128,0.872,0.977,0.341,1628384.0,OG Anunoby,0.295024024024024,0.1393063063063063,4776.7,23.93617021276596,37.89954337899543,67.11409395973152,39.61783175768767,19.86588432523051,46.04651162790698,35.5742607068364,90.49773755656108,100.0,33.33333333333333,79.53242835595778,67.56575586451157,45.012969818283935,56.289362841397754,19.009584664536742,27.659574468085108,22.902080076133508,2022-23,0.0
1630168,Onyeka Okongwu,Onyeka,1610612737,ATL,22.0,80,41,39,0.513,1848.555,112.4,359,0.19,0.281,56,0.194,107,0.522,609.0,558.0,579.0,2010.0,5.68,5.67623377077922,15,65,472,251,135,279,45,87,91,112,257,10,31,392,434,432,416,109,80,649,519,130,100,1,323,711,23,16,39,0.59,0.41,48,93,107,68,141,0.34,0.66,0.93,0.591,1630168.0,Onyeka Okongwu,0.3443675675675675,0.1218351351351351,3830.3,54.25531914893617,63.12785388127854,60.40268456375837,58.89754765896156,40.82145850796312,29.767441860465116,34.18904851946432,26.69683257918552,33.33333333333333,3.7037037037037033,23.2713256242668,42.98208067896098,59.71993266057891,51.351006669769944,38.498402555910545,64.53900709219859,50.21667459724016,2022-23,0.0
200782,P.J. Tucker,P.J.,1610612755,PHI,38.0,75,48,27,0.64,1920.055,113.3,200,0.108,0.157,39,0.14,15,0.093,599.0,488.0,681.0,1932.0,5.37,5.368806065563879,70,16,291,87,124,333,157,326,342,199,419,238,382,385,388,496,401,121,74,320,168,152,89,5,71,177,18,19,37,0.486,0.514,18,63,78,39,81,0.222,0.778,0.963,0.481,200782.0,P.J. Tucker,0.303159509202454,0.1427453987730061,3774.2,5.319148936170213,67.57990867579909,54.362416107382586,39.37123163784341,11.399832355406538,40.0,28.559932942162614,21.71945701357466,17.59259259259259,18.51851851851852,19.4748198424669,63.51253814359754,42.11799474057251,52.815266442085026,13.099041533546329,43.262411347517734,26.67255794983346,2022-23,0.0
1629023,P.J. Washington,P.J.,1610612766,CHA,24.0,73,24,49,0.329,2379.5633333333335,114.8,285,0.118,0.175,66,0.176,79,0.311,780.0,701.0,571.0,2620.0,5.82,5.820070713808655,92,271,523,449,40,391,77,278,284,75,320,21,113,483,520,425,520,103,73,521,296,225,137,0,68,159,23,19,42,0.548,0.452,3,38,34,14,41,0.073,0.927,1.0,0.412,1629023.0,P.J. Washington,0.3324435028248587,0.1388983050847457,4960.9,39.361702127659576,28.31050228310502,44.29530201342286,36.727182153506305,22.129086336965635,73.95348837209302,53.223727558042064,43.43891402714932,42.592592592592595,0.0,32.282973018267136,48.9228241577415,45.35641896352516,47.13962156063333,26.677316293929714,25.53191489361702,26.161885663789004,2022-23,0.0
1631094,Paolo Banchero,Paolo,1610612753,ORL,20.0,72,31,41,0.431,2429.723333333334,115.3,413,0.174,0.253,60,0.152,39,0.189,898.0,697.0,674.0,2484.0,5.54,5.5401871372800855,102,191,487,377,31,406,31,120,122,98,385,80,203,527,517,490,499,115,72,473,242,231,90,6,56,121,15,19,34,0.441,0.559,5,42,40,20,47,0.106,0.894,0.93,0.465,1631094.0,Paolo Banchero,0.3565945205479452,0.1616027397260274,4958.0,18.08510638297873,36.07305936073059,40.93959731543628,30.094512658306265,17.60268231349539,76.74418604651163,53.08758455330513,22.171945701357465,37.03703703703704,22.22222222222222,27.387296799061502,36.89043384955659,26.244175522419877,31.567304685988233,47.12460063897764,28.368794326241137,38.68448779824622,2022-23,0.0
1627783,Pascal Siakam,Pascal,1610612761,TOR,29.0,71,35,36,0.493,2652.036666666667,113.3,425,0.177,0.253,65,0.125,36,0.129,759.0,603.0,862.0,2730.0,7.53,7.533465799716885,109,137,441,290,14,331,29,114,123,82,456,89,319,474,458,535,528,41,71,454,250,204,153,2,60,142,30,26,56,0.536,0.464,11,72,75,43,83,0.133,0.867,0.987,0.566,1627783.0,Pascal Siakam,0.3779831460674158,0.181064606741573,5312.3,16.48936170212766,22.031963470319635,54.362416107382586,27.897535922308585,18.27326068734283,64.18604651162791,45.820932181913875,50.678733031674206,41.66666666666667,7.4074074074074066,36.70667839785487,26.234307745195284,9.861475574312784,18.047891659754036,49.04153354632588,49.645390070921984,49.31326898239413,2022-23,0.0
201976,Patrick Beverley,Patrick,1610612741,CHI,34.0,67,34,33,0.507,1816.5266666666664,113.1,203,0.111,0.158,63,0.238,41,0.247,556.0,462.0,505.0,1830.0,5.26,5.260196169937901,145,149,385,257,142,319,154,306,339,90,133,77,159,364,369,388,388,125,67,228,114,114,129,21,23,53,19,14,33,0.576,0.424,1,9,10,2,10,0.1,0.9,1.0,0.2,201976.0,Patrick Beverley,0.3514061538461538,0.13556,3705.7,19.148936170212767,73.40182648401826,55.70469798657724,47.27638823413581,6.873428331936295,22.32558139534884,16.14472016998382,39.81900452488688,39.81481481481482,77.77777777777779,49.307231439584385,39.47535403527064,48.16655277519618,43.82095340523341,13.578274760383383,4.964539007092199,9.702093671402352,2022-23,0.0
1630172,Patrick Williams,Patrick,1610612741,CHI,21.0,82,40,42,0.488,2322.8416666666667,113.2,249,0.107,0.154,72,0.199,70,0.32,755.0,591.0,667.0,2334.0,6.69,6.6852942432970766,2,74,493,301,48,326,107,331,352,58,241,29,109,472,450,487,471,65,82,450,248,202,153,2,70,159,14,19,33,0.424,0.576,6,57,58,17,63,0.095,0.905,0.983,0.288,1630172.0,Patrick Williams,0.3125130890052356,0.1463062827225131,4747.7,34.57446808510639,44.63470319634703,55.033557046979865,43.21032261450898,18.105616093880972,63.25581395348837,45.19573480964541,50.678733031674206,48.148148148148145,7.4074074074074066,38.975196916373385,58.85244786267167,39.12049746817799,48.98647266542483,20.926517571884983,39.00709219858156,29.06277615389844,2022-23,0.0
202331,Paul George,Paul,1610612746,LAC,33.0,56,32,24,0.571,1938.8916666666669,112.5,297,0.153,0.219,83,0.285,20,0.127,713.0,501.0,510.0,1966.0,5.9,5.897032600844144,253,178,238,149,122,280,69,152,179,32,70,191,321,448,395,390,408,99,56,320,171,149,200,3,24,54,21,33,54,0.389,0.611,1,32,31,10,33,0.03,0.97,1.0,0.323,202331.0,Paul George,0.3178463855421687,0.1502951807228915,3881.0,7.97872340425532,65.6392694063927,59.73154362416109,41.09811955997985,11.65129924559933,38.604651162790695,27.82331039591415,71.94570135746606,58.333333333333336,11.11111111111111,51.97272498743087,56.19532151307166,35.76270455901844,45.979013036045046,28.59424920127795,21.27659574468085,25.30130514580926,2022-23,0.0
1629656,Quentin Grimes,Quentin,1610612752,NYK,23.0,71,41,30,0.577,2120.9066666666668,114.2,180,0.085,0.121,47,0.176,26,0.143,603.0,548.0,548.0,2014.0,5.44,5.442112931069987,109,65,342,145,86,376,183,452,466,152,319,144,292,387,426,412,417,118,68,358,188,170,96,1,12,27,17,21,38,0.447,0.553,1,12,11,6,13,0.077,0.923,1.0,0.545,1629656.0,Quentin Grimes,0.2645988023952096,0.1365778443113772,4209.9,11.170212765957446,62.89954337899544,48.32214765100672,38.56346220178306,13.076278290025147,48.372093023255815,34.25376712996355,24.8868778280543,25.0,3.7037037037037033,19.630677057147647,82.72404633692396,47.3097471083061,65.01689672261503,9.904153354632587,7.092198581560284,8.638773706750051,2022-23,0.0
1629628,RJ Barrett,RJ,1610612752,NYK,23.0,73,40,33,0.548,2475.465,116.5,308,0.121,0.18,31,0.101,15,0.071,778.0,685.0,719.0,2368.0,4.75,4.7498340702708575,92,74,385,190,22,460,63,268,270,246,489,238,430,481,514,511,477,154,72,388,207,181,56,0,14,34,23,24,47,0.489,0.511,1,24,23,9,25,0.04,0.96,0.92,0.36,1629628.0,RJ Barrett,0.3197619047619047,0.1589523809523809,4959.4,5.319148936170213,42.69406392694064,32.88590604026848,25.29205845896443,14.668901927912826,53.48837209302325,37.96058402697908,6.787330316742081,10.185185185185183,0.0,6.279746941511647,55.240981817785794,28.475206723527148,41.85809427065647,30.35143769968051,15.602836879432624,23.71456733056896,2022-23,0.0
203493,Reggie Bullock Jr.,Reggie,1610612742,DAL,32.0,78,37,41,0.474,2364.485,116.5,251,0.112,0.169,54,0.194,13,0.073,684.0,672.0,679.0,2606.0,4.48,4.482776320842514,38,110,487,324,44,461,105,302,298,121,261,262,425,436,506,494,518,171,78,229,129,100,99,0,51,119,14,17,31,0.452,0.548,0,32,30,14,32,0.0,1.0,0.968,0.452,203493.0,Reggie Bullock Jr.,0.3199396551724138,0.1257844827586207,4675.5,4.25531914893617,29.10958904109589,32.88590604026848,20.11196033402515,8.130762782900252,15.813953488372093,12.740677206183356,26.24434389140272,31.48148148148148,0.0,21.516256075079603,55.152423963155904,56.395432649626606,55.773928306391255,21.24600638977636,21.27659574468085,21.25977159948338,2022-23,0.0
202704,Reggie Jackson,Reggie,1610612743,DEN,33.0,68,36,32,0.529,1656.8533333333332,111.7,119,0.071,0.102,47,0.197,6,0.038,609.0,457.0,472.0,1680.0,5.41,5.406992448366017,133,126,377,219,167,243,268,488,502,152,245,365,482,392,366,373,369,120,67,279,121,158,70,3,26,61,15,18,33,0.455,0.545,0,22,20,2,22,0.0,1.0,0.952,0.095,202704.0,Reggie Jackson,0.3248684210526316,0.1582105263157894,3312.2,0.5319148936170213,81.9634703196347,65.1006711409396,45.17514835455385,7.460184409052808,42.7906976744186,28.658492368272285,13.12217194570136,25.0,11.11111111111111,16.77664655605832,52.69684070416329,29.09968853232187,40.89826461824258,0.1597444089456869,14.184397163120568,6.4708381483243835,2022-23,0.0
1626220,Royce O'Neale,Royce,1610612751,BKN,30.0,76,42,34,0.553,2409.235,111.8,329,0.129,0.204,65,0.19,49,0.147,827.0,714.0,638.0,2436.0,7.78,7.782026393541909,55,60,403,179,34,255,56,236,212,82,276,58,282,511,525,465,489,38,76,360,193,167,122,1,61,139,18,20,38,0.474,0.526,0,68,61,22,68,0.0,1.0,0.953,0.344,1626220.0,Royce O'Neale,0.3516675977653631,0.158377094972067,4836.7,23.404255319148938,38.81278538812785,64.42953020134232,39.0535595638399,13.4953897736798,46.97674418604651,33.584202421099825,36.65158371040724,41.66666666666667,3.7037037037037033,30.169892743422157,39.34509885034644,28.959473602563335,34.15228622645489,33.70607028753994,46.808510638297875,39.60216844538101,2022-23,0.0
203497,Rudy Gobert,Rudy,1610612750,MIN,31.0,70,34,36,0.486,2148.483333333333,110.3,583,0.26,0.387,56,0.171,95,0.426,804.0,569.0,651.0,2184.0,7.79,7.788286493840904,116,149,441,307,78,174,6,17,10,112,333,15,59,496,440,472,451,37,70,708,582,126,101,1,345,802,10,12,22,0.455,0.545,36,100,126,84,136,0.265,0.735,0.969,0.646,203497.0,Rudy Gobert,0.3487215909090909,0.1217585227272727,4378.7,47.87234042553192,53.19634703196348,74.49664429530203,56.39181870522549,46.102263202011734,27.906976744186046,35.18509132731632,27.149321266968325,33.33333333333333,3.7037037037037033,23.45232109937992,40.812842560019256,59.78442380571464,50.29863318286695,74.28115015974441,69.50354609929079,72.13122833254027,2022-23,0.0
201566,Russell Westbrook,Russell,1610612746,LAC,34.0,73,36,37,0.493,2125.826666666667,114.3,334,0.147,0.22,76,0.238,33,0.166,811.0,667.0,666.0,2352.0,5.71,5.705603041543479,92,126,450,288,84,381,52,181,174,50,135,102,248,502,504,483,474,108,73,259,129,130,130,5,18,41,27,23,50,0.54,0.46,6,15,20,12,21,0.286,0.714,0.952,0.571,201566.0,Russell Westbrook,0.2899297752808988,0.110002808988764,4485.4,14.893617021276595,43.60730593607306,47.65100671140943,33.13275556398857,8.130762782900252,29.767441860465116,21.11277022943917,40.27149321266968,51.85185185185185,18.51851851851852,38.88637506284565,70.10378510647051,69.68020259713232,69.89199385180142,34.504792332268366,9.219858156028367,23.12657195296037,2022-23,0.0
1630180,Saddiq Bey,Saddiq,1610612737,ATL,24.0,77,24,53,0.312,2128.695,117.0,264,0.127,0.19,70,0.208,13,0.08,791.0,635.0,648.0,2542.0,3.81,3.808864042555185,46,271,531,457,83,473,96,245,240,63,214,262,411,490,490,469,509,210,76,251,145,106,114,0,21,47,26,33,59,0.441,0.559,2,38,34,19,40,0.05,0.95,1.0,0.559,1630180.0,Saddiq Bey,0.3343047091412742,0.144781163434903,4402.7,4.25531914893617,32.76255707762557,29.53020134228191,20.551572972313895,9.471919530595136,18.6046511627907,14.951558509912472,33.03167420814479,46.2962962962963,0.0,29.41637338696162,47.99554394537336,40.404319398213175,44.199931671793266,23.322683706070286,25.53191489361702,24.31683774046632,2022-23,0.0
1630583,Santi Aldama,Santi,1610612763,MEM,22.0,77,47,30,0.61,1681.7483333333332,110.2,286,0.162,0.24,45,0.159,48,0.279,561.0,510.0,478.0,1688.0,6.32,6.3234152712509495,46,22,342,110,163,168,74,137,140,159,369,60,132,369,400,375,372,78,77,502,327,175,70,3,48,113,12,6,18,0.667,0.333,8,49,52,25,57,0.14,0.86,0.963,0.463,1630583.0,Santi Aldama,0.3543860589812332,0.1157587131367292,3497.8,22.872340425531913,81.5068493150685,75.16778523489933,56.46827973921157,24.727577535624476,50.697674418604656,40.309635665412586,13.12217194570136,23.14814814814815,11.11111111111111,16.128498407910172,37.99072170723564,64.83497112417776,51.412846415706696,26.8370607028754,33.33333333333333,29.760383386581463,2022-23,0.0
1630567,Scottie Barnes,Scottie,1610612761,TOR,21.0,77,38,39,0.494,2677.55,111.6,333,0.135,0.201,83,0.159,61,0.215,788.0,633.0,799.0,2704.0,8.88,8.880632437209934,46,95,472,286,12,237,53,214,219,32,370,37,180,488,489,530,524,17,77,532,323,209,146,1,83,192,30,24,54,0.556,0.444,13,62,72,37,75,0.173,0.827,1.0,0.514,1630567.0,Scottie Barnes,0.4306397849462365,0.1927795698924731,5366.2,29.78723404255319,23.515981735159816,65.77181208053696,36.58844024446145,24.392288348700756,66.51162790697674,49.66389208366635,47.511312217194565,58.333333333333336,3.7037037037037033,40.34711747947042,0.0,0.0,0.0,34.34504792332269,42.5531914893617,38.03871252804025,2022-23,0.0
1631101,Shaedon Sharpe,Shaedon,1610612757,POR,20.0,80,32,48,0.4,1778.6033333333332,118.4,173,0.102,0.154,38,0.151,24,0.144,735.0,456.0,594.0,1938.0,2.48,2.48143154498564,15,178,520,407,148,499,191,356,353,203,388,160,291,461,365,446,402,297,80,264,102,162,68,3,8,20,10,10,20,0.5,0.5,0,20,19,6,20,0.0,1.0,0.95,0.3,1631101.0,Shaedon Sharpe,0.3224347826086957,0.1512225063938619,3647.9,10.106382978723405,67.23744292237443,20.134228187919454,32.60921526130027,5.86756077116513,44.65116279069768,29.137721982884656,12.217194570135746,16.666666666666664,11.11111111111111,13.49798893916541,53.90931497593896,34.98209608966919,44.44570553280408,8.78594249201278,12.76595744680851,10.576949221670858,2022-23,0.0
1628983,Shai Gilgeous-Alexander,Shai,1610612760,OKC,24.0,68,33,35,0.485,2415.985,113.3,270,0.109,0.169,112,0.269,65,0.302,741.0,802.0,578.0,2596.0,6.88,6.8786308886909975,133,162,420,309,33,334,90,322,299,6,89,32,118,463,536,431,516,54,68,469,245,224,244,0,25,59,32,39,71,0.451,0.549,1,15,16,4,16,0.063,0.938,1.0,0.25,1628983.0,Shai Gilgeous-Alexander,0.350957507082153,0.1654589235127478,5081.6,31.91489361702128,29.68036529680365,54.362416107382586,36.74468932753544,17.85414920368818,73.48837209302326,51.23468293728923,91.8552036199095,85.18518518518519,0.0,66.55689626277862,39.69887641585345,22.99809939456769,31.34848790521057,24.281150159744406,9.219858156028367,17.50356875807219,2022-23,0.0
1629003,Shake Milton,Shake,1610612755,PHI,26.0,76,52,24,0.684,1567.3533333333332,110.2,152,0.096,0.145,25,0.093,13,0.086,563.0,457.0,492.0,1658.0,6.04,6.042117168752744,55,8,238,45,175,166,224,392,384,284,493,262,402,370,366,385,365,94,71,172,81,91,70,1,12,30,19,14,33,0.576,0.424,1,14,15,8,15,0.067,0.933,1.0,0.533,1629003.0,Shake Milton,0.2950414364640884,0.1322707182320442,3195.3,4.25531914893617,83.21917808219177,75.16778523489933,49.62078629706642,4.107292539815591,11.627906976744184,8.619661201972747,13.12217194570136,4.62962962962963,3.7037037037037033,7.79516507457684,67.55708073216414,50.935419513734445,59.24625012294929,5.431309904153355,8.51063829787234,6.817007681326899,2022-23,0.0
203915,Spencer Dinwiddie,Spencer,1610612751,BKN,30.0,79,41,38,0.519,2725.335,114.2,242,0.092,0.14,67,0.168,24,0.097,797.0,783.0,742.0,2842.0,6.83,6.825373806158346,27,65,459,237,8,375,117,416,412,72,339,160,374,494,533,518,533,58,79,336,176,160,89,4,29,70,15,15,30,0.5,0.5,0,27,27,10,27,0.0,1.0,1.0,0.37,203915.0,Spencer Dinwiddie,0.3591189801699717,0.1868923512747875,5356.0,10.106382978723405,15.639269406392694,48.32214765100672,21.596834396478485,12.070410729253982,43.72093023255814,31.06072243123648,21.71945701357466,43.51851851851852,14.814814814814811,27.62296799061505,35.632711138333576,4.955769971370776,20.294240554852177,19.808306709265175,17.73049645390071,18.873292094351164,2022-23,0.0
201939,Stephen Curry,Stephen,1610612744,GSW,35.0,56,30,26,0.536,1941.1516666666664,112.4,302,0.147,0.216,52,0.17,20,0.122,755.0,553.0,643.0,2032.0,6.08,6.081585492420471,253,207,273,212,120,276,66,185,186,132,335,191,327,472,431,467,424,90,56,264,126,138,99,9,50,125,26,23,49,0.531,0.469,1,6,6,4,7,0.143,0.857,1.0,0.667,201939.0,Stephen Curry,0.3287484662576687,0.1628803680981595,4107.8,7.97872340425532,61.87214611872146,60.40268456375837,39.94741164419423,7.879295892707461,33.48837209302326,23.244741612896934,26.24434389140272,29.629629629629623,33.33333333333333,29.20144126026479,50.76374542612127,25.168687633765117,37.9662165299432,29.39297124600639,2.8368794326241136,17.442729929984367,2022-23,0.0
204456,T.J. McConnell,T.J.,1610612754,IND,31.0,75,31,44,0.413,1526.4133333333334,112.9,189,0.123,0.193,81,0.31,10,0.053,603.0,474.0,464.0,1682.0,4.57,4.566930007191589,70,191,504,397,185,305,169,257,232,41,46,311,462,387,380,367,370,164,74,153,68,85,168,9,3,7,24,36,60,0.4,0.6,1,5,6,4,6,0.167,0.833,1.0,0.667,204456.0,T.J. McConnell,0.27625,0.1011207865168539,3172.7,2.6595744680851063,81.84931506849315,57.04697986577179,43.972835027649595,3.0176026823134956,8.837209302325581,6.509366654320747,57.46606334841629,56.481481481481474,33.33333333333333,51.08827719121837,76.91924925772614,77.15695233411373,77.03810079591993,11.341853035143773,2.127659574468085,7.195465977839713,2022-23,0.0
1631106,Tari Eason,Tari,1610612745,HOU,22.0,82,22,60,0.268,1767.22,113.4,301,0.172,0.251,96,0.309,47,0.263,773.0,431.0,636.0,1776.0,5.03,5.029172947737311,2,290,537,475,150,342,68,125,126,16,48,62,144,480,359,464,381,139,82,358,191,167,162,0,20,47,36,36,72,0.5,0.5,13,31,39,31,44,0.295,0.705,0.951,0.756,1631106.0,Tari Eason,0.3600447368421053,0.1759447368421052,3600.2,22.340425531914892,76.48401826484019,53.691275167785214,49.12839539740633,13.327745180217937,46.97674418604651,33.51714458371508,54.75113122171946,70.37037037037037,0.0,46.53008211831741,35.17148562240552,14.171303211575296,24.67139441699041,29.233226837060705,20.56737588652482,25.33359390931956,2022-23,0.0
1629611,Terance Mann,Terance,1610612746,LAC,26.0,81,44,37,0.543,1872.1766666666667,113.5,199,0.107,0.163,42,0.16,22,0.136,677.0,515.0,587.0,2026.0,5.21,5.206703155358893,11,40,450,201,133,343,159,334,323,181,366,174,313,430,404,438,422,130,81,235,158,77,102,1,36,81,21,9,30,0.7,0.3,4,15,18,5,19,0.211,0.789,0.947,0.263,1629611.0,Terance Mann,0.3117248677248677,0.1064788359788359,3758.7,9.042553191489365,62.21461187214612,53.02013422818794,38.647168988893874,10.561609388097237,5.116279069767442,7.294411197099359,27.601809954751133,20.37037037037037,3.7037037037037033,19.09627953745601,59.24515123456883,72.64662880900421,65.94589002178652,12.939297124600635,9.219858156028367,11.265549588743117,2022-23,0.0
1626179,Terry Rozier,Terry,1610612766,CHA,29.0,63,19,44,0.302,2220.9266666666667,115.6,208,0.095,0.14,74,0.211,16,0.073,719.0,659.0,576.0,2476.0,4.85,4.845364792006074,189,324,504,459,67,420,153,398,413,54,204,228,426,451,502,428,498,147,62,214,92,122,106,2,14,32,26,24,50,0.52,0.48,0,4,3,1,4,0.0,1.0,0.75,0.25,1626179.0,Terry Rozier,0.3680432098765432,0.1537006172839506,4565.0,5.851063829787234,36.5296803652968,38.92617449664436,24.85735728392986,5.029337803855825,26.046511627906977,17.639642098286515,29.411764705882355,50.0,7.4074074074074066,31.116557734204793,31.186529355827545,32.89606050438688,32.04129493010721,14.376996805111824,1.4184397163120568,8.545646115151929,2022-23,0.0
203501,Tim Hardaway Jr.,Tim,1610612742,DAL,31.0,71,37,34,0.521,2152.233333333333,114.5,230,0.108,0.162,49,0.179,12,0.074,646.0,619.0,577.0,2144.0,5.31,5.3103393821544955,109,110,403,231,76,385,133,325,326,144,307,278,422,415,478,430,444,124,71,279,158,121,69,21,34,84,12,12,24,0.5,0.5,0,22,21,5,22,0.0,1.0,1.0,0.238,203501.0,Tim Hardaway Jr.,0.3359971098265896,0.1648554913294797,4280.8,3.723404255319149,55.47945205479452,46.308724832214786,32.48435112935944,10.561609388097237,25.581395348837212,19.57348096454122,12.669683257918551,26.851851851851855,77.77777777777779,33.91046589576001,47.152365167690306,23.506059313809537,35.329212240749925,17.89137380191693,14.184397163120568,16.22323431445857,2022-23,0.0
202699,Tobias Harris,Tobias,1610612755,PHI,30.0,74,47,27,0.635,2435.8783333333336,111.7,357,0.15,0.218,68,0.185,40,0.16,823.0,605.0,812.0,2370.0,7.86,7.857683763939243,79,22,291,91,28,246,46,173,180,70,290,79,260,508,463,531,479,36,74,273,156,117,102,0,17,40,21,24,45,0.467,0.533,13,46,49,29,59,0.22,0.78,0.891,0.527,202699.0,Tobias Harris,0.3152587209302325,0.1099447674418604,4764.3,18.617021276595743,42.57990867579909,65.1006711409396,38.62494433240288,10.393964794635371,23.72093023255814,18.39014405738903,27.601809954751133,44.44444444444444,0.0,26.59627953745601,57.48453387482362,69.72906107749733,63.60679747616048,38.17891373801917,31.20567375886525,35.040955747399906,2022-23,0.0
1628470,Torrey Craig,Torrey,1610612756,PHX,32.0,79,44,35,0.557,1947.8416666666667,115.5,281,0.146,0.222,50,0.178,62,0.295,644.0,578.0,585.0,2018.0,4.29,4.293207726168566,27,40,420,171,118,417,82,189,170,138,312,36,122,413,445,436,419,185,78,423,244,179,106,3,42,100,22,21,43,0.512,0.488,9,24,27,13,33,0.273,0.727,0.9,0.433,1628470.0,Torrey Craig,0.3025084269662921,0.1562022471910112,3936.8,30.319148936170215,62.67123287671232,39.59731543624163,43.96191994037781,17.77032690695725,52.55813953488372,38.64301448371313,29.411764705882355,27.77777777777778,11.11111111111111,24.264705882352946,63.83691683761573,30.790226972801843,47.31357190520879,26.03833865814697,15.602836879432624,21.342362857725515,2022-23,0.0
1629027,Trae Young,Trae,1610612737,ATL,24.0,73,38,35,0.521,2540.74,114.6,161,0.062,0.093,80,0.22,9,0.034,820.0,785.0,884.0,2998.0,6.36,6.36392917259374,92,95,420,233,19,388,210,513,513,42,173,321,486,505,534,537,535,77,72,120,39,81,128,5,5,11,23,22,45,0.511,0.489,0,7,7,1,7,0.0,1.0,1.0,0.143,1629027.0,Trae Young,0.3435739130434783,0.1490869565217391,5354.8,2.127659574468085,6.735159817351597,45.637583892617506,14.617765739014668,0.586756077116513,6.976744186046512,4.4207489424745114,39.366515837104075,55.55555555555556,18.51851851851852,39.820680408915706,43.37749097235702,36.779769085341165,40.07863002884909,6.869009584664537,3.546099290780142,5.37369995241656,2022-23,0.0
1630200,Tre Jones,Tre,1610612759,SAS,23.0,68,20,48,0.294,1983.7383333333332,118.8,189,0.099,0.149,89,0.282,9,0.058,698.0,630.0,587.0,2382.0,2.53,2.5277206033008333,133,310,520,463,108,504,169,369,368,24,75,321,453,441,487,438,482,294,68,266,150,116,177,10,17,38,19,29,48,0.396,0.604,2,8,10,4,10,0.2,0.8,1.0,0.4,1630200.0,Tre Jones,0.3582028169014085,0.1347352112676056,4127.5,2.127659574468085,41.89497716894977,17.44966442953025,19.87672194630222,9.89103101424979,23.25581395348837,17.909900777792938,61.53846153846154,63.888888888888886,37.03703703703704,56.23575498575499,36.08915708027155,48.860847228683255,42.4750021544774,11.341853035143773,4.25531914893617,8.15291278635035,2022-23,0.0
1630530,Trey Murphy III,Trey,1610612740,NOP,23.0,79,39,40,0.494,2448.005,112.8,222,0.092,0.133,89,0.222,43,0.215,948.0,672.0,713.0,2598.0,7.29,7.29363860593366,27,89,481,285,26,302,143,419,433,24,168,72,179,532,506,509,517,48,79,413,241,172,141,0,24,54,13,14,27,0.481,0.519,1,30,30,12,31,0.032,0.968,1.0,0.4,1630530.0,Trey Murphy III,0.3662283464566929,0.1885538057742782,4971.7,20.212765957446805,29.5662100456621,57.71812080536917,32.86281010030275,17.51886001676446,49.30232558139535,36.58893935554299,45.248868778280546,63.888888888888886,0.0,40.46065862242333,32.090720859227915,3.5571831594864745,17.823952009357196,16.61341853035144,19.858156028368796,18.07355040445925,2022-23,0.0
1628972,Troy Brown Jr.,Troy,1610612747,LAL,23.0,76,40,36,0.526,1859.79,112.5,246,0.123,0.182,59,0.246,16,0.089,625.0,525.0,572.0,2080.0,5.68,5.6758264112978845,55,74,441,222,134,282,112,259,263,102,124,228,392,402,412,426,436,109,75,360,192,168,97,1,14,32,17,12,29,0.586,0.414,4,21,25,12,25,0.16,0.84,1.0,0.48,1628972.0,Troy Brown Jr.,0.3508028169014084,0.1320478873239436,3836.8,5.851063829787234,59.1324200913242,59.73154362416109,37.969658469918635,13.411567476948868,47.44186046511628,33.82974326984931,25.339366515837103,36.11111111111111,3.7037037037037033,23.700561421149654,39.77594532669205,51.12299514065961,45.44947023367583,20.44728434504792,13.47517730496454,17.3098361770104,2022-23,0.0
1629639,Tyler Herro,Tyler,1610612748,MIA,23.0,67,37,30,0.552,2335.391666666667,111.3,333,0.154,0.222,51,0.131,16,0.115,719.0,585.0,630.0,2282.0,7.92,7.917850484096204,145,110,342,181,46,214,53,149,167,135,441,228,340,451,448,461,464,35,67,308,151,157,90,0,18,38,13,20,33,0.394,0.606,0,12,11,6,12,0.0,1.0,1.0,0.545,1629639.0,Tyler Herro,0.3478795180722891,0.1303162650602409,4582.1,5.851063829787234,47.6027397260274,67.7852348993289,35.9476931608567,9.97485331098072,42.32558139534884,29.385290161601592,22.171945701357465,28.703703703703702,0.0,18.91507457683928,41.23237556506665,52.580648095899896,46.90651183048327,34.34504792332269,7.092198581560284,22.081265719529608,2022-23,0.0
1630169,Tyrese Haliburton,Tyrese,1610612754,IND,23.0,56,28,28,0.5,1882.8533333333332,117.9,172,0.092,0.141,91,0.307,25,0.11,655.0,610.0,552.0,2076.0,2.83,2.8292654479513093,253,230,312,264,131,490,193,417,403,20,50,154,349,418,469,415,433,269,56,203,78,125,147,1,4,11,18,24,42,0.429,0.571,0,6,5,1,6,0.0,1.0,1.0,0.2,1630169.0,Tyrese Haliburton,0.3468993288590604,0.1342785234899328,3876.9,10.638297872340424,59.3607305936073,23.489932885906033,30.904058078175233,3.8558256496227994,27.44186046511628,18.007446538918888,47.963800904977376,65.74074074074075,3.7037037037037033,43.12070554717613,41.72072016920173,49.245279967104736,45.48300006815323,8.626198083067091,2.8368794326241136,6.021004690367752,2022-23,0.0
1630178,Tyrese Maxey,Tyrese,1610612755,PHI,22.0,60,39,21,0.65,2015.77,112.6,153,0.079,0.115,49,0.161,8,0.044,669.0,457.0,619.0,1978.0,6.07,6.0698798600119535,222,89,200,77,104,292,222,469,474,144,361,333,474,427,366,456,410,92,59,207,87,120,65,1,10,22,11,21,32,0.344,0.656,0,32,28,7,32,0.0,1.0,0.875,0.219,1630178.0,Tyrese Maxey,0.2793625377643504,0.1251148036253776,3951.2,1.5957446808510638,64.95433789954338,59.06040268456382,38.13741680832156,4.610226320201174,25.116279069767444,16.913857969940935,10.85972850678733,26.851851851851855,3.7037037037037033,14.667965476789009,75.3685374136522,56.95915823117878,66.16384782241549,5.5910543130990416,21.27659574468085,12.649547957310856,2022-23,0.0
1626145,Tyus Jones,Tyus,1610612763,MEM,27.0,80,51,29,0.638,1939.4233333333336,111.6,172,0.084,0.128,83,0.234,6,0.027,612.0,616.0,529.0,1910.0,6.43,6.4253990372569385,15,10,327,90,121,236,193,455,446,32,140,365,487,394,476,405,399,74,79,129,32,97,118,3,13,30,7,10,17,0.412,0.588,0,8,7,3,8,0.0,1.0,1.0,0.429,1626145.0,Tyus Jones,0.305855614973262,0.1229438502673796,4006.5,0.5319148936170213,68.83561643835617,65.77181208053696,40.74818473100571,0.0,14.418604651162791,8.651162790697674,34.841628959276015,58.333333333333336,11.11111111111111,37.13109602815485,62.16929881022977,58.786633336059865,60.47796607314481,8.626198083067091,4.25531914893617,6.659302562708177,2022-23,0.0
1631117,Walker Kessler,Walker,1610612762,UTA,21.0,74,34,40,0.459,1703.2066666666667,112.7,389,0.205,0.301,26,0.144,173,0.673,684.0,517.0,663.0,1784.0,5.12,5.122805109401253,79,149,481,349,160,297,38,65,62,279,406,4,4,436,406,478,383,134,74,801,686,115,59,0,203,488,21,9,30,0.7,0.3,40,101,131,80,141,0.284,0.716,0.978,0.597,1631117.0,Walker Kessler,0.3483107344632768,0.1339011299435028,3540.8,89.36170212765957,76.02739726027397,58.38926174496643,76.95158532840132,54.8197820620285,22.79069767441861,35.602331429462566,8.144796380090497,5.555555555555555,0.0,5.202362996480643,41.0175372512886,49.56296404276802,45.29025064702832,43.29073482428115,70.2127659574468,55.4056488342057,2022-23,0.0
1628976,Wendell Carter Jr.,Wendell,1610612753,ORL,24.0,57,26,31,0.456,1689.54,111.4,377,0.221,0.313,30,0.119,33,0.212,655.0,420.0,443.0,1690.0,5.72,5.716581439786975,246,253,357,352,162,223,42,43,55,252,468,102,184,418,351,359,373,107,57,439,304,135,61,0,216,470,17,13,30,0.567,0.433,26,62,78,49,88,0.295,0.705,0.94,0.59,1628976.0,Wendell Carter Jr.,0.371368932038835,0.1583721682847896,3436.9,14.893617021276595,81.39269406392694,67.11409395973152,51.223413220817946,22.799664710813076,32.093023255813954,28.3756798378136,9.049773755656108,9.25925925925926,0.0,6.8606502430031835,29.529605926260327,28.963620812044272,29.2466133691523,41.373801916932905,42.5531914893617,41.904527224525864,2022-23,0.0
203897,Zach LaVine,Zach,1610612741,CHI,28.0,77,38,39,0.494,2767.95,111.7,303,0.108,0.155,69,0.163,18,0.073,884.0,656.0,747.0,2710.0,9.09,9.092125948030686,46,95,472,286,3,244,65,324,349,68,356,207,429,524,500,521,526,15,77,437,188,249,96,0,25,50,25,12,37,0.676,0.324,0,15,14,7,15,0.0,1.0,0.933,0.467,203897.0,Zach LaVine,0.3565346260387811,0.1792188365650969,5618.8,6.914893617021277,23.17351598173516,65.1006711409396,27.151855825650713,13.076278290025147,85.11627906976744,56.30027875787052,24.8868778280543,45.370370370370374,0.0,25.83438076085135,36.92027417015269,11.415216484689925,24.167745327421308,29.55271565495208,9.219858156028367,20.40292978043641,2022-23,0.0
203932,Aaron Gordon,Aaron,1610612743,DEN,28.0,73,49,24,0.671,2296.81,111.1,297,0.129,0.184,56,0.162,45,0.193,733.0,582.0,681.0,2510.0,8.27,8.268102749511968,99,29,282,75,55,218,70,240,267,119,381,79,225,506,475,518,528,32,73,346,237,109,101,2,92,225,23,20,43,0.535,0.465,18,27,44,32,45,0.4,0.6,0.978,0.711,203932.0,Aaron Gordon,0.2826567164179104,0.1372179104477612,4509.4,16.06425702811245,38.11764705882353,65.51724137931035,36.1461896266608,18.954248366013072,22.86995515695067,21.30367244057563,26.521739130434785,26.5625,5.263157894736842,21.221360125858123,78.92678379147206,68.70482837176924,73.81580608162065,26.629680998613036,12.755102040816327,20.38612046760452,2023-24,0.0
1630174,Aaron Nesmith,Aaron,1610612754,IND,24.0,72,41,31,0.569,1994.655,115.0,212,0.103,0.158,65,0.21,49,0.191,621.0,606.0,492.0,2304.0,4.96,4.958131032906335,108,97,406,227,105,403,144,368,353,87,213,61,229,432,489,409,500,144,72,465,299,166,114,8,16,34,24,23,47,0.511,0.489,5,27,32,15,32,0.156,0.844,1.0,0.469,1630174.0,Aaron Nesmith,0.3063590504451038,0.1266379821958456,4125.1,17.670682730923694,50.23529411764706,43.10344827586206,35.42648810251146,24.743230625583568,48.4304932735426,38.95558821435898,32.17391304347826,33.59375,21.052631578947366,29.890535612128147,64.32235485430695,76.69371019332469,70.50803252381581,14.840499306518725,12.755102040816327,13.902070536952646,2023-24,0.0
201143,Al Horford,Al,1610612738,BOS,38.0,65,51,14,0.785,1739.7966666666666,109.5,331,0.178,0.255,38,0.167,62,0.258,481.0,463.0,422.0,1710.0,7.07,7.071758962296191,181,26,162,22,153,148,55,104,124,223,357,38,151,373,397,375,406,67,65,527,327,200,65,0,88,219,7,19,26,0.269,0.731,22,82,99,62,104,0.212,0.788,0.961,0.602,201143.0,Al Horford,0.3504396284829721,0.1513560371517028,3476.0,22.89156626506024,85.1764705882353,74.7126436781609,57.64655213144667,27.35760971055089,63.67713004484305,49.14932191112619,10.869565217391305,12.5,0.0,8.722826086956523,37.16166811667947,58.02915829853252,47.595413207606,31.345353675450767,40.81632653061224,35.60729146027343,2023-24,0.0
1627936,Alex Caruso,Alex,1610612741,CHI,30.0,71,34,37,0.479,2040.3433333333332,110.6,211,0.103,0.154,120,0.342,70,0.33,630.0,573.0,536.0,1854.0,7.8,7.797194353359697,118,165,475,335,97,192,146,370,365,3,25,30,110,441,469,423,428,41,70,355,136,219,265,12,38,82,34,39,73,0.466,0.534,2,27,28,9,29,0.069,0.931,0.966,0.31,1627936.0,Alex Caruso,0.2930886426592798,0.1614736842105263,4042.9,26.104417670682732,76.70588235294117,68.39080459770116,54.386527041227794,9.523809523809524,72.19730941704036,47.127909459748025,97.82608695652172,76.5625,31.57894736842105,73.82204662471395,72.49904864542971,50.389344044545034,61.444196344987375,14.701803051317611,12.755102040816327,13.825787596592036,2023-24,0.0
1630578,Alperen Sengun,Alperen,1610612745,HOU,21.0,63,29,34,0.46,2045.635,113.2,406,0.193,0.281,76,0.241,46,0.277,589.0,582.0,463.0,2006.0,6.08,6.084967387497825,191,213,446,351,94,310,35,82,91,42,140,77,138,419,475,395,456,97,63,582,442,140,150,8,259,605,36,17,53,0.679,0.321,46,118,155,84,164,0.28,0.72,0.957,0.519,1630578.0,Alperen Sengun,0.3522809667673716,0.1201570996978852,4103.9,16.46586345381526,67.76470588235294,53.448275862068925,43.66606140586686,38.095238095238095,36.771300448430495,37.300875507153535,47.82608695652174,42.1875,21.052631578947366,39.15921767734554,36.02710921235633,81.58741109023005,58.80726015129319,41.74757281553398,59.18367346938776,49.59381810976818,2023-24,0.0
1629614,Andrew Nembhard,Andrew,1610612754,IND,24.0,68,41,27,0.603,1696.685,114.0,105,0.06,0.093,63,0.23,6,0.028,546.0,503.0,463.0,1934.0,4.69,4.691861585095723,148,97,344,167,159,348,288,531,534,94,163,370,512,396,427,395,440,159,67,218,153,65,109,4,12,33,21,21,42,0.5,0.5,1,15,16,4,16,0.063,0.938,1.0,0.25,1629614.0,Andrew Nembhard,0.2708768768768769,0.1119849849849849,3492.5,0.4016064257028112,72.0,48.85057471264366,37.57328624844204,11.11111111111111,3.1390134529147984,6.327852516193324,30.0,32.03125,10.526315789473683,25.84251644736842,86.18504912816233,87.75815791563825,86.97160352190029,0.0,6.63265306122449,2.9846938775510203,2023-24,0.0
203952,Andrew Wiggins,Andrew,1610612744,GSW,29.0,71,38,33,0.535,1920.4483333333333,116.3,213,0.105,0.158,42,0.175,41,0.229,741.0,592.0,595.0,2004.0,4.09,4.092766724875818,118,124,437,279,120,461,140,355,352,194,331,98,187,511,480,470,455,186,71,379,188,191,88,0,53,149,27,14,41,0.659,0.341,10,42,51,22,52,0.192,0.808,0.981,0.423,203952.0,Andrew Wiggins,0.3426521739130435,0.1393819875776397,3929.3,14.457831325301203,67.88235294117648,35.63218390804598,38.450002036543744,14.37908496732026,59.64125560538116,41.5363873501568,20.869565217391305,15.625,0.0,13.816576086956522,41.95998573119974,67.07073823129969,54.51536198124971,14.979195561719832,20.40816326530612,17.422231028333663,2023-24,0.0
1629014,Anfernee Simons,Anfernee,1610612757,POR,25.0,46,11,35,0.239,1581.743333333333,120.5,145,0.097,0.148,23,0.095,5,0.042,645.0,450.0,558.0,1802.0,1.46,1.4573065106154208,315,392,461,495,177,540,222,399,392,301,523,387,495,450,393,446,417,362,46,157,77,80,43,1,15,34,16,18,34,0.471,0.529,0,4,4,2,4,0.0,1.0,1.0,0.5,1629014.0,Anfernee Simons,0.3938560311284046,0.1428910505836576,3137.3,0.0,79.76470588235294,11.494252873563214,30.791210277214333,4.014939309056956,9.865470852017935,7.5252582348335455,1.3043478260869563,0.78125,2.631578947368421,1.4530713672768878,10.410219655312613,64.4210520527197,37.41563585401616,5.547850208044383,1.020408163265306,3.5105012878937987,2023-24,0.0
203076,Anthony Davis,Anthony,1610612747,LAL,31.0,76,45,31,0.592,2700.2433333333333,114.0,722,0.252,0.366,91,0.219,178,0.525,911.0,802.0,882.0,2764.0,7.51,7.510920428654773,61,66,406,184,12,350,3,19,20,18,193,4,31,563,563,569,555,51,76,848,590,258,194,1,309,693,47,29,76,0.618,0.382,49,140,186,130,189,0.259,0.741,0.984,0.688,203076.0,Anthony Davis,0.3480394366197183,0.2043492957746479,5543.7,69.47791164658635,23.176470588235293,48.85057471264366,48.11557304267781,51.91409897292251,89.68609865470853,74.57729878199413,66.95652173913044,53.90625,2.631578947368421,46.307690932494275,38.64057021392595,18.01405891435835,28.32731456414215,85.5755894590846,70.40816326530613,78.7502476718843,2023-24,1.0
1630162,Anthony Edwards,Anthony,1610612750,MIN,22.0,79,54,25,0.684,2770.383333333333,108.5,378,0.131,0.191,101,0.224,42,0.115,948.0,715.0,765.0,2666.0,12.02,12.016411569321075,30,18,311,67,8,117,40,230,249,12,175,90,371,569,544,551,544,2,78,238,138,100,160,0,17,40,32,40,72,0.444,0.556,3,14,15,11,17,0.176,0.824,0.882,0.647,1630162.0,Anthony Edwards,0.2970302267002519,0.1339571788413098,5524.8,14.859437751004014,28.941176470588236,80.4597701149425,36.18812939384311,9.710550887021476,18.83408071748879,15.184668785301865,52.17391304347826,61.71875,0.0,42.471127717391305,70.07040242180473,71.16700002695363,70.61870122437918,37.86407766990291,6.122448979591836,23.58034475926293,2023-24,0.0
1641709,Ausar Thompson,Ausar,1610612765,DET,21.0,63,10,53,0.159,1582.805,113.1,273,0.173,0.252,68,0.318,59,0.331,617.0,436.0,484.0,1658.0,4.88,4.875751776783851,191,403,555,535,176,305,87,117,131,74,45,48,109,429,389,404,399,148,63,302,173,129,130,2,28,64,33,20,53,0.623,0.377,7,17,24,17,24,0.292,0.708,1.0,0.708,1641709.0,Ausar Thompson,0.294189701897019,0.1274092140921409,3271.8,21.686746987951807,88.23529411764706,54.022988505747136,53.06279886279397,12.978524743230627,31.838565022421523,24.294548910745164,39.130434782608695,35.9375,5.263157894736842,29.54608838672769,71.82062004111074,76.1113545922457,73.96598731667822,23.300970873786408,7.653061224489796,16.259411531602932,2023-24,0.0
1630559,Austin Reaves,Austin,1610612747,LAL,26.0,82,47,35,0.573,2628.95,115.6,295,0.107,0.157,66,0.175,25,0.082,908.0,772.0,891.0,2788.0,6.06,6.058093213138984,2,45,461,222,17,435,73,342,356,82,330,175,438,560,561,570,559,98,82,428,246,182,106,8,22,47,38,42,80,0.475,0.525,2,48,49,13,50,0.04,0.96,0.98,0.26,1630559.0,Austin Reaves,0.3561455525606469,0.1642830188679245,5393.7,8.032128514056225,21.764705882352946,39.655172413793125,20.7442915678943,19.794584500466858,55.60538116591929,41.28106249973831,28.695652173913043,34.375,21.052631578947366,28.77266876430206,33.64590622514363,48.26802128688923,40.95696375601643,26.352288488210817,23.46938775510204,25.05498315831187,2023-24,0.0
1630245,Ayo Dosunmu,Ayo,1610612741,CHI,24.0,76,37,39,0.487,2212.4683333333332,114.9,162,0.072,0.108,68,0.199,36,0.158,715.0,635.0,611.0,2106.0,5.6,5.59522104813157,61,139,497,329,68,401,203,512,510,74,256,122,291,494,507,480,473,120,76,384,217,167,101,0,10,21,25,36,61,0.41,0.59,1,18,19,6,19,0.053,0.947,1.0,0.316,1630245.0,Ayo Dosunmu,0.3149010695187165,0.1591256684491978,4367.6,12.449799196787149,61.882352941176464,43.67816091954018,37.558283438011664,17.086834733893557,48.87892376681614,36.162088153647105,26.521739130434785,35.9375,0.0,23.18682065217391,59.05910481330425,52.16232586311328,55.61071533820876,7.905686546463246,8.16326530612245,8.021596988309888,2023-24,0.0
1628389,Bam Adebayo,Bam,1610612748,MIA,26.0,71,40,31,0.563,2416.473333333334,109.3,578,0.242,0.349,81,0.2,66,0.373,746.0,677.0,667.0,2268.0,9.93,9.9276592318447,118,110,406,241,39,142,10,23,31,29,243,36,81,516,529,512,494,11,71,476,316,160,157,2,244,573,33,30,63,0.524,0.476,22,198,204,102,220,0.1,0.9,0.976,0.488,1628389.0,Bam Adebayo,0.2988370786516854,0.1267050561797753,4759.3,24.497991967871485,52.352941176470594,75.86206896551724,47.088243440292615,26.330532212885156,45.73991031390135,37.97615907349487,50.8695652173913,46.09375,5.263157894736842,37.79642806064073,68.95709261466025,76.64306276754299,72.80007769110162,65.60332871012483,100.0,81.08183079056866,2023-24,1.0
1631097,Bennedict Mathurin,Bennedict,1610612754,IND,22.0,59,33,26,0.559,1538.39,117.9,174,0.113,0.178,35,0.139,14,0.084,582.0,532.0,457.0,1972.0,2.56,2.562727178994302,225,173,332,252,179,499,193,312,282,239,447,267,436,412,446,391,444,280,59,182,107,75,53,0,17,36,18,15,33,0.545,0.455,3,25,28,9,28,0.107,0.893,1.0,0.321,1631097.0,Bennedict Mathurin,0.3621732026143791,0.1227647058823529,3210.7,3.614457831325301,69.76470588235294,26.436781609195357,32.47262559365249,6.816059757236228,7.623318385650224,7.300414934284626,5.6521739130434785,10.15625,0.0,5.815557065217391,29.931909672448224,79.61841308298003,54.77516137771413,9.57004160887656,11.73469387755102,10.544135129780068,2023-24,0.0
1641731,Bilal Coulibaly,Bilal,1610612764,WAS,19.0,63,11,52,0.175,1715.25,118.4,200,0.116,0.188,57,0.191,48,0.257,625.0,632.0,554.0,2182.0,2.59,2.5889603122960265,191,392,551,529,156,509,161,299,254,115,279,64,153,436,502,443,485,278,63,248,159,89,111,2,30,67,13,26,39,0.333,0.667,2,16,18,11,18,0.111,0.889,1.0,0.611,1641731.0,Bilal Coulibaly,0.3173210227272727,0.1297386363636363,3572.8,17.269076305220885,57.41176470588235,23.56321839080456,32.89255276684831,11.671335200746965,13.901345291479824,13.00934125518668,30.869565217391305,27.34375,5.263157894736842,23.233928060640732,57.56802656653428,74.35241267918434,65.96021962285931,13.176144244105409,7.142857142857142,10.46116504854369,2023-24,0.0
1626171,Bobby Portis Jr.,Bobby,1610612749,MIL,29.0,82,49,33,0.598,2008.1666666666667,116.0,465,0.228,0.34,68,0.231,34,0.179,563.0,577.0,536.0,2178.0,4.38,4.376075256705451,2,29,437,177,104,452,20,39,36,74,161,132,254,405,472,423,484,170,82,399,266,133,135,0,115,265,20,25,45,0.444,0.556,48,52,96,73,100,0.48,0.52,0.96,0.73,1626171.0,Bobby Portis Jr.,0.3714021164021164,0.1146746031746031,4090.3,11.646586345381529,57.647058823529406,37.35632183908045,34.17418558615802,21.66199813258637,33.6322869955157,28.844171450343968,41.30434782608695,35.9375,0.0,29.09986413043478,24.245422619080447,85.72723281384698,54.98632771646371,49.93065187239944,25.510204081632654,38.94145036655439,2023-24,0.0
203992,Bogdan Bogdanović,Bogdan,1610612737,ATL,31.0,79,35,44,0.443,2401.4083333333333,114.4,219,0.092,0.134,96,0.249,26,0.125,785.0,611.0,780.0,2496.0,6.37,6.374076032241108,30,155,528,364,43,373,135,428,445,17,124,173,352,531,491,555,525,88,79,508,227,281,183,0,43,109,19,21,40,0.475,0.525,2,49,48,17,51,0.039,0.961,0.96,0.34,203992.0,Bogdan Bogdanović,0.3755374331550802,0.2282058823529411,4894.9,8.433734939759036,38.94117647058823,46.55172413793099,28.640836775092243,18.020541549953315,100.0,67.20821661998133,62.17391304347826,57.8125,0.0,45.103940217391305,21.697406057418707,0.0,10.848703028709354,15.811373092926493,23.97959183673469,19.487071527640182,2023-24,0.0
203078,Bradley Beal,Bradley,1610612756,PHX,31.0,53,33,20,0.623,1766.7333333333331,113.2,178,0.099,0.146,52,0.184,27,0.141,677.0,509.0,566.0,1850.0,5.35,5.349930079113684,278,173,237,135,147,308,188,389,396,135,305,170,320,474,430,451,427,128,53,228,104,124,104,6,21,45,21,15,36,0.583,0.417,1,9,9,4,10,0.1,0.9,1.0,0.444,203078.0,Bradley Beal,0.3559324758842443,0.2129742765273312,3574.6,8.835341365461847,76.94117647058823,53.448275862068925,43.825617276407854,6.535947712418301,29.596412556053817,20.37222661859961,27.82608695652174,23.4375,15.789473684210526,23.280928203661325,33.77719553931487,11.50135388406649,22.63927471169068,10.124826629680998,3.571428571428571,7.175797503467406,2023-24,0.0
1641764,Brandin Podziemski,Brandin,1610612744,GSW,21.0,74,41,33,0.554,1968.253333333333,111.6,309,0.149,0.215,61,0.216,14,0.074,684.0,587.0,576.0,1972.0,6.78,6.776200901479317,87,97,437,262,109,242,65,171,191,103,201,267,452,480,477,459,444,77,72,237,126,111,117,38,60,155,21,29,50,0.42,0.58,5,44,46,14,49,0.102,0.898,0.939,0.286,1641764.0,Brandin Podziemski,0.3459217877094972,0.1548184357541899,3957.5,3.614457831325301,69.76470588235294,62.64367816091955,41.52434973158354,8.590102707749766,23.766816143497756,17.69613076919856,33.47826086956522,30.46875,100.0,49.055366847826086,39.94538065950092,55.4147083140177,47.680044486759314,28.29403606102635,21.428571428571427,25.204576976421635,2023-24,0.0
1627742,Brandon Ingram,Brandon,1610612740,NOP,26.0,64,38,26,0.594,2102.68,112.6,281,0.133,0.189,50,0.149,40,0.188,689.0,555.0,611.0,2058.0,6.65,6.65305550425539,185,124,332,181,84,289,82,220,253,148,422,102,238,482,459,480,467,79,64,337,166,171,100,1,29,71,20,19,39,0.513,0.487,1,17,18,8,18,0.056,0.944,1.0,0.444,1627742.0,Brandon Ingram,0.3336426426426426,0.1588798798798798,4159.0,14.056224899598394,64.70588235294117,56.89655172413794,42.49368671440325,12.324929971988796,50.672645739910315,35.33355943274171,26.08695652173913,21.875,2.631578947368421,18.74892734553776,47.51129806376482,52.34792030067622,49.92960918222052,24.410540915395284,7.653061224489796,16.869675054487814,2023-24,0.0
1641706,Brandon Miller,Brandon,1610612766,CHA,21.0,74,18,56,0.243,2382.963333333333,119.1,255,0.112,0.166,66,0.193,42,0.189,851.0,704.0,654.0,2710.0,3.17,3.1652605428336114,87,316,563,491,44,521,96,315,325,82,270,90,235,549,538,504,550,236,74,413,221,192,126,11,38,89,23,26,49,0.469,0.531,1,28,29,12,29,0.034,0.966,1.0,0.414,1641706.0,Brandon Miller,0.3632921348314606,0.1545477528089887,4767.8,14.859437751004014,26.35294117647059,19.540229885057496,20.05236198343069,17.46031746031746,60.0896860986547,43.037938643319805,37.391304347826086,34.375,28.947368421052634,34.224613844393595,29.24246845408026,55.619100443041006,42.43078444856063,20.804438280166433,13.26530612244898,17.41182880919358,2023-24,0.0
201572,Brook Lopez,Brook,1610612749,MIL,36.0,79,48,31,0.608,2411.151666666666,111.9,292,0.11,0.157,43,0.147,189,0.659,774.0,685.0,757.0,2594.0,8.21,8.20748412202689,30,36,406,160,41,252,76,325,355,183,428,3,12,523,532,548,538,34,79,1234,1105,129,107,0,243,564,17,23,40,0.425,0.575,33,123,152,76,156,0.212,0.788,0.974,0.487,201572.0,Brook Lopez,0.3704494382022472,0.1786067415730337,4994.2,73.89558232931726,33.1764705882353,60.91954022988501,56.39988269508051,100.0,31.838565022421523,59.10313901345292,29.130434782608695,16.40625,0.0,17.394361413043477,24.832424770599136,37.452208059126576,31.142316414862854,25.93619972260749,61.73469387755102,42.04552209233208,2023-24,0.0
1628971,Bruce Brown,Bruce,1610612761,TOR,27.0,67,26,41,0.388,1865.3666666666663,121.4,231,0.126,0.193,59,0.2,17,0.081,714.0,645.0,556.0,2340.0,1.26,1.2586037455771395,166,241,507,398,131,549,123,254,244,108,243,240,440,491,516,444,510,375,67,268,128,140,115,0,21,43,19,12,31,0.613,0.387,4,20,23,14,24,0.167,0.833,1.0,0.609,1628971.0,Bruce Brown,0.3542776119402985,0.1565283582089552,3896.3,4.819277108433735,48.11764705882353,6.321839080459736,20.349347084076665,8.776844070961717,36.771300448430495,25.573517897442983,32.608695652173914,28.90625,0.0,23.160665760869566,34.79685642344153,54.12354942428983,44.46020292386568,17.475728155339805,9.183673469387756,13.744303546661383,2023-24,0.0
1627741,Buddy Hield,Buddy,1610612755,PHI,31.0,84,46,38,0.548,2159.8883333333333,115.7,208,0.098,0.151,70,0.21,42,0.153,725.0,632.0,645.0,2516.0,5.07,5.071425770913552,1,52,488,266,72,439,150,393,379,66,215,90,300,503,502,499,530,138,83,388,257,131,137,0,42,90,25,28,53,0.472,0.528,1,17,18,7,18,0.056,0.944,1.0,0.389,1627741.0,Buddy Hield,0.3880450704225352,0.1571014084507042,4394.2,14.859437751004014,37.76470588235294,39.08045977011491,28.93153710175386,20.821661998132587,32.73542600896861,27.9699204046342,42.173913043478265,37.5,0.0,29.994565217391308,13.990700910372292,53.690840378430494,33.840770644401395,14.285714285714285,7.653061224489796,11.301020408163266,2023-24,0.0
203468,CJ McCollum,CJ,1610612740,NOP,32.0,66,42,24,0.636,2158.536666666667,112.2,247,0.116,0.164,62,0.173,41,0.192,655.0,550.0,594.0,2116.0,7.06,7.059631679172989,170,88,282,108,73,272,101,296,334,100,339,98,228,456,456,469,475,69,66,316,152,164,97,1,19,39,31,27,58,0.534,0.466,0,29,27,15,29,0.0,1.0,0.931,0.517,203468.0,CJ McCollum,0.3530594900849858,0.1476260623229461,4282.0,14.457831325301203,61.29411764705882,59.19540229885054,42.0349242813037,11.017740429505135,47.53363228699551,32.927275543999365,24.782608695652176,31.25,2.631578947368421,21.508438215102977,35.54741432429265,60.84565453506588,48.19653442967927,19.694868238557557,13.77551020408163,17.031157123043393,2023-24,0.0
1630595,Cade Cunningham,Cade,1610612765,DET,22.0,62,9,53,0.145,2074.225,117.8,235,0.115,0.163,56,0.203,22,0.106,865.0,557.0,589.0,2302.0,3.52,3.517130623627761,200,412,555,541,90,495,115,303,337,119,237,193,389,551,462,464,499,215,62,339,184,155,102,1,12,25,22,15,37,0.595,0.405,1,30,30,9,31,0.032,0.968,0.968,0.29,1630595.0,Cade Cunningham,0.3513813813813814,0.154045045045045,4250.8,6.827309236947792,50.35294117647059,27.011494252873568,27.107326669762216,14.00560224089636,43.49775784753363,31.70089560487872,26.956521739130434,26.5625,2.631578947368421,20.73737843249428,36.581397698356625,55.9986940301901,46.29004586427337,18.030513176144243,14.285714285714285,16.345353675450763,2023-24,0.0
1628997,Caleb Martin,Caleb,1610612748,MIA,28.0,64,36,28,0.563,1756.5533333333333,111.1,207,0.119,0.174,47,0.186,29,0.25,540.0,483.0,447.0,1588.0,6.27,6.267510293263833,185,146,361,243,151,217,153,284,296,162,297,155,162,393,415,385,386,91,64,223,117,106,86,9,28,68,13,14,27,0.481,0.519,1,31,31,9,32,0.031,0.969,1.0,0.29,1628997.0,Caleb Martin,0.309503086419753,0.1304351851851851,3425.4,9.63855421686747,92.3529411764706,65.51724137931035,52.55826144333928,7.749766573295985,21.524663677130047,16.014704835596422,20.0,19.53125,23.684210526315788,20.756990131578945,62.385125806949226,73.82645011253936,68.10578795974429,14.147018030513175,14.79591836734694,14.43902318208837,2023-24,0.0
1630560,Cam Thomas,Cam,1610612751,BKN,22.0,66,23,43,0.348,2074.85,116.7,186,0.089,0.135,45,0.16,16,0.072,674.0,597.0,742.0,2176.0,4.22,4.21839907177792,170,270,525,425,88,470,176,439,440,173,392,248,457,468,484,544,483,176,65,263,122,141,63,0,16,37,16,16,32,0.5,0.5,0,22,21,3,22,0.0,1.0,0.955,0.136,1630560.0,Cam Thomas,0.3372301369863014,0.1627698630136986,4090.6,4.417670682730924,57.76470588235294,33.3333333333333,30.318048665249226,8.216619981325863,37.21973094170403,25.618486557552764,10.0,17.96875,0.0,10.2890625,45.300827730153976,49.41060212573534,47.35571492794466,11.234396671289876,10.20408163265306,10.77075490390331,2023-24,0.0
1629661,Cameron Johnson,Cameron,1610612751,BKN,28.0,58,21,37,0.362,1599.0383333333334,114.9,196,0.124,0.184,49,0.224,15,0.085,456.0,478.0,505.0,1588.0,4.02,4.017234248365293,232,289,475,416,173,400,165,262,268,154,176,258,434,363,409,414,386,192,57,217,108,109,92,2,19,43,13,18,31,0.419,0.581,5,37,40,11,42,0.119,0.881,0.952,0.262,1629661.0,Cameron Johnson,0.3151914893617021,0.1401094224924012,3105.6,4.016064257028113,92.3529411764706,43.67816091954018,44.84949534446099,6.909430438842204,22.86995515695067,16.485745269707284,22.60869565217391,21.09375,5.263157894736842,17.742080234553775,58.88015973751721,66.52145363989895,62.70080668870808,12.62135922330097,17.857142857142858,14.97746185852982,2023-24,0.0
1627747,Caris LeVert,Caris,1610612739,CLE,29.0,68,38,30,0.559,1958.0833333333333,111.2,241,0.121,0.182,76,0.256,34,0.166,662.0,556.0,571.0,1890.0,7.11,7.113917870603481,148,124,395,253,111,225,111,276,271,42,109,132,279,460,460,456,435,63,68,262,137,125,146,0,16,40,17,21,38,0.447,0.553,0,24,22,10,24,0.0,1.0,0.917,0.417,1627747.0,Caris LeVert,0.2833238636363636,0.1556335227272727,3939.0,11.646586345381529,74.58823529411764,64.94252873563214,47.000149075001815,9.6171802054155,30.04484304932735,21.87377791176261,46.08695652173913,42.1875,0.0,33.20040760869565,78.51571439504265,54.799237835655155,66.6574761153489,18.8626907073509,11.224489795918368,15.425500297206264,2023-24,0.0
1641717,Cason Wallace,Cason,1610612760,OKC,20.0,82,57,25,0.695,1691.9216666666666,110.0,135,0.077,0.121,76,0.224,37,0.163,558.0,546.0,400.0,1740.0,6.65,6.650455514399713,2,4,311,60,160,169,245,497,482,42,177,117,281,401,454,368,410,79,82,304,137,167,161,0,43,99,14,26,40,0.35,0.65,1,16,16,5,17,0.059,0.941,0.941,0.294,1641717.0,Cason Wallace,0.2809263959390863,0.1220076142131979,3486.5,12.851405622489958,83.41176470588235,71.83908045977009,52.29445001099733,9.6171802054155,48.87892376681614,33.174226342255885,52.60869565217391,42.1875,0.0,35.80910326086956,79.99293797031861,80.19009142795068,80.09151469913465,4.160887656033287,7.142857142857142,5.502773925104022,2023-24,0.0
1631096,Chet Holmgren,Chet,1610612760,OKC,22.0,82,57,25,0.695,2412.7966666666666,109.2,519,0.198,0.307,53,0.133,190,0.509,674.0,817.0,608.0,2320.0,10.16,10.164850508551591,2,4,311,60,40,137,15,77,62,129,463,2,36,468,566,477,504,7,82,951,778,173,96,4,176,368,23,20,43,0.535,0.465,15,151,158,81,166,0.09,0.91,0.975,0.5,1631096.0,Chet Holmgren,0.3309265091863517,0.1454435695538057,5003.4,74.29718875502009,49.29411764705882,76.43678160919536,66.08101208077746,69.46778711484593,51.569506726457405,58.72881888181281,24.347826086956523,24.21875,10.526315789473683,20.84727188215103,49.18487071702115,62.49365028644588,55.83926050173351,57.42024965325936,76.0204081632653,65.79032098276204,2023-24,0.0
101108,Chris Paul,Chris,1610612744,GSW,39.0,58,33,25,0.569,1530.89,111.0,207,0.126,0.193,70,0.293,6,0.046,509.0,475.0,403.0,1508.0,5.5,5.501598025095671,232,173,311,229,181,213,153,249,245,66,68,370,489,385,407,370,379,121,58,117,34,83,115,2,37,97,13,28,41,0.317,0.683,0,20,20,9,20,0.0,1.0,1.0,0.45,101108.0,Chris Paul,0.3506303630363036,0.1432640264026402,3054.4,0.4016064257028112,97.05882352941175,66.09195402298849,50.654219311322365,0.0,11.210762331838566,6.72645739910314,32.608695652173914,37.5,5.263157894736842,27.484267734553775,37.04414512393136,64.13941878742689,50.59178195567912,14.147018030513175,9.183673469387756,11.913512978006738,2023-24,0.0
1631128,Christian Braun,Christian,1610612743,DEN,23.0,82,57,25,0.695,1655.565,109.3,227,0.126,0.195,42,0.171,35,0.158,559.0,515.0,394.0,1642.0,6.92,6.921282045154422,2,4,311,60,167,141,131,256,238,194,343,128,292,403,434,365,393,74,82,277,176,101,65,3,20,47,19,21,40,0.475,0.525,8,26,34,18,34,0.235,0.765,1.0,0.529,1631128.0,Christian Braun,0.2650307692307692,0.1099974358974359,3284.6,12.048192771084338,89.17647058823529,75.86206896551724,54.99655905569539,13.258636788048554,19.282511210762333,16.87296144167682,10.869565217391305,15.625,7.894736842105263,11.790260297482838,89.78718652014418,89.25895209844332,89.52306930929375,16.920943134535367,12.244897959183673,14.816722805627103,2023-24,0.0
203991,Clint Capela,Clint,1610612737,ATL,30.0,73,33,40,0.452,1883.0866666666664,115.6,441,0.232,0.335,43,0.15,106,0.564,623.0,522.0,688.0,2078.0,4.41,4.406737329963749,99,173,501,356,128,433,26,35,40,183,421,11,22,434,440,524,469,167,73,626,511,115,86,14,229,523,33,18,51,0.647,0.353,54,122,173,123,176,0.307,0.693,0.989,0.703,203991.0,Clint Capela,0.3146536144578313,0.1412921686746988,3874.8,40.562248995983936,63.52941176470588,39.655172413793125,48.373986819488906,44.537815126050425,25.56053811659193,33.15144892037533,20.0,16.40625,36.84210526315789,22.952713815789473,59.211576711122134,65.62836445722321,62.419970584172674,46.601941747572816,61.224489795918366,53.18208836932831,2023-24,0.0
1629632,Coby White,Coby,1610612741,CHI,24.0,79,37,42,0.468,2881.3566666666666,115.8,314,0.11,0.162,53,0.125,18,0.068,910.0,825.0,776.0,2728.0,6.54,6.539104101284248,30,139,515,346,3,441,62,330,338,129,475,228,463,562,569,553,554,82,79,489,214,275,88,10,29,60,29,43,72,0.403,0.597,0,19,19,9,19,0.0,1.0,1.0,0.474,1629632.0,Coby White,0.4107513513513514,0.1932324324324324,5665.7,5.220883534136546,25.294117647058822,38.50574712643679,20.567731371734403,16.80672268907563,97.30941704035877,65.1083392998455,20.869565217391305,24.21875,26.31578947368421,23.403335955377575,0.0,26.408379306017103,13.204189653008552,28.9875173370319,8.673469387755102,19.84619575985734,2023-24,0.0
1630175,Cole Anthony,Cole,1610612753,ORL,24.0,81,47,34,0.58,1817.3116666666667,110.0,247,0.14,0.214,64,0.214,37,0.18,620.0,469.0,508.0,1764.0,7.09,7.088806177573689,18,45,446,207,139,168,101,195,193,90,206,117,251,431,401,416,411,64,78,207,109,98,125,1,12,28,25,26,51,0.49,0.51,2,9,11,4,11,0.182,0.818,1.0,0.364,1630175.0,Cole Anthony,0.3084892473118279,0.1335967741935484,3556.5,12.851405622489958,82.0,71.83908045977009,51.8003323639385,7.002801120448179,17.937219730941703,13.563452286744294,36.95652173913043,32.8125,2.631578947368421,26.92487843249428,63.009812860486825,71.4391408269996,67.22447684374322,19.694868238557557,3.571428571428571,12.439320388349516,2023-24,0.0
1629012,Collin Sexton,Collin,1610612762,UTA,25.0,78,29,49,0.372,2074.7633333333333,120.4,134,0.064,0.096,62,0.207,18,0.08,833.0,580.0,795.0,2222.0,1.95,1.9548675273818683,43,213,543,411,89,539,246,526,530,100,224,228,444,546,474,558,490,317,78,169,75,94,130,1,44,110,36,25,61,0.59,0.41,1,6,7,1,7,0.143,0.857,1.0,0.143,1629012.0,Collin Sexton,0.3104696569920844,0.1681635883905013,4287.4,5.220883534136546,55.05882352941176,12.068965517241342,24.37618302825907,3.828197945845005,16.143497757847534,11.21737783304652,39.130434782608695,31.25,2.631578947368421,27.247568649885583,61.78956373191586,45.337811310221085,53.56368752106847,4.0221914008321775,2.0408163265306123,3.1305726173964734,2023-24,0.0
1630557,Corey Kispert,Corey,1610612764,WAS,25.0,80,15,65,0.188,2067.435,119.4,195,0.091,0.141,42,0.134,16,0.085,801.0,696.0,643.0,2482.0,2.53,2.5337991368326573,23,347,572,517,91,529,168,434,418,194,459,248,432,536,536,498,523,283,80,359,216,143,67,2,27,62,14,14,28,0.5,0.5,0,37,34,5,37,0.0,1.0,0.919,0.135,1630557.0,Corey Kispert,0.3540901856763925,0.1594323607427056,4323.2,4.417670682730924,39.76470588235294,17.81609195402295,20.13873832042164,16.99346405228758,38.11659192825112,29.667340777865704,11.73913043478261,15.625,5.263157894736842,11.480191647597254,34.912340980744325,51.930743150066846,43.42154206540559,12.48266296809986,17.857142857142858,14.901178918169212,2023-24,0.0
1626156,D'Angelo Russell,D'Angelo,1610612747,LAL,28.0,76,46,30,0.605,2484.1283333333336,113.9,208,0.079,0.116,69,0.181,36,0.12,783.0,792.0,809.0,2718.0,7.0,7.000926453568801,61,52,395,161,33,344,150,490,494,70,317,122,365,530,562,560,552,71,74,215,93,122,166,2,34,80,16,25,41,0.39,0.61,0,34,34,11,34,0.0,1.0,1.0,0.324,1626156.0,D'Angelo Russell,0.3840686813186812,0.1734505494505494,5120.9,12.449799196787149,25.882352941176475,49.42528735632179,26.395065047207073,5.508870214752568,28.699551569506728,19.423279027605066,54.78260869565217,36.71875,5.263157894736842,36.08039545194509,16.440792619784805,41.34563800826671,28.89321531402576,14.285714285714285,16.3265306122449,15.20408163265306,2023-24,0.0
203081,Damian Lillard,Damian,1610612749,MIL,33.0,73,48,25,0.658,2578.4283333333333,112.4,284,0.102,0.147,72,0.207,18,0.064,811.0,719.0,789.0,2786.0,8.39,8.393187232285443,99,36,311,91,25,282,78,377,393,58,225,228,470,539,546,557,558,27,71,196,68,128,180,5,10,24,24,28,52,0.462,0.538,0,11,11,6,11,0.0,1.0,1.0,0.545,203081.0,Damian Lillard,0.3288487394957983,0.1377731092436974,5358.5,5.220883534136546,21.88235294117647,58.0459770114942,24.258671195939932,3.1746031746031744,31.390134529147986,20.10392198733006,60.86956521739131,39.0625,13.157894736842104,41.30917477116706,50.46510918461965,68.28559891552017,59.37535405006991,24.826629680998614,4.591836734693878,15.720972855161484,2023-24,0.0
1629655,Daniel Gafford,Daniel,1610612742,DAL,25.0,74,30,44,0.405,1814.355,116.0,367,0.186,0.293,65,0.228,153,0.577,577.0,641.0,580.0,2010.0,4.07,4.070588352219041,87,201,528,383,141,451,42,93,76,87,167,7,19,408,512,460,457,188,74,653,533,120,115,5,277,613,21,24,45,0.467,0.533,48,119,159,84,167,0.287,0.713,0.964,0.509,1629655.0,Daniel Gafford,0.345501547987616,0.15328173374613,3816.8,59.43775100401606,67.52941176470588,37.35632183908045,56.74947497902359,46.59197012138189,27.802690582959645,35.318402398328544,32.608695652173914,33.59375,13.157894736842104,28.090764445080097,40.204315545312,56.575068804658535,48.38969217498527,36.33841886269071,59.693877551020414,46.84837527243908,2023-24,0.0
1629636,Darius Garland,Darius,1610612739,CLE,24.0,57,31,26,0.544,1900.4383333333333,111.4,122,0.064,0.096,74,0.243,7,0.04,691.0,538.0,541.0,1804.0,6.65,6.646641267499311,241,193,332,274,123,231,260,527,531,50,134,343,498,484,450,429,418,79,57,152,71,81,114,3,14,36,21,24,45,0.467,0.533,0,15,14,0,15,0.0,1.0,0.933,0.0,1629636.0,Darius Garland,0.3089006211180124,0.1697267080745341,3755.4,0.8032128514056224,79.64705882352942,63.793103448275815,44.1460315908665,3.454715219421102,10.31390134529148,7.570226894943329,32.17391304347826,40.625,7.894736842105263,29.06199942791762,62.756340796843645,44.15750288738992,53.456921842116785,2.3578363384188625,6.63265306122449,4.281503863681395,2023-24,0.0
1628368,De'Aaron Fox,De'Aaron,1610612758,SAC,26.0,74,42,32,0.568,2658.7633333333333,112.3,273,0.104,0.148,150,0.35,31,0.132,862.0,576.0,664.0,2678.0,8.78,8.775846429570326,87,88,425,232,14,278,87,364,391,1,20,145,342,550,471,507,546,20,74,306,109,197,270,3,28,71,32,38,70,0.457,0.543,0,15,15,8,15,0.0,1.0,1.0,0.533,1628368.0,De'Aaron Fox,0.3839810298102981,0.200029810298103,5447.4,10.441767068273093,28.235294117647054,58.620689655172406,28.714232182278806,7.002801120448179,62.33183856502242,40.20022358719272,100.0,100.0,7.894736842105263,76.97368421052632,16.49479996876356,21.275693415121104,18.88524669194233,23.300970873786408,6.63265306122449,15.800227858133546,2023-24,0.0
1629631,De'Andre Hunter,De'Andre,1610612737,ATL,26.0,57,26,31,0.456,1681.0933333333332,117.9,191,0.116,0.175,40,0.149,16,0.1,583.0,486.0,564.0,1856.0,2.77,2.7703914667890044,241,241,406,353,165,498,171,293,294,210,423,248,400,413,418,450,429,263,57,268,117,151,77,3,36,87,15,8,23,0.652,0.348,2,26,26,6,28,0.071,0.929,0.929,0.214,1629631.0,De'Andre Hunter,0.3351890243902439,0.1243170731707317,3449.3,4.417670682730924,76.58823529411765,26.436781609195357,35.18214602833238,7.749766573295985,41.70403587443946,28.12232815398207,16.08695652173913,14.0625,7.894736842105263,13.330341819221967,46.55847956425916,78.4462237717471,62.50235166800313,11.927877947295425,12.244897959183673,12.070536952645137,2023-24,0.0
201942,DeMar DeRozan,DeMar,1610612741,CHI,34.0,79,37,42,0.468,2988.568333333333,114.6,297,0.101,0.15,90,0.195,45,0.154,930.0,829.0,784.0,2804.0,7.84,7.839976612906228,30,139,515,346,1,384,70,383,386,19,267,79,297,566,572,556,562,40,78,320,129,191,137,5,15,33,26,23,49,0.531,0.469,0,50,49,11,50,0.0,1.0,1.0,0.224,201942.0,DeMar DeRozan,0.3565596816976127,0.1608063660477453,5894.8,16.06425702811245,20.823529411764703,45.40229885057473,25.064512818006307,8.870214752567694,59.64125560538116,39.332839264255774,42.173913043478265,53.125,13.157894736842104,38.75278890160184,33.390736437025346,50.89323460154095,42.141985519283146,26.629680998613036,24.489795918367346,25.666732712502476,2023-24,0.0
1629028,Deandre Ayton,Deandre,1610612757,POR,25.0,55,14,41,0.255,1783.4983333333332,115.3,433,0.25,0.374,56,0.2,42,0.275,714.0,496.0,607.0,1994.0,4.27,4.267539672645798,258,361,507,472,143,422,28,20,17,119,243,90,142,491,423,475,451,175,55,476,344,132,87,0,210,473,24,21,45,0.533,0.467,26,46,70,51,72,0.361,0.639,0.972,0.708,1629028.0,Deandre Ayton,0.3437903225806452,0.1602741935483871,3547.2,14.859437751004014,68.47058823529412,41.379310344827594,40.25330856896144,28.94491129785248,33.18385650224215,31.48827842048628,20.434782608695652,26.5625,0.0,17.47078804347826,41.25870410564978,51.29507694912826,46.276890527389014,45.49237170596394,22.448979591836736,35.1228452546067,2023-24,0.0
1627749,Dejounte Murray,Dejounte,1610612737,ATL,27.0,78,34,44,0.436,2783.3433333333332,119.5,354,0.13,0.191,111,0.262,24,0.094,981.0,809.0,977.0,3158.0,3.3,3.303399620994278,43,165,528,368,7,531,46,236,250,6,103,183,414,570,565,572,572,227,78,280,135,145,235,0,12,30,26,33,59,0.441,0.559,0,19,19,9,19,0.0,1.0,1.0,0.474,1627749.0,Dejounte Murray,0.3570750670241286,0.1533914209115281,5734.5,7.630522088353414,0.0,17.241379310344822,7.362553662927572,9.430438842203548,39.01345291479821,27.180247285760345,84.78260869565217,69.53125,0.0,58.24898097826087,33.073176640267626,56.4922442541661,44.782710447216864,34.535367545076284,8.673469387755102,22.89751337428175,2023-24,0.0
1630166,Deni Avdija,Deni,1610612764,WAS,23.0,75,14,61,0.187,2256.6433333333334,116.2,456,0.192,0.293,59,0.169,36,0.163,831.0,768.0,712.0,2792.0,4.92,4.915426201943857,76,361,569,519,59,457,23,83,78,108,353,122,282,544,560,535,560,147,75,469,304,165,96,0,20,48,25,21,46,0.543,0.457,7,34,41,23,41,0.171,0.829,1.0,0.561,1630166.0,Deni Avdija,0.3692794520547945,0.1676767123287671,4774.1,12.449799196787149,21.529411764705884,36.206896551724114,21.566937934292945,25.210084033613445,47.98206278026906,38.87327128160682,24.347826086956523,28.90625,0.0,19.85631793478261,25.55332337612619,45.705450411954565,35.62938689404038,48.68238557558946,16.3265306122449,34.12225084208441,2023-24,0.0
203471,Dennis Schröder,Dennis,1610612751,BKN,30.0,80,30,50,0.375,2485.945,115.4,203,0.082,0.121,63,0.183,17,0.071,778.0,722.0,740.0,2644.0,5.92,5.923448082468043,23,201,544,407,32,426,157,477,483,94,307,240,459,526,547,543,542,104,79,267,137,130,107,3,25,56,28,39,67,0.418,0.582,1,21,19,0,22,0.045,0.955,0.95,0.0,203471.0,Dennis Schröder,0.337403743315508,0.1211256684491978,4929.9,4.819277108433735,30.23529411764706,40.80459770114938,22.71121320983731,9.6171802054155,32.28699551569507,23.21906939158324,29.130434782608695,32.03125,7.894736842105263,24.83679562356979,45.19385846311758,80.85604684029882,63.0249526517082,13.592233009708735,9.693877551020408,11.83797305329899,2023-24,0.0
1627884,Derrick Jones Jr.,Derrick,1610612742,DAL,27.0,76,47,29,0.618,1782.8566666666666,112.3,168,0.089,0.135,53,0.202,51,0.244,578.0,515.0,600.0,1894.0,5.87,5.869689983892832,61,45,381,141,144,274,196,442,439,129,239,58,176,409,434,473,437,108,76,270,157,113,122,1,50,118,30,15,45,0.667,0.333,3,30,31,12,33,0.091,0.909,0.969,0.375,1627884.0,Derrick Jones Jr.,0.2904224137931034,0.1126206896551724,3674.9,18.473895582329316,74.3529411764706,58.620689655172406,48.068260058489535,11.484593837535014,24.66367713004484,19.39204381304091,35.65217391304348,24.21875,2.631578947368421,23.395326802059497,74.14187208896135,87.27813864115794,80.71000536505964,8.737864077669903,14.285714285714285,11.234396671289876,2023-24,0.0
1628401,Derrick White,Derrick,1610612738,BOS,29.0,73,58,15,0.795,2380.985,109.9,259,0.1,0.146,74,0.224,87,0.255,624.0,686.0,625.0,2374.0,9.49,9.49401446367376,99,3,168,20,45,163,94,388,401,50,174,16,154,435,533,492,512,15,73,480,300,180,153,7,41,100,14,24,38,0.368,0.632,2,21,21,5,23,0.087,0.913,0.955,0.227,1628401.0,Derrick White,0.3254329608938547,0.1418547486033519,4808.0,32.93172690763052,46.11764705882353,72.41379310344823,47.4173155095025,24.836601307189543,54.7085201793722,42.759752630499136,49.130434782608695,40.625,18.421052631578945,38.47618707093821,52.569775155487385,65.20356152300903,58.8866683392482,21.35922330097087,9.693877551020408,16.109817713493165,2023-24,0.0
1626164,Devin Booker,Devin,1610612756,PHX,27.0,68,43,25,0.632,2446.6566666666668,113.5,252,0.098,0.146,61,0.165,28,0.098,883.0,712.0,697.0,2474.0,7.14,7.144852037269934,148,79,311,118,35,323,97,397,398,103,374,160,407,555,541,525,521,62,68,288,164,124,104,1,17,37,35,34,69,0.507,0.493,2,31,31,9,33,0.061,0.939,0.939,0.273,1626164.0,Devin Booker,0.3554404761904762,0.1784136904761905,4957.6,9.236947791164658,40.23529411764706,51.72413793103446,30.70816654040095,12.138188608776844,29.596412556053817,22.613122977143025,27.82608695652174,30.46875,2.631578947368421,22.4523920194508,34.080346045779784,37.59798054089392,35.83916329333685,20.388349514563107,14.79591836734694,17.87175549831583,2023-24,0.0
1630170,Devin Vassell,Devin,1610612759,SAS,23.0,68,17,51,0.25,2247.7433333333333,114.6,234,0.102,0.15,73,0.203,23,0.078,919.0,661.0,684.0,2684.0,5.88,5.880814922534297,148,331,548,474,60,382,118,378,385,56,236,188,446,565,522,519,548,106,68,194,107,87,142,0,14,37,14,25,39,0.359,0.641,1,18,18,11,19,0.053,0.947,0.947,0.579,1630170.0,Devin Vassell,0.3649044776119403,0.1569223880597015,4686.0,7.228915662650602,27.88235294117647,45.40229885057473,24.00096450711569,6.816059757236228,13.004484304932737,10.529114485854132,44.34782608695652,39.84375,0.0,31.68444293478261,28.249007407887504,53.82601830339521,41.03751285564135,17.891816920943135,8.16326530612245,13.513968694273826,2023-24,0.0
1628415,Dillon Brooks,Dillon,1610612745,HOU,28.0,72,36,36,0.5,2226.7383333333332,113.6,193,0.084,0.127,64,0.187,10,0.05,720.0,657.0,502.0,2238.0,6.4,6.402931185431638,108,146,469,300,63,332,170,463,466,90,293,308,485,497,520,412,491,87,72,339,148,191,103,0,33,82,12,17,29,0.414,0.586,5,35,35,15,40,0.125,0.875,0.946,0.405,1628415.0,Dillon Brooks,0.3523457142857142,0.1986885714285714,4527.9,2.0080321285140563,54.11764705882353,51.149425287356344,32.53174564383294,10.644257703081232,59.64125560538116,40.04245644446119,27.39130434782609,32.8125,0.0,22.440896739130437,35.98721438472426,22.288460096334127,29.13783724052919,12.205270457697642,16.83673469387755,14.289429363978602,2023-24,0.0
1627734,Domantas Sabonis,Domantas,1610612758,SAC,28.0,82,46,36,0.561,2928.0216666666665,115.2,826,0.295,0.413,74,0.155,48,0.216,984.0,623.0,718.0,3004.0,7.08,7.079628121011225,2,52,469,248,2,417,1,7,7,50,407,64,203,571,497,536,570,65,82,643,497,146,159,2,488,1157,43,29,72,0.597,0.403,85,134,215,160,219,0.388,0.612,0.982,0.731,1627734.0,Domantas Sabonis,0.3620972972972973,0.1564054054054054,5936.6,17.269076305220885,9.058823529411764,41.95402298850572,20.5667245045089,43.23062558356676,39.46188340807175,40.96938027826975,51.73913043478261,40.625,5.263157894736842,36.23019164759726,29.978679488787925,54.216390830564066,42.097535159676,100.0,67.3469387755102,85.3061224489796,2023-24,0.0
1628378,Donovan Mitchell,Donovan,1610612739,CLE,27.0,55,36,19,0.655,1942.65,108.6,234,0.116,0.17,101,0.304,30,0.147,649.0,532.0,563.0,1880.0,8.47,8.46790509076532,258,146,226,95,114,120,118,295,314,12,56,148,310,453,446,449,434,23,54,163,65,98,168,0,5,11,25,31,56,0.446,0.554,0,25,23,13,25,0.0,1.0,0.92,0.52,1628378.0,Donovan Mitchell,0.3374766666666666,0.16082,3920.7,10.040160642570282,75.17647058823529,79.88505747126437,50.29909333072656,2.8944911297852474,17.937219730941703,11.92012829047912,55.65217391304348,61.71875,0.0,43.86243206521739,45.148926014750515,50.88293963254592,48.015932823648214,17.891816920943135,11.73469387755102,15.121111551416684,2023-24,0.0
1628978,Donte DiVincenzo,Donte,1610612752,NYK,27.0,81,50,31,0.617,2360.3933333333334,114.2,234,0.102,0.151,107,0.279,36,0.173,743.0,619.0,687.0,2326.0,6.43,6.426895474929367,18,28,406,147,48,366,118,373,382,9,79,122,259,514,496,523,506,85,80,264,113,151,241,1,18,43,24,32,56,0.429,0.571,1,17,18,10,18,0.056,0.944,1.0,0.556,1628978.0,Donte DiVincenzo,0.3478861788617886,0.1471788617886179,4649.8,12.449799196787149,48.94117647058824,47.701149425287326,34.034618799742574,7.376283846872083,41.70403587443946,27.97293506341251,87.39130434782608,66.40625,2.631578947368421,58.85660397597253,38.73500150631198,61.18333472856231,49.959168117437144,17.891816920943135,7.653061224489796,13.284376857539131,2023-24,0.0
1627827,Dorian Finney-Smith,Dorian,1610612751,BKN,31.0,68,28,40,0.412,1934.5933333333332,113.2,208,0.107,0.159,56,0.208,38,0.193,588.0,544.0,571.0,1978.0,5.81,5.8112817064840545,148,221,501,375,116,313,150,346,347,119,220,108,226,418,452,456,447,110,68,354,231,123,111,0,62,143,16,21,37,0.432,0.568,11,45,54,22,56,0.196,0.804,0.982,0.4,1627827.0,Dorian Finney-Smith,0.3230803571428571,0.1396785714285714,3796.1,13.253012048192772,69.41176470588235,53.448275862068925,42.95739143185316,18.39402427637722,29.14798206278027,24.84639894821905,30.869565217391305,26.5625,0.0,21.644701086956523,54.019355363889375,66.84678838222146,60.43307187305542,14.285714285714285,21.93877551020408,17.729591836734695,2023-24,0.0
1629130,Duncan Robinson,Duncan,1610612748,MIA,30.0,68,38,30,0.559,1905.4483333333333,111.0,158,0.084,0.121,46,0.159,16,0.108,617.0,515.0,521.0,1816.0,6.94,6.944851329762306,148,124,395,253,121,214,209,462,479,168,393,248,386,429,434,420,419,72,67,223,115,108,94,3,35,74,10,19,29,0.345,0.655,0,28,24,5,28,0.0,1.0,0.889,0.185,1629130.0,Duncan Robinson,0.3034431818181818,0.1410738636363636,3757.6,4.417670682730924,78.94117647058823,66.09195402298849,45.91946854354537,7.563025210084033,22.421524663677133,16.478124882239893,23.47826086956522,18.75,7.894736842105263,17.927488558352405,66.1189963202122,65.79320613769433,65.95610122895326,7.350901525658807,13.26530612244898,10.012383594214384,2023-24,0.0
201569,Eric Gordon,Eric,1610612756,PHX,35.0,68,41,27,0.603,1892.63,112.2,106,0.052,0.08,66,0.221,30,0.118,736.0,587.0,552.0,1978.0,6.3,6.295118601529222,148,97,344,167,125,268,284,542,541,82,187,148,368,508,477,440,447,90,68,132,65,67,99,0,15,33,13,22,35,0.371,0.629,0,15,15,5,15,0.0,1.0,1.0,0.333,201569.0,Eric Gordon,0.2711037463976945,0.1122910662824207,3847.4,10.040160642570282,69.41176470588235,59.19540229885054,43.10903247879956,2.8944911297852474,4.0358744394618835,3.5793211155912292,25.65217391304348,34.375,0.0,22.29211956521739,86.04526121567287,87.52703656445516,86.78614889006401,0.1386962552011095,6.63265306122449,3.0609768179116306,2023-24,0.0
1630596,Evan Mobley,Evan,1610612739,CLE,23.0,50,29,21,0.58,1532.35,110.1,357,0.221,0.328,45,0.186,72,0.45,552.0,441.0,461.0,1458.0,6.11,6.1119272835210205,291,213,253,208,180,172,44,46,46,173,295,28,54,400,392,393,374,96,50,515,367,148,111,0,105,247,16,18,34,0.471,0.529,11,75,83,56,86,0.128,0.872,0.988,0.667,1630596.0,Evan Mobley,0.3271972789115646,0.1503163265306122,3117.0,26.90763052208835,100.0,71.26436781609196,63.57914416285833,31.092436974789916,40.35874439461883,36.65222142668726,30.869565217391305,17.96875,0.0,18.636888586956523,51.48267305479798,58.81424162639011,55.14845734059404,34.95145631067961,37.244897959183675,35.983505052506445,2023-24,0.0
1630532,Franz Wagner,Franz,1610612753,ORL,22.0,72,44,28,0.611,2337.4166666666665,108.2,309,0.137,0.196,76,0.19,28,0.113,729.0,540.0,703.0,2240.0,10.38,10.383759762402685,108,72,361,158,51,113,65,211,233,42,280,160,373,504,451,529,492,3,72,346,186,160,143,4,17,39,26,30,56,0.464,0.536,0,37,37,12,37,0.0,1.0,1.0,0.324,1630532.0,Franz Wagner,0.323481690140845,0.1856845070422535,4658.9,9.236947791164658,54.0,82.18390804597698,43.1407561279601,14.19234360410831,45.73991031390135,33.12088362998413,44.78260869565218,42.1875,10.526315789473683,35.310247425629285,53.77207004411753,32.10780207186994,42.939936057993734,28.29403606102635,17.857142857142858,23.59743411927878,2023-24,0.0
1627832,Fred VanVleet,Fred,1610612745,HOU,30.0,73,38,35,0.521,2684.4266666666667,111.6,245,0.089,0.132,101,0.239,59,0.237,800.0,733.0,573.0,2658.0,9.2,9.204764051829809,99,124,461,295,13,240,106,440,456,12,146,48,183,535,550,458,543,17,73,282,121,161,224,0,55,132,18,29,47,0.383,0.617,0,45,44,10,45,0.0,1.0,0.978,0.222,1627832.0,Fred VanVleet,0.3448448753462604,0.1558947368421052,5365.4,21.686746987951807,29.411764705882355,62.64367816091955,34.629735982469434,8.123249299719888,46.18834080717489,30.96230420419289,80.0,61.71875,0.0,53.6015625,40.608930926846,54.60199560075235,47.60546326379918,19.41747572815534,21.93877551020408,20.552060630077275,2023-24,0.0
1629018,Gary Trent Jr.,Gary,1610612761,TOR,25.0,71,24,47,0.338,1993.5983333333336,118.2,163,0.083,0.128,77,0.243,10,0.053,683.0,665.0,591.0,2324.0,3.12,3.1241254851419566,118,257,534,431,106,505,202,470,460,38,136,308,482,479,526,467,505,240,69,106,39,67,146,1,11,23,16,26,42,0.381,0.619,0,14,14,5,14,0.0,1.0,1.0,0.357,1629018.0,Gary Trent Jr.,0.301366391184573,0.117862258953168,4054.3,2.0080321285140563,49.05882352941177,24.712643678160894,24.15196200623996,0.4668534080298786,4.0358744394618835,2.6082660268890816,46.08695652173913,42.96875,2.631578947368421,34.13173984553775,67.39863153213321,83.32024056433505,75.35943604823413,8.044382801664355,6.122448979591836,7.179512581731722,2023-24,0.0
1627777,Georges Niang,Georges,1610612739,CLE,31.0,82,48,34,0.585,1831.125,113.9,256,0.138,0.206,30,0.121,18,0.102,656.0,522.0,558.0,1798.0,5.17,5.165737638537656,2,36,446,199,134,343,95,208,212,263,484,228,399,457,440,446,416,133,82,306,170,136,72,3,71,169,15,13,28,0.536,0.464,0,60,59,24,60,0.0,1.0,0.983,0.4,1627777.0,Georges Niang,0.3519679144385026,0.1626283422459893,3648.8,5.220883534136546,80.0,49.42528735632179,42.44467525273507,12.698412698412698,34.97757847533632,26.06591216456687,13.91304347826087,6.25,7.894736842105263,9.726401601830664,36.21999951950227,49.51746416313347,42.86873184131787,20.943134535367545,29.59183673469388,24.835050525064396,2023-24,0.0
203507,Giannis Antetokounmpo,Giannis,1610612749,MIL,29.0,73,45,28,0.616,2567.2433333333333,113.2,645,0.237,0.343,87,0.239,79,0.285,772.0,692.0,653.0,2704.0,7.8,7.798067533981302,99,66,361,150,26,311,5,29,33,23,145,22,134,522,535,503,549,41,73,472,263,209,159,1,150,364,37,25,62,0.597,0.403,33,37,66,50,70,0.471,0.529,0.943,0.714,203507.0,Giannis Antetokounmpo,0.3296831955922865,0.1569035812672176,5323.0,29.71887550200803,26.705882352941178,53.448275862068925,34.59667798984985,21.38188608776844,67.71300448430493,49.180557125690335,51.73913043478261,50.78125,2.631578947368421,39.12698441075515,49.950950758349755,53.84021927329013,51.89558501581994,74.89597780859917,17.857142857142858,49.22850208044383,2023-24,0.0
1629684,Grant Williams,Grant,1610612766,CHA,25.0,76,34,42,0.447,2129.56,116.6,232,0.11,0.168,44,0.146,39,0.2,715.0,641.0,674.0,2384.0,4.41,4.405657570204109,61,165,515,358,76,468,121,326,317,179,431,104,219,494,512,516,513,167,76,383,248,135,77,12,144,333,23,13,36,0.639,0.361,28,125,139,55,153,0.183,0.817,0.933,0.369,1629684.0,Grant Williams,0.3503050847457627,0.1613276836158192,4296.2,13.654618473895583,45.52941176470589,33.90804597701151,29.87415300145817,19.981325863678805,34.52914798206278,28.71001913470919,16.08695652173913,17.1875,31.57894736842105,20.345144450800916,37.24456857900363,50.499588789993176,43.872078684498405,17.614424410540916,62.755102040816325,37.92772934416485,2023-24,0.0
1628960,Grayson Allen,Grayson,1610612756,PHX,28.0,75,45,30,0.6,2513.3,113.9,247,0.094,0.14,69,0.185,45,0.153,945.0,734.0,732.0,2668.0,7.05,7.053034473610221,76,66,395,170,29,347,101,419,423,70,300,79,299,568,551,540,545,70,75,391,216,175,158,1,52,114,26,34,60,0.433,0.567,0,27,25,10,27,0.0,1.0,0.962,0.385,1628960.0,Grayson Allen,0.3163703703703704,0.1403960113960114,5102.8,16.06425702811245,28.823529411764703,49.42528735632179,28.87025994444307,16.99346405228758,52.46636771300448,38.27720624871772,51.30434782608696,36.71875,2.631578947368421,34.031196367276884,58.15378047475278,66.3050509547582,62.22941571475549,19.694868238557557,12.755102040816327,16.571973449574003,2023-24,0.0
203084,Harrison Barnes,Harrison,1610612758,SAC,32.0,82,46,36,0.561,2380.87,115.7,182,0.079,0.111,54,0.141,12,0.072,794.0,503.0,585.0,2502.0,5.45,5.450834503972525,2,52,469,248,46,440,180,488,506,126,446,286,455,534,427,462,526,124,82,431,272,159,101,0,43,102,20,14,34,0.588,0.412,7,53,58,23,60,0.117,0.883,0.967,0.383,203084.0,Harrison Barnes,0.3186888888888888,0.1887111111111111,4876.6,2.8112449799196786,38.588235294117645,39.08045977011491,24.400495287437774,22.22222222222222,45.2914798206278,36.06377678126557,26.521739130434785,25.0,0.0,19.35869565217391,56.72520222147376,29.822419633443243,43.2738109274585,10.679611650485436,26.02040816326531,17.58297008123638,2023-24,0.0
1630529,Herbert Jones,Herbert,1610612740,NOP,25.0,76,46,30,0.605,2321.4283333333333,111.0,198,0.084,0.121,105,0.263,62,0.253,722.0,587.0,617.0,2218.0,8.44,8.443877138929361,61,52,395,161,54,210,163,460,478,11,99,38,159,499,477,487,488,24,76,463,206,257,195,12,43,106,22,29,51,0.431,0.569,1,62,59,19,63,0.016,0.984,0.952,0.306,1630529.0,Herbert Jones,0.2824339622641509,0.1353719676549865,4634.6,22.89156626506024,55.294117647058826,66.09195402298849,45.032556188241806,16.059757236227824,89.23766816143498,59.96650379135212,67.3913043478261,64.84375,31.57894736842105,57.5465710812357,79.06403597960285,70.09869593586724,74.58136595773504,12.89875173370319,30.612244897959183,20.869823657618387,2023-24,1.0
1630193,Immanuel Quickley,Immanuel,1610612761,TOR,25.0,68,28,40,0.412,1985.3366666666664,114.2,242,0.12,0.178,50,0.161,10,0.055,603.0,562.0,540.0,2056.0,5.38,5.376615085581129,148,221,501,375,108,365,110,281,281,148,383,308,480,424,463,427,466,126,68,302,131,171,88,0,23,50,17,22,39,0.436,0.564,0,22,22,5,22,0.0,1.0,1.0,0.227,1630193.0,Immanuel Quickley,0.3567167630057803,0.1563670520231214,4040.0,2.0080321285140563,64.8235294117647,47.701149425287326,35.416735501845096,9.056956115779643,50.672645739910315,34.026369890258046,20.869565217391305,21.875,0.0,16.00407608695652,33.29394922611782,54.24535138976903,43.76965030794342,19.00138696255201,10.20408163265306,15.042599564097484,2023-24,0.0
1630171,Isaac Okoro,Isaac,1610612739,CLE,23.0,69,41,28,0.594,1887.0566666666664,110.7,139,0.072,0.106,57,0.202,34,0.18,682.0,474.0,545.0,1848.0,7.07,7.069182679887259,138,97,361,180,127,199,236,513,511,115,240,132,252,478,406,433,426,67,69,283,196,87,106,6,27,67,22,18,40,0.55,0.45,2,38,39,4,40,0.05,0.95,0.975,0.1,1630171.0,Isaac Okoro,0.2994249201277955,0.1503482428115015,3780.6,11.646586345381529,77.05882352941177,67.81609195402295,48.58324576195247,15.126050420168069,13.004484304932737,13.853110751026868,28.695652173913043,27.34375,15.789473684210526,24.99594179061785,68.59488824042779,58.790141709062006,63.692514974744896,4.715672676837725,18.367346938775512,10.85892609470973,2023-24,0.0
1628392,Isaiah Hartenstein,Isaiah,1610612752,NYK,26.0,75,47,28,0.627,1896.3483333333336,110.3,382,0.201,0.29,87,0.279,85,0.491,551.0,471.0,547.0,1830.0,7.37,7.369643499024459,76,45,361,126,124,178,38,69,84,23,80,17,47,398,404,437,423,58,75,553,461,92,146,0,264,623,28,28,56,0.5,0.5,68,114,175,120,182,0.374,0.626,0.978,0.67,1628392.0,Isaiah Hartenstein,0.3235070028011204,0.1170392156862745,3758.7,32.1285140562249,78.11764705882352,70.11494252873563,57.7213177252621,39.869281045751634,15.246636771300448,25.095694481080923,46.08695652173913,50.78125,0.0,36.208220108695656,53.7564733966406,83.9417188236086,68.8490961101246,38.41886269070735,57.14285714285714,46.84466019417476,2023-24,0.0
1627826,Ivica Zubac,Ivica,1610612746,LAC,27.0,68,42,26,0.618,1794.4483333333333,112.4,430,0.235,0.336,22,0.077,83,0.474,558.0,481.0,506.0,1692.0,5.71,5.708293878474778,148,88,332,142,142,279,29,32,39,306,531,19,49,401,413,415,402,115,68,669,525,144,40,0,218,509,24,12,36,0.667,0.333,41,93,132,76,135,0.304,0.689,0.985,0.567,1627826.0,Ivica Zubac,0.360141065830721,0.1721191222570532,3545.7,31.32530120481928,86.23529411764706,58.0459770114942,57.22396767597773,45.84500466853408,38.56502242152467,41.477015320328434,0.0,0.0,0.0,0.0,31.1840309704387,42.350995913309255,36.76751344187398,45.07628294036061,46.42857142857143,45.684812760055486,2023-24,0.0
1631095,Jabari Smith Jr.,Jabari,1610612745,HOU,21.0,76,39,37,0.513,2423.845,113.8,477,0.191,0.285,52,0.149,61,0.288,722.0,710.0,560.0,2454.0,6.81,6.806786464717232,61,117,475,296,37,342,18,85,89,135,425,40,128,499,540,448,519,76,76,538,329,209,129,0,51,124,27,23,50,0.54,0.46,22,63,81,55,85,0.259,0.741,0.976,0.663,1631095.0,Jabari Smith Jr.,0.3398898071625344,0.160633608815427,4858.9,22.48995983935743,41.411764705882355,50.0,35.9901015828018,27.54435107376284,67.71300448430493,51.6455431200881,38.69565217391304,23.4375,0.0,23.68138586956522,43.66204548868659,51.023683228407634,47.34286435854711,51.59500693481276,31.122448979591837,42.38235585496334,2023-24,0.0
1631133,Jabari Walker,Jabari,1610612757,POR,21.0,72,18,54,0.25,1700.5733333333333,116.5,357,0.222,0.349,42,0.162,22,0.141,674.0,511.0,620.0,1916.0,3.49,3.4894817261243,108,316,558,474,158,466,44,42,30,194,382,193,321,468,432,489,438,217,72,225,134,91,76,4,79,180,13,17,30,0.433,0.567,12,22,34,17,34,0.353,0.647,1.0,0.5,1631133.0,Jabari Walker,0.3057955182072829,0.0995238095238095,3372.8,6.827309236947792,73.05882352941177,34.482758620689644,36.922201585245645,9.337068160597571,14.798206278026909,12.613751031055171,15.65217391304348,15.625,10.526315789473683,14.361198512585814,64.66958084950285,97.16756559276244,80.91857322113265,34.95145631067961,10.20408163265306,23.815137705567665,2023-24,0.0
1631093,Jaden Ivey,Jaden,1610612765,DET,22.0,77,14,63,0.182,2217.4766666666665,117.7,178,0.081,0.114,57,0.206,41,0.19,908.0,635.0,657.0,2544.0,3.85,3.851712656380213,54,361,570,523,67,492,188,482,500,115,227,98,233,560,507,505,533,199,77,309,188,121,102,1,21,48,42,20,62,0.677,0.323,6,32,38,15,38,0.158,0.842,1.0,0.395,1631093.0,Jaden Ivey,0.3144863523573201,0.1420942928039702,4587.9,14.457831325301203,36.11764705882353,27.5862068965517,25.320860724846643,14.37908496732026,28.251121076233183,22.702306632668016,26.956521739130434,27.34375,2.631578947368421,21.01081593249428,59.314636918525984,65.02268219526577,62.168659556895875,10.124826629680998,15.306122448979592,12.456409748365363,2023-24,0.0
1630183,Jaden McDaniels,Jaden,1610612750,MIN,23.0,72,48,24,0.667,2105.4533333333334,110.4,168,0.078,0.115,63,0.192,42,0.173,712.0,572.0,567.0,2020.0,7.93,7.929057692452316,108,36,282,76,83,183,196,493,498,94,274,90,260,489,468,453,458,38,71,374,233,141,140,0,13,33,20,25,45,0.444,0.556,1,22,21,5,23,0.043,0.957,0.913,0.217,1630183.0,Jaden McDaniels,0.2748743016759776,0.1287988826815642,4166.4,14.859437751004014,66.94117647058823,69.54022988505741,46.75824433637184,18.58076563958917,37.21973094170403,29.76414482085809,43.47826086956522,32.03125,0.0,28.60224184782609,83.72199606582892,75.06201873025434,79.39200739804163,8.737864077669903,10.20408163265306,9.397661977412325,2023-24,0.0
1631170,Jaime Jaquez Jr.,Jaime,1610612748,MIA,23.0,75,44,31,0.587,2113.195,110.4,203,0.094,0.138,77,0.242,20,0.129,684.0,595.0,552.0,2038.0,8.12,8.1190959302373,76,72,406,195,80,182,157,414,429,38,138,209,347,480,482,440,459,37,75,355,220,135,140,1,23,57,21,24,45,0.467,0.533,4,49,50,15,53,0.075,0.925,0.962,0.288,1631170.0,Jaime Jaquez Jr.,0.3756730769230769,0.1670741758241758,4202.0,6.024096385542169,65.88235294117646,69.54022988505741,42.85351955489298,17.366946778711483,34.52914798206278,27.66426750072226,43.47826086956522,42.96875,2.631578947368421,33.08826158466819,21.613827800180204,46.16042447356802,33.887126136874116,13.592233009708735,23.97959183673469,18.26654448187042,2023-24,0.0
1628973,Jalen Brunson,Jalen,1610612752,NYK,27.0,77,49,28,0.636,2726.3033333333333,112.6,235,0.088,0.128,70,0.161,13,0.058,793.0,714.0,819.0,2720.0,8.67,8.67496120821845,54,29,361,108,10,287,115,446,463,66,383,277,476,533,543,563,553,22,77,281,113,168,112,35,13,28,28,30,58,0.483,0.517,2,20,22,7,22,0.091,0.909,1.0,0.318,1628973.0,Jalen Brunson,0.3535573770491804,0.1658579234972677,5338.7,3.2128514056224895,25.76470588235294,56.89655172413794,24.52692555210701,7.376283846872083,49.327354260089685,32.54692609480264,31.30434782608696,37.5,92.10526315789474,48.673054919908466,35.24063631757914,47.07881407636151,41.15972519697033,18.030513176144243,9.183673469387756,14.049435308103824,2023-24,0.0
1631105,Jalen Duren,Jalen,1610612765,DET,20.0,61,13,48,0.213,1777.4816666666666,117.0,517,0.285,0.398,33,0.15,47,0.26,737.0,481.0,514.0,1994.0,3.44,3.4400190492808727,206,377,539,507,146,477,16,9,10,250,418,68,150,509,413,418,451,222,61,486,329,157,71,0,286,633,28,21,49,0.571,0.429,48,89,133,105,137,0.35,0.65,0.971,0.766,1631105.0,Jalen Duren,0.3341406727828746,0.1670611620795107,3660.0,16.867469879518072,68.47058823529412,31.60919540229884,38.613992684734875,27.54435107376284,44.39461883408072,37.65451172995357,13.478260869565217,8.59375,0.0,8.399116847826086,47.20443183771132,46.17025112510197,46.68734148140665,57.14285714285714,44.38775510204081,51.4030612244898,2023-24,0.0
1630224,Jalen Green,Jalen,1610612745,HOU,22.0,82,41,41,0.5,2601.3816666666667,113.8,382,0.143,0.211,66,0.171,28,0.126,791.0,760.0,646.0,2680.0,7.33,7.330515890386979,2,97,507,300,21,341,38,186,200,82,343,160,350,532,557,500,547,59,82,331,182,149,124,3,10,21,19,18,37,0.514,0.486,2,17,18,5,19,0.105,0.895,0.947,0.263,1630224.0,Jalen Green,0.3593945945945946,0.1414972972972973,5246.4,9.236947791164658,28.11764705882353,50.0,26.035955587054097,13.818860877684408,40.80717488789238,30.01184928380919,36.52173913043478,34.375,7.894736842105263,28.61362986270023,31.643976649591593,65.47347226087385,48.55872445523272,38.41886269070735,7.653061224489796,24.574252030909452,2023-24,0.0
1630552,Jalen Johnson,Jalen,1610612737,ATL,22.0,56,27,29,0.482,1888.8666666666663,115.2,414,0.211,0.312,67,0.22,47,0.24,627.0,531.0,705.0,2048.0,4.7,4.702836494767353,252,231,381,333,126,415,34,56,56,80,188,68,181,437,445,530,463,158,56,364,222,142,116,3,77,183,15,15,30,0.5,0.5,4,28,31,19,32,0.125,0.875,0.969,0.594,1630552.0,Jalen Johnson,0.3436360856269113,0.1346544342507645,3970.4,16.867469879518072,65.29411764705883,41.95402298850572,40.088434875404246,17.553688141923434,37.66816143497758,29.62237211775592,33.04347826086956,35.15625,7.894736842105263,27.495763014874143,41.353738739273055,70.64050391725031,55.99712132826168,42.857142857142854,13.26530612244898,29.540816326530617,2023-24,0.0
1630591,Jalen Suggs,Jalen,1610612753,ORL,23.0,75,43,32,0.573,2024.59,110.8,181,0.095,0.134,106,0.299,47,0.225,733.0,489.0,621.0,1996.0,7.63,7.634000308652061,76,79,425,221,101,204,183,412,446,10,63,68,191,506,420,490,453,47,75,292,167,125,190,7,22,50,24,39,63,0.381,0.619,4,4,8,4,8,0.5,0.5,1.0,0.5,1630591.0,Jalen Suggs,0.2967521613832853,0.1127982708933717,4079.3,16.867469879518072,68.35294117647058,67.24137931034481,47.48086219115814,12.418300653594772,30.04484304932735,22.994226091034317,65.21739130434783,65.625,18.421052631578945,53.660969679633865,70.24173513346385,87.14404741748227,78.69289127547306,10.540915395284326,1.020408163265306,6.256687140875768,2023-24,0.0
1631114,Jalen Williams,Jalen,1610612760,OKC,23.0,71,51,20,0.718,2223.598333333334,108.9,245,0.102,0.158,80,0.205,45,0.138,632.0,718.0,567.0,2190.0,9.56,9.559032182845757,118,26,237,45,64,125,106,376,354,32,232,79,326,442,545,453,486,14,71,282,164,118,195,1,20,46,22,29,51,0.431,0.569,4,48,49,26,52,0.077,0.923,0.942,0.5,1631114.0,Jalen Williams,0.2974714714714715,0.1093573573573573,4635.6,16.06425702811245,56.94117647058824,78.16091954022983,45.89534446100832,12.138188608776844,26.905829596412556,20.998773201358272,67.3913043478261,45.3125,2.631578947368421,43.47379147597254,69.7985250658541,89.74227407298274,79.77039956941842,19.41747572815534,23.46938775510204,21.240836140281356,2023-24,0.0
1627750,Jamal Murray,Jamal,1610612743,DEN,27.0,59,44,15,0.746,1861.37,112.4,200,0.105,0.156,57,0.204,39,0.163,635.0,545.0,566.0,2042.0,5.98,5.982164275885012,225,72,168,37,132,283,161,363,359,115,235,104,280,443,453,451,461,101,59,328,166,162,108,1,17,39,17,21,38,0.447,0.553,4,9,13,5,13,0.308,0.692,1.0,0.385,1627750.0,Jamal Murray,0.3151963190184049,0.1354171779141104,3623.7,13.654618473895583,65.64705882352942,58.0459770114942,42.94981223066708,12.324929971988796,46.63677130044843,32.912034769064576,29.565217391304348,27.34375,2.631578947368421,22.054294193363848,58.877183896487125,70.06455776321967,64.4708708298534,13.176144244105409,3.571428571428571,8.854022191400832,2023-24,0.0
201935,James Harden,James,1610612746,LAC,34.0,72,46,26,0.639,2469.6683333333335,115.2,335,0.134,0.201,77,0.191,57,0.221,757.0,675.0,706.0,2506.0,5.88,5.880917216526617,108,52,332,107,34,418,52,216,221,38,278,53,198,520,528,531,527,106,72,320,142,178,137,0,15,33,21,31,52,0.404,0.596,0,44,43,25,44,0.0,1.0,0.977,0.568,201935.0,James Harden,0.3663651685393258,0.1598286516853932,4883.4,20.883534136546185,38.35294117647059,41.95402298850572,32.26544881350961,10.084033613445378,53.81165919282511,36.32060896107322,42.173913043478265,42.96875,0.0,31.908627717391305,27.34898815983837,51.63150468334933,39.49024642159385,31.900138696255205,21.428571428571427,27.187933425797507,2023-24,0.0
1628991,Jaren Jackson Jr.,Jaren,1610612763,MEM,24.0,66,22,44,0.333,2124.18,113.9,280,0.132,0.201,80,0.222,106,0.371,749.0,636.0,668.0,2074.0,6.0,5.995549882671909,170,276,528,432,77,345,83,224,222,32,180,11,82,518,509,514,468,100,66,549,406,143,180,2,113,277,30,22,52,0.577,0.423,7,55,58,26,62,0.113,0.887,0.951,0.426,1628991.0,Jaren Jackson Jr.,0.3316428571428571,0.1352173913043478,4309.6,40.562248995983936,63.76470588235294,49.42528735632179,50.89886849629755,34.73389355742297,38.11659192825112,36.76351257991986,60.86956521739131,45.3125,5.263157894736842,41.522990560640736,48.743485796318225,70.21541621678563,59.479451006551926,24.271844660194176,27.040816326530617,25.517881910045578,2023-24,0.0
1628386,Jarrett Allen,Jarrett,1610612739,CLE,26.0,77,46,31,0.597,2442.0616666666665,110.7,568,0.231,0.336,53,0.135,81,0.363,883.0,642.0,725.0,2388.0,9.16,9.161889773223102,54,52,406,179,36,200,11,36,38,129,458,20,91,555,515,539,514,18,77,738,582,156,124,0,312,743,36,18,54,0.667,0.333,21,134,148,88,155,0.135,0.865,0.974,0.579,1628386.0,Jarrett Allen,0.316558988764045,0.120564606741573,4894.5,30.522088353413658,45.294117647058826,67.81609195402295,45.01579950634179,51.16713352007469,43.946188340807176,46.83456641251418,36.52173913043478,24.21875,0.0,23.08525815217391,58.03756137483198,81.27970336897171,69.65863237190185,64.21636615811373,67.3469387755102,65.62512383594215,2023-24,0.0
1627759,Jaylen Brown,Jaylen,1610612738,BOS,27.0,70,52,18,0.743,2342.5216666666665,111.6,303,0.119,0.175,83,0.255,37,0.11,663.0,690.0,669.0,2334.0,8.25,8.252060239995155,128,25,215,38,50,239,68,285,292,27,111,117,382,461,534,515,508,33,70,291,142,149,125,1,17,42,40,34,74,0.541,0.459,9,52,58,31,61,0.148,0.852,0.983,0.525,1627759.0,Jaylen Brown,0.3011785714285714,0.160610119047619,4752.9,12.851405622489958,48.47058823529411,62.64367816091955,37.766187671578805,10.084033613445378,40.80717488789238,28.517918378113578,36.95652173913043,47.65625,2.631578947368421,32.120190932494275,67.51435854350574,51.04142030323131,59.27788942336852,27.461858529819693,25.510204081632654,26.58361402813553,2023-24,0.0
1628369,Jayson Tatum,Jayson,1610612738,BOS,26.0,74,57,17,0.77,2645.213333333333,110.5,534,0.187,0.275,75,0.201,43,0.123,708.0,766.0,698.0,2636.0,9.97,9.96708367668554,87,4,199,29,16,190,14,91,97,47,242,88,361,488,558,526,541,10,74,274,138,136,146,0,35,89,24,23,47,0.511,0.489,3,37,39,24,40,0.075,0.925,1.0,0.615,1628369.0,Jayson Tatum,0.333328729281768,0.1648232044198894,5284.4,15.261044176706829,30.705882352941178,68.96551724137929,34.09285580455696,9.710550887021476,34.97757847533632,24.870767440010383,46.08695652173913,41.40625,0.0,32.92697010869565,47.7047189043479,47.860128299942126,47.782423602145016,59.500693481276,17.857142857142858,40.761095700416085,2023-24,0.0
203924,Jerami Grant,Jerami,1610612757,POR,30.0,54,17,37,0.315,1830.1866666666667,117.5,154,0.087,0.137,45,0.164,34,0.193,671.0,548.0,622.0,2132.0,3.26,3.2600288978726657,271,331,475,448,135,487,214,451,430,173,376,132,224,466,455,491,478,230,54,207,114,93,93,4,15,34,13,17,30,0.433,0.567,0,39,36,5,39,0.0,1.0,0.947,0.132,203924.0,Jerami Grant,0.3091093247588424,0.1376591639871382,3656.6,11.646586345381529,60.35294117647059,28.73563218390804,32.966071995894325,7.469654528478058,15.695067264573993,12.40490217013562,23.043478260869566,17.96875,10.526315789473683,18.13803275171625,62.627745972049894,68.37163874179345,65.49969235692167,6.796116504854369,18.877551020408163,12.232762036853575,2023-24,0.0
1631110,Jeremy Sochan,Jeremy,1610612759,SAS,21.0,74,18,56,0.243,2193.095,115.0,339,0.153,0.223,62,0.19,40,0.137,881.0,613.0,664.0,2562.0,5.41,5.4083863207837695,87,316,563,491,71,406,51,159,172,100,284,102,329,554,493,507,536,125,74,490,293,197,136,0,41,95,29,24,53,0.547,0.453,3,16,18,5,19,0.158,0.842,0.947,0.263,1631110.0,Jeremy Sochan,0.3436842105263158,0.1621461988304093,4558.6,14.056224899598394,35.05882352941177,43.10344827586206,28.668940264098993,24.18300653594771,62.33183856502242,47.07230575339254,41.73913043478261,31.25,0.0,27.633152173913043,41.324086103686426,49.88152965359761,45.60280787864202,32.45492371705964,7.142857142857142,21.06449375866852,2023-24,0.0
202710,Jimmy Butler III,Jimmy,1610612748,MIA,34.0,60,33,27,0.55,2042.0583333333336,110.5,213,0.106,0.153,79,0.237,17,0.113,663.0,570.0,569.0,1968.0,7.72,7.720631560515728,215,173,344,263,95,185,140,352,370,34,150,240,377,461,465,455,442,44,60,194,80,114,136,1,43,100,31,27,58,0.534,0.466,13,24,35,18,37,0.351,0.649,0.946,0.486,202710.0,Jimmy Butler III,0.309742946708464,0.1702915360501567,4030.4,4.819277108433735,70.0,68.96551724137929,43.669090153718315,4.295051353874883,25.112107623318387,16.785285115540987,41.73913043478261,44.53125,2.631578947368421,32.93948441075514,62.23733350357068,43.731002457584054,52.98416798057737,14.979195561719832,11.224489795918368,13.289577967109174,2023-24,0.0
1628381,John Collins,John,1610612762,UTA,26.0,68,27,41,0.397,1901.06,121.7,418,0.222,0.325,40,0.161,61,0.303,722.0,532.0,769.0,2106.0,1.07,1.070097068657378,148,231,507,393,122,552,33,45,48,210,383,40,120,499,446,552,473,399,68,433,271,162,63,7,120,280,39,19,58,0.672,0.328,33,47,77,47,80,0.413,0.588,0.963,0.588,1628381.0,John Collins,0.3278289085545722,0.1699911504424779,3923.2,22.48995983935743,61.882352941176464,4.597701149425269,31.804232752511048,22.12885154061625,46.63677130044843,36.83360339651556,10.0,14.0625,18.421052631578945,13.527138157894736,51.093488165861366,43.95782300527614,47.52565558556876,43.41192787794729,22.95918367346939,34.208192985932236,2023-24,0.0
202685,Jonas Valanciunas,Jonas,1610612740,NOP,32.0,82,49,33,0.598,1924.8316666666667,113.4,535,0.272,0.382,33,0.11,68,0.337,597.0,499.0,552.0,1834.0,5.61,5.614921492092003,2,29,437,177,118,319,13,12,14,250,498,32,102,423,424,440,425,118,82,525,413,112,52,0,200,447,20,22,42,0.476,0.524,85,142,212,152,227,0.374,0.626,0.959,0.688,202685.0,Jonas Valanciunas,0.3372402234636871,0.1278687150837988,3804.3,25.301204819277107,77.88235294117646,52.29885057471259,50.45401810080075,35.3874883286648,24.2152466367713,28.6841433135287,5.217391304347826,8.59375,0.0,5.094769021739131,45.29461284675736,75.76438634899904,60.5294995978782,59.63938973647711,71.42857142857143,64.94452149791957,2023-24,0.0
1630228,Jonathan Kuminga,Jonathan,1610612744,GSW,21.0,74,40,34,0.541,1949.513333333333,112.2,263,0.126,0.186,55,0.186,36,0.188,652.0,556.0,592.0,2050.0,6.48,6.483457199977078,87,110,446,275,113,273,91,250,258,124,294,122,237,454,460,468,464,84,74,362,219,143,92,1,45,115,25,28,53,0.472,0.528,10,36,43,18,46,0.217,0.783,0.956,0.4,1630228.0,Jonathan Kuminga,0.3270362116991643,0.1645403899721448,4008.8,12.449799196787149,65.17647058823529,59.19540229885054,42.59053495930985,17.273576097105508,38.11659192825112,29.77938559579287,22.60869565217391,25.78125,2.631578947368421,18.724810497711672,51.58191622025622,48.07368090130795,49.827798560782085,21.914008321775313,17.346938775510203,19.858827025956018,2023-24,0.0
203903,Jordan Clarkson,Jordan,1610612762,UTA,32.0,55,22,33,0.4,1682.3416666666667,119.7,139,0.083,0.123,35,0.163,6,0.031,672.0,501.0,637.0,1816.0,1.93,1.933540895615983,258,276,437,385,164,535,236,471,475,239,378,370,507,467,426,496,419,318,55,154,60,94,72,0,39,93,13,16,29,0.448,0.552,0,21,21,5,21,0.0,1.0,1.0,0.238,203903.0,Jordan Clarkson,0.3395727272727272,0.1491636363636363,3446.5,0.4016064257028112,78.94117647058823,16.09195402298848,31.81304284073412,2.427637721755369,16.143497757847534,10.657153743410667,13.91304347826087,10.15625,0.0,9.119904891304348,43.857417417576805,59.68463557439936,51.77102649598808,4.715672676837725,9.693877551020408,6.9558648702199335,2023-24,0.0
1629673,Jordan Poole,Jordan,1610612764,WAS,25.0,78,15,63,0.192,2345.555,119.5,180,0.074,0.115,86,0.242,25,0.098,814.0,817.0,752.0,2892.0,2.83,2.834273430293751,43,347,570,516,49,530,186,506,496,25,137,175,408,540,566,547,566,261,78,248,97,151,141,1,19,42,19,31,50,0.38,0.62,1,8,9,2,9,0.111,0.889,1.0,0.222,1629673.0,Jordan Poole,0.337574931880109,0.1520762942779291,4979.1,8.032128514056225,15.647058823529411,17.241379310344822,12.999666821443988,5.88235294117647,41.70403587443946,27.375362701134264,43.913043478260875,50.0,2.631578947368421,35.723112128146454,45.08837892579852,57.48529364032808,51.2868362830633,10.402219140083217,3.061224489795918,7.098771547453932,2023-24,0.0
1630581,Josh Giddey,Josh,1610612760,OKC,21.0,80,56,24,0.7,2011.5583333333336,111.5,403,0.19,0.29,52,0.158,44,0.149,592.0,663.0,546.0,2044.0,7.08,7.080604467176967,23,10,282,52,103,235,36,87,83,135,399,83,308,420,523,435,462,65,80,317,156,161,89,0,26,54,32,24,56,0.571,0.429,3,18,20,7,21,0.143,0.857,1.0,0.35,1630581.0,Josh Giddey,0.3435094339622642,0.1393746630727762,4160.5,15.66265060240964,65.52941176470588,63.21839080459768,45.004952059760335,11.39122315592904,46.18834080717489,32.269493746676545,21.304347826086957,23.4375,0.0,16.72486413043478,41.4317764225658,67.07626894969046,54.25402268612813,41.33148404993065,8.16326530612245,26.405785615216963,2023-24,0.0
1630182,Josh Green,Josh,1610612742,DAL,23.0,57,32,25,0.561,1504.72,118.8,144,0.096,0.144,47,0.216,9,0.065,526.0,472.0,495.0,1646.0,2.13,2.130571164154988,241,183,311,246,185,515,226,405,407,162,202,319,468,390,405,410,396,304,57,157,90,67,91,3,40,93,31,18,49,0.633,0.367,0,19,18,7,19,0.0,1.0,1.0,0.389,1630182.0,Josh Green,0.2941971014492753,0.1381130434782608,3100.7,1.6064257028112447,88.94117647058823,21.26436781609197,37.08807399985337,5.228758169934641,4.0358744394618835,4.513027931650987,22.17391304347826,19.53125,7.894736842105263,17.67918692791762,71.81606073336614,68.02891528191084,69.92248800763849,5.409153952843273,8.673469387755102,6.878095898553596,2023-24,0.0
1628404,Josh Hart,Josh,1610612752,NYK,29.0,81,49,32,0.605,2706.7716666666665,110.6,547,0.205,0.3,75,0.179,23,0.097,778.0,678.0,722.0,2584.0,10.06,10.05809220551949,18,29,425,163,11,196,12,64,65,47,323,188,409,526,530,537,537,9,81,363,148,215,150,6,67,160,40,40,80,0.5,0.5,5,17,21,14,22,0.227,0.773,0.955,0.636,1628404.0,Josh Hart,0.3312094240837696,0.1716727748691099,5259.2,7.228915662650602,33.76470588235294,68.39080459770116,31.80691447330906,10.644257703081232,70.4035874439462,46.499855547600205,47.82608695652174,41.40625,15.789473684210526,37.569990703661325,49.01054988811606,42.68803189774454,45.8492908929303,61.30374479889043,7.653061224489796,37.160937190410145,2023-24,0.0
201950,Jrue Holiday,Jrue,1610612738,BOS,34.0,69,53,16,0.768,2263.278333333333,110.9,289,0.117,0.172,61,0.197,53,0.176,629.0,664.0,610.0,2198.0,8.32,8.320456070276132,138,22,184,30,58,207,77,291,303,103,260,55,257,439,525,478,487,29,69,349,164,185,155,6,34,86,25,27,52,0.481,0.519,4,46,46,17,50,0.08,0.92,0.958,0.354,201950.0,Jrue Holiday,0.3245284090909091,0.1646761363636363,4536.9,19.27710843373494,56.47058823529411,66.6666666666666,44.14221592251357,12.138188608776844,56.95067264573991,39.02567903095468,50.0,30.46875,15.789473684210526,34.61143092105263,53.12712374870815,47.97117908338381,50.54915141604598,25.52011095700416,22.448979591836736,24.13810184267882,2023-24,0.0
203944,Julius Randle,Julius,1610612752,NYK,29.0,46,29,17,0.63,1630.095,113.8,324,0.198,0.286,25,0.099,12,0.09,540.0,406.0,539.0,1642.0,4.73,4.729512712774943,315,213,199,121,170,337,58,76,86,293,518,286,424,393,374,426,393,154,46,247,112,135,49,0,48,112,24,13,37,0.649,0.351,21,21,42,27,42,0.5,0.5,1.0,0.643,203944.0,Julius Randle,0.2857441860465116,0.1397774086378737,3260.5,2.8112449799196786,89.17647058823529,50.0,44.83626269785022,7.282913165266107,34.52914798206278,23.63065405534411,3.91304347826087,2.34375,0.0,2.385529891304348,77.02440866103852,66.77215661101398,71.89828263602625,30.374479889042995,9.693877551020408,21.068208836932833,2023-24,0.0
203994,Jusuf Nurkić,Jusuf,1610612756,PHX,29.0,76,48,28,0.632,2078.035,111.3,613,0.284,0.4,81,0.253,80,0.359,747.0,509.0,605.0,2148.0,7.4,7.404312971246363,61,36,361,119,86,229,6,10,9,29,112,21,96,517,430,474,479,57,76,567,483,84,166,1,337,748,35,24,59,0.593,0.407,97,163,247,171,260,0.373,0.627,0.965,0.668,203994.0,Jusuf Nurkić,0.3374780058651026,0.1326217008797654,4218.4,30.120481927710845,59.411764705882355,64.36781609195403,48.93426444113166,41.9234360410831,11.659192825112108,23.764890111500502,54.78260869565217,46.09375,2.631578947368421,38.70375071510298,45.14810085430984,72.17541665852562,58.661758756417726,70.45769764216367,82.14285714285714,75.71601941747574,2023-24,0.0
1626157,Karl-Anthony Towns,Karl-Anthony,1610612750,MIN,28.0,62,42,20,0.677,2025.565,109.1,421,0.204,0.294,43,0.147,41,0.182,691.0,530.0,546.0,1992.0,8.44,8.440375953519904,200,88,237,73,100,134,31,65,74,183,428,98,248,484,444,435,450,24,62,459,292,167,83,1,60,133,28,22,50,0.56,0.44,19,64,78,54,83,0.229,0.771,0.975,0.675,1626157.0,Karl-Anthony Towns,0.3428343195266272,0.1691360946745562,4017.3,14.457831325301203,68.58823529411765,77.01149425287358,49.041888446280055,24.089635854341736,48.87892376681614,38.96320860182638,18.695652173913043,16.40625,2.631578947368421,13.878343106407325,41.8477548991328,44.60347383750451,43.22561436831866,43.828016643550626,31.63265306122449,38.340103031503865,2023-24,0.0
202695,Kawhi Leonard,Kawhi,1610612746,LAC,33.0,68,44,24,0.647,2330.04,111.1,332,0.138,0.205,111,0.27,59,0.243,678.0,647.0,631.0,2274.0,8.32,8.319101459985749,148,72,282,103,53,219,54,203,216,6,90,48,178,475,518,494,495,29,68,368,197,171,192,3,33,74,38,43,81,0.469,0.531,3,50,50,19,53,0.057,0.943,0.943,0.358,202695.0,Kawhi Leonard,0.3638195266272189,0.2101065088757396,4645.8,21.686746987951807,52.0,65.51724137931035,43.25400914000831,15.219421101774042,50.672645739910315,36.4913558846558,66.08695652173913,69.53125,7.894736842105263,52.74440431922197,28.917510751840513,13.666799274123488,21.292155012982,31.48404993065187,24.489795918367346,28.336635625123836,2023-24,0.0
1631099,Keegan Murray,Keegan,1610612758,SAC,23.0,77,43,34,0.558,2588.5666666666666,113.4,314,0.126,0.178,79,0.18,59,0.277,869.0,550.0,581.0,2630.0,7.59,7.587336140226336,54,79,446,255,23,320,62,251,284,34,320,48,139,552,456,461,540,49,77,421,295,126,127,13,26,64,28,36,64,0.438,0.563,9,53,57,23,62,0.145,0.855,0.95,0.383,1631099.0,Keegan Murray,0.3268085106382978,0.161502659574468,5248.2,21.686746987951807,31.058823529411768,52.29885057471259,32.619999674152986,24.369747899159663,30.493273542600896,28.043863285224404,37.826086956521735,44.53125,34.21052631578947,39.269003861556065,51.722216494420216,50.36746480748827,51.04484065095424,28.9875173370319,26.02040816326531,27.652318208836935,2023-24,0.0
1629640,Keldon Johnson,Keldon,1610612759,SAS,24.0,69,17,52,0.246,2038.361666666667,116.1,282,0.135,0.198,51,0.175,20,0.084,745.0,631.0,626.0,2316.0,4.47,4.4691855625186925,138,331,551,489,98,456,81,214,227,139,332,209,435,515,501,493,503,163,68,253,133,120,95,2,20,45,30,16,46,0.652,0.348,9,36,39,14,45,0.2,0.8,0.975,0.35,1629640.0,Keldon Johnson,0.349656338028169,0.1494873239436619,4265.9,6.024096385542169,49.52941176470589,36.78160919540232,28.94033497071451,9.243697478991598,27.802690582959645,20.379093341372425,23.91304347826087,22.65625,5.263157894736842,18.810694364988557,37.64430032375273,59.44021975584582,48.542260039799274,24.549237170596395,17.346938775510203,21.30820289280761,2023-24,0.0
203482,Kelly Olynyk,Kelly,1610612761,TOR,33.0,78,31,47,0.397,1758.73,119.1,303,0.169,0.264,74,0.264,30,0.17,775.0,612.0,611.0,1966.0,2.37,2.3713829325736246,43,193,534,391,150,519,68,125,109,50,98,148,266,524,492,480,441,292,78,336,203,133,176,10,125,291,21,15,36,0.583,0.417,21,50,67,43,71,0.296,0.704,0.944,0.606,203482.0,Kelly Olynyk,0.3665901639344262,0.1705846994535519,3635.4,10.040160642570282,70.11764705882354,19.540229885057496,33.44229819888072,15.779645191409896,33.6322869955157,26.491230273873377,59.130434782608695,40.625,26.31578947368421,44.44987128146453,27.21035500855617,43.50963538132767,35.35999519494192,27.461858529819693,24.489795918367346,26.12443035466614,2023-24,0.0
1626162,Kelly Oubre Jr.,Kelly,1610612755,PHI,28.0,68,40,28,0.588,2055.32,114.0,247,0.121,0.183,77,0.212,47,0.184,613.0,601.0,679.0,2080.0,5.76,5.764412347211731,148,110,361,191,93,351,101,277,270,38,208,68,245,427,487,517,470,111,68,221,124,97,166,5,7,16,28,23,51,0.549,0.451,2,18,20,7,20,0.1,0.9,1.0,0.35,1626162.0,Kelly Oubre Jr.,0.3300057803468208,0.1321127167630058,4124.4,16.867469879518072,63.411764705882355,48.85057471264366,41.15374927702697,8.403361344537815,17.48878923766816,13.854618080416024,54.78260869565217,42.96875,13.157894736842104,40.241579662471395,49.75218695228726,72.55974950663403,61.15596822946065,19.694868238557557,8.16326530612245,14.50564691896176,2023-24,0.0
203484,Kentavious Caldwell-Pope,Kentavious,1610612743,DEN,31.0,76,54,22,0.711,2401.7566666666667,111.0,152,0.062,0.09,98,0.266,42,0.169,740.0,634.0,701.0,2554.0,8.68,8.680602587123829,61,18,262,47,42,215,216,530,538,16,96,90,269,510,504,527,535,21,74,179,110,69,182,0,39,88,27,30,57,0.474,0.526,2,14,14,7,16,0.125,0.875,0.933,0.467,203484.0,Kentavious Caldwell-Pope,0.2607159090909091,0.0957727272727272,4734.7,14.859437751004014,35.529411764705884,66.09195402298849,34.902057723795785,7.096171802054155,4.932735426008969,5.798109976427043,61.73913043478261,59.375,0.0,45.47690217391305,92.4458305260086,100.0,96.2229152630043,6.51872399445215,6.122448979591836,6.340400237765008,2023-24,0.0
201142,Kevin Durant,Kevin,1610612756,PHX,35.0,75,44,31,0.587,2790.6366666666668,113.3,454,0.155,0.229,69,0.158,91,0.277,1062.0,827.0,851.0,2990.0,8.35,8.349201357826214,76,72,406,195,6,316,24,156,161,70,400,13,140,572,571,565,569,28,75,444,247,197,117,4,34,77,25,32,57,0.439,0.561,0,44,40,20,44,0.0,1.0,0.93,0.465,201142.0,Kevin Durant,0.3069413407821229,0.1608938547486033,5685.1,34.53815261044177,9.88235294117647,52.87356321839081,30.49247537818617,19.88795518207283,62.33183856502242,45.35428521184259,33.47826086956522,36.71875,10.526315789473683,28.874445795194507,63.963570869656486,50.827172065460026,57.395371467558256,48.40499306518724,21.428571428571427,36.26560332871013,2023-24,0.0
1628989,Kevin Huerter,Kevin,1610612758,SAC,25.0,64,37,27,0.578,1562.2266666666667,115.0,186,0.124,0.174,45,0.177,23,0.183,500.0,367.0,379.0,1712.0,3.91,3.9120920200306855,185,139,344,214,178,405,176,261,295,173,324,188,247,380,356,358,407,195,63,263,141,122,111,0,24,56,10,11,21,0.476,0.524,5,21,25,12,26,0.192,0.808,1.0,0.48,1628989.0,Kevin Huerter,0.3288,0.1447174603174603,3205.3,7.228915662650602,85.05882352941177,43.10344827586206,43.43801656931987,9.990662931839402,28.699551569506728,21.215996114439797,30.869565217391305,17.96875,0.0,18.636888586956523,50.4951405098893,63.04193386083152,56.768537185360415,11.234396671289876,9.693877551020408,10.541163067168617,2023-24,0.0
1641718,Keyonte George,Keyonte,1610612762,UTA,20.0,75,27,48,0.36,2022.5766666666664,118.9,196,0.095,0.139,36,0.148,7,0.029,824.0,605.0,847.0,2244.0,2.78,2.782679115553801,76,231,539,418,102,516,165,411,424,230,427,343,511,543,488,564,493,262,72,196,55,141,56,6,15,33,10,20,30,0.333,0.667,0,9,9,0,9,0.0,1.0,1.0,0.0,1641718.0,Keyonte George,0.3303829787234043,0.1607632978723404,4158.3,0.8032128514056224,53.764705882352935,20.689655172413755,24.311345992489212,1.96078431372549,37.21973094170403,23.116152290512616,6.956521739130435,10.9375,15.789473684210526,10.558102116704806,49.51977241962111,50.925755291226906,50.222763855424006,12.62135922330097,3.571428571428571,8.54889042995839,2023-24,0.0
202691,Klay Thompson,Klay,1610612744,GSW,34.0,77,41,36,0.532,2284.1683333333335,116.1,219,0.093,0.138,50,0.161,35,0.172,808.0,636.0,702.0,2470.0,5.04,5.040621991278629,54,97,469,284,56,454,135,427,426,148,387,128,261,538,509,528,520,139,76,284,160,124,81,0,41,93,23,13,36,0.639,0.361,1,20,21,6,21,0.048,0.952,1.0,0.286,202691.0,Klay Thompson,0.3094770114942529,0.1528045977011494,4697.4,12.048192771084338,40.47058823529411,36.78160919540232,28.179385289637253,11.76470588235294,29.596412556053817,22.463729886573464,17.82608695652174,21.875,0.0,14.786684782608695,62.40119213172856,56.9353532399962,59.66827268586238,15.811373092926493,9.183673469387756,12.828908262334064,2023-24,0.0
204001,Kristaps Porziņģis,Kristaps,1610612738,BOS,28.0,57,43,14,0.754,1689.9483333333333,109.6,312,0.163,0.238,42,0.193,111,0.422,469.0,503.0,513.0,1626.0,6.94,6.940617069993822,241,79,162,33,162,150,64,142,145,194,271,10,62,366,427,417,390,72,57,665,495,170,66,0,134,307,11,13,24,0.458,0.542,19,93,110,47,112,0.17,0.83,0.991,0.423,204001.0,Kristaps Porziņģis,0.3238682432432432,0.1828344594594594,3430.1,42.570281124498,90.11764705882352,74.13793103448276,67.10377167900812,43.04388422035481,50.224215246636774,47.35208283612399,11.304347826086955,15.625,0.0,9.990489130434783,53.533891504065835,34.25986707482772,43.89687928944677,28.71012482662968,46.42857142857143,36.683425797503475,2023-24,0.0
203937,Kyle Anderson,Kyle,1610612750,MIN,30.0,79,55,24,0.696,1781.881666666667,105.1,213,0.116,0.171,71,0.228,47,0.196,603.0,484.0,466.0,1656.0,9.67,9.668846043530252,30,14,282,57,145,70,140,302,309,62,166,68,223,424,417,397,398,13,79,285,159,126,158,0,59,141,12,11,23,0.522,0.478,5,24,28,12,29,0.172,0.828,0.966,0.414,203937.0,Kyle Anderson,0.2965113924050633,0.1331215189873417,3571.1,16.867469879518072,88.3529411764706,100.0,62.67051736357193,11.671335200746965,30.493273542600896,22.964498205859325,51.30434782608696,38.28125,0.0,33.92017663043478,70.39008733492564,71.79800504489035,71.094046189908,14.979195561719832,11.224489795918368,13.289577967109174,2023-24,0.0
1628398,Kyle Kuzma,Kyle,1610612764,WAS,28.0,70,13,57,0.186,2281.141666666667,120.8,402,0.17,0.271,37,0.106,49,0.19,775.0,817.0,733.0,2918.0,1.92,1.916133170313846,128,377,566,521,57,543,37,122,102,227,505,61,232,524,566,541,568,319,70,371,227,144,56,5,31,70,12,14,26,0.462,0.538,2,26,27,14,28,0.071,0.929,0.964,0.5,1628398.0,Kyle Kuzma,0.337201166180758,0.1463527696793002,4817.9,17.670682730923694,14.117647058823527,9.770114942528748,14.4519782985899,18.020541549953315,38.56502242152467,30.347230072896124,6.956521739130435,11.71875,13.157894736842104,10.1736448798627,45.31867838023448,61.80711516241006,53.56289677132227,41.19278779472954,12.244897959183673,28.166237368733903,2023-24,0.0
200768,Kyle Lowry,Kyle,1610612755,PHI,38.0,60,32,28,0.533,1689.7666666666669,111.6,160,0.098,0.145,59,0.222,21,0.14,578.0,432.0,544.0,1606.0,5.74,5.735757572703146,215,183,361,280,163,243,206,398,402,108,186,202,322,409,386,431,389,113,60,177,73,104,116,19,36,82,14,20,34,0.412,0.588,1,20,21,6,21,0.048,0.952,1.0,0.286,200768.0,Kyle Lowry,0.3347337883959044,0.1884812286689419,3313.1,6.425702811244979,91.29411764705884,62.64367816091955,50.18414184119847,3.6414565826330536,20.62780269058296,13.833264247402996,33.04347826086956,28.90625,50.0,35.83457880434783,46.83897775154077,29.996003387473653,38.41749056950721,7.628294036061026,9.183673469387756,8.328214781058055,2023-24,0.0
202681,Kyrie Irving,Kyrie,1610612742,DAL,32.0,58,39,19,0.672,2029.6083333333331,112.6,246,0.116,0.175,74,0.25,28,0.122,583.0,599.0,587.0,2088.0,6.41,6.411378597614113,232,117,226,74,99,291,105,300,293,50,115,160,363,413,486,463,472,86,58,176,100,76,146,5,35,80,28,42,70,0.4,0.6,0,15,14,5,15,0.0,1.0,0.933,0.333,202681.0,Kyrie Irving,0.3362700296735905,0.1492551928783382,4151.6,9.236947791164658,62.94117647058823,56.89655172413794,39.94832881220623,6.162464985994398,8.071748878923767,7.308035321752019,46.08695652173913,40.625,13.157894736842104,35.943006292906176,45.89240740346594,59.615501440544094,52.753954422005016,19.55617198335645,6.63265306122449,13.740588468397068,2023-24,0.0
1628374,Lauri Markkanen,Lauri,1610612762,UTA,27.0,55,22,33,0.4,1819.746666666667,116.9,327,0.176,0.258,50,0.195,26,0.136,703.0,516.0,666.0,1974.0,3.58,3.5829152359863836,258,276,437,385,138,475,56,110,118,148,266,173,332,487,439,510,446,214,55,427,295,132,77,0,87,202,16,21,37,0.432,0.568,8,46,54,30,54,0.148,0.852,1.0,0.556,1628374.0,Lauri Markkanen,0.3329422492401215,0.1518753799392097,3769.5,8.433734939759036,69.6470588235294,32.18390804597696,35.795941575633144,24.369747899159663,33.18385650224215,29.658213061009157,16.08695652173913,21.875,0.0,14.091032608695652,47.9428524272905,57.63700363968417,52.78992803348733,30.79056865464632,22.448979591836736,27.036853576382008,2023-24,0.0
2544,LeBron James,LeBron,1610612747,LAL,39.0,71,41,30,0.577,2503.6833333333334,113.6,457,0.172,0.253,89,0.231,38,0.13,886.0,767.0,815.0,2626.0,7.2,7.202759734406472,118,97,395,215,30,327,22,118,127,20,162,108,345,557,559,562,539,61,71,269,133,136,128,8,43,95,20,19,39,0.513,0.487,10,48,57,34,58,0.172,0.828,0.983,0.586,2544.0,LeBron James,0.3081040462427745,0.1533063583815029,5131.2,13.253012048192772,31.294117647058822,51.149425287356344,29.041502317586783,9.243697478991598,34.97757847533632,24.684026076798432,38.26086956521739,52.34375,21.052631578947366,38.88781822082379,63.24715833174108,56.5564747936966,59.90181656271884,48.82108183079057,23.46938775510204,37.412819496730734,2023-24,0.0
1629652,Luguentz Dort,Luguentz,1610612760,OKC,25.0,79,54,25,0.684,2245.971666666667,112.1,210,0.089,0.137,71,0.19,47,0.152,676.0,735.0,615.0,2150.0,7.5,7.495874058421485,30,18,311,67,61,263,147,441,431,62,283,68,301,473,552,483,481,53,79,335,135,200,132,4,60,131,23,44,67,0.343,0.657,14,32,40,17,46,0.304,0.696,0.909,0.386,1629652.0,Luguentz Dort,0.2793943661971831,0.1356225352112676,4673.9,16.867469879518072,59.29411764705882,59.77011494252875,42.44245786391,9.430438842203548,63.67713004484305,41.97845356378725,40.0,38.28125,10.526315789473683,32.03001644736842,80.93691333871814,69.9094928951866,75.42320311695238,14.563106796116504,15.306122448979592,14.897463839904894,2023-24,0.0
1629029,Luka Dončić,Luka,1610612742,DAL,25.0,70,46,24,0.657,2624.04,113.8,588,0.218,0.322,99,0.257,38,0.135,780.0,728.0,879.0,2766.0,7.45,7.449062214873966,128,52,282,92,19,336,9,51,52,15,107,108,334,528,548,568,556,56,70,333,138,195,184,7,13,31,35,42,77,0.455,0.545,1,40,41,24,41,0.024,0.976,1.0,0.585,1629029.0,Luka Dončić,0.3558484848484848,0.1768898071625344,5401.7,13.253012048192772,23.058823529411764,50.0,25.871793054571228,9.710550887021476,61.43497757847533,40.74520690189379,62.60869565217392,60.15625,18.421052631578945,50.7034289187643,33.82894745166668,38.74866166204749,36.28880455685709,66.99029126213593,19.387755102040817,45.56914999009313,2023-24,0.0
1631103,Malaki Branham,Malaki,1610612759,SAS,21.0,75,18,57,0.24,1594.3266666666666,117.0,120,0.074,0.109,27,0.13,8,0.038,641.0,479.0,491.0,1866.0,3.08,3.0766699935223163,76,316,566,493,174,479,265,505,508,281,470,331,502,446,411,408,431,244,72,158,80,78,40,0,11,25,18,15,33,0.545,0.455,0,8,8,0,8,0.0,1.0,1.0,0.0,1631103.0,Malaki Branham,0.2993548387096774,0.1153655913978494,3362.0,1.2048192771084338,76.0,31.60919540229884,34.98422656141808,4.295051353874883,8.968609865470851,7.099186460832464,0.0,3.90625,0.0,1.3671875,68.63806960347614,85.20546904341674,76.92176932344644,2.0804438280166435,3.061224489795918,2.5217951258173175,2023-24,0.0
1627736,Malik Beasley,Malik,1610612749,MIL,27.0,79,46,33,0.582,2337.3716666666664,112.6,249,0.098,0.141,59,0.187,9,0.034,713.0,641.0,709.0,2532.0,7.53,7.5283833136889715,30,52,437,203,52,288,100,396,420,108,291,319,504,490,512,533,532,50,78,228,118,110,110,2,21,50,10,19,29,0.345,0.655,1,16,16,4,17,0.059,0.941,0.941,0.235,1627736.0,Malik Beasley,0.2956787709497206,0.1189329608938547,4868.5,1.6064257028112447,36.8235294117647,56.89655172413794,27.754943506276632,7.84313725490196,23.318385650224215,17.128286292095314,30.434782608695656,28.90625,5.263157894736842,23.60689001716247,70.90311532879998,82.51175575549833,76.70743554214916,19.972260748959776,7.142857142857142,14.199029126213592,2023-24,0.0
1628370,Malik Monk,Malik,1610612758,SAC,26.0,72,42,30,0.583,1872.3066666666664,115.1,184,0.101,0.146,45,0.172,39,0.229,648.0,459.0,453.0,1890.0,4.71,4.713123072538965,108,88,395,201,130,408,179,384,397,173,342,104,186,452,395,388,435,157,71,253,138,115,96,2,23,55,17,19,36,0.472,0.528,0,9,9,1,9,0.0,1.0,1.0,0.111,1628370.0,Malik Monk,0.3088126721763085,0.1363223140495867,3818.7,13.654618473895583,74.58823529411764,42.52873563218393,42.19991365054539,9.710550887021476,25.56053811659193,19.220543224763745,24.347826086956523,17.96875,5.263157894736842,17.343982408466818,62.810531412322256,69.3810913495953,66.09581138095878,10.957004160887656,3.571428571428571,7.633495145631068,2023-24,0.0
1629622,Max Strus,Max,1610612739,CLE,28.0,70,43,27,0.614,2239.175,109.7,272,0.117,0.173,64,0.168,29,0.134,803.0,613.0,667.0,2148.0,9.09,9.094730253451075,128,79,344,152,62,157,89,290,302,90,356,155,336,537,493,512,479,19,70,341,181,160,116,5,53,119,15,22,37,0.405,0.595,5,24,28,14,29,0.172,0.828,0.966,0.483,1629622.0,Max Strus,0.3266519174041298,0.1882005899705014,4522.1,9.63855421686747,59.411764705882355,73.56321839080455,43.04034393150695,13.725490196078432,45.73991031390135,32.93414226677218,33.04347826086956,32.8125,13.157894736842104,27.991239988558355,51.818702973676835,30.20791308506452,41.01330802937068,23.1622746185853,11.224489795918368,17.79027144838518,2023-24,0.0
1629008,Michael Porter Jr.,Michael,1610612743,DEN,26.0,81,57,24,0.704,2564.605,112.1,459,0.177,0.253,42,0.114,53,0.201,766.0,638.0,762.0,2716.0,8.42,8.418660122207529,18,4,282,51,27,265,21,108,125,194,494,55,218,521,511,550,551,26,81,316,195,121,86,0,30,71,24,8,32,0.75,0.25,12,22,32,26,34,0.353,0.647,0.97,0.788,1629008.0,Michael Porter Jr.,0.3402907608695652,0.1463070652173913,5012.5,19.27710843373494,26.0,59.77011494252875,31.753372109126165,15.032679738562091,28.251121076233183,22.963744541164747,20.0,15.625,0.0,13.46875,43.414993872811706,61.841626506552906,52.62831018968231,49.09847434119279,10.20408163265306,31.595997622349916,2023-24,0.0
1628969,Mikal Bridges,Mikal,1610612751,BKN,27.0,82,32,50,0.39,2854.24,114.3,304,0.105,0.156,81,0.209,30,0.093,878.0,826.0,932.0,2902.0,7.66,7.662915895758479,2,183,544,397,4,368,67,354,358,29,218,148,416,553,570,571,567,46,82,337,173,164,124,1,14,32,27,23,50,0.54,0.46,1,37,37,8,38,0.026,0.974,0.974,0.211,1628969.0,Mikal Bridges,0.3210911528150134,0.1552815013404825,5614.2,10.040160642570282,15.058823529411764,47.1264367816092,21.06826168772453,12.978524743230627,47.53363228699551,33.71158926948956,36.52173913043478,46.09375,2.631578947368421,31.39940288901602,55.245023402073535,55.06504845277512,55.15503592742433,27.600554785020805,17.857142857142858,23.216019417475728,2023-24,0.0
201144,Mike Conley,Mike,1610612750,MIN,36.0,76,53,23,0.697,2193.4583333333335,108.0,181,0.081,0.118,88,0.262,17,0.063,782.0,598.0,597.0,2116.0,9.72,9.72059995079994,61,22,272,55,70,107,183,483,489,21,102,240,472,529,485,471,475,12,76,192,94,98,168,1,21,51,23,26,49,0.469,0.531,0,10,9,2,10,0.0,1.0,1.0,0.222,201144.0,Mike Conley,0.3140254957507082,0.1363796033994334,4306.9,4.819277108433735,61.29411764705882,83.3333333333333,44.21398535317741,5.602240896358544,17.937219730941703,13.00322819710844,55.65217391304348,51.5625,2.631578947368421,40.96563930205949,59.59859830198149,69.33783228066201,64.46821529132175,10.540915395284326,4.081632653061225,7.634238161283931,2023-24,0.0
1628970,Miles Bridges,Miles,1610612766,CHA,26.0,69,17,52,0.246,2581.116666666667,120.1,434,0.176,0.261,65,0.185,33,0.151,887.0,748.0,747.0,2864.0,2.65,2.6541941635612334,138,331,551,489,24,537,27,112,112,87,301,137,302,558,555,545,564,275,68,472,261,211,106,2,35,82,19,23,42,0.452,0.548,9,44,51,33,53,0.17,0.83,0.981,0.635,1628970.0,Miles Bridges,0.3154714285714285,0.1627285714285714,5173.6,11.244979919678714,17.294117647058822,13.79310344827589,13.999209006411046,21.19514472455649,68.60986547085201,49.6439771723338,28.695652173913043,33.59375,5.263157894736842,24.551862843249427,58.70767240818985,49.44178131579708,54.07472686199347,45.63106796116505,21.428571428571427,34.73994452149792,2023-24,0.0
1626167,Myles Turner,Myles,1610612754,IND,28.0,77,45,32,0.584,2076.4366666666665,115.5,420,0.198,0.291,39,0.135,144,0.533,642.0,574.0,540.0,2514.0,4.86,4.858691501651646,54,66,425,200,87,430,32,78,81,218,457,9,28,449,470,427,529,149,77,679,526,153,111,3,235,537,13,9,22,0.591,0.409,33,110,139,82,143,0.231,0.769,0.979,0.577,1626167.0,Myles Turner,0.3470536277602524,0.11897476340694,4314.1,55.82329317269076,37.88235294117647,40.22988505747125,45.64561206285588,45.938375350140056,42.600896860986545,43.93588825664795,30.869565217391305,13.28125,7.894736842105263,18.96994779748284,39.24798615098852,82.48019076479794,60.86408845789323,43.689320388349515,55.10204081632652,48.82504458093917,2023-24,0.0
1629675,Naz Reid,Naz,1610612750,MIN,24.0,81,56,25,0.691,1963.8283333333336,105.5,350,0.17,0.252,63,0.182,73,0.264,654.0,523.0,549.0,1870.0,10.36,10.360491831499438,18,10,311,65,110,76,49,121,128,94,316,27,147,455,442,438,432,4,81,435,261,174,103,1,55,127,17,15,32,0.531,0.469,6,59,64,30,65,0.092,0.908,0.985,0.462,1629675.0,Naz Reid,0.3296405063291139,0.1298303797468354,3936.6,27.309236947791167,75.76470588235294,97.70114942528733,61.866629194261826,21.19514472455649,52.01793721973094,39.68882022166116,27.39130434782609,32.03125,2.631578947368421,22.825353975972543,49.97725417259025,74.28313744131546,62.130195806952855,33.980582524271846,29.081632653061224,31.776055082227067,2023-24,0.0
1629651,Nic Claxton,Nic,1610612751,BKN,25.0,71,27,44,0.38,2115.6633333333334,114.1,513,0.239,0.359,46,0.16,146,0.575,663.0,606.0,751.0,2116.0,5.87,5.867820114069447,118,231,528,404,79,357,17,27,25,168,391,8,20,461,489,546,475,108,71,772,587,185,112,0,247,545,22,19,41,0.537,0.463,51,111,156,92,162,0.315,0.685,0.981,0.579,1629651.0,Nic Claxton,0.3525297450424929,0.1668356940509915,4141.7,56.62650602409639,61.29411764705882,48.27586206896554,56.17250910335052,51.633986928104584,56.95067264573991,54.82399835868578,31.30434782608696,18.75,0.0,19.084239130434785,35.87382200292157,46.34050156456528,41.10716178374342,56.5880721220527,55.61224489795919,56.14894987121062,2023-24,0.0
1630208,Nick Richards,Nick,1610612766,CHA,26.0,67,14,53,0.209,1758.736666666667,118.2,367,0.218,0.327,26,0.107,74,0.43,629.0,464.0,526.0,1988.0,2.74,2.7395878876519735,166,361,555,509,149,506,42,50,47,287,501,26,59,439,398,421,449,266,67,437,341,96,49,1,289,655,21,10,31,0.677,0.323,64,77,138,94,141,0.454,0.546,0.979,0.667,1630208.0,Nick Richards,0.316868804664723,0.12167055393586,3497.5,27.710843373493976,68.82352941176471,24.712643678160894,41.35073356305546,28.664799253034545,17.040358744394617,21.690134947850588,3.91304347826087,3.125,2.631578947368421,3.3168621281464534,57.8466652251167,80.44460494243559,69.14563508377614,36.33841886269071,38.265306122448976,37.20551812958193,2023-24,0.0
1629638,Nickeil Alexander-Walker,Nickeil,1610612750,MIN,25.0,82,56,26,0.683,1920.9183333333333,105.5,132,0.066,0.097,64,0.199,42,0.167,609.0,490.0,497.0,1776.0,10.14,10.138028938342009,2,10,332,69,119,77,248,523,527,90,254,90,270,426,422,411,413,8,82,240,172,68,157,5,19,49,19,21,40,0.475,0.525,3,35,34,8,38,0.079,0.921,0.944,0.222,1629638.0,Nickeil Alexander-Walker,0.2876842105263158,0.1373859649122807,3864.2,14.859437751004014,81.29411764705883,97.70114942528733,58.82200363319403,12.885154061624648,4.484304932735426,7.844644584291115,50.8695652173913,32.8125,13.157894736842104,35.121674771167044,75.82904327553874,68.57793079508787,72.2034870353133,3.744798890429958,16.83673469387755,9.636170001981377,2023-24,0.0
201587,Nicolas Batum,Nicolas,1610612755,PHI,35.0,60,36,24,0.6,1529.5866666666666,111.9,178,0.115,0.175,48,0.189,38,0.179,478.0,433.0,450.0,1626.0,5.13,5.126137972915685,215,146,282,170,182,255,188,307,289,157,285,108,253,371,387,386,390,134,59,254,137,117,114,1,30,73,7,19,26,0.269,0.731,5,26,30,13,31,0.161,0.839,0.968,0.419,201587.0,Nicolas Batum,0.2804953271028037,0.0966760124610592,3050.2,13.253012048192772,90.11764705882352,60.91954022988501,52.07226634733659,9.6171802054155,26.45739910313901,19.721311544049605,32.17391304347826,20.3125,2.631578947368421,20.63683495423341,80.25854532271237,99.31793123271524,89.78823827771382,10.124826629680998,12.244897959183673,11.0788587279572,2023-24,0.0
203999,Nikola Jokić,Nikola,1610612743,DEN,29.0,79,55,24,0.696,2736.5333333333333,110.6,753,0.27,0.385,108,0.26,68,0.253,839.0,667.0,805.0,2882.0,10.25,10.252356030448672,30,14,282,57,9,193,2,13,13,8,104,32,160,547,527,559,565,6,79,556,393,163,238,4,345,790,31,24,55,0.564,0.436,46,119,165,110,165,0.279,0.721,1.0,0.667,203999.0,Nikola Jokić,0.3789782016348774,0.1401062670299727,5388.2,25.301204819277107,16.235294117647058,68.39080459770116,32.90053601831261,33.52007469654528,47.08520179372198,41.6591509548513,86.08695652173914,67.1875,10.526315789473683,60.581986556064074,19.577342324674756,66.52383632301675,43.05058932384576,89.875173370319,59.693877551020414,76.29359025163464,2023-24,0.0
202696,Nikola Vučević,Nikola,1610612741,CHI,33.0,76,36,40,0.474,2609.5016666666666,115.7,591,0.229,0.339,50,0.129,60,0.252,844.0,737.0,722.0,2476.0,5.98,5.978624413911663,61,146,501,340,20,437,8,37,37,148,472,45,161,548,553,537,522,101,76,624,405,219,137,1,317,676,21,17,38,0.553,0.447,53,117,164,110,170,0.312,0.688,0.976,0.655,202696.0,Nikola Vučević,0.3576460674157303,0.1341151685393258,5138.7,22.08835341365462,40.11764705882353,39.08045977011491,32.64663277857881,34.64052287581699,72.19730941704036,57.17459480055101,42.173913043478265,21.875,2.631578947368421,25.183709954233414,32.72134906781536,71.04770233452885,51.88452570117211,67.40638002773926,58.673469387755105,63.476570239746394,2023-24,0.0
1626181,Norman Powell,Norman,1610612746,LAC,31.0,76,48,28,0.632,1990.378333333333,113.0,179,0.085,0.13,43,0.136,22,0.096,660.0,592.0,616.0,2054.0,6.23,6.22935232858435,61,36,361,119,107,300,187,454,458,183,453,193,413,458,480,484,465,93,76,207,105,102,93,0,25,57,12,16,28,0.429,0.571,0,26,26,9,26,0.0,1.0,1.0,0.346,1626181.0,Norman Powell,0.2944114441416894,0.1182534059945504,4034.3,6.827309236947792,64.94117647058823,54.59770114942527,39.10976074684131,6.629318394024277,19.730941704035875,14.490292380031237,23.043478260869566,16.40625,0.0,14.959578804347826,71.68399135083318,83.02488624679619,77.35443879881468,10.263522884882107,12.244897959183673,11.155141668317812,2023-24,0.0
1628384,OG Anunoby,OG,1610612752,NYK,26.0,50,31,19,0.62,1702.035,107.2,161,0.091,0.131,68,0.245,36,0.206,530.0,466.0,478.0,1766.0,8.2,8.19564148668966,291,193,226,139,157,94,204,432,457,74,131,122,212,391,399,403,412,36,50,356,236,120,130,0,18,41,18,12,30,0.6,0.4,1,48,48,18,49,0.02,0.98,0.98,0.367,1628384.0,OG Anunoby,0.2484558303886926,0.1175724381625441,3422.9,12.449799196787149,81.88235294117648,87.93103448275858,55.62150182881627,18.860877684407097,27.802690582959645,24.225965423538625,39.130434782608695,35.9375,0.0,28.230298913043477,100.0,83.53908364063896,91.76954182031947,7.766990291262135,23.46938775510204,14.833069149990092,2023-24,0.0
1630167,Obi Toppin,Obi,1610612754,IND,26.0,82,47,35,0.573,1730.6016666666667,116.6,235,0.137,0.212,47,0.165,43,0.197,585.0,515.0,544.0,2218.0,3.59,3.58751470678607,2,45,461,222,155,469,115,210,199,162,372,88,222,415,434,431,488,212,81,291,174,117,82,0,57,130,17,21,38,0.447,0.553,14,32,46,30,46,0.304,0.696,1.0,0.652,1630167.0,Obi Toppin,0.2900564971751412,0.1075790960451977,3636.9,15.261044176706829,55.294117647058826,33.90804597701151,33.93437034140619,13.071895424836605,26.45739910313901,21.10319763181805,18.26086956521739,19.53125,0.0,14.140285326086955,74.36733525380518,91.08503549181518,82.72618537281018,18.030513176144243,15.306122448979592,16.80453734892015,2023-24,0.0
1630534,Ochai Agbaji,Ochai,1610612761,TOR,24.0,78,31,47,0.397,1641.611666666667,117.2,142,0.083,0.127,47,0.209,44,0.222,674.0,571.0,532.0,1832.0,3.1,3.0951085256154545,43,193,534,391,169,482,231,469,467,162,216,83,194,468,467,422,424,242,78,330,191,139,77,0,29,69,10,12,22,0.455,0.545,1,25,26,12,26,0.038,0.962,1.0,0.462,1630534.0,Ochai Agbaji,0.2742560646900269,0.12855525606469,3392.6,15.66265060240964,78.0,30.459770114942504,41.18000276969948,14.65919701213819,36.32286995515695,27.657400777949448,16.08695652173913,19.53125,0.0,13.270720108695652,84.1029289358697,75.24598068202287,79.67445480894628,5.131761442441054,11.73469387755102,8.10308103824054,2023-24,0.0
1629023,P.J. Washington,P.J.,1610612742,DAL,25.0,73,30,43,0.411,2220.6783333333333,115.6,326,0.147,0.216,72,0.218,59,0.223,741.0,628.0,651.0,2308.0,5.11,5.1132242179909575,99,201,525,377,66,434,57,180,189,58,197,48,193,511,500,502,501,136,72,457,285,172,159,0,95,231,27,17,44,0.614,0.386,9,50,58,28,59,0.153,0.847,0.983,0.475,1629023.0,P.J. Washington,0.3727138461538462,0.1723415384615384,4549.6,21.686746987951807,50.0,39.655172413793125,36.088491898629,23.436041083099905,51.12107623318386,40.04706217315027,51.73913043478261,39.0625,0.0,34.36752717391305,23.43718728150048,42.183049899827616,32.81011859066405,30.651872399445217,24.489795918367346,27.878937982960174,2023-24,0.0
1631094,Paolo Banchero,Paolo,1610612753,ORL,21.0,80,46,34,0.575,2798.701666666667,111.9,472,0.178,0.257,71,0.148,47,0.158,934.0,729.0,852.0,2798.0,9.45,9.449807073581958,23,52,446,218,5,253,19,105,122,62,426,68,290,567,549,566,561,16,80,476,240,236,112,0,64,143,21,23,44,0.477,0.523,5,39,42,21,44,0.114,0.886,1.0,0.5,1631094.0,Paolo Banchero,0.3867603305785124,0.1717134986225895,5576.4,16.867469879518072,21.176470588235293,60.91954022988501,29.388637715160833,19.234360410831,79.82062780269058,55.586120845946745,31.30434782608696,38.28125,0.0,25.920176630434785,14.78230614778265,42.65728147617912,28.719793811980885,50.90152565880721,18.877551020408163,36.49073707152764,2023-24,0.0
1627783,Pascal Siakam,Pascal,1610612754,IND,30.0,80,38,42,0.475,2657.8883333333333,115.3,426,0.159,0.233,63,0.168,25,0.091,814.0,738.0,711.0,3022.0,6.24,6.2432489661731765,23,124,515,339,15,425,30,151,151,94,355,175,419,540,554,534,571,92,80,429,228,201,122,1,62,143,29,35,64,0.453,0.547,11,72,80,42,83,0.133,0.867,1.0,0.525,1627783.0,Pascal Siakam,0.3943527777777778,0.205175,5433.6,8.032128514056225,8.0,41.379310344827594,16.35767899182939,18.11391223155929,64.12556053811659,45.72090121549367,35.65217391304348,32.03125,2.631578947368421,26.129701802059497,10.104144264921864,17.390571370886335,13.7473578179041,44.521497919556175,35.714285714285715,40.55825242718447,2023-24,0.0
1626192,Pat Connaughton,Pat,1610612749,MIL,31.0,76,45,31,0.592,1676.28,115.9,188,0.112,0.164,40,0.162,19,0.123,500.0,469.0,468.0,1792.0,3.75,3.751130290588737,61,66,406,184,166,446,173,316,335,210,379,219,360,380,401,399,414,204,76,291,123,168,66,2,21,46,14,23,37,0.378,0.622,4,19,23,7,23,0.174,0.826,1.0,0.304,1626192.0,Pat Connaughton,0.3130238726790451,0.1396100795755968,3432.0,5.622489959839357,80.3529411764706,37.93103448275858,39.855284016390094,8.309990662931838,49.327354260089685,32.920408821226545,11.304347826086955,14.0625,5.263157894736842,10.759403604118994,60.21575832323284,66.89850643797051,63.55713238060167,11.511789181692096,8.673469387755102,10.234545274420448,2023-24,0.0
202331,Paul George,Paul,1610612746,LAC,34.0,74,48,26,0.649,2501.766666666667,112.1,351,0.138,0.202,113,0.269,37,0.14,749.0,682.0,686.0,2440.0,8.21,8.213799167293034,87,36,332,100,31,261,48,209,219,4,94,117,324,518,531,521,518,34,74,438,236,202,218,5,38,85,25,28,53,0.472,0.528,2,43,43,27,45,0.044,0.956,0.956,0.6,202331.0,Paul George,0.3450395480225989,0.178957627118644,4979.1,12.851405622489958,42.23529411764706,59.77011494252875,34.86544392580464,18.860877684407097,64.57399103139014,46.28874569259692,77.39130434782608,71.09375,13.157894736842104,59.128807923340965,40.48898142042476,37.18725511331944,38.8381182668721,34.11927877947296,20.918367346938776,28.178868634832575,2023-24,0.0
1630194,Paul Reed,Paul,1610612755,PHI,25.0,82,47,35,0.573,1589.5016666666668,112.0,295,0.194,0.293,67,0.228,84,0.414,455.0,468.0,490.0,1684.0,5.28,5.278536542745401,2,45,461,222,175,259,73,81,77,80,169,18,64,362,400,406,401,131,82,535,408,127,168,0,204,472,41,26,67,0.612,0.388,16,82,95,48,98,0.163,0.837,0.979,0.495,1630194.0,Paul Reed,0.3451424870466321,0.115800518134715,3162.7,31.72690763052209,86.70588235294117,60.344827586206875,58.12402877228996,34.92063492063492,30.94170403587444,32.533276389778635,55.65217391304348,35.15625,0.0,34.56555706521739,40.42555451657516,84.87705676886046,62.65130564271781,26.352288488210817,40.81632653061224,32.861105607291464,2023-24,0.0
1630202,Payton Pritchard,Payton,1610612738,BOS,26.0,82,64,18,0.78,1825.7333333333331,109.2,195,0.103,0.152,39,0.155,6,0.026,496.0,487.0,462.0,1818.0,7.5,7.501445883168546,2,1,215,23,136,136,168,369,374,218,408,370,513,378,419,394,421,53,79,130,72,58,81,0,26,64,18,25,43,0.419,0.581,5,30,33,15,35,0.143,0.857,0.971,0.441,1630202.0,Payton Pritchard,0.2766172839506173,0.1004123456790123,3583.2,0.4016064257028112,78.82352941176471,76.43678160919536,46.858073266697616,3.5480859010270773,0.0,1.419234360410831,17.82608695652174,13.28125,0.0,11.778872282608695,82.64804019551215,96.49663378972218,89.57233699261717,12.48266296809986,14.285714285714285,13.294036061026352,2023-24,0.0
1630173,Precious Achiuwa,Precious,1610612752,NYK,24.0,74,40,34,0.541,1623.753333333333,112.3,296,0.182,0.277,46,0.185,68,0.405,547.0,461.0,467.0,1630.0,5.31,5.305433967287847,87,110,446,275,171,275,72,98,95,168,304,32,70,397,396,398,392,129,74,542,385,157,95,3,112,257,32,15,47,0.681,0.319,44,57,94,67,101,0.436,0.564,0.979,0.698,1630173.0,Precious Achiuwa,0.3418760563380281,0.1273774647887324,3159.8,25.301204819277107,89.88235294117646,58.620689655172406,56.234477870915704,32.773109243697476,44.39461883408072,39.74601499792742,23.91304347826087,18.75,7.894736842105263,18.101401601830663,42.438198297025195,76.13532842522528,59.28676336112524,26.49098474341193,28.061224489795915,27.197592629284724,2023-24,0.0
1629628,RJ Barrett,RJ,1610612761,TOR,24.0,58,26,32,0.448,1838.1333333333337,116.9,262,0.14,0.213,31,0.107,22,0.134,621.0,570.0,617.0,2038.0,3.62,3.61529031219979,232,241,425,357,133,476,92,198,196,259,502,193,337,432,465,487,459,211,57,323,182,141,83,2,18,41,25,15,40,0.625,0.375,5,23,27,16,28,0.179,0.821,0.964,0.571,1629628.0,RJ Barrett,0.3220881458966565,0.1389696048632219,3823.2,6.827309236947792,65.88235294117646,32.18390804597696,33.83572423568512,13.818860877684408,37.21973094170403,27.859382916096184,18.695652173913043,7.03125,5.263157894736842,11.25498784324943,54.630716195239074,67.38212756138707,61.00642187831307,21.7753120665742,10.714285714285714,16.797850208044384,2023-24,0.0
202704,Reggie Jackson,Reggie,1610612743,DEN,34.0,82,57,25,0.695,1816.82,110.6,122,0.063,0.095,44,0.17,12,0.059,636.0,515.0,472.0,1826.0,6.89,6.893419833130581,2,4,311,60,140,195,260,528,532,179,350,286,475,444,434,400,422,75,82,271,129,142,88,5,17,40,19,14,33,0.576,0.424,2,30,31,5,32,0.063,0.938,0.969,0.156,202704.0,Reggie Jackson,0.3470310077519379,0.1610335917312661,3592.0,2.8112449799196786,78.3529411764706,68.39080459770116,45.645728553157866,8.870214752567694,37.66816143497758,26.148982762013624,20.869565217391305,17.1875,13.157894736842104,17.652924771167047,39.26192369416917,50.72165696044107,44.99179032730512,2.3578363384188625,14.285714285714285,7.725381414701802,2023-24,0.0
1626220,Royce O'Neale,Royce,1610612756,PHX,31.0,79,38,41,0.481,1954.2416666666663,110.4,317,0.155,0.231,59,0.186,44,0.19,714.0,514.0,598.0,1874.0,7.51,7.508199386617012,30,124,507,334,112,184,60,155,157,108,298,83,230,491,433,472,433,51,78,239,117,122,125,1,52,119,10,19,29,0.345,0.655,4,49,49,21,53,0.075,0.925,0.961,0.412,1626220.0,Royce O'Neale,0.3256610644257703,0.1613949579831932,3920.1,15.66265060240964,75.52941176470588,69.54022988505741,50.08541182987527,7.749766573295985,28.699551569506728,20.31963757102243,36.95652173913043,28.90625,2.631578947368421,25.55769093249428,52.42922689478213,50.44879005508926,51.4390084749357,29.403606102635223,23.97959183673469,26.96279968297999,2023-24,0.0
203497,Rudy Gobert,Rudy,1610612750,MIN,32.0,76,53,23,0.697,2593.1133333333332,106.6,697,0.256,0.368,52,0.132,162,0.5,917.0,663.0,708.0,2352.0,12.5,12.499614918148495,61,22,272,55,22,87,4,16,19,135,464,5,38,564,523,532,511,1,76,834,705,129,124,1,362,869,18,12,30,0.6,0.4,71,144,211,145,215,0.33,0.67,0.995,0.684,203497.0,Rudy Gobert,0.3181026315789473,0.1250921052631579,5111.1,63.05220883534136,47.411764705882355,91.3793103448276,64.65982876740227,62.65172735760971,31.838565022421523,44.1638299564968,36.52173913043478,23.4375,2.631578947368421,23.46971538901602,57.08643049595976,77.86099865047234,67.47371457321606,82.10818307905686,72.44897959183673,77.76154150980781,2023-24,1.0
1629060,Rui Hachimura,Rui,1610612747,LAL,26.0,68,40,28,0.588,1825.493333333333,113.5,236,0.121,0.177,41,0.152,25,0.123,596.0,553.0,557.0,1968.0,5.3,5.298915808172555,148,110,361,191,137,324,113,275,285,207,415,175,359,422,458,445,442,130,68,305,185,120,87,2,26,61,16,18,34,0.471,0.529,11,57,68,42,68,0.162,0.838,1.0,0.618,1629060.0,Rui Hachimura,0.3034767801857585,0.1403467492260062,3729.3,8.032128514056225,70.0,51.72413793103446,40.64388588838111,14.098972922502334,27.802690582959645,22.32120351877672,20.434782608695652,14.84375,5.263157894736842,14.685015017162472,66.09829435174294,66.3422487168861,66.22027153431452,18.16920943134535,28.061224489795915,22.62061620764811,2023-24,0.0
201566,Russell Westbrook,Russell,1610612746,LAC,35.0,68,45,23,0.662,1528.8166666666666,112.8,250,0.154,0.232,74,0.282,23,0.151,506.0,483.0,545.0,1652.0,4.95,4.9547526883854145,148,66,272,88,183,296,99,158,153,50,75,188,303,383,415,433,397,145,66,132,73,59,124,5,26,58,27,29,56,0.482,0.518,9,7,15,11,16,0.563,0.438,0.938,0.688,201566.0,Russell Westbrook,0.2678830769230769,0.1305046153846153,3160.4,7.228915662650602,88.58823529411765,55.7471264367816,47.83423022719681,3.6414565826330536,0.4484304932735426,1.725640929017347,36.52173913043478,40.625,13.157894736842104,32.11691933638444,88.02970875650095,73.77402351333303,80.90186613491699,20.110957004160888,2.5510204081632653,12.20898553596196,2023-24,0.0
1630180,Saddiq Bey,Saddiq,1610612737,ATL,25.0,63,28,35,0.444,2061.6583333333333,119.1,244,0.119,0.179,51,0.173,11,0.057,698.0,613.0,685.0,2400.0,2.73,2.732121975465595,191,221,461,359,92,523,108,283,280,139,336,298,479,486,493,520,515,267,63,206,130,76,89,0,37,87,27,20,47,0.574,0.426,10,23,33,23,33,0.303,0.697,1.0,0.697,1630180.0,Saddiq Bey,0.3188466076696165,0.1507374631268436,4259.1,2.4096385542168677,44.588235294117645,19.540229885057496,21.454795245892296,8.96358543417367,8.071748878923767,8.428483501023727,21.304347826086957,22.65625,0.0,16.45142663043478,56.6280222255058,58.496242258349426,57.562132241927614,19.27877947295423,10.714285714285714,15.4247572815534,2023-24,0.0
1630573,Sam Hauser,Sam,1610612738,BOS,26.0,79,62,17,0.785,1740.585,107.1,231,0.122,0.178,40,0.167,25,0.104,485.0,479.0,398.0,1714.0,8.28,8.277313578521943,30,2,199,21,152,92,123,269,283,210,359,175,393,375,411,367,408,31,79,278,193,85,72,1,29,72,12,11,23,0.522,0.478,0,34,31,9,34,0.0,1.0,0.912,0.265,1630573.0,Sam Hauser,0.3201742424242424,0.1306388888888889,3463.6,8.032128514056225,84.94117647058823,88.50574712643679,55.06869995193756,14.84593837535014,12.10762331838565,13.202949341171449,13.91304347826087,14.0625,2.631578947368421,11.144987128146452,55.80998686214458,73.67263386948427,64.74131036581443,17.475728155339805,16.3265306122449,16.958589260947097,2023-24,0.0
1630583,Santi Aldama,Santi,1610612763,MEM,23.0,61,23,38,0.377,1618.0566666666666,114.6,280,0.173,0.271,43,0.167,54,0.25,613.0,478.0,502.0,1594.0,4.19,4.189300361005456,206,270,488,406,172,383,83,115,103,183,360,54,162,427,409,412,388,181,60,348,218,130,75,1,51,127,15,13,28,0.536,0.464,8,40,48,30,48,0.167,0.833,1.0,0.625,1630583.0,Santi Aldama,0.3149318885448916,0.1780278637770898,3206.4,19.67871485943775,92.0,45.40229885057473,51.42206065641878,17.180205415499533,32.28699551569507,26.244279475616853,15.217391304347828,16.40625,2.631578947368421,12.487038758581235,59.04011536369266,37.88931747903981,48.464716421366234,24.271844660194176,19.387755102040817,22.074004359025167,2023-24,0.0
1630703,Scoot Henderson,Scoot,1610612757,POR,20.0,62,18,44,0.29,1765.3933333333334,119.6,141,0.083,0.132,48,0.176,13,0.088,717.0,536.0,646.0,1996.0,2.1,2.09615353074699,200,316,528,458,148,532,234,467,451,157,329,277,425,496,449,500,453,308,61,176,56,120,106,3,10,22,20,27,47,0.426,0.574,1,14,13,0,15,0.067,0.933,0.867,0.0,1630703.0,Scoot Henderson,0.3766312684365782,0.1616991150442478,3548.5,3.2128514056224895,68.35294117647058,16.666666666666693,29.375336640680366,2.0541549953314657,27.802690582959645,17.503276347908372,28.695652173913043,20.3125,7.894736842105263,20.561320080091537,21.02342856561248,50.21912169079613,35.6212751282043,4.993065187239944,6.122448979591836,5.501287893798295,2023-24,0.0
1630567,Scottie Barnes,Scottie,1610612761,TOR,22.0,60,22,38,0.367,2094.2483333333334,115.8,353,0.167,0.251,75,0.228,88,0.381,681.0,645.0,537.0,2326.0,4.77,4.770996583170469,215,276,488,414,85,442,47,132,132,47,168,14,76,477,516,425,506,153,60,425,262,163,135,1,43,98,16,33,49,0.327,0.673,26,90,111,60,116,0.224,0.776,0.982,0.531,1630567.0,Scottie Barnes,0.3691804733727811,0.1723461538461538,4286.2,33.33333333333333,48.94117647058824,38.50574712643679,40.08918187964841,21.288515406162464,47.08520179372198,36.766527238698174,41.30434782608695,41.40625,2.631578947368421,31.671821367276888,25.614310075836897,42.17956483250245,33.896937454169674,34.39667128987517,44.89795918367347,39.12225084208441,2023-24,0.0
1628983,Shai Gilgeous-Alexander,Shai,1610612760,OKC,25.0,75,55,20,0.733,2552.6866666666665,109.7,350,0.128,0.197,150,0.328,67,0.19,721.0,805.0,632.0,2438.0,10.32,10.32471058687204,76,14,237,41,28,155,49,242,231,1,40,35,234,498,564,495,517,5,75,451,206,245,263,0,40,90,27,43,70,0.386,0.614,2,23,25,11,25,0.08,0.92,1.0,0.44,1628983.0,Shai Gilgeous-Alexander,0.3319073569482288,0.1556021798365122,5317.0,24.899598393574298,42.35294117647059,73.56321839080455,43.17417336689556,16.059757236227824,83.85650224215246,56.737804239782605,96.95652173913044,100.0,0.0,73.78260869565219,48.58051160959831,54.82290478728936,51.70170819844384,33.980582524271846,10.714285714285714,23.51074895977809,2023-24,0.0
1631323,Simone Fontecchio,Simone,1610612765,DET,28.0,66,29,37,0.439,1643.8933333333334,114.5,182,0.107,0.154,44,0.171,23,0.128,573.0,429.0,607.0,1796.0,4.39,4.389670026293003,170,213,475,366,168,376,180,347,366,179,346,188,349,407,384,475,415,169,64,257,174,83,73,1,21,45,18,18,36,0.5,0.5,5,30,34,15,35,0.143,0.857,0.971,0.429,1631323.0,Simone Fontecchio,0.2961076923076923,0.1064061538461538,3406.4,7.228915662650602,80.11764705882352,45.97701149425286,42.42699560921169,13.071895424836605,11.210762331838566,11.95521556903778,14.347826086956522,17.1875,2.631578947368421,12.412650171624714,70.63883116653385,91.9707217071239,81.30477643682887,10.679611650485436,14.285714285714285,12.302357836338418,2023-24,0.0
203915,Spencer Dinwiddie,Spencer,1610612747,LAL,31.0,76,38,38,0.5,2152.4083333333333,115.2,175,0.077,0.114,51,0.196,22,0.085,641.0,634.0,662.0,2274.0,5.13,5.127895608391995,61,124,488,300,74,419,192,496,499,139,263,193,433,446,504,506,495,134,76,298,169,129,85,0,22,51,11,11,22,0.5,0.5,1,23,24,10,24,0.042,0.958,1.0,0.417,203915.0,Spencer Dinwiddie,0.2932473404255319,0.1381010638297872,4328.5,6.827309236947792,52.0,41.95402298850572,31.41942944190555,12.605042016806722,31.838565022421523,24.145155820175603,19.565217391304348,22.65625,0.0,15.755774456521738,72.40126543779047,68.03796108956102,70.21961326367574,9.70873786407767,10.714285714285714,10.16123439667129,2023-24,0.0
201939,Stephen Curry,Stephen,1610612744,GSW,36.0,74,43,31,0.581,2421.5383333333334,114.7,293,0.116,0.169,54,0.161,28,0.126,906.0,650.0,814.0,2530.0,6.32,6.32149559645446,87,79,406,205,38,390,75,301,316,126,388,160,351,559,519,561,531,89,74,303,113,190,117,7,79,182,27,28,55,0.491,0.509,2,21,22,6,23,0.087,0.913,0.957,0.261,201939.0,Stephen Curry,0.3267583081570996,0.1673081570996978,4980.4,9.236947791164658,36.94117647058823,44.82758620689652,27.83108743289587,7.376283846872083,59.19282511210763,38.46620860601341,33.47826086956522,25.0,18.421052631578945,26.746567505720822,51.753149252699934,45.98374569899656,48.86844747584825,26.0748959778086,9.693877551020408,18.703437685753915,2023-24,0.0
1627752,Taurean Prince,Taurean,1610612747,LAL,30.0,78,44,34,0.564,2107.6216666666664,116.5,209,0.095,0.141,58,0.184,35,0.15,724.0,659.0,777.0,2298.0,4.36,4.355620123212868,43,72,446,237,81,465,149,407,421,114,306,128,304,502,521,554,497,172,77,297,166,131,120,11,21,48,10,36,46,0.217,0.783,4,49,48,22,53,0.075,0.925,0.923,0.423,1627752.0,Taurean Prince,0.3142391930835734,0.1390115273775216,4334.2,12.048192771084338,50.588235294117645,34.482758620689644,31.14584911654732,12.324929971988796,32.73542600896861,24.571227594176683,34.78260869565217,28.125,28.947368421052634,30.993635583524025,59.46692656415552,67.35047195801923,63.40869926108738,14.424410540915394,23.97959183673469,18.72424212403408,2023-24,0.0
1629611,Terance Mann,Terance,1610612746,LAC,27.0,75,47,28,0.627,1872.8916666666669,114.8,167,0.088,0.128,43,0.155,15,0.088,646.0,523.0,549.0,1926.0,4.72,4.715194896713398,76,45,361,126,129,394,198,448,462,183,406,258,426,451,442,438,439,156,73,188,119,69,71,1,50,115,14,12,26,0.538,0.462,7,23,30,16,30,0.233,0.767,1.0,0.533,1629611.0,Terance Mann,0.3157238605898123,0.1359276139410187,3722.8,4.016064257028113,72.47058823529412,44.252873563218394,38.03434997596878,7.936507936507936,4.932735426008969,6.134244430208556,13.478260869565217,16.40625,2.631578947368421,11.79138658466819,58.552133908491,69.67912858077727,64.11563124463413,8.599167822468793,10.714285714285714,9.550970873786408,2023-24,0.0
1626179,Terry Rozier,Terry,1610612748,MIA,30.0,61,22,39,0.361,2040.381666666667,117.2,212,0.11,0.16,63,0.21,21,0.119,664.0,578.0,616.0,2084.0,3.82,3.818506282753464,206,276,497,417,96,484,144,331,345,94,214,202,367,464,473,484,471,201,61,227,82,145,91,3,21,45,25,28,53,0.472,0.528,0,13,13,4,13,0.0,1.0,1.0,0.308,1626179.0,Terry Rozier,0.3626419354838709,0.1587064516129032,4082.7,6.425702811244979,63.17647058823529,30.459770114942504,32.29698835911597,4.481792717086835,39.01345291479821,25.20078883571366,22.17391304347826,32.03125,7.894736842105263,22.05418692791762,29.643095251254348,52.47887562441792,41.06098543783613,14.840499306518725,5.612244897959184,10.68778482266693,2023-24,0.0
203501,Tim Hardaway Jr.,Tim,1610612742,DAL,32.0,79,49,30,0.62,2120.3283333333334,115.8,232,0.106,0.164,42,0.143,6,0.031,640.0,698.0,666.0,2312.0,4.79,4.7940574030863115,30,29,395,138,78,445,121,353,331,194,433,370,506,445,537,510,502,151,79,258,120,138,67,21,51,114,17,21,38,0.447,0.553,2,22,23,11,24,0.083,0.917,0.958,0.458,203501.0,Tim Hardaway Jr.,0.3626730245231607,0.1659019073569482,4379.7,0.4016064257028112,49.76470588235294,38.50574712643679,27.20472641071385,8.029878618113912,35.874439461883405,24.736615124375607,11.73913043478261,15.625,55.26315789473685,23.980191647597255,29.623939430375636,47.045601955383326,38.33477069287948,17.614424410540916,10.20408163265306,14.279770160491385,2023-24,0.0
202699,Tobias Harris,Tobias,1610612755,PHI,31.0,70,41,29,0.586,2367.78,112.4,373,0.156,0.232,70,0.176,46,0.147,678.0,634.0,758.0,2492.0,7.67,7.667002130019988,128,97,381,197,47,281,41,154,156,66,328,77,309,475,504,549,524,45,70,318,161,157,110,0,36,82,26,29,55,0.473,0.527,18,84,96,44,102,0.176,0.824,0.98,0.449,202699.0,Tobias Harris,0.305059829059829,0.1406695156695156,4734.9,16.46586345381526,39.1764705882353,58.0459770114942,34.80960434028201,11.858076563958916,44.39461883408072,31.380001926032,30.434782608695656,37.5,0.0,25.298913043478265,65.12288303744378,66.09852844660034,65.61070574202206,37.17059639389736,41.83673469387755,39.270358628888445,2023-24,0.0
1641739,Toumani Camara,Toumani,1610612757,POR,24.0,70,19,51,0.271,1739.32,111.5,204,0.119,0.182,66,0.227,33,0.221,689.0,500.0,616.0,1856.0,6.15,6.153980429323992,128,307,548,467,154,236,156,282,272,82,170,137,197,482,425,484,429,95,69,306,189,117,141,13,40,95,23,21,44,0.523,0.477,23,43,62,32,66,0.348,0.652,0.939,0.485,1641739.0,Toumani Camara,0.3372719546742209,0.1260056657223796,3493.1,11.244979919678714,76.58823529411765,63.21839080459768,47.10847202196208,14.47245564892624,26.45739910313901,21.6634217214539,43.913043478260875,34.375,34.21052631578947,38.14909897025172,45.27506134567737,77.17117104750662,61.223116196591995,13.730929264909848,20.918367346938776,16.965276401822866,2023-24,0.0
1629027,Trae Young,Trae,1610612737,ATL,25.0,54,22,32,0.407,1941.7133333333336,119.1,126,0.065,0.099,72,0.233,11,0.058,660.0,625.0,734.0,2336.0,2.67,2.6708555547848607,271,276,425,380,115,520,255,525,523,58,159,298,477,458,498,542,509,273,54,131,35,96,129,12,10,24,17,19,36,0.472,0.528,0,2,2,1,2,0.0,1.0,1.0,0.5,1629027.0,Trae Young,0.3581666666666667,0.1596320754716981,4115.1,2.4096385542168677,48.35294117647059,19.540229885057496,22.772442304715828,0.0933706816059757,17.040358744394617,10.26156351927916,38.69565217391304,39.0625,31.57894736842105,37.04487271167048,32.400576659650056,51.77993897352091,42.090257816585485,2.912621359223301,0.0,1.6019417475728157,2023-24,0.0
1630200,Tre Jones,Tre,1610612759,SAS,24.0,77,21,56,0.273,2138.18,111.8,231,0.104,0.151,78,0.232,9,0.03,820.0,627.0,590.0,2416.0,7.28,7.275826788271641,54,289,563,465,75,249,123,366,378,36,160,319,509,542,499,465,516,60,76,196,122,74,170,8,29,75,23,37,60,0.383,0.617,0,9,9,3,9,0.0,1.0,1.0,0.333,1630200.0,Tre Jones,0.3050846994535519,0.1161475409836065,4442.6,1.6064257028112447,43.64705882352941,61.49425287356321,31.292604087750593,8.216619981325863,7.174887892376682,7.591580727956354,56.52173913043478,43.75,21.052631578947366,43.18435354691076,65.10755889690351,84.61502053731306,74.86128971710829,17.475728155339805,3.571428571428571,11.218793342579753,2023-24,0.0
1630530,Trey Murphy III,Trey,1610612740,NOP,24.0,57,35,22,0.614,1690.265,108.2,238,0.139,0.198,51,0.163,28,0.172,508.0,411.0,451.0,1644.0,7.5,7.5019256764128865,241,155,262,154,161,111,112,202,229,139,377,160,264,384,377,387,395,53,57,232,112,120,95,1,21,48,13,21,34,0.382,0.618,0,23,23,10,23,0.0,1.0,1.0,0.435,1630530.0,Trey Murphy III,0.2645014164305949,0.138028328611898,3348.3,9.236947791164658,89.05882352941177,82.18390804597698,55.41134436325422,7.282913165266107,27.802690582959645,19.594779615882228,23.91304347826087,22.65625,2.631578947368421,18.152799628146457,90.1133525147659,68.0928833013328,79.10311790804934,18.446601941747577,10.714285714285714,14.967059639389737,2023-24,0.0
1630169,Tyrese Haliburton,Tyrese,1610612754,IND,24.0,69,40,29,0.58,2223.5383333333334,116.2,236,0.102,0.155,83,0.249,48,0.162,675.0,706.0,641.0,2804.0,4.79,4.794293365895394,138,110,381,209,65,460,113,375,363,27,125,64,284,472,539,497,562,151,69,230,108,122,154,0,16,35,20,32,52,0.385,0.615,0,13,13,9,13,0.0,1.0,1.0,0.692,1630169.0,Tyrese Haliburton,0.37301246105919,0.1477819314641744,4650.2,17.269076305220885,20.823529411764703,36.206896551724114,23.247589954137027,6.909430438842204,28.699551569506728,19.98350311724092,49.56521739130435,47.65625,0.0,36.50577445652174,23.253192736504666,60.727958070661735,41.9905754035832,18.16920943134535,5.612244897959184,12.518575391321578,2023-24,0.0
1630178,Tyrese Maxey,Tyrese,1610612755,PHI,23.0,70,43,27,0.614,2625.806666666667,113.2,222,0.085,0.128,69,0.157,33,0.096,730.0,750.0,875.0,2782.0,7.88,7.8763095635568865,128,79,344,152,18,309,134,459,464,70,405,137,412,505,556,567,557,39,69,221,102,119,111,3,12,26,20,46,66,0.303,0.697,0,39,36,8,39,0.0,1.0,0.947,0.211,1630178.0,Tyrese Maxey,0.3110809248554913,0.1455057803468208,5230.4,11.244979919678714,22.11764705882353,53.448275862068925,25.601237403976953,6.349206349206349,27.3542600896861,18.9522385934942,30.869565217391305,36.71875,7.894736842105263,27.17307279748284,61.41292495606972,62.44667504601055,61.929800001040135,16.22746185852982,18.877551020408163,17.420001981375073,2023-24,0.0
1626145,Tyus Jones,Tyus,1610612764,WAS,28.0,66,11,55,0.167,1932.6666666666667,122.5,159,0.081,0.129,71,0.234,18,0.079,665.0,713.0,665.0,2546.0,0.66,0.6620650538543075,170,392,560,530,117,555,207,481,459,62,156,228,445,465,542,509,534,448,66,117,43,74,127,0,19,42,12,23,35,0.343,0.657,0,7,6,4,7,0.0,1.0,0.857,0.571,1626145.0,Tyus Jones,0.3567206349206349,0.1161492063492063,4096.5,5.220883534136546,36.0,0.0,14.688353413654616,0.8403361344537815,7.174887892376682,4.641067189207521,37.826086956521735,38.28125,0.0,28.528872282608695,33.29156350725657,84.61376302321185,58.95266326523421,7.489597780859916,2.5510204081632653,5.267237963146424,2023-24,0.0
1641705,Victor Wembanyama,Victor,1610612759,SAS,20.0,71,19,52,0.268,2106.235,111.2,594,0.273,0.389,88,0.274,254,0.708,832.0,566.0,610.0,2298.0,7.61,7.605742051065426,118,307,551,469,82,226,7,11,12,21,83,1,9,545,464,478,497,48,71,644,511,133,204,11,134,296,17,20,37,0.459,0.541,20,41,59,34,61,0.328,0.672,1.0,0.576,1641705.0,Victor Wembanyama,0.3201880341880341,0.1423789173789174,4393.5,100.0,50.588235294117645,64.94252873563214,73.94151453684921,44.537815126050425,33.6322869955157,37.994498247729595,71.30434782608695,51.5625,28.947368421052634,53.80545623569794,55.80148892966318,64.80776277061356,60.30462585013837,67.82246879334258,19.897959183673468,46.25643946899149,2023-24,1.0
1628380,Zach Collins,Zach,1610612759,SAS,26.0,69,19,50,0.275,1525.7283333333332,116.3,252,0.162,0.235,34,0.176,52,0.364,627.0,429.0,472.0,1724.0,3.22,3.223640989934644,138,307,544,463,184,463,97,145,147,246,327,57,89,437,384,400,409,232,69,612,493,119,74,2,201,440,14,14,28,0.5,0.5,26,95,117,62,121,0.215,0.785,0.975,0.517,1628380.0,Zach Collins,0.3205243553008596,0.1403065902578796,3182.0,18.87550200803213,84.35294117647058,35.63218390804598,45.98177619198905,42.857142857142854,27.3542600896861,33.5554131966688,14.782608695652174,9.375,5.263157894736842,10.510082951945082,55.59426132976976,66.37257267020597,60.98341699998787,20.388349514563107,47.44897959183674,32.56563304933624,2023-24,0.0
1629627,Zion Williamson,Zion,1610612740,NOP,23.0,70,42,28,0.6,2206.923333333333,111.6,284,0.127,0.185,76,0.191,47,0.205,741.0,596.0,686.0,2162.0,7.77,7.771318007854527,128,88,361,170,69,244,78,248,264,42,276,68,213,511,483,521,482,43,70,289,126,163,143,1,66,152,45,23,68,0.662,0.338,10,35,43,32,45,0.222,0.778,0.977,0.727,1629627.0,Zion Williamson,0.3145870786516854,0.1599073033707865,4443.2,16.867469879518072,58.58823529411765,62.64367816091955,42.9137898449783,8.590102707749766,47.08520179372198,31.68716215933309,44.78260869565218,42.1875,2.631578947368421,33.33656321510297,59.252573410076806,51.57211495926882,55.41234418467282,24.826629680998614,16.83673469387755,21.231176936794135,2023-24,0.0
1631260,AJ Green,AJ,1610612749,MIL,26.0,78,31,47,0.397,2269.9333333333334,116.7,184,0.08,0.12,39,0.111,8,0.042,812.0,648.0,677.0,2060.0,4.72,4.721945261423365,28,188,548,387,41,442,173,488,503,239,523,341,503,541,525,524,506,154,78,304,171,133,110,3,28,64,11,26,37,0.297,0.703,0,36,36,9,36,0.0,1.0,1.0,0.25,1631260.0,AJ Green,0.3485264483627204,0.1821964735516372,4579.8,1.5625,58.2089552238806,32.39436619718306,29.096725877653977,18.13110181311018,35.80786026200873,28.737156882449312,19.366197183098592,3.4782608695652173,10.344827586206897,11.550077074138986,31.66314475883436,25.481866529148455,28.57250564399141,14.492753623188406,22.22222222222222,17.971014492753625,2025-26,0.0
1642846,Ace Bailey,Ace,1610612762,UTA,19.0,72,19,53,0.264,1987.6433333333337,120.4,198,0.097,0.15,60,0.164,49,0.302,769.0,678.0,768.0,2194.0,2.0,2.003692786200593,84,316,568,479,82,523,154,381,394,112,391,62,119,522,532,556,526,320,72,346,190,156,111,0,18,38,26,14,40,0.65,0.35,3,24,27,10,27,0.111,0.889,1.0,0.37,1642846.0,Ace Bailey,0.2843598014888337,0.1512208436724565,4199.8,22.916666666666664,50.5166475315729,15.023474178403704,30.60336184731811,20.781032078103205,45.85152838427947,35.82332986180897,19.718309859154928,21.73913043478261,0.0,15.496019595835886,80.60771272430739,52.58816491715329,66.59793882073035,17.02898550724638,13.88888888888889,15.61594202898551,2025-26,0.0
1630578,Alperen Sengun,Alperen,1610612745,HOU,23.0,72,46,26,0.639,2397.695,113.7,425,0.177,0.272,85,0.197,77,0.301,927.0,795.0,769.0,2448.0,7.04,7.0363221540244485,84,52,338,140,25,325,16,99,103,43,279,22,122,570,572,557,551,71,71,616,420,196,164,6,159,369,34,18,52,0.654,0.346,49,70,116,83,119,0.412,0.588,0.983,0.703,1630578.0,Alperen Sengun,0.3801,0.2113157894736842,4697.4,37.5,35.93570608495982,46.47887323943659,39.19721543959509,52.85913528591352,63.31877729257642,59.13492048991126,38.38028169014084,43.47826086956522,20.689655172413794,35.74191777350761,7.57970079986542,0.0,3.78985039993271,58.15217391304349,45.83333333333333,52.60869565217392,2025-26,0.0
1641708,Amen Thompson,Amen,1610612745,HOU,23.0,79,49,30,0.62,2953.15,110.4,379,0.123,0.189,119,0.225,48,0.137,1132.0,886.0,909.0,3074.0,11.54,11.540317630227388,25,37,395,160,1,174,34,268,272,8,180,68,306,580,581,579,582,5,79,300,199,101,213,1,36,87,34,33,67,0.507,0.493,16,22,38,27,38,0.421,0.579,1.0,0.711,1641708.0,Amen Thompson,0.2931984732824427,0.1184631043256997,5847.3,22.395833333333336,0.0,61.971830985915446,24.451291079812194,22.03626220362622,21.83406113537118,21.914941562673192,55.633802816901415,73.04347826086956,3.4482758620689653,48.68080748358215,73.86581497208341,81.25395995386634,77.55988746297487,49.81884057971014,12.5,33.02536231884058,2025-26,0.0
1629614,Andrew Nembhard,Andrew,1610612754,IND,26.0,57,13,44,0.228,1785.5933333333332,119.3,135,0.075,0.115,51,0.202,8,0.047,670.0,568.0,535.0,2114.0,2.37,2.3696537557515227,235,384,533,511,116,504,248,508,517,168,264,341,498,479,478,456,515,294,57,141,90,51,94,1,26,57,18,13,31,0.581,0.419,0,15,15,2,15,0.0,1.0,1.0,0.133,1629614.0,Andrew Nembhard,0.3459064516129032,0.1220870967741935,3710.4,1.5625,55.10907003444317,20.187793427230037,24.960122868862616,6.834030683403068,0.0,2.7336122733612274,13.732394366197184,13.91304347826087,3.4482758620689653,11.22459192938742,33.661606814094625,78.08265977214594,55.872133293120285,5.615942028985507,7.638888888888889,6.526268115942029,2025-26,0.0
203952,Andrew Wiggins,Andrew,1610612748,MIA,31.0,68,35,33,0.515,2062.598333333334,113.9,214,0.098,0.149,76,0.207,69,0.369,684.0,674.0,647.0,2334.0,5.95,5.950779095640668,135,162,435,290,68,336,135,378,399,61,242,31,87,485,531,510,539,92,68,515,273,242,152,0,8,19,24,15,39,0.615,0.385,10,40,47,21,50,0.2,0.8,0.94,0.42,203952.0,Andrew Wiggins,0.3027203389830508,0.1598333333333333,4389.0,33.33333333333333,42.47990815154994,45.539906103286334,39.58627771219739,32.357043235704325,83.4061135371179,62.98648541655247,34.154929577464785,35.65217391304348,0.0,26.14023270055113,66.60279554304137,45.05150737308055,55.82715145806095,19.92753623188406,25.0,22.21014492753623,2025-26,0.0
1641710,Anthony Black,Anthony,1610612753,ORL,22.0,64,36,28,0.563,1910.05,113.1,197,0.101,0.154,91,0.273,45,0.207,649.0,534.0,626.0,2018.0,5.93,5.928348757888354,180,151,364,229,95,298,156,364,383,32,88,73,216,469,450,507,499,94,64,266,142,124,194,3,19,46,8,21,29,0.276,0.724,0,21,21,7,21,0.0,1.0,1.0,0.333,1641710.0,Anthony Black,0.349683284457478,0.1395278592375366,3914.6,20.833333333333336,60.61997703788749,49.29577464788733,41.874268958565786,14.086471408647142,31.877729257641924,24.761226118044014,48.943661971830984,48.69565217391305,10.344827586206897,39.207149946153685,30.78074174070474,62.82051616797536,46.800628954340056,16.847826086956523,11.805555555555555,14.578804347826088,2025-26,0.0
1630162,Anthony Edwards,Anthony,1610612750,MIN,24.0,61,37,24,0.607,2136.5933333333332,114.3,266,0.12,0.179,83,0.226,49,0.209,774.0,602.0,700.0,2292.0,5.83,5.825825957332806,210,136,309,170,60,358,82,282,302,48,175,62,213,526,501,534,535,98,61,251,148,103,133,0,7,19,24,15,39,0.615,0.385,0,17,17,9,17,0.0,1.0,1.0,0.529,1630162.0,Anthony Edwards,0.309227414330218,0.1533302180685358,4372.5,22.916666666666664,44.89092996555683,43.661971830985905,35.79398511235803,14.923291492329149,22.707423580786028,19.593770745403276,27.464788732394368,41.73913043478261,0.0,25.59461114513166,61.639375961341344,50.74228375137363,56.19082985635748,29.347826086956523,9.027777777777777,20.20380434782609,2025-26,0.0
1641709,Ausar Thompson,Ausar,1610612765,DET,23.0,73,53,20,0.726,1895.61,107.2,268,0.135,0.203,146,0.364,69,0.284,683.0,543.0,512.0,1704.0,9.15,9.147361176051191,78,19,251,69,98,89,79,223,236,3,21,31,138,483,460,442,442,20,73,309,160,149,321,2,37,88,28,33,61,0.459,0.541,11,10,20,15,21,0.524,0.476,1.0,0.75,1641709.0,Ausar Thompson,0.2793259668508287,0.1429226519337016,3869.3,33.33333333333333,78.64523536165328,76.99530516431922,60.107992000991786,16.596931659693166,42.79475982532751,32.31562855907377,93.66197183098592,96.52173913043478,6.896551724137931,72.97153535908102,84.44738447856037,59.849785172460834,72.1485848255106,29.71014492753623,4.166666666666666,18.21557971014493,2025-26,1.0
1630559,Austin Reaves,Austin,1610612747,LAL,28.0,51,36,15,0.706,1761.65,112.3,207,0.117,0.174,56,0.175,20,0.123,629.0,478.0,544.0,1878.0,5.89,5.893018251164724,291,151,187,82,121,262,143,297,323,137,350,209,343,462,414,460,470,95,51,153,83,70,114,15,16,36,20,20,40,0.5,0.5,0,12,12,3,12,0.0,1.0,1.0,0.25,1630559.0,Austin Reaves,0.3446090909090909,0.1187666666666666,3589.8,7.8125,68.65671641791045,53.05164319248825,40.417761544390714,5.857740585774058,8.296943231441048,7.321262173174252,20.774647887323944,18.26086956521739,51.72413793103448,27.632197985514285,34.651198170929526,80.98831720743293,57.81975768918123,18.65942028985507,5.555555555555555,12.76268115942029,2025-26,0.0
1630245,Ayo Dosunmu,Ayo,1610612750,MIN,26.0,69,36,33,0.522,1881.0433333333333,113.2,190,0.093,0.143,58,0.178,18,0.089,723.0,629.0,534.0,2002.0,5.84,5.840618694113976,118,151,435,287,100,300,162,410,420,123,334,224,418,506,516,455,495,97,67,248,147,101,83,4,10,26,20,18,38,0.526,0.474,1,16,17,9,17,0.059,0.941,1.0,0.529,1630245.0,Ayo Dosunmu,0.2812184210526315,0.1097342105263157,3915.3,6.770833333333333,61.53846153846154,48.82629107981217,36.45336764174791,14.783821478382148,21.83406113537118,19.013965272575568,9.859154929577464,20.0,13.79310344827586,14.391937833899952,83.00387203378932,88.8924809733319,85.9481765035606,15.579710144927535,8.333333333333332,12.318840579710145,2025-26,0.0
1628389,Bam Adebayo,Bam,1610612748,MIA,28.0,73,37,36,0.507,2364.685,111.0,583,0.236,0.344,86,0.209,49,0.265,736.0,646.0,659.0,2494.0,8.63,8.628632656291693,78,136,472,301,29,210,5,24,32,40,231,62,159,510,522,519,556,30,73,498,300,198,176,2,85,189,22,16,38,0.579,0.421,22,138,155,105,160,0.138,0.863,0.969,0.656,1628389.0,Bam Adebayo,0.335260989010989,0.1593873626373626,4960.3,22.916666666666664,33.295063145809415,59.15492957746476,35.60867116206615,36.122733612273365,64.19213973799127,52.9643772877041,42.6056338028169,44.34782608695652,6.896551724137931,34.288130582596025,41.78167531116509,45.441769485729736,43.61172239844741,86.77536231884058,93.05555555555556,89.60144927536231,2025-26,0.0
1631097,Bennedict Mathurin,Bennedict,1610612746,LAC,24.0,54,22,32,0.407,1620.015,115.3,238,0.142,0.225,43,0.149,13,0.068,551.0,528.0,422.0,1764.0,4.14,4.13707776625956,266,277,424,380,144,401,107,187,188,214,438,272,462,410,444,384,454,183,54,143,83,60,68,1,11,24,11,8,19,0.579,0.421,6,22,28,16,28,0.214,0.786,1.0,0.571,1631097.0,Bennedict Mathurin,0.3236523076923077,0.1415846153846154,3329.9,4.166666666666666,75.20091848450058,38.96713615023473,37.72877217380055,5.857740585774058,3.930131004366813,4.701174836929711,4.577464788732395,6.956521739130435,3.4482758620689653,5.127837489705851,50.63646077172407,61.02068042447202,55.82857059809804,24.27536231884058,12.5,18.97644927536232,2025-26,0.0
1626171,Bobby Portis Jr.,Bobby,1610612749,MIL,31.0,67,26,41,0.388,1619.3133333333333,118.4,339,0.198,0.313,41,0.175,12,0.101,572.0,523.0,496.0,1644.0,2.57,2.5732603446897375,147,231,515,395,145,489,43,60,55,227,348,277,390,421,442,431,433,284,67,353,181,172,110,1,64,137,12,15,27,0.444,0.556,21,66,85,54,87,0.241,0.759,0.977,0.621,1626171.0,Bobby Portis Jr.,0.383223188405797,0.1516869565217391,3239.4,3.6458333333333335,82.08955223880598,24.413145539906058,36.292963001891934,19.525801952580196,52.838427947598255,39.51337754959103,19.366197183098592,5.217391304347826,3.4482758620689653,10.434634795278418,5.1974178749535245,52.180276715221105,28.688847295087314,42.572463768115945,43.05555555555556,42.78985507246377,2025-26,0.0
1641764,Brandin Podziemski,Brandin,1610612744,GSW,23.0,82,37,45,0.451,2332.673333333333,110.4,347,0.147,0.227,88,0.199,15,0.072,957.0,755.0,712.0,2446.0,9.09,9.085293313927767,1,136,541,358,33,172,39,169,184,35,272,251,452,575,561,538,550,23,81,212,114,98,149,23,45,114,13,18,31,0.419,0.581,7,24,30,15,31,0.226,0.774,0.968,0.484,1641764.0,Brandin Podziemski,0.3238649999999999,0.129665,4708.5,5.208333333333334,36.05051664753157,61.971830985915446,30.193971906448247,10.181311018131105,20.52401746724891,16.38693488760179,33.098591549295776,46.08695652173913,79.3103448275862,49.19745760922356,50.47422488101222,71.45135294173365,60.96278891137293,44.02173913043478,13.88888888888889,30.461956521739133,2025-26,0.0
1627742,Brandon Ingram,Brandon,1610612761,TOR,28.0,77,43,34,0.558,2603.8633333333332,113.7,367,0.144,0.219,58,0.132,55,0.224,909.0,711.0,699.0,2668.0,7.57,7.565887013863633,37,75,449,234,13,326,37,181,200,123,483,46,198,565,549,533,567,55,76,386,218,168,132,0,18,42,16,15,31,0.516,0.484,0,25,25,16,25,0.0,1.0,1.0,0.64,1627742.0,Brandon Ingram,0.3228950131233595,0.1451102362204724,5249.9,26.041666666666668,23.30654420206659,46.47887323943659,30.19367544724912,24.686192468619247,51.09170305676856,40.52949882150884,27.11267605633803,20.0,0.0,17.845070422535215,51.21410441223741,57.93546373146329,54.574784071850345,47.64492753623188,14.583333333333334,32.76721014492754,2025-26,0.0
1641706,Brandon Miller,Brandon,1610612766,CHA,23.0,65,41,24,0.631,1968.3116666666667,111.3,249,0.122,0.18,66,0.224,44,0.246,678.0,530.0,569.0,1956.0,7.11,7.105461214762976,166,97,309,148,85,221,96,270,301,87,183,76,180,482,446,475,488,70,65,278,170,108,130,2,32,80,21,13,34,0.618,0.382,1,13,13,6,14,0.071,0.929,0.929,0.429,1641706.0,Brandon Miller,0.3106083333333333,0.1477694444444444,3906.6,20.3125,64.17910447761194,57.746478873239425,45.02430628547404,17.99163179916318,24.890829694323145,22.13115053625916,26.408450704225352,26.956521739130434,6.896551724137931,21.722300821420276,60.58604861301306,55.608431420063255,58.09724001653816,26.268115942028984,6.25,17.259963768115945,2025-26,0.0
1641729,Brice Sensabaugh,Brice,1610612762,UTA,22.0,75,18,57,0.24,1761.8666666666666,120.8,175,0.097,0.157,54,0.163,12,0.087,768.0,587.0,684.0,1964.0,1.6,1.5996623820409708,60,325,577,499,120,529,186,382,372,153,394,277,421,521,490,528,491,355,71,199,96,103,107,9,26,59,19,6,25,0.76,0.24,6,21,27,19,27,0.222,0.778,1.0,0.704,1641729.0,Brice Sensabaugh,0.329715710723192,0.136930174563591,3742.5,3.6458333333333335,63.71986222732492,13.145539906103274,27.046670089422868,7.670850767085077,22.707423580786028,16.692794455305645,18.30985915492958,16.52173913043478,31.03448275862069,20.86517304727918,46.01146233086041,65.09371016482265,55.55258624784153,12.862318840579707,11.805555555555555,12.38677536231884,2025-26,0.0
201572,Brook Lopez,Brook,1610612746,LAC,38.0,75,41,34,0.547,1635.2733333333333,112.7,226,0.135,0.211,45,0.142,87,0.509,606.0,510.0,464.0,1572.0,5.27,5.265443748035666,60,97,449,256,141,274,121,215,219,200,460,16,35,442,433,416,418,125,75,621,509,112,127,0,116,264,3,11,14,0.214,0.786,11,91,99,56,102,0.108,0.892,0.971,0.549,201572.0,Brook Lopez,0.290683615819209,0.1273728813559322,3240.8,42.70833333333333,86.22273249138921,51.17370892018776,60.05471693536649,65.27196652719665,26.63755458515284,42.09131936197036,25.352112676056336,8.695652173913043,0.0,13.1843233312921,75.78407964741604,73.45715079472807,74.62061522107206,22.10144927536232,60.416666666666664,39.34329710144928,2025-26,0.0
1628971,Bruce Brown,Bruce,1610612743,DEN,29.0,82,54,28,0.659,1997.7883333333336,115.2,233,0.109,0.166,85,0.309,20,0.116,774.0,541.0,655.0,2002.0,5.04,5.042051695461913,1,13,364,124,78,392,112,328,344,43,52,209,355,526,456,515,495,134,82,211,90,121,195,0,43,103,10,10,20,0.5,0.5,13,13,25,20,26,0.5,0.5,0.962,0.769,1628971.0,Bruce Brown,0.3153425,0.13749,4076.3,7.8125,61.53846153846154,39.43661971830982,34.52261646803899,6.834030683403068,30.567685589519648,21.074223627073017,49.29577464788733,43.47826086956522,0.0,34.935701163502756,56.97495541327097,64.60381551591043,60.789385464590694,23.369565217391305,6.25,15.66576086956522,2025-26,0.0
1642267,Bub Carrington,Bub,1610612764,WAS,20.0,82,17,65,0.207,2270.65,122.6,243,0.104,0.169,52,0.147,17,0.063,949.0,836.0,864.0,2666.0,0.91,0.9086076637772196,1,334,582,523,40,549,100,351,332,161,444,233,471,573,575,574,566,422,81,237,126,111,119,0,25,55,23,16,39,0.59,0.41,2,30,31,10,32,0.063,0.938,0.969,0.313,1642267.0,Bub Carrington,0.331955223880597,0.1296442786069651,4759.8,6.25,23.421354764638348,4.694835680751174,11.871183087811216,11.85495118549512,26.200873362445417,20.462504491665296,22.535211267605636,14.782608695652174,0.0,14.187997550520514,44.303222781463205,71.46948591480984,57.88635434813652,25.181159420289855,18.055555555555554,21.97463768115942,2025-26,0.0
203468,CJ McCollum,CJ,1610612737,ATL,34.0,76,37,39,0.487,2263.3716666666664,112.0,190,0.077,0.12,64,0.166,35,0.127,864.0,737.0,730.0,2440.0,7.71,7.71103344217356,54,136,503,335,44,249,162,501,502,94,386,109,327,551,557,542,549,48,75,326,161,165,113,0,26,63,20,21,41,0.488,0.512,1,14,15,9,15,0.067,0.933,1.0,0.6,203468.0,CJ McCollum,0.36858,0.1627742857142857,4670.5,15.625,36.39494833524684,54.46009389671359,32.60325539151479,16.736401673640167,49.78165938864629,36.56355630264384,20.422535211267608,25.217391304347824,0.0,16.995101041028782,16.366842569489492,42.47792507325494,29.422383821372215,15.579710144927535,6.944444444444445,11.693840579710145,2025-26,0.0
1630595,Cade Cunningham,Cade,1610612765,DET,24.0,64,47,17,0.734,2171.6716666666666,109.0,299,0.132,0.199,92,0.208,54,0.201,711.0,647.0,590.0,1900.0,9.32,9.321070787427171,180,44,216,60,57,127,61,232,244,28,238,49,223,498,523,491,474,16,64,310,178,132,154,0,20,44,24,32,56,0.429,0.571,3,26,29,14,29,0.103,0.897,1.0,0.483,1630595.0,Cade Cunningham,0.3232877906976744,0.1439418604651162,4415.8,25.520833333333332,67.39380022962112,68.54460093896712,50.9323136484425,19.107391910739192,35.37117903930131,28.86566418787646,34.859154929577464,49.56521739130435,0.0,31.291488058787507,50.914504392321255,58.95789142631642,54.936197909318835,35.32608695652174,15.27777777777778,26.30434782608696,2025-26,0.0
1642285,Cam Spencer,Cam,1610612763,MEM,26.0,72,23,49,0.319,1714.4516666666666,116.0,143,0.082,0.132,52,0.164,11,0.065,624.0,606.0,490.0,1868.0,3.86,3.858283744562263,84,268,559,435,131,425,237,477,468,161,393,284,466,457,503,429,468,197,70,142,53,89,113,2,13,29,15,15,30,0.5,0.5,0,21,20,8,21,0.0,1.0,0.952,0.381,1642285.0,Cam Spencer,0.3326693333333334,0.1283973333333333,3448.8,3.125,69.23076923076923,35.6807511737089,34.40095702419645,1.6736401673640169,16.593886462882097,10.625787944674864,20.422535211267608,14.782608695652174,6.896551724137931,15.067065059019788,43.75851956963828,72.56066858946126,58.15959407954977,7.065217391304348,11.805555555555555,9.19836956521739,2025-26,0.0
1629661,Cameron Johnson,Cameron,1610612743,DEN,30.0,54,37,17,0.685,1647.0316666666668,114.7,163,0.095,0.139,40,0.164,21,0.175,548.0,454.0,488.0,1688.0,4.38,4.383520760555558,266,136,216,91,140,373,202,401,438,233,391,197,247,408,400,427,438,175,54,223,117,106,102,5,36,82,16,11,27,0.593,0.407,1,27,28,9,28,0.036,0.964,1.0,0.321,1629661.0,Cameron Johnson,0.3093420195439739,0.1559315960912052,3362.8,8.333333333333332,79.56371986222732,41.78403755868541,41.626644674784245,10.599721059972106,24.017467248908297,18.65036877333382,16.549295774647888,4.3478260869565215,17.24137931034483,12.451802267880147,61.55195823036816,48.465857761732394,55.00890799605028,10.68840579710145,15.97222222222222,13.066123188405795,2025-26,0.0
1641717,Cason Wallace,Cason,1610612760,OKC,22.0,77,61,16,0.792,2046.07,103.8,175,0.079,0.121,150,0.314,28,0.115,607.0,546.0,460.0,1778.0,11.84,11.844127472421004,37,3,202,26,71,44,186,491,500,1,48,140,361,445,462,414,458,4,77,334,133,201,339,0,55,119,22,17,39,0.564,0.436,2,31,33,11,33,0.061,0.939,1.0,0.333,1641717.0,Cason Wallace,0.3008608923884514,0.1703464566929134,4208.4,11.979166666666668,74.39724454649827,92.95774647887325,54.070138877659375,12.831241283124127,65.50218340611353,44.43380655691777,100.0,100.0,0.0,75.0,68.02113068538424,35.85163444438779,51.93638256488602,12.862318840579707,18.75,15.51177536231884,2025-26,0.0
1642907,Cedric Coward,Cedric,1610612763,MEM,22.0,62,20,42,0.323,1597.9466666666667,113.5,281,0.16,0.252,40,0.165,27,0.158,632.0,562.0,451.0,1638.0,4.87,4.871672738053742,201,302,523,431,147,311,72,134,136,233,389,148,272,464,471,405,431,142,62,327,172,155,102,2,10,25,26,29,55,0.473,0.527,8,14,22,14,22,0.364,0.636,1.0,0.636,1642907.0,Cedric Coward,0.2937988980716253,0.146030303030303,3302.3,11.458333333333332,82.43398392652124,47.417840375586835,45.28968780151247,18.270571827057186,45.414847161572055,34.5571370277661,16.549295774647888,4.3478260869565215,6.896551724137931,9.86559537132842,73.40782732064729,57.130327384553034,65.26907735260016,32.065217391304344,6.944444444444445,20.76086956521739,2025-26,0.0
1631096,Chet Holmgren,Chet,1610612760,OKC,24.0,69,56,13,0.812,1997.2683333333337,102.3,484,0.221,0.327,43,0.106,131,0.526,620.0,586.0,487.0,1644.0,12.36,12.357896180190732,118,7,165,19,79,28,9,38,40,214,531,3,31,452,489,425,433,1,69,687,513,174,87,1,94,218,17,11,28,0.607,0.393,19,69,88,64,88,0.216,0.784,1.0,0.727,1631096.0,Chet Holmgren,0.3122897727272727,0.1559630681818181,4072.4,65.625,82.08955223880598,100.0,79.98134328358209,65.82984658298466,53.7117903930131,58.55901286900173,11.267605633802818,6.956521739130435,3.4482758620689653,7.8038938277340195,59.303492507841526,48.438317018174416,53.87090476300797,68.84057971014492,45.13888888888889,58.17481884057972,2025-26,1.0
1642262,Cody Williams,Cody,1610612762,UTA,21.0,67,16,51,0.239,1630.5416666666667,121.4,137,0.084,0.13,51,0.152,26,0.183,728.0,540.0,650.0,1880.0,1.19,1.1949327348506842,147,348,565,500,143,538,244,462,475,168,433,157,239,507,454,512,471,394,66,248,174,74,130,0,62,151,11,18,29,0.379,0.621,0,9,9,4,9,0.0,1.0,1.0,0.444,1642262.0,Cody Williams,0.3108877005347594,0.1333368983957219,3471.8,10.9375,68.5419058553387,10.32863849765253,30.946826673781676,18.549511854951188,10.04366812227074,13.44600561534292,26.408450704225352,13.91304347826087,0.0,15.432945499081445,60.37295493204831,68.23813100070794,64.30554296637813,5.978260869565218,3.4722222222222223,4.85054347826087,2025-26,0.0
1631221,Collin Gillespie,Collin,1610612756,PHX,27.0,80,43,37,0.538,2281.8016666666667,110.0,238,0.107,0.168,99,0.221,16,0.087,809.0,687.0,682.0,2320.0,9.14,9.143285544113873,21,75,482,267,39,158,107,340,334,23,194,243,421,537,539,527,536,21,80,210,93,117,202,12,29,65,39,31,70,0.557,0.443,1,23,24,15,24,0.042,0.958,1.0,0.625,1631221.0,Collin Gillespie,0.3697571059431525,0.1446873385012919,4499.7,5.729166666666666,43.28358208955223,63.84976525821594,33.403361712563935,7.252440725244072,28.82096069868996,20.193552709311604,51.76056338028169,55.65217391304348,41.37931034482759,50.52731380788479,15.468978263903754,58.305535036176835,36.88725665004029,24.27536231884058,13.194444444444445,19.28894927536232,2025-26,0.0
1629012,Collin Sexton,Collin,1610612741,CHI,27.0,68,25,43,0.368,1613.2033333333334,113.6,114,0.065,0.1,76,0.31,10,0.065,683.0,541.0,595.0,1746.0,4.77,4.767077585442413,135,243,527,402,146,318,285,544,546,61,50,300,467,483,456,492,449,150,68,163,91,72,138,1,23,53,12,17,29,0.414,0.586,1,13,14,6,14,0.071,0.929,1.0,0.429,1629012.0,Collin Sexton,0.294612987012987,0.1394337662337662,3341.8,2.604166666666667,76.23421354764638,46.94835680751174,39.460730610220836,6.97350069735007,9.170305676855897,8.291583685053567,29.225352112676056,35.65217391304348,3.4482758620689653,25.030470680152884,72.78686248203374,62.9028555117231,67.84485899687841,1.8115942028985508,6.25,3.808876811594203,2025-26,0.0
1642843,Cooper Flagg,Cooper,1610612742,DAL,19.0,70,22,48,0.314,2343.858333333333,114.7,380,0.151,0.229,84,0.233,64,0.258,783.0,694.0,780.0,2712.0,6.2,6.200646016345326,105,277,552,440,30,370,32,162,176,45,161,37,165,528,542,562,570,87,70,476,251,225,152,0,30,69,24,31,55,0.436,0.564,2,24,25,18,26,0.077,0.923,0.962,0.692,1642843.0,Cooper Flagg,0.3539401709401709,0.1819430199430199,4881.4,30.729166666666668,20.780711825487945,41.78403755868541,30.0109251952588,29.288702928870293,75.9825327510917,57.305000822203134,34.154929577464785,42.608695652173914,0.0,28.575015309246783,27.533704846553793,25.70365989281835,26.618682369686073,50.0,13.88888888888889,33.75,2025-26,0.0
1630558,Davion Mitchell,Davion,1610612748,MIA,27.0,70,37,33,0.529,2000.255,113.0,155,0.072,0.108,68,0.204,11,0.064,605.0,623.0,513.0,2212.0,6.18,6.184530008928938,105,136,435,278,77,290,216,523,536,80,253,284,468,441,514,443,530,88,70,204,60,144,129,8,14,34,11,22,33,0.333,0.667,0,20,20,8,20,0.0,1.0,1.0,0.4,1630558.0,Davion Mitchell,0.2981,0.1405685714285714,4235.1,3.125,49.48335246842709,49.76525821596242,31.01048791794009,2.6499302649930265,40.61135371179039,25.42678433307145,26.056338028169012,28.695652173913043,27.58620689655172,27.3625651962751,70.12706409059247,61.90980489926978,66.01843449493113,9.239130434782608,11.11111111111111,10.081521739130434,2025-26,0.0
1628368,De'Aaron Fox,De'Aaron,1610612759,SAS,28.0,72,55,17,0.764,2231.065,108.9,228,0.092,0.136,89,0.265,19,0.074,625.0,614.0,582.0,2146.0,9.85,9.849287094169874,84,12,216,39,50,122,118,421,448,33,104,217,448,458,508,483,518,13,72,251,113,138,201,2,15,35,20,19,39,0.513,0.487,1,6,7,4,7,0.143,0.857,1.0,0.571,1628368.0,De'Aaron Fox,0.3023648293963254,0.1531496062992126,4645.3,7.291666666666667,53.27210103329506,69.01408450704221,38.815423155080495,10.0418410041841,37.99126637554585,26.811496227001147,51.40845070422535,46.95652173913044,6.896551724137931,38.72230082142028,66.87396855858103,50.90033433923114,58.88715144890608,22.463768115942027,1.3888888888888888,12.980072463768115,2025-26,0.0
201942,DeMar DeRozan,DeMar,1610612758,SAC,36.0,77,20,57,0.26,2405.515,122.3,191,0.081,0.126,80,0.198,23,0.113,929.0,780.0,815.0,2790.0,1.17,1.1690118365142113,37,302,577,481,24,545,160,479,483,56,277,182,365,571,570,568,574,397,77,216,123,93,125,4,7,17,16,23,39,0.41,0.59,0,27,27,13,27,0.0,1.0,1.0,0.481,201942.0,DeMar DeRozan,0.3117795275590551,0.1516955380577427,4909.9,9.375,16.303099885189436,6.1032863849765135,10.98190655606043,11.436541143654114,18.340611353711793,15.578983269688722,24.647887323943664,39.130434782608695,13.79310344827586,27.003082965559475,59.69269360422985,52.1727671447475,55.93273037448868,15.760869565217392,15.97222222222222,15.855978260869566,2025-26,0.0
1629028,Deandre Ayton,Deandre,1610612747,LAL,27.0,72,46,26,0.639,1958.385,115.5,390,0.2,0.302,41,0.115,70,0.412,722.0,575.0,620.0,2104.0,4.74,4.744418257004072,84,52,338,140,87,407,28,57,62,227,517,29,71,505,481,504,509,151,72,571,424,147,79,0,268,616,19,15,34,0.559,0.441,29,40,68,61,69,0.42,0.58,0.986,0.884,1629028.0,Deandre Ayton,0.3595823863636363,0.1454431818181818,3992.9,33.85416666666667,55.683122847301945,38.02816901408448,42.53780191674347,53.417015341701536,41.92139737991266,46.51964456462821,8.450704225352112,5.217391304347826,0.0,5.206368646662584,23.229976823919248,57.64410814793896,40.437042485929105,51.81159420289855,25.0,39.7463768115942,2025-26,0.0
1630166,Deni Avdija,Deni,1610612757,POR,25.0,66,35,31,0.53,2199.385,115.4,380,0.167,0.266,51,0.152,41,0.169,977.0,701.0,769.0,2362.0,5.4,5.402449103658502,157,162,412,275,55,404,32,119,111,168,433,85,259,578,545,557,541,118,66,281,183,98,106,0,9,19,25,15,40,0.625,0.375,1,20,21,18,21,0.048,0.952,1.0,0.857,1630166.0,Deni Avdija,0.3494699140401146,0.162080229226361,4524.6,18.75,40.87256027554535,38.497652582159574,31.429809241980763,19.8047419804742,20.52401746724891,20.236307272539023,17.95774647887324,13.91304347826087,0.0,12.0526638089406,30.943494874976977,43.0852832555808,37.01438906527889,50.0,11.11111111111111,32.5,2025-26,0.0
203471,Dennis Schröder,Dennis,1610612739,CLE,32.0,70,29,41,0.414,1696.2983333333334,117.0,157,0.089,0.145,55,0.195,11,0.067,640.0,577.0,443.0,1756.0,3.34,3.340536373334869,105,203,515,377,134,452,212,434,415,142,287,284,464,467,484,399,451,238,68,155,78,77,107,7,20,45,13,14,27,0.481,0.519,1,12,13,7,13,0.077,0.923,1.0,0.538,203471.0,Dennis Schröder,0.2958767123287671,0.1273780821917808,3432.3,3.125,75.6601607347876,30.985915492957723,35.477535130415085,5.160390516039052,11.353711790393014,8.876383280651428,18.30985915492958,17.391304347826086,24.13793103448276,19.44538294233165,71.82292728171926,73.45259962308349,72.63776345240137,9.601449275362318,5.555555555555555,7.780797101449275,2025-26,0.0
1642852,Derik Queen,Derik,1610612740,NOP,21.0,81,26,55,0.321,2023.38,119.4,436,0.207,0.334,84,0.225,74,0.365,810.0,716.0,747.0,2322.0,2.69,2.690015129996239,19,231,573,434,74,505,14,48,37,45,182,24,89,538,550,547,537,280,81,548,356,192,187,4,125,295,21,9,30,0.7,0.3,12,59,70,43,71,0.169,0.831,1.0,0.614,1642852.0,Derik Queen,0.3741346633416458,0.1625361596009975,4251.2,35.9375,43.16877152698048,19.71830985915488,34.413647499231885,43.93305439330544,61.57205240174672,54.516453198370215,46.478873239436616,42.608695652173914,13.79310344827586,36.95286863610448,12.129896886713809,42.68630558096189,27.40810123383785,60.14492753623188,38.19444444444444,50.26721014492754,2025-26,0.0
1628401,Derrick White,Derrick,1610612738,BOS,31.0,77,52,25,0.675,2624.9566666666665,108.0,253,0.09,0.134,88,0.219,98,0.333,761.0,741.0,695.0,2108.0,11.95,11.954804019134755,37,24,326,102,10,101,92,429,456,35,201,13,100,517,558,531,511,3,77,555,324,231,196,8,29,70,20,29,49,0.408,0.592,0,16,16,2,16,0.0,1.0,1.0,0.125,1628401.0,Derrick White,0.3141959287531806,0.1652035623409669,5102.9,48.4375,55.453501722158435,73.23943661971829,57.09358475768502,39.47001394700139,78.60262008733623,62.949577631202295,49.647887323943664,46.08695652173913,27.58620689655172,42.88614143632409,57.849528685386986,40.35210237435692,49.10081552987195,26.992753623188403,8.333333333333332,18.59601449275362,2025-26,0.0
1630217,Desmond Bane,Desmond,1610612753,ORL,28.0,82,45,37,0.549,2756.045,111.5,240,0.084,0.128,86,0.173,37,0.137,913.0,727.0,860.0,2890.0,9.93,9.932814725815572,1,60,482,251,3,227,103,463,477,40,353,102,307,567,553,573,580,11,82,389,192,197,151,2,31,66,28,33,61,0.459,0.541,13,19,32,21,32,0.406,0.594,1.0,0.656,1630217.0,Desmond Bane,0.3024668367346939,0.1259413265306122,5657.2,16.666666666666664,10.562571756601608,56.80751173708918,24.56544471574952,21.05997210599721,63.75545851528385,46.677263951569195,33.80281690140845,44.34782608695652,6.896551724137931,30.767003822032645,66.79616014332184,74.70988245523878,70.7530212992803,24.637681159420293,10.416666666666668,18.238224637681164,2025-26,0.0
1626164,Devin Booker,Devin,1610612756,PHX,29.0,64,37,27,0.578,2146.43,112.0,200,0.091,0.146,51,0.122,18,0.098,807.0,698.0,624.0,2110.0,7.44,7.442512742291994,180,136,352,203,59,250,153,424,414,168,506,224,400,535,544,506,513,59,64,172,95,77,89,2,33,76,24,23,47,0.511,0.489,4,30,34,16,34,0.118,0.882,1.0,0.471,1626164.0,Devin Booker,0.3063947368421053,0.151391812865497,4352.1,6.770833333333333,55.33869115958668,54.46009389671359,35.69189871336707,7.531380753138076,11.353711790393014,9.82477937549104,11.971830985915492,13.91304347826087,6.896551724137931,11.382435542791985,63.80006508249323,52.438552399836034,58.11930874116463,17.391304347826086,18.055555555555554,17.690217391304348,2025-26,0.0
1630170,Devin Vassell,Devin,1610612759,SAS,25.0,67,52,15,0.776,2044.2316666666663,109.9,230,0.102,0.152,57,0.175,25,0.101,674.0,616.0,572.0,2050.0,8.25,8.247332117524932,147,24,187,32,72,149,116,358,391,130,346,167,389,481,510,479,503,38,67,214,139,75,115,0,32,68,12,15,27,0.444,0.556,0,11,11,9,11,0.0,1.0,1.0,0.818,1630170.0,Devin Vassell,0.3177344632768361,0.1250423728813559,4220.9,10.416666666666668,58.78300803673938,64.31924882629103,40.82053168609821,13.668061366806135,10.480349344978166,11.755434153709354,21.12676056338028,19.130434782608695,0.0,15.146356399265157,55.15043107114479,75.4965429993107,65.32348703522774,22.82608695652174,4.861111111111112,14.741847826086955,2025-26,0.0
1628415,Dillon Brooks,Dillon,1610612756,PHX,30.0,56,32,24,0.571,1701.5833333333333,114.8,160,0.094,0.152,57,0.168,9,0.068,622.0,593.0,524.0,1766.0,4.52,4.523840688572745,247,182,309,210,133,379,206,402,392,130,373,315,463,455,495,450,455,165,56,180,81,99,113,1,26,63,14,14,28,0.5,0.5,2,14,16,11,16,0.125,0.875,1.0,0.688,1628415.0,Dillon Brooks,0.3224782608695652,0.1599163879598662,3453.2,2.083333333333333,75.08610792192881,41.31455399061032,37.442109603660995,5.578800557880056,20.96069868995633,14.80793943712582,20.422535211267608,19.130434782608695,3.4482758620689653,15.726735223937329,51.53199166370453,44.97882754387013,48.25540960378733,10.144927536231885,6.944444444444445,8.704710144927537,2025-26,0.0
1631230,Dominick Barlow,Dominick,1610612755,PHI,23.0,71,40,31,0.563,1688.5183333333334,111.9,207,0.118,0.185,63,0.18,53,0.314,534.0,553.0,517.0,1738.0,5.83,5.826348228704464,98,110,412,228,138,245,143,292,284,99,329,53,114,397,465,445,448,98,71,491,351,140,121,0,60,145,21,24,45,0.467,0.533,3,22,25,12,25,0.12,0.88,1.0,0.48,1631230.0,Dominick Barlow,0.3334578947368421,0.1612763157894736,3457.2,25.0,76.69345579793341,54.92957746478868,50.57510389547386,43.23570432357043,38.864628820960704,40.61305902200459,23.239436619718308,24.347826086956523,0.0,17.81751377832211,43.15702644058575,43.78877556819528,43.472901004390515,18.65942028985507,12.5,15.88768115942029,2025-26,0.0
1642270,Donovan Clingan,Donovan,1610612757,POR,22.0,77,41,36,0.532,2093.6366666666668,113.8,545,0.254,0.385,44,0.129,130,0.613,895.0,612.0,762.0,2110.0,6.04,6.038734414469079,37,97,472,272,65,333,7,12,16,208,488,4,11,560,506,554,513,91,77,1038,758,280,83,1,176,408,20,12,32,0.625,0.375,77,57,132,114,134,0.575,0.425,0.985,0.851,1642270.0,Donovan Clingan,0.354224,0.204784,4294.9,65.10416666666666,55.33869115958668,46.0093896713615,56.91255599036238,100.0,100.0,100.0,9.859154929577464,7.82608695652174,3.4482758620689653,7.544861372130836,27.3172077817051,5.715868738485732,16.516538260095416,79.8913043478261,36.80555555555556,60.50271739130435,2025-26,0.0
1628378,Donovan Mitchell,Donovan,1610612739,CLE,29.0,70,45,25,0.643,2342.0633333333335,112.1,266,0.108,0.165,104,0.249,20,0.092,810.0,694.0,759.0,2188.0,8.1,8.101706000230669,105,60,326,136,31,253,82,336,346,16,136,209,410,538,542,553,525,43,70,213,95,118,201,0,16,38,21,24,45,0.467,0.533,0,23,23,12,23,0.0,1.0,1.0,0.522,1628378.0,Donovan Mitchell,0.3141298701298701,0.1823272727272727,4834.4,7.8125,50.86107921928817,53.990610328638496,34.42403030891048,7.531380753138076,29.257641921397383,20.567137454093658,51.40845070422535,60.0,0.0,41.563380281690144,57.899916401370966,25.367406177655717,41.63366128951334,29.347826086956523,13.194444444444445,22.07880434782609,2025-26,0.0
1628978,Donte DiVincenzo,Donte,1610612750,MIN,29.0,82,49,33,0.598,2494.036666666667,110.0,269,0.1,0.153,104,0.231,34,0.11,915.0,768.0,783.0,2660.0,9.92,9.917774058703095,1,37,435,182,21,160,78,368,387,16,167,113,375,569,567,563,565,12,81,264,139,125,241,0,29,73,26,36,62,0.419,0.581,0,19,19,10,19,0.0,1.0,1.0,0.526,1628978.0,Donte DiVincenzo,0.3472473404255319,0.1344202127659574,5116.2,15.104166666666666,23.765786452353616,63.84976525821594,30.322133239544417,13.668061366806135,32.314410480349345,24.855870834932063,65.49295774647888,60.0,0.0,47.19718309859155,32.63881340316832,67.2901392187118,49.96447631094006,29.89130434782609,10.416666666666668,21.127717391304348,2025-26,0.0
203110,Draymond Green,Draymond,1610612744,GSW,36.0,68,31,37,0.456,1868.888333333333,113.6,320,0.168,0.255,61,0.169,42,0.282,759.0,567.0,619.0,1908.0,5.56,5.5583853483701615,135,188,482,351,102,321,51,118,130,108,368,81,141,515,477,503,476,110,68,508,325,183,146,5,174,449,13,13,26,0.5,0.5,6,70,74,40,76,0.079,0.921,0.974,0.526,203110.0,Draymond Green,0.3321885714285714,0.1494114285714285,3827.0,19.270833333333336,66.9345579793341,46.94835680751174,42.87251782797821,39.6094839609484,57.64192139737992,50.428946422807314,32.04225352112676,22.60869565217391,17.24137931034483,25.040289714297774,44.12523163687592,54.17155630669185,49.14839397178388,39.130434782608695,45.83333333333333,42.14673913043478,2025-26,0.0
1629130,Duncan Robinson,Duncan,1610612765,DET,32.0,77,58,19,0.753,2113.1583333333333,109.5,176,0.08,0.119,44,0.107,22,0.085,716.0,641.0,623.0,1916.0,8.74,8.739588338482651,37,5,236,45,63,138,183,490,505,208,528,191,426,502,521,505,478,28,77,257,142,115,141,6,43,90,10,12,22,0.455,0.545,1,28,29,11,29,0.034,0.966,1.0,0.379,1629130.0,Duncan Robinson,0.2843170731707317,0.1430650406504064,4275.0,8.854166666666668,66.47531572904707,66.19718309859152,43.35732294648102,14.086471408647142,27.947598253275107,22.403147515423917,30.28169014084507,7.82608695652174,20.689655172413794,20.02422028422409,80.64030471985775,59.725182991419146,70.18274385563845,13.043478260869565,16.666666666666664,14.67391304347826,2025-26,0.0
1642844,Dylan Harper,Dylan,1610612759,SAS,20.0,69,53,16,0.768,1557.9566666666667,107.4,180,0.106,0.156,54,0.226,24,0.135,470.0,413.0,444.0,1538.0,7.37,7.373025921227148,118,19,202,36,154,90,177,348,374,153,176,173,310,363,376,400,414,61,69,200,135,65,94,0,12,25,23,20,43,0.535,0.465,0,7,7,3,7,0.0,1.0,1.0,0.429,1642844.0,Dylan Harper,0.262840616966581,0.0970411311053984,3170.3,9.895833333333332,88.17451205510906,76.05633802816897,53.83349705966374,13.110181311018133,6.11353711790393,8.91219479514961,13.732394366197184,16.52173913043478,0.0,11.275566442131048,97.02195970032604,100.0,98.51097985016304,13.768115942028986,2.083333333333333,8.509963768115943,2025-26,0.0
1630700,Dyson Daniels,Dyson,1610612737,ATL,23.0,76,44,32,0.579,2519.54,110.6,336,0.129,0.198,149,0.287,31,0.134,878.0,742.0,807.0,2698.0,9.62,9.617606049177116,54,67,424,201,19,184,44,241,252,2,72,127,313,555,559,567,569,14,76,417,226,191,316,3,145,356,39,38,77,0.506,0.494,6,22,27,24,28,0.214,0.786,1.0,0.889,1630700.0,Dyson Daniels,0.3183768844221105,0.1384824120603015,5282.4,13.541666666666666,21.58438576349024,61.03286384976526,28.22941764632957,25.80195258019526,61.135371179039296,47.00200373950168,91.90140845070422,99.1304347826087,10.344827586206897,74.04242245074646,54.66040974481402,63.73537095044679,59.197890347630405,42.028985507246375,12.5,28.740942028985508,2025-26,0.0
1630596,Evan Mobley,Evan,1610612739,CLE,25.0,65,40,25,0.615,2074.2883333333334,111.3,430,0.196,0.293,48,0.143,113,0.518,698.0,564.0,609.0,1948.0,7.55,7.545221224266184,166,110,326,163,67,223,15,62,76,187,455,9,33,491,472,500,486,56,65,671,465,206,118,0,124,287,20,13,33,0.606,0.394,22,80,101,71,102,0.216,0.784,0.99,0.696,1630596.0,Evan Mobley,0.329323782234957,0.160971346704871,4260.1,56.25,64.63834672789896,57.746478873239425,59.56004107307449,59.13528591352859,67.68558951965066,64.26546807720183,22.183098591549296,11.304347826086955,0.0,12.829761175750154,46.31041469107532,44.0556493343979,45.18303201273661,59.05797101449275,52.77777777777778,56.231884057971016,2025-26,0.0
203084,Harrison Barnes,Harrison,1610612759,SAS,34.0,77,57,20,0.74,1986.475,110.6,151,0.071,0.105,50,0.158,12,0.053,618.0,572.0,529.0,1984.0,7.6,7.604459373738537,37,6,251,58,83,182,225,528,542,176,412,277,491,450,480,454,493,52,77,263,143,120,98,3,53,119,17,14,31,0.548,0.452,7,44,50,31,51,0.137,0.863,0.98,0.608,203084.0,Harrison Barnes,0.2880345744680851,0.1389840425531915,4070.0,3.6458333333333335,62.571756601607355,61.03286384976526,38.616664106337225,14.225941422594143,30.131004366812224,23.76897918912499,15.140845070422534,13.043478260869565,10.344827586206897,13.207762316025086,77.80469613230514,63.29640180360994,70.55054896795754,8.51449275362319,27.77777777777778,17.182971014492754,2025-26,0.0
1630529,Herbert Jones,Herbert,1610612740,NOP,27.0,56,22,34,0.393,1588.381666666667,114.4,143,0.09,0.141,88,0.289,27,0.168,591.0,511.0,521.0,1696.0,4.32,4.3201104870449285,247,277,449,390,149,360,237,425,433,35,71,148,261,436,435,447,440,176,56,209,104,105,196,2,21,48,14,16,30,0.467,0.533,1,37,37,12,38,0.026,0.974,0.974,0.316,1630529.0,Herbert Jones,0.2877816455696202,0.1179303797468354,3263.3,11.458333333333332,79.1044776119403,43.19248826291075,43.06802256324013,8.786610878661087,23.580786026200872,17.663115967184957,49.647887323943664,46.08695652173913,6.896551724137931,37.71372764322064,77.99762339692714,81.72013905820235,79.85888122756475,7.065217391304348,22.916666666666664,14.19836956521739,2025-26,0.0
1630193,Immanuel Quickley,Immanuel,1610612761,TOR,27.0,70,41,29,0.586,2231.3083333333334,112.1,244,0.108,0.167,92,0.231,5,0.023,715.0,663.0,586.0,2202.0,7.6,7.597377657366999,105,97,379,193,49,257,98,335,338,28,166,397,521,501,528,487,528,52,70,241,126,115,162,0,36,75,13,20,33,0.394,0.606,1,22,23,13,23,0.043,0.957,1.0,0.565,1630193.0,Immanuel Quickley,0.3152382271468144,0.1374930747922437,4531.7,0.0,50.05740528128588,53.990610328638496,31.01774443060968,11.85495118549512,27.947598253275107,21.51053942616311,37.67605633802817,49.56521739130435,0.0,32.418248622167795,57.054491901436336,64.60112481240041,60.827808356918375,25.36231884057971,12.5,19.574275362318843,2025-26,0.0
1630171,Isaac Okoro,Isaac,1610612741,CHI,25.0,63,26,37,0.413,1694.89,120.6,104,0.058,0.086,46,0.197,29,0.152,654.0,584.0,600.0,1932.0,1.64,1.6365142256371132,194,231,482,378,136,525,300,554,558,196,283,136,279,472,487,496,481,350,63,343,225,118,95,14,31,67,18,11,29,0.621,0.379,3,46,49,18,49,0.061,0.939,1.0,0.367,1630171.0,Isaac Okoro,0.2592023460410557,0.1394780058651026,3579.3,12.5,65.55683122847302,14.084507042253522,31.466017690528933,25.662482566248254,29.257641921397383,27.819578179337732,14.084507042253522,9.565217391304348,48.27586206896552,21.050594421099312,99.79713352141044,62.86414208919522,81.33063780530283,0.0,29.166666666666668,13.125,2025-26,0.0
1642268,Isaiah Collier,Isaiah,1610612762,UTA,21.0,59,16,43,0.271,1516.92,122.6,129,0.085,0.141,66,0.223,20,0.16,632.0,530.0,596.0,1632.0,0.59,0.585121941477183,225,348,527,471,161,551,255,457,434,87,186,209,269,464,446,494,428,457,56,150,46,104,101,1,10,24,11,7,18,0.611,0.389,0,4,4,3,4,0.0,1.0,1.0,0.75,1642268.0,Isaiah Collier,0.334149855907781,0.17371469740634,3189.9,7.8125,82.77841561423651,4.694835680751174,33.27115438517057,0.697350069735007,23.144104803493452,14.165402909990071,16.19718309859155,26.956521739130434,3.4482758620689653,16.775724813649514,42.62921733397854,32.90413868152894,37.76667800775374,4.528985507246377,0.0,2.4909420289855073,2025-26,0.0
1630198,Isaiah Joe,Isaiah,1610612760,OKC,26.0,71,56,15,0.789,1507.445,105.2,148,0.09,0.14,50,0.169,11,0.069,450.0,464.0,359.0,1332.0,8.14,8.14241567156955,98,7,187,27,162,56,231,428,435,176,369,284,459,350,407,332,369,39,71,165,64,101,115,8,25,56,11,13,24,0.458,0.542,0,16,16,4,16,0.0,1.0,1.0,0.25,1630198.0,Isaiah Joe,0.2857377892030848,0.1229305912596401,3060.9,3.125,100.0,86.38497652582157,57.84624413145539,3.207810320781032,21.83406113537118,14.38356080953512,21.12676056338028,13.043478260869565,27.58620689655172,19.912473340794392,79.55662128316807,77.34453069130622,78.45057598723714,7.971014492753622,8.333333333333332,8.134057971014492,2025-26,0.0
1631095,Jabari Smith Jr.,Jabari,1610612745,HOU,23.0,77,48,29,0.623,2705.365,112.0,421,0.152,0.232,56,0.119,71,0.216,1049.0,855.0,832.0,2786.0,9.25,9.250007862898071,37,41,379,155,5,247,18,157,165,137,512,27,206,579,577,570,573,17,77,472,313,159,117,0,33,81,15,21,36,0.417,0.583,12,44,55,37,56,0.214,0.786,0.982,0.661,1631095.0,Jabari Smith Jr.,0.3429347258485639,0.1517441253263707,5328.4,34.375,16.532721010332953,54.46009389671359,33.151475827794926,37.935843793584375,47.161572052401745,43.4712807488748,21.830985915492956,18.26086956521739,0.0,15.123698714023268,35.928358167540274,52.13024917154,44.02930366954014,57.427536231884055,27.77777777777778,44.085144927536234,2025-26,0.0
1630183,Jaden McDaniels,Jaden,1610612750,MIN,25.0,73,44,29,0.603,2316.4133333333334,112.4,234,0.094,0.144,81,0.206,73,0.254,883.0,710.0,705.0,2450.0,7.69,7.688515126527495,78,67,379,173,35,265,110,404,417,55,244,25,168,557,548,535,552,50,73,449,276,173,156,1,19,45,20,28,48,0.417,0.583,0,10,10,1,10,0.0,1.0,1.0,0.1,1630183.0,Jaden McDaniels,0.2864755043227666,0.1432968299711815,4780.5,35.41666666666667,35.82089552238806,52.582159624413094,39.84952000560576,32.77545327754533,53.27510917030568,45.07524681320154,35.563380281690144,40.0,3.4482758620689653,29.087421078193294,78.99391231248764,59.52234771360272,69.25813001304518,23.55072463768116,4.166666666666666,14.82789855072464,2025-26,0.0
1631170,Jaime Jaquez Jr.,Jaime,1610612748,MIA,25.0,75,41,34,0.547,2121.21,111.9,279,0.117,0.182,51,0.134,21,0.114,766.0,702.0,697.0,2262.0,7.37,7.373367790031079,60,97,449,256,62,243,74,299,295,168,477,197,363,519,546,532,534,61,75,383,228,155,108,0,17,41,21,17,38,0.553,0.447,1,49,49,25,50,0.02,0.98,0.98,0.5,1631170.0,Jaime Jaquez Jr.,0.3420104986876641,0.166257217847769,4491.4,8.333333333333332,46.61308840413318,54.92957746478868,33.38030864097711,26.08089260808926,45.414847161572055,37.68126534017894,18.661971830985916,13.91304347826087,0.0,12.33435394978567,36.63333343578369,39.430064608637785,38.03169902221074,31.70289855072464,31.25,31.49909420289855,2025-26,0.0
1631222,Jake LaRavia,Jake,1610612747,LAL,24.0,82,53,29,0.646,2061.47,116.1,210,0.103,0.158,104,0.282,38,0.205,791.0,659.0,595.0,2174.0,4.67,4.668198132418201,1,19,379,132,69,430,139,356,368,16,83,97,217,531,527,492,523,158,82,319,185,134,257,2,24,55,18,26,44,0.409,0.591,9,34,40,22,43,0.209,0.791,0.93,0.512,1631222.0,Jake LaRavia,0.3494055415617128,0.1405415617128463,4201.2,17.1875,51.66475315729046,35.21126760563381,33.76048050646011,20.0836820083682,36.24454148471616,29.780197694176973,71.12676056338029,60.0,6.896551724137931,51.17484215638659,30.992596445617487,61.933440687038264,46.463018566327875,19.202898550724637,20.833333333333336,19.93659420289855,2025-26,0.0
1628973,Jalen Brunson,Jalen,1610612752,NYK,29.0,74,50,24,0.676,2589.806666666667,114.1,216,0.083,0.124,57,0.133,8,0.039,858.0,686.0,737.0,2400.0,7.3,7.296219106649165,70,32,309,101,15,347,131,471,488,130,481,341,507,549,537,546,547,64,74,224,82,142,108,29,30,72,17,23,40,0.425,0.575,0,15,15,6,15,0.0,1.0,1.0,0.4,1628973.0,Jalen Brunson,0.3615710382513661,0.1597021857923497,5150.6,1.5625,38.69115958668197,44.60093896713616,25.31714059712273,5.718270571827057,39.737991266375545,26.13010298855615,18.661971830985916,19.130434782608695,100.0,39.160440906307414,21.713087408301828,45.16627257374381,33.439679991022814,20.28985507246377,7.638888888888889,14.596920289855074,2025-26,0.0
1631105,Jalen Duren,Jalen,1610612765,DET,22.0,70,50,20,0.714,1975.8533333333332,108.2,472,0.23,0.349,57,0.138,59,0.266,664.0,590.0,522.0,1798.0,8.93,8.933146322754322,105,32,251,75,84,103,11,28,28,130,469,44,158,478,492,448,461,25,70,604,416,188,108,0,186,431,35,23,58,0.603,0.397,74,94,168,131,168,0.44,0.56,1.0,0.78,1631105.0,Jalen Duren,0.304895652173913,0.1528434782608695,4029.4,28.125,73.24913892078071,72.30046948356804,54.962315993165255,52.30125523012552,59.82532751091703,56.81569859860042,18.661971830985916,19.130434782608695,0.0,14.16044090630741,64.94352597694417,51.1682222880679,58.055874132506034,66.66666666666666,62.5,64.79166666666666,2025-26,0.0
1630552,Jalen Johnson,Jalen,1610612737,ATL,24.0,72,42,30,0.583,2531.598333333334,112.3,639,0.241,0.367,89,0.188,31,0.129,893.0,731.0,834.0,2816.0,8.45,8.448466714159725,84,87,395,195,18,261,3,21,19,33,307,127,324,559,556,571,575,33,72,343,202,141,173,2,46,109,19,13,32,0.594,0.406,4,44,48,35,48,0.083,0.917,1.0,0.729,1630552.0,Jalen Johnson,0.3604904632152589,0.1550136239782016,5325.0,13.541666666666666,14.810562571756602,53.05164319248825,23.86327436490354,22.454672245467226,39.30131004366812,32.56265492438776,41.54929577464789,46.95652173913044,6.896551724137931,34.77863884958929,22.53732057106147,49.26916107159233,35.903240821326904,96.92028985507248,27.77777777777778,65.80615942028986,2025-26,0.0
1630591,Jalen Suggs,Jalen,1610612753,ORL,25.0,57,34,23,0.596,1573.57,108.4,184,0.112,0.168,105,0.33,40,0.27,563.0,383.0,511.0,1626.0,7.23,7.23081421981879,235,168,289,184,151,112,173,316,336,14,39,89,151,415,351,441,427,68,57,180,99,81,192,6,13,26,24,20,44,0.545,0.455,4,10,14,10,14,0.286,0.714,1.0,0.714,1630591.0,Jalen Suggs,0.328224358974359,0.1562564102564102,3323.8,18.229166666666664,83.12284730195178,71.3615023474178,54.22503880920424,8.089260808926081,13.100436681222709,11.095966332304055,48.23943661971831,60.86956521739131,20.689655172413794,45.772536267077726,47.14902476535459,48.18161787001621,47.66532131768541,14.492753623188406,4.166666666666666,9.846014492753625,2025-26,0.0
1627750,Jamal Murray,Jamal,1610612743,DEN,29.0,75,48,27,0.64,2651.891666666667,117.7,298,0.109,0.163,66,0.183,29,0.139,906.0,761.0,892.0,2834.0,4.72,4.721472942751345,60,41,352,139,9,473,62,330,351,87,319,136,301,562,565,577,577,154,75,319,163,156,137,4,30,73,16,17,33,0.485,0.515,1,14,15,7,15,0.067,0.933,1.0,0.467,1627750.0,Jamal Murray,0.358862258953168,0.1802451790633608,5346.2,12.5,13.777267508610793,27.699530516431885,16.74692625712175,17.01534170153417,45.85152838427947,34.31705371118135,28.87323943661972,26.956521739130434,13.79310344827586,24.4323542454125,23.779270369750595,27.189414393336968,25.484342381543783,35.14492753623188,6.944444444444445,22.45471014492754,2025-26,0.0
1642347,Jamal Shead,Jamal,1610612761,TOR,23.0,82,46,36,0.561,1852.2383333333332,108.3,117,0.064,0.101,76,0.213,15,0.084,658.0,557.0,420.0,1806.0,8.35,8.34976524278304,1,52,472,232,105,108,277,547,544,61,220,251,427,475,469,381,462,35,82,178,66,112,168,6,23,53,11,14,25,0.44,0.56,0,14,14,3,14,0.0,1.0,1.0,0.214,1642347.0,Jamal Shead,0.2922686567164179,0.1340373134328358,3712.1,5.208333333333334,72.78989667049368,71.83098591549295,45.51754364687935,3.486750348675035,26.63755458515284,17.377232890561714,39.7887323943662,35.65217391304348,20.689655172413794,33.56616762041514,74.57505368609426,67.62520854955821,71.10013111782624,2.355072463768116,6.944444444444445,4.420289855072464,2025-26,0.0
201935,James Harden,James,1610612739,CLE,36.0,70,40,30,0.571,2438.495,117.0,296,0.119,0.186,79,0.199,28,0.117,908.0,772.0,799.0,2456.0,4.67,4.667820555331291,105,110,395,210,23,453,64,286,280,58,271,140,353,564,568,564,554,158,70,221,91,130,133,0,6,14,22,25,47,0.468,0.532,0,38,37,22,38,0.0,1.0,0.974,0.579,201935.0,James Harden,0.3419495798319327,0.1613305322128851,4865.6,11.979166666666668,35.47646383467279,30.985915492957723,24.954907882041574,6.97350069735007,34.49781659388647,23.48809023527191,27.464788732394368,38.26086956521739,0.0,24.37721984078383,36.67980067725544,43.74133160801581,40.21056614263563,34.78260869565217,23.61111111111111,29.755434782608695,2025-26,0.0
1641716,Jarace Walker,Jarace,1610612754,IND,22.0,76,16,60,0.211,1953.3833333333337,117.6,342,0.17,0.263,63,0.212,26,0.138,812.0,634.0,657.0,2350.0,3.59,3.589868395140281,54,348,580,519,88,472,41,116,114,99,222,157,302,541,519,516,540,219,75,217,125,92,144,1,20,47,7,14,21,0.333,0.667,1,29,30,15,30,0.033,0.967,1.0,0.5,1641716.0,Jarace Walker,0.3179451371571072,0.1092269326683291,4118.1,10.9375,41.56142365097589,28.169014084507044,25.96375179896832,11.715481171548117,17.903930131004365,15.428550547221866,31.338028169014088,24.347826086956523,3.4482758620689653,21.919019363557663,54.989734781813304,89.33639204270631,72.1630634122598,43.11594202898551,17.36111111111111,31.52626811594203,2025-26,0.0
1628386,Jarrett Allen,Jarrett,1610612739,CLE,28.0,56,37,19,0.661,1519.12,112.9,332,0.202,0.315,55,0.21,47,0.313,640.0,480.0,576.0,1478.0,4.85,4.84636064817484,247,136,236,121,160,283,46,53,49,142,229,70,115,467,417,482,401,145,56,448,355,93,135,2,142,321,22,15,37,0.595,0.405,20,58,78,51,78,0.256,0.744,1.0,0.654,1628386.0,Jarrett Allen,0.3157975077881619,0.1328348909657321,3142.4,21.875,91.61882893226176,50.23474178403751,53.37527557230099,43.793584379358435,18.340611353711793,28.52180056397045,28.169014084507044,17.391304347826086,6.896551724137931,19.078700086576433,56.62788788368225,68.6774299994168,62.652658941549525,41.30434782608695,37.5,39.59239130434783,2025-26,0.0
1630643,Jay Huff,Jay,1610612754,IND,28.0,82,19,63,0.232,1719.243333333333,113.7,251,0.135,0.209,41,0.158,153,0.657,627.0,554.0,519.0,1932.0,5.07,5.072375163412873,1,316,581,506,129,329,94,220,225,227,408,2,6,460,467,446,481,132,81,702,535,167,70,1,145,325,12,8,20,0.6,0.4,15,95,107,50,110,0.136,0.864,0.982,0.459,1630643.0,Jay Huff,0.3277642487046632,0.1099896373056995,3579.4,77.08333333333334,65.55683122847302,46.47887323943659,65.39794257315805,68.89818688981869,50.65502183406113,57.95228785636415,5.28169014084507,5.217391304347826,3.4482758620689653,4.800831978377008,47.49998432867723,88.66896091820252,68.08447262343988,26.6304347826087,63.19444444444444,43.08423913043478,2025-26,0.0
1627759,Jaylen Brown,Jaylen,1610612738,BOS,29.0,71,47,24,0.662,2442.838333333333,113.0,411,0.155,0.232,72,0.198,27,0.103,769.0,759.0,710.0,2088.0,7.75,7.748283279685904,98,44,309,118,22,292,22,149,166,72,273,148,382,522,564,536,508,47,71,330,127,203,128,1,25,62,35,23,58,0.603,0.397,1,50,51,31,51,0.02,0.98,1.0,0.608,1627759.0,Jaylen Brown,0.3095857519788918,0.1711688654353562,4835.5,11.458333333333332,56.601607347876005,49.76525821596242,36.83521045908054,11.99442119944212,66.37554585152839,44.62309599069387,25.704225352112676,32.17391304347826,3.4482758620689653,22.404628671579705,61.36604577728839,35.13195717369112,48.24900147548976,55.61594202898551,31.944444444444443,44.96376811594203,2025-26,0.0
1642377,Jaylen Wells,Jaylen,1610612763,MEM,22.0,69,24,45,0.348,1820.6416666666669,117.8,159,0.086,0.133,61,0.204,9,0.054,734.0,633.0,587.0,2008.0,3.19,3.192337946082044,118,252,541,412,110,477,208,448,462,108,254,315,489,509,518,488,498,247,69,242,130,112,113,0,18,40,13,21,34,0.382,0.618,4,14,17,7,18,0.222,0.778,0.944,0.389,1642377.0,Jaylen Wells,0.2880644257703081,0.1219831932773109,3750.5,2.083333333333333,61.19402985074627,27.230046948356794,29.058755518183723,12.412831241283124,26.63755458515284,20.947665247604952,20.422535211267608,22.60869565217391,0.0,16.082057562767915,77.7819263732217,78.17358412787472,77.9777552505482,9.96376811594203,6.944444444444445,8.605072463768117,2025-26,0.0
1642281,Jaylon Tyson,Jaylon,1610612739,CLE,23.0,66,41,25,0.621,1777.4833333333331,113.4,220,0.118,0.187,54,0.166,28,0.13,671.0,546.0,589.0,1716.0,5.39,5.3853868721526945,157,97,326,158,118,306,127,290,278,153,384,140,321,480,462,489,445,120,66,303,171,132,115,0,35,80,16,17,33,0.485,0.515,26,22,46,33,48,0.542,0.458,0.979,0.702,1642281.0,Jaylon Tyson,0.3311260273972602,0.1438410958904109,3653.2,11.979166666666668,77.95637198622273,47.887323943661926,44.0482278477601,18.13110181311018,35.37117903930131,28.475148148824857,21.12676056338028,16.52173913043478,0.0,14.233312921004284,44.935711241007795,59.04606895941442,51.990890100211104,21.014492753623188,12.5,17.182971014492754,2025-26,0.0
203924,Jerami Grant,Jerami,1610612757,POR,32.0,57,27,30,0.474,1695.1016666666667,115.2,143,0.082,0.131,42,0.148,36,0.175,760.0,529.0,589.0,1842.0,4.31,4.310350744844884,235,225,395,342,135,394,237,476,472,219,441,104,248,516,445,489,466,177,57,179,101,78,75,2,16,39,18,13,31,0.581,0.419,1,27,28,11,28,0.036,0.964,1.0,0.393,203924.0,Jerami Grant,0.2792169014084507,0.1087380281690141,3544.0,16.145833333333336,70.72330654420207,39.43661971830982,41.07064555338152,8.368200836820083,11.790393013100436,10.421516142588295,7.042253521126761,6.086956521739131,6.896551724137931,6.671474122093883,84.53057662303455,89.76422486784539,87.14740074543997,7.065217391304348,15.97222222222222,11.07336956521739,2025-26,0.0
1642847,Jeremiah Fears,Jeremiah,1610612740,NOP,19.0,82,26,56,0.317,2111.903333333333,118.2,240,0.109,0.175,97,0.245,30,0.145,820.0,730.0,748.0,2394.0,3.52,3.5160129021430753,1,231,574,437,64,484,103,329,320,25,141,133,293,543,554,548,546,227,82,266,127,139,211,1,6,13,12,20,32,0.375,0.625,5,16,21,8,21,0.238,0.762,1.0,0.381,1642847.0,Jeremiah Fears,0.3696410891089109,0.169549504950495,4390.2,13.020833333333334,39.03559127439725,25.352112676056297,25.208818448386445,11.99442119944212,38.42794759825328,27.854537038728814,54.929577464788736,53.91304347826087,3.4482758620689653,41.70346516882404,15.557472740478715,36.54903468499924,26.05325371273898,24.637681159420293,8.333333333333332,17.30072463768116,2025-26,0.0
1629111,Jock Landale,Jock,1610612737,ATL,30.0,68,36,32,0.529,1506.0766666666666,116.8,204,0.136,0.212,35,0.14,36,0.267,584.0,504.0,473.0,1646.0,3.04,3.042735634848186,135,151,424,276,163,447,147,214,215,259,464,104,156,430,429,420,435,252,68,351,284,67,68,1,143,339,14,8,22,0.636,0.364,64,85,149,100,149,0.43,0.57,1.0,0.671,1629111.0,Jock Landale,0.3174570637119113,0.1305180055401662,3052.6,16.145833333333336,81.9747416762342,31.92488262910797,43.1307135772923,33.89121338912134,6.986899563318777,17.748625093639802,4.577464788732395,0.0,3.4482758620689653,2.693054881010199,55.36202389265747,70.70490088285536,63.033462387756416,18.115942028985508,56.25,35.27626811594203,2025-26,0.0
1628381,John Collins,John,1610612746,LAC,28.0,69,32,37,0.464,1871.4783333333332,115.1,257,0.135,0.207,60,0.182,51,0.282,766.0,585.0,582.0,1868.0,4.74,4.740787655680361,118,182,482,349,101,391,87,221,229,112,320,58,143,519,488,483,468,151,69,380,195,185,116,1,43,104,16,15,31,0.516,0.484,15,22,37,24,37,0.405,0.595,1.0,0.649,1628381.0,John Collins,0.3371293103448275,0.1597183908045977,3726.9,23.958333333333336,69.23076923076923,39.90610328638498,43.79062838569881,21.478382147838214,58.515283842794766,43.70052316481214,21.47887323943662,21.73913043478261,3.4482758620689653,17.062313913465804,40.356570759806345,45.152091816190584,42.75433128799847,27.717391304347828,12.5,20.869565217391305,2025-26,0.0
1630692,Jordan Goodwin,Jordan,1610612756,PHX,27.0,70,39,31,0.557,1571.7766666666666,110.1,203,0.134,0.211,106,0.325,14,0.103,539.0,460.0,431.0,1492.0,6.28,6.280684625228804,105,118,412,240,152,164,148,225,220,13,43,261,384,401,402,392,407,86,70,154,85,69,260,1,20,47,25,19,44,0.568,0.432,9,24,33,18,33,0.273,0.727,1.0,0.545,1630692.0,Jordan Goodwin,0.3107116402116402,0.1414021164021164,3113.3,4.6875,90.81515499425949,63.38028169014085,49.505374670526024,6.136680613668061,7.860262008733625,7.1708294507074,72.1830985915493,61.73913043478261,3.4482758620689653,51.34400405431087,60.50724894413633,61.18038248362044,60.843815713878385,17.934782608695652,13.88888888888889,16.11413043478261,2025-26,0.0
1630581,Josh Giddey,Josh,1610612741,CHI,23.0,54,21,33,0.389,1731.3566666666666,117.1,381,0.201,0.295,55,0.217,27,0.161,657.0,593.0,557.0,1894.0,3.43,3.4312447353898383,266,292,435,394,127,455,31,55,73,142,209,148,268,474,495,468,472,231,54,270,110,160,101,2,7,15,23,16,39,0.59,0.41,0,16,16,12,16,0.0,1.0,1.0,0.75,1630581.0,Josh Giddey,0.3573734567901234,0.1713179012345679,3662.3,11.458333333333332,67.7382319173364,30.51643192488263,35.920822485621734,9.623430962343097,47.59825327510917,32.408324350002744,16.19718309859155,17.391304347826086,6.896551724137931,14.289967692210231,24.914888049750232,35.001538232746796,29.95821314124851,50.18115942028986,8.333333333333332,31.349637681159425,2025-26,0.0
1628404,Josh Hart,Josh,1610612752,NYK,31.0,66,44,22,0.667,1993.575,112.5,393,0.2,0.295,75,0.218,17,0.116,689.0,517.0,571.0,1838.0,6.57,6.5728869276356034,157,67,279,106,80,270,27,58,72,67,207,233,358,487,438,477,465,82,66,349,150,199,194,3,57,135,24,32,56,0.429,0.571,6,24,30,22,30,0.2,0.8,1.0,0.733,1628404.0,Josh Hart,0.3532971428571428,0.1687514285714285,3976.5,6.25,70.95292766934558,52.112676056338,40.36169369835545,15.202231520223153,64.62882096069869,44.85818518450847,48.943661971830984,34.78260869565217,10.344827586206897,34.33758472876238,28.024189128447652,37.247419077884,32.635804103165825,52.35507246376812,13.88888888888889,35.04528985507247,2025-26,0.0
201950,Jrue Holiday,Jrue,1610612757,POR,36.0,53,28,25,0.528,1560.4016666666666,108.6,174,0.108,0.165,54,0.189,6,0.036,650.0,466.0,510.0,1570.0,6.95,6.953033451595182,276,216,326,279,153,117,191,338,348,153,300,375,512,470,410,440,417,74,52,129,51,78,115,0,10,24,17,13,30,0.567,0.433,1,14,15,7,15,0.067,0.933,1.0,0.467,201950.0,Jrue Holiday,0.3066285714285714,0.1596380952380952,3233.4,0.5208333333333333,86.33754305396096,70.42253521126761,48.03210720503657,1.394700139470014,11.790393013100436,7.632115863648266,21.12676056338028,16.52173913043478,0.0,14.233312921004284,63.62170243822939,45.222357234306024,54.42202983626771,12.681159420289855,6.944444444444445,10.099637681159422,2025-26,0.0
1630577,Julian Champagnie,Julian,1610612759,SAS,25.0,82,62,20,0.756,2265.963333333333,108.0,399,0.161,0.233,62,0.175,38,0.146,700.0,625.0,601.0,2166.0,10.44,10.435268438959683,1,1,251,43,42,102,26,133,162,103,349,97,291,492,515,498,522,9,82,324,203,121,124,0,66,141,12,31,43,0.279,0.721,6,41,47,33,47,0.128,0.872,1.0,0.702,1630577.0,Julian Champagnie,0.323,0.1480225563909774,4661.4,17.1875,52.123995407577496,73.23943661971829,43.428257547581694,22.594142259414227,30.567685589519648,27.37826825747748,24.295774647887324,23.47826086956522,0.0,17.935701163502756,51.13402328645704,55.38693703964056,53.2604801630488,53.44202898550725,25.694444444444443,40.955615942028984,2025-26,0.0
203944,Julius Randle,Julius,1610612750,MIN,31.0,79,47,32,0.595,2610.2966666666666,113.1,400,0.146,0.226,86,0.188,18,0.061,976.0,847.0,799.0,2826.0,8.12,8.115612196869337,25,44,424,187,12,295,25,176,185,40,306,224,478,577,576,564,576,40,79,370,223,147,168,0,58,144,32,23,55,0.582,0.418,27,55,81,65,82,0.329,0.671,0.988,0.793,203944.0,Julius Randle,0.3203507853403141,0.151,5361.0,6.770833333333333,14.23650975889782,49.29577464788733,20.0150554109194,25.383542538354252,41.92139737991266,35.3062554432893,39.7887323943662,44.34782608695652,0.0,31.43723208818126,53.154771966389866,52.78142182608655,52.96809689623821,53.62318840579711,35.41666666666667,45.43025362318841,2025-26,0.0
1626157,Karl-Anthony Towns,Karl-Anthony,1610612752,NYK,30.0,75,49,26,0.653,2321.7816666666668,111.8,656,0.283,0.412,65,0.168,40,0.226,807.0,622.0,754.0,2118.0,8.12,8.12301115156116,60,37,338,127,34,241,1,6,9,92,371,89,197,535,513,550,516,40,75,451,313,138,153,2,138,315,20,22,42,0.476,0.524,64,111,174,144,175,0.366,0.634,0.994,0.823,1626157.0,Karl-Anthony Towns,0.3614504021447721,0.1838713136729222,4628.3,18.229166666666664,54.879448909299654,55.39906103286384,40.3492390431375,37.935843793584375,37.99126637554585,37.96909734276126,34.50704225352113,26.08695652173913,6.896551724137931,24.65738961505163,21.80510533982766,24.01623963933768,22.91067248958267,100.0,74.30555555555556,88.4375,2025-26,0.0
202695,Kawhi Leonard,Kawhi,1610612746,LAC,35.0,65,37,28,0.569,2084.7283333333335,112.8,342,0.162,0.251,122,0.3,27,0.124,718.0,632.0,567.0,2128.0,6.62,6.61902340553516,166,136,364,220,66,276,41,132,138,6,59,148,341,503,517,474,517,80,65,245,105,140,220,0,13,31,27,17,44,0.614,0.386,2,32,34,18,34,0.059,0.941,1.0,0.529,202695.0,Kawhi Leonard,0.3499140401146132,0.172295128939828,4151.1,11.458333333333332,54.30539609644087,50.704225352112665,36.26627830511581,8.92608089260809,38.864628820960704,26.88920964961966,58.098591549295776,75.65217391304347,0.0,49.71769748928352,30.604727619750804,34.146381263376774,32.37555444156379,43.11594202898551,19.444444444444446,32.46376811594203,2025-26,0.0
1642276,Kel'el Ware,Kel'el,1610612748,MIA,22.0,77,39,38,0.506,1703.8216666666667,114.1,477,0.247,0.388,59,0.197,84,0.475,610.0,593.0,550.0,1806.0,4.87,4.8659688889406,37,118,491,302,132,345,10,16,15,120,282,18,51,448,495,466,462,142,76,480,354,126,108,0,58,133,17,18,35,0.486,0.514,21,92,111,96,113,0.186,0.814,0.982,0.85,1642276.0,Kel'el Ware,0.307616,0.1047093333333333,3633.6,41.14583333333333,72.78989667049368,44.60093896713616,53.08503190979015,43.65411436541143,32.751091703056765,37.11230076799863,18.661971830985916,20.869565217391305,0.0,14.769136558481325,62.868518857975886,93.28967389845816,78.07909637821702,67.57246376811594,61.111111111111114,64.66485507246377,2025-26,0.0
1629640,Keldon Johnson,Keldon,1610612759,SAS,26.0,82,62,20,0.756,1911.4666666666667,108.2,303,0.143,0.215,46,0.156,11,0.051,588.0,565.0,503.0,1820.0,8.66,8.660865362435835,1,1,251,43,94,107,58,183,209,196,418,284,493,432,474,435,464,29,82,239,141,98,91,1,19,42,15,22,37,0.405,0.595,33,37,70,46,70,0.471,0.529,1.0,0.657,1629640.0,Keldon Johnson,0.2972093596059113,0.1276650246305418,3916.4,3.125,71.98622273249138,72.30046948356804,44.520295327263995,13.94700139470014,20.52401746724891,17.893211038229403,12.676056338028168,9.565217391304348,3.4482758620689653,9.280317587685031,70.80642028925661,73.20150069803896,72.00396049364778,36.05072463768116,22.916666666666664,30.140398550724637,2025-26,0.0
1626162,Kelly Oubre Jr.,Kelly,1610612755,PHI,30.0,50,27,23,0.54,1574.3116666666667,117.2,202,0.121,0.197,68,0.233,24,0.145,562.0,607.0,615.0,1636.0,3.04,3.0441261304186353,297,225,289,266,150,456,149,276,254,80,164,173,292,414,504,502,429,252,50,176,92,84,212,0,13,34,11,17,28,0.393,0.607,2,17,19,15,19,0.105,0.895,1.0,0.789,1626162.0,Kelly Oubre Jr.,0.3130098684210526,0.1492796052631579,3208.5,9.895833333333332,82.548794489093,30.046948356807473,40.36214849371775,7.112970711297072,14.41048034934498,11.491476494125816,55.28169014084507,28.695652173913043,0.0,32.156154317207594,58.7542231546349,54.286912860938386,56.52056800778664,17.753623188405797,9.027777777777777,13.82699275362319,2025-26,0.0
201142,Kevin Durant,Kevin,1610612745,HOU,37.0,78,48,30,0.615,2839.8233333333333,112.4,385,0.131,0.198,62,0.128,71,0.205,1137.0,884.0,914.0,2926.0,9.39,9.39077516932934,28,41,395,163,2,266,30,233,250,103,493,27,219,581,580,580,581,15,78,452,239,213,120,0,36,80,18,23,41,0.439,0.561,0,25,25,15,25,0.0,1.0,1.0,0.6,201142.0,Kevin Durant,0.3079509043927649,0.1748888888888889,5621.0,34.375,8.495981630309988,52.582159624413094,29.86913347671177,27.615062761506277,70.74235807860262,53.491439951764086,22.887323943661972,23.47826086956522,0.0,17.372320881812616,62.61306292234264,31.876621733051486,47.244842327697064,50.90579710144928,14.583333333333334,34.56068840579711,2025-26,0.0
1628989,Kevin Huerter,Kevin,1610612765,DET,27.0,69,40,29,0.58,1549.0766666666666,110.8,206,0.125,0.185,63,0.239,33,0.177,532.0,476.0,418.0,1638.0,5.94,5.94099195621721,118,110,379,200,157,199,145,260,287,99,151,119,245,396,413,379,431,93,69,258,138,120,118,1,22,49,7,12,19,0.368,0.632,1,22,23,14,23,0.043,0.957,1.0,0.609,1628989.0,Kevin Huerter,0.3304397759103641,0.1263585434173669,3194.7,14.583333333333334,82.43398392652124,60.09389671361502,49.70870188601952,13.528591352859134,30.131004366812224,23.49003916123099,22.183098591549296,24.347826086956523,3.4482758620689653,18.257047532571743,45.4591651563699,74.34478235980897,59.90197375808944,18.478260869565215,12.5,15.78804347826087,2025-26,0.0
1641718,Keyonte George,Keyonte,1610612762,UTA,22.0,54,16,38,0.296,1786.1083333333331,123.6,176,0.096,0.149,58,0.212,14,0.103,737.0,582.0,694.0,1940.0,0.16,0.1628687381921907,266,348,491,448,115,555,183,388,397,123,224,261,384,512,486,530,485,524,53,172,66,106,94,2,25,58,14,17,31,0.452,0.548,1,19,20,8,20,0.05,0.95,1.0,0.4,1641718.0,Keyonte George,0.3871614906832298,0.139416149068323,3740.3,4.6875,65.097588978186,0.0,24.6591561423651,3.486750348675035,24.017467248908297,15.805180488814992,13.732394366197184,20.0,6.896551724137931,14.217095677513356,2.193388322572015,62.91827202286808,32.55583017272005,13.043478260869565,10.416666666666668,11.861413043478262,2025-26,0.0
1642851,Kon Knueppel,Kon,1610612766,CHA,20.0,81,44,37,0.543,2550.7466666666664,113.0,335,0.128,0.186,57,0.157,19,0.08,949.0,730.0,850.0,2716.0,8.09,8.08622993316441,19,67,482,261,17,293,45,243,279,130,415,217,437,573,554,572,571,44,81,436,295,141,144,3,37,85,34,21,55,0.618,0.382,4,33,36,12,37,0.108,0.892,0.973,0.324,1642851.0,Kon Knueppel,0.3306126582278481,0.141053164556962,5140.4,7.291666666666667,20.55109070034443,49.76525821596242,22.550862965777824,35.425383542538356,39.30131004366812,37.75093944321621,31.338028169014088,19.130434782608695,10.344827586206897,21.8170703380704,45.32729524029413,61.48574488866896,53.40652006448154,41.84782608695652,20.13888888888889,32.07880434782609,2025-26,0.0
1627739,Kris Dunn,Kris,1610612746,LAC,32.0,82,42,40,0.512,2230.0,114.1,213,0.097,0.151,131,0.292,14,0.072,833.0,685.0,679.0,2196.0,6.3,6.30424774420868,1,87,508,293,51,351,136,386,393,4,68,261,453,545,536,526,527,84,82,263,108,155,296,0,45,106,14,25,39,0.359,0.641,2,13,15,8,15,0.133,0.867,1.0,0.533,1627739.0,Kris Dunn,0.3147265415549597,0.1617024128686327,4453.1,4.6875,50.401836969001145,44.60093896713616,30.66587768093444,9.344490934449093,45.414847161572055,30.98670467072287,84.85915492957746,83.47826086956522,0.0,63.161053276178805,57.44479171368467,43.41590455265848,50.43034813317158,19.746376811594203,6.25,13.673007246376812,2025-26,0.0
1642271,Kyle Filipowski,Kyle,1610612762,UTA,22.0,77,21,56,0.273,1800.9433333333334,120.4,408,0.225,0.351,73,0.22,39,0.291,697.0,601.0,671.0,1958.0,1.85,1.8471252266331677,37,292,574,470,114,519,23,32,26,69,196,93,133,490,500,521,490,331,76,445,259,186,129,3,112,260,22,7,29,0.759,0.241,18,61,79,63,79,0.228,0.772,1.0,0.797,1642271.0,Kyle Filipowski,0.3739521410579345,0.1793148614609571,3771.0,17.708333333333336,64.06429391504018,15.023474178403704,33.261704748198326,30.404463040446306,58.951965065502186,47.53296425547983,26.056338028169012,33.04347826086956,10.344827586206897,24.57395949912367,12.269119906079014,28.00352105153012,20.136320478804567,55.072463768115945,39.58333333333333,48.10235507246377,2025-26,0.0
1628398,Kyle Kuzma,Kyle,1610612749,MIL,30.0,69,31,38,0.449,1805.7416666666663,116.8,256,0.134,0.21,46,0.167,28,0.189,660.0,575.0,582.0,1748.0,3.77,3.772473832699484,118,188,491,359,113,448,89,224,222,196,376,140,233,477,481,483,450,205,68,250,155,95,55,3,32,74,6,8,14,0.429,0.571,8,34,42,25,42,0.19,0.81,1.0,0.595,1628398.0,Kyle Kuzma,0.3083140495867769,0.14566391184573,3685.7,11.979166666666668,76.11940298507463,31.92488262910797,39.41467836871978,15.899581589958158,19.21397379912664,17.888216915459246,0.0,9.565217391304348,10.344827586206897,5.934032983508246,62.33606567384082,57.45095068792114,59.893508180880985,27.536231884057973,20.833333333333336,24.51992753623189,2025-26,0.0
1630163,LaMelo Ball,LaMelo,1610612766,CHA,24.0,72,41,31,0.569,2017.4466666666667,114.1,282,0.14,0.204,87,0.29,18,0.092,706.0,607.0,653.0,2106.0,5.72,5.718740204029389,84,97,412,218,75,353,71,197,234,38,70,224,408,495,504,513,510,101,69,136,75,61,144,0,22,53,16,24,40,0.4,0.6,1,22,22,13,23,0.043,0.957,1.0,0.591,1630163.0,LaMelo Ball,0.3137929155313351,0.1410572207084468,4032.0,6.770833333333333,55.56831228473019,44.60093896713616,33.30747737477294,4.741980474198047,4.366812227074235,4.51687952592376,31.338028169014088,45.21739130434783,0.0,28.361298224127378,58.15693617804231,61.482195412746,59.819565795394155,32.2463768115942,12.5,23.360507246376812,2025-26,0.0
2544,LeBron James,LeBron,1610612747,LAL,41.0,60,39,21,0.65,1989.055,112.4,321,0.16,0.246,72,0.204,35,0.174,729.0,593.0,600.0,2078.0,6.62,6.61604080931867,214,118,262,129,81,264,50,135,142,72,255,109,250,508,495,496,507,80,60,149,78,71,109,0,37,87,18,18,36,0.5,0.5,3,23,26,20,26,0.115,0.885,1.0,0.769,2544.0,LeBron James,0.3202109826589595,0.1389682080924855,4033.5,15.625,57.175660160734786,52.582159624413094,39.40702096236045,5.160390516039052,8.73362445414847,7.304330878904702,19.014084507042252,32.17391304347826,0.0,18.86650336803429,53.26140963833749,63.31025829719481,58.28583396776615,39.311594202898554,13.194444444444445,27.558876811594207,2025-26,0.0
1629652,Luguentz Dort,Luguentz,1610612760,OKC,27.0,69,53,16,0.768,1848.7416666666663,108.2,189,0.094,0.147,62,0.176,27,0.126,541.0,591.0,463.0,1616.0,8.29,8.287146332912943,118,19,202,36,107,106,164,403,408,103,343,148,329,404,493,415,422,36,69,254,91,163,119,2,64,146,7,13,20,0.35,0.65,5,26,31,13,31,0.161,0.839,1.0,0.419,1629652.0,Luguentz Dort,0.2850782608695652,0.1677333333333333,3785.3,11.458333333333332,83.69690011481056,72.30046948356804,51.95236574440904,6.97350069735007,48.90829694323144,32.13437844487889,22.535211267605636,23.47826086956522,6.896551724137931,18.955613742424564,80.0596915060605,38.13833859812803,59.099015052094266,15.39855072463768,15.27777777777778,15.344202898550726,2025-26,0.0
1629029,Luka Dončić,Luka,1610612747,LAL,27.0,64,43,21,0.672,2288.6016666666665,115.6,454,0.194,0.292,105,0.267,34,0.174,858.0,664.0,733.0,2452.0,5.5,5.498718962893385,180,75,262,103,37,414,12,66,79,14,100,113,249,549,529,544,553,115,64,317,148,169,196,14,5,10,16,22,38,0.421,0.579,1,17,17,13,18,0.056,0.944,1.0,0.765,1629029.0,Luka Dončić,0.390037037037037,0.1711339031339031,4723.5,15.104166666666666,35.7060849598163,37.55868544600939,27.92846776410472,14.923291492329149,51.52838427947598,36.88634716461725,49.647887323943664,60.86956521739131,48.27586206896552,53.232468272905805,0.0,35.16255214719822,17.58127607359911,63.40579710144928,9.027777777777777,38.93568840579711,2025-26,0.0
1628379,Luke Kennard,Luke,1610612747,LAL,30.0,78,45,33,0.577,1680.4766666666667,113.7,150,0.086,0.133,55,0.188,8,0.05,621.0,517.0,562.0,1762.0,4.99,4.993002962777243,28,60,435,207,139,330,227,449,461,142,304,341,495,454,438,472,453,138,77,170,90,80,105,0,38,90,9,8,17,0.529,0.471,1,14,15,5,15,0.067,0.933,1.0,0.333,1628379.0,Luke Kennard,0.338912,0.1378213333333333,3443.7,1.5625,75.31572904707234,46.47887323943659,38.605223476334466,6.834030683403068,12.663755458515285,10.331865548470397,17.6056338028169,17.391304347826086,0.0,13.129210042865887,38.99678371716378,64.31387080020146,51.65532725868262,8.333333333333332,6.944444444444445,7.708333333333333,2025-26,0.0
203935,Marcus Smart,Marcus,1610612747,LAL,32.0,62,41,21,0.661,1768.9783333333332,110.6,136,0.077,0.114,87,0.259,23,0.15,619.0,500.0,525.0,1788.0,6.78,6.781531328027479,201,97,262,120,119,180,246,502,518,38,112,182,284,451,427,451,460,76,62,193,76,117,172,20,37,90,17,20,37,0.459,0.541,2,40,40,12,42,0.048,0.952,0.952,0.286,203935.0,Marcus Smart,0.2809039548022599,0.1457429378531073,3592.8,9.375,73.82319173363949,61.03286384976526,44.846333069215135,4.881450488145049,28.82096069868996,19.245156614471995,41.19718309859155,45.21739130434783,68.96551724137932,49.546339506303184,83.24373831189506,57.38179624151479,70.31276727670493,5.797101449275362,25.0,14.43840579710145,2025-26,0.0
1641824,Matas Buzelis,Matas,1610612741,CHI,21.0,77,28,49,0.364,2248.2483333333334,116.9,371,0.152,0.224,55,0.162,116,0.443,881.0,706.0,730.0,2580.0,4.54,4.54249975378455,37,216,559,403,46,451,36,156,191,142,398,6,65,556,547,542,558,164,77,609,397,212,103,2,29,69,19,15,34,0.559,0.441,3,25,27,18,28,0.107,0.893,0.964,0.643,1641824.0,Matas Buzelis,0.3597204301075269,0.1727069892473118,4756.0,57.8125,28.35820895522388,31.455399061032814,40.914222899586555,49.651324965132495,70.3056768558952,62.04393609959011,16.901408450704224,17.391304347826086,6.896551724137931,14.571657833055305,23.12468082149075,33.785968628270574,28.45532472488066,48.369565217391305,14.583333333333334,33.16576086956522,2025-26,0.0
1631108,Max Christie,Max,1610612742,DAL,23.0,77,24,53,0.312,2244.48,115.2,234,0.097,0.146,47,0.138,27,0.116,797.0,686.0,756.0,2616.0,5.61,5.607690708917204,37,252,568,442,48,395,110,385,413,191,468,148,356,532,537,551,562,108,77,373,235,138,78,1,57,124,10,12,22,0.455,0.545,0,13,13,5,13,0.0,1.0,1.0,0.385,1631108.0,Max Christie,0.3229727520435967,0.1273978201634877,4690.2,11.458333333333332,26.29161882893226,39.43661971830982,23.64455485303708,27.05718270571827,37.99126637554585,33.61763290761482,8.098591549295776,10.434782608695652,3.4482758620689653,7.75367949827903,51.1548072843605,73.4353272269208,62.29506725564065,23.55072463768116,6.25,15.76539855072464,2025-26,0.0
1642875,Maxime Raynaud,Maxime,1610612758,SAC,23.0,74,21,53,0.284,1963.88,121.3,414,0.211,0.322,38,0.128,39,0.21,711.0,637.0,677.0,2252.0,1.52,1.515450623492755,70,292,568,459,86,535,20,44,43,246,492,93,211,498,520,524,532,364,74,556,374,182,77,0,210,469,11,14,25,0.44,0.56,32,65,97,76,97,0.33,0.67,1.0,0.784,1642875.0,Maxime Raynaud,0.3395012531328321,0.1662130325814536,4039.8,17.708333333333336,47.18714121699196,10.798122065727688,26.298363275712443,46.44351464435147,57.20524017467249,52.90054996254408,7.746478873239436,2.608695652173913,0.0,4.011635027556644,38.54731750046316,39.46873045717,39.00802397881658,56.15942028985508,42.36111111111111,49.950181159420296,2025-26,0.0
1629008,Michael Porter Jr.,Michael,1610612751,BKN,28.0,52,14,38,0.269,1688.6033333333332,119.6,298,0.188,0.292,55,0.217,13,0.086,625.0,521.0,632.0,1932.0,2.12,2.1173328145044494,286,374,491,473,137,509,62,78,80,142,209,272,425,458,441,509,481,307,52,162,96,66,97,0,37,82,16,15,31,0.516,0.484,15,20,35,29,35,0.429,0.571,1.0,0.829,1629008.0,Michael Porter Jr.,0.3530096153846154,0.1284839743589743,3343.8,4.166666666666666,65.55683122847302,18.779342723004696,29.306393277383393,7.670850767085077,6.550218340611353,6.998471311200843,14.788732394366196,17.391304347826086,0.0,12.002449479485607,28.243507241621312,72.48485035742436,50.36417879952284,35.14492753623188,11.11111111111111,24.32971014492754,2025-26,0.0
1628969,Mikal Bridges,Mikal,1610612752,NYK,29.0,82,53,29,0.646,2691.935,112.0,233,0.085,0.126,107,0.242,62,0.282,964.0,762.0,828.0,2492.0,9.25,9.249261816323026,1,19,379,132,6,252,112,459,482,11,147,39,142,576,566,569,555,17,81,429,277,152,183,1,23,50,18,21,39,0.462,0.538,0,43,43,9,43,0.0,1.0,1.0,0.209,1628969.0,Mikal Bridges,0.3297963446475195,0.1386292428198433,5399.5,29.6875,33.40987370838117,54.46009389671359,37.18347927211181,32.91492329149233,44.10480349344978,39.6288514126668,45.07042253521127,62.60869565217392,3.4482758620689653,40.80328145786262,45.9499569728303,63.60688160588133,54.77841928935581,23.369565217391305,27.083333333333332,25.04076086956522,2025-26,0.0
1628970,Miles Bridges,Miles,1610612766,CHA,28.0,77,42,35,0.545,2387.2316666666666,114.8,375,0.155,0.228,46,0.136,34,0.152,848.0,690.0,778.0,2608.0,6.29,6.2867287388825925,37,87,459,258,26,376,35,150,179,196,473,113,278,547,541,561,560,85,77,456,250,206,99,0,48,123,26,14,40,0.65,0.35,5,38,43,23,43,0.116,0.884,1.0,0.535,1628970.0,Miles Bridges,0.2926984126984127,0.1466375661375661,4785.6,15.104166666666666,26.75086107921929,41.31455399061032,25.733106542046,29.14923291492329,67.68558951965066,52.27104687775971,15.492957746478872,9.565217391304348,0.0,9.545009185548071,74.24724754545782,56.598920757804684,65.42308415163126,49.094202898550726,23.61111111111111,37.626811594202906,2025-26,0.0
1630541,Moses Moody,Moses,1610612744,GSW,24.0,60,30,30,0.5,1539.8983333333333,108.9,149,0.092,0.142,58,0.195,34,0.246,627.0,490.0,527.0,1604.0,6.74,6.735353388123421,214,196,395,303,158,124,230,420,430,123,286,113,179,460,425,453,421,77,59,216,140,76,145,3,11,26,20,23,43,0.465,0.535,1,28,29,10,29,0.034,0.966,1.0,0.345,1630541.0,Moses Moody,0.3017863501483679,0.1234332344213649,3173.0,15.104166666666666,84.3857634902411,69.01408450704221,52.8302050150116,13.807531380753138,10.91703056768559,12.073230892912608,31.690140845070424,20.0,10.344827586206897,22.26226323457989,67.31521674977786,76.90467537351131,72.10994606164459,8.152173913043478,16.666666666666664,11.983695652173914,2025-26,0.0
1631217,Moussa Diabaté,Moussa,1610612766,CHA,24.0,73,40,33,0.548,1898.9566666666667,111.5,362,0.191,0.285,56,0.197,72,0.465,709.0,539.0,564.0,1988.0,6.79,6.785832146934412,78,110,435,253,97,228,38,73,85,137,280,26,55,496,453,473,494,75,73,560,379,181,97,0,215,512,28,10,38,0.737,0.263,102,77,175,119,179,0.57,0.43,0.978,0.665,1631217.0,Moussa Diabaté,0.340468253968254,0.151526455026455,3757.7,34.89583333333333,62.34213547646383,56.80751173708918,49.979958684367965,47.14086471408648,56.76855895196506,52.91748125681363,14.788732394366196,18.26086956521739,0.0,12.306797305572566,37.80971564002942,52.32072911085797,45.065222375443696,46.73913043478261,50.69444444444444,48.51902173913044,2025-26,0.0
1626167,Myles Turner,Myles,1610612749,MIL,30.0,71,30,41,0.423,1911.8033333333333,115.8,303,0.152,0.228,50,0.167,115,0.599,700.0,532.0,658.0,1726.0,4.51,4.509536210573467,98,196,515,373,93,417,58,158,181,176,375,8,15,492,449,518,446,167,71,573,433,140,124,0,121,293,11,12,23,0.478,0.522,15,82,97,49,97,0.155,0.845,1.0,0.505,1626167.0,Myles Turner,0.3706381766381766,0.1764900284900284,3905.4,57.291666666666664,77.38231917336394,36.619718309859145,59.15540795480883,54.67224546722454,38.864628820960704,45.18767547946624,24.295774647887324,13.043478260869565,0.0,14.283527250459278,14.7969215706539,30.4754890374897,22.6362053040718,36.05072463768116,54.166666666666664,44.20289855072464,2025-26,0.0
1630230,Naji Marshall,Naji,1610612742,DAL,28.0,74,25,49,0.338,2183.74,114.3,283,0.12,0.186,82,0.239,6,0.029,798.0,681.0,692.0,2608.0,6.1,6.09990521420012,70,243,559,418,56,356,70,279,281,53,150,375,519,533,535,529,560,90,74,292,145,147,138,0,26,57,15,19,34,0.441,0.559,6,30,36,19,36,0.167,0.833,1.0,0.528,1630230.0,Naji Marshall,0.327110465116279,0.1414767441860465,4599.1,0.5208333333333333,26.75086107921929,43.661971830985905,20.48662766880656,14.504881450488144,41.92139737991266,30.954791008142855,29.225352112676056,40.869565217391305,0.0,25.994488671157377,47.99867261667941,61.1150768550623,54.55687473587085,32.427536231884055,18.055555555555554,25.96014492753623,2025-26,0.0
1629675,Naz Reid,Naz,1610612750,MIN,26.0,77,46,31,0.597,2007.35,109.9,387,0.187,0.285,76,0.201,78,0.335,685.0,587.0,548.0,2046.0,8.11,8.107400446150702,37,52,412,183,76,148,29,81,86,61,265,21,99,486,490,462,502,42,76,440,270,170,129,4,46,113,17,20,37,0.459,0.541,8,55,61,36,63,0.127,0.873,0.968,0.571,1629675.0,Naz Reid,0.3411946666666667,0.162928,4100.4,38.02083333333333,59.01262916188289,64.31924882629103,51.942565746565094,31.93863319386332,51.96506550218341,43.954492578855366,26.056338028169012,35.65217391304348,13.79310344827586,26.349071942901787,37.25562784799749,42.34341206056331,39.7995199542804,51.26811594202898,35.41666666666667,44.134963768115945,2025-26,0.0
1629674,Neemias Queta,Neemias,1610612738,BOS,26.0,76,52,24,0.684,1926.2066666666667,105.6,406,0.194,0.286,60,0.203,100,0.483,557.0,546.0,487.0,1452.0,10.12,10.120332168842964,54,24,309,92,91,60,24,65,84,112,260,12,47,413,462,425,396,10,76,591,433,158,127,0,276,672,14,8,22,0.636,0.364,55,102,157,91,157,0.35,0.65,1.0,0.58,1629674.0,Neemias Queta,0.2986989247311828,0.1448655913978494,3705.1,49.47916666666667,93.1113662456946,84.50704225352113,73.50740541604006,54.67224546722454,46.72489082969432,49.903832684706416,25.352112676056336,21.73913043478261,0.0,17.74954072259645,69.67022064248157,58.14954866167987,63.90988465208072,54.710144927536234,68.05555555555556,60.71557971014493,2025-26,0.0
1629651,Nic Claxton,Nic,1610612751,BKN,27.0,69,17,52,0.246,1920.3666666666663,120.3,310,0.167,0.265,45,0.16,77,0.393,770.0,618.0,764.0,2226.0,2.02,2.024283664221217,118,334,566,493,92,516,56,120,112,200,403,22,76,524,512,555,531,319,69,501,327,174,117,0,200,489,18,9,27,0.667,0.333,39,46,84,66,85,0.459,0.541,0.988,0.776,1629651.0,Nic Claxton,0.3254240687679083,0.1564183381088825,3824.2,37.5,48.679678530424795,15.49295774647886,35.911126922268394,39.8884239888424,53.7117903930131,48.18244383134482,21.830985915492956,8.695652173913043,0.0,11.775872627066748,49.28500975148064,48.03991729109136,48.662463521286,37.31884057971014,29.166666666666668,33.65036231884058,2025-26,0.0
1629638,Nickeil Alexander-Walker,Nickeil,1610612737,ATL,27.0,78,43,35,0.551,2603.1766666666667,112.0,216,0.079,0.122,102,0.208,42,0.169,934.0,809.0,869.0,2858.0,8.97,8.966060700215614,28,75,459,245,14,251,131,492,493,20,235,81,260,572,574,575,578,24,78,259,177,82,271,4,40,88,28,30,58,0.483,0.517,1,37,37,15,38,0.026,0.974,0.974,0.395,1629638.0,Nickeil Alexander-Walker,0.3839102244389027,0.1659451371571072,5487.3,19.270833333333336,12.399540757749714,54.46009389671359,25.66319607272413,18.967921896792188,13.537117903930133,15.709439501074954,76.05633802816901,58.26086956521739,13.79310344827586,54.26211542116266,4.673365529142755,39.70316163217561,22.188263580659186,20.28985507246377,22.916666666666664,21.47192028985507,2025-26,0.0
203999,Nikola Jokić,Nikola,1610612743,DEN,31.0,65,43,22,0.662,2264.855,115.3,644,0.27,0.4,92,0.271,53,0.299,810.0,591.0,734.0,2374.0,5.7,5.704173223753847,166,75,279,119,43,402,2,9,11,28,93,53,126,538,493,545,544,103,65,389,255,134,177,1,221,513,22,16,38,0.579,0.421,38,109,146,117,147,0.259,0.741,1.0,0.801,203999.0,Nikola Jokić,0.3877387387387387,0.1867597597597597,4707.9,25.0,40.18369690011481,38.96713615023473,33.80607795259886,29.846582984658298,36.24454148471616,33.685358084693014,42.95774647887324,49.56521739130435,3.4482758620689653,35.39299364402306,1.7530792513917557,21.48860479178591,11.620842021588834,97.82608695652172,72.91666666666666,86.61684782608697,2025-26,0.0
202696,Nikola Vučević,Nikola,1610612738,BOS,35.0,64,35,29,0.547,1818.118333333333,114.8,412,0.211,0.305,39,0.161,41,0.238,623.0,541.0,572.0,1954.0,5.02,5.015710399495806,180,162,379,255,111,378,21,46,61,239,399,85,187,456,456,479,487,136,64,502,335,167,90,1,144,311,11,6,17,0.647,0.353,25,102,125,90,127,0.197,0.803,0.984,0.709,202696.0,Nikola Vučević,0.3595552147239264,0.1736717791411043,3754.1,18.75,64.2939150401837,41.31455399061032,40.33150876171688,41.00418410041841,50.65502183406113,46.79468674060404,12.323943661971832,3.4782608695652173,3.4482758620689653,7.0090377346538,23.250702609530745,32.94169579685843,28.096199203194587,55.79710144927537,68.05555555555556,61.31340579710145,2025-26,0.0
1642363,Nique Clifford,Nique,1610612758,SAC,24.0,75,21,54,0.28,1881.925,115.8,217,0.115,0.176,68,0.219,24,0.125,718.0,595.0,560.0,1896.0,4.4,4.396529625800647,60,292,572,461,99,418,130,306,319,80,202,173,331,503,499,470,473,171,75,323,166,157,143,9,29,67,10,16,26,0.385,0.615,3,18,21,15,21,0.143,0.857,1.0,0.714,1642363.0,Nique Clifford,0.3330543209876543,0.1544049382716049,3843.3,9.895833333333332,67.62342135476463,36.619718309859145,36.78146038496574,17.433751743375176,46.288209606986904,34.746426461542214,30.985915492957744,28.695652173913043,31.03448275862069,30.196465147707833,43.46486148820833,49.80181259318782,46.63333704069807,20.47101449275362,9.722222222222223,15.634057971014492,2025-26,0.0
1641730,Noah Clowney,Noah,1610612751,BKN,21.0,66,17,49,0.258,1780.0633333333333,118.3,221,0.128,0.2,50,0.185,45,0.266,710.0,566.0,675.0,1982.0,2.88,2.8839256995467406,157,334,559,482,117,485,126,245,241,176,315,73,157,497,475,523,492,269,66,414,261,153,108,4,25,58,10,15,25,0.4,0.6,2,35,37,20,37,0.054,0.946,1.0,0.541,1641730.0,Noah Clowney,0.3781794871794872,0.175022792022792,3547.9,20.833333333333336,62.68656716417911,24.88262910798121,36.494289117791325,30.683403068340308,44.54148471615721,38.99825205703045,18.661971830985916,13.043478260869565,13.79310344827586,15.47828198576768,9.044615593635056,31.759445155308775,20.402030374471916,21.195652173913043,21.52777777777778,21.345108695652172,2025-26,0.0
1626181,Norman Powell,Norman,1610612748,MIA,33.0,58,29,29,0.5,1716.9366666666667,114.1,180,0.097,0.147,64,0.208,14,0.097,596.0,554.0,507.0,1914.0,4.86,4.8638154888296254,230,203,379,303,130,350,177,380,405,94,234,261,401,437,467,439,477,144,57,134,63,71,150,0,15,34,9,21,30,0.3,0.7,0,19,18,11,19,0.0,1.0,0.947,0.579,1626181.0,Norman Powell,0.3675723270440251,0.1558836477987421,3684.6,4.6875,66.59012629161883,44.60093896713616,36.33177894385063,3.0683403068340307,8.73362445414847,6.467510795222694,33.45070422535211,25.217391304347824,0.0,22.206368646662582,17.135468014069993,48.50781657670303,32.82164229538651,13.768115942028986,10.416666666666668,12.259963768115943,2025-26,0.0
1628384,OG Anunoby,OG,1610612752,NYK,28.0,67,45,22,0.672,2223.8716666666664,110.2,266,0.116,0.172,104,0.283,48,0.255,788.0,564.0,669.0,1956.0,8.88,8.88096428136334,147,60,279,105,52,168,82,300,328,16,81,68,167,530,472,520,488,26,67,465,262,203,184,3,20,48,20,23,43,0.465,0.535,6,68,74,46,74,0.081,0.919,1.0,0.622,1628384.0,OG Anunoby,0.3060512129380054,0.173911051212938,4482.4,22.395833333333336,64.17910447761194,62.91079812206569,47.14871943101394,30.822873082287312,66.37554585152839,52.15447674383195,45.42253521126761,60.0,10.344827586206897,41.75522098105876,64.06209574625888,32.73231247841298,48.39720411233593,29.347826086956523,44.44444444444444,36.14130434782609,2025-26,0.0
1630168,Onyeka Okongwu,Onyeka,1610612737,ATL,25.0,74,41,33,0.554,2296.9683333333332,111.3,422,0.178,0.268,82,0.175,79,0.376,850.0,651.0,757.0,2430.0,8.38,8.375985208676461,70,97,435,243,36,224,17,98,108,53,351,20,83,548,526,552,548,34,74,566,392,174,174,2,159,375,30,28,58,0.517,0.483,19,82,100,65,101,0.188,0.812,0.99,0.644,1630168.0,Onyeka Okongwu,0.3284207792207792,0.1619012987012987,4833.7,38.54166666666667,36.969001148105626,57.746478873239425,42.7924367868135,48.95397489539749,53.7117903930131,51.80866419396686,41.901408450704224,40.869565217391305,6.896551724137931,32.78904913740313,46.999200759128975,43.241862612384175,45.120531685756575,57.608695652173914,54.166666666666664,56.059782608695656,2025-26,0.0
1642345,Oso Ighodaro,Oso,1610612756,PHX,23.0,82,45,37,0.549,1808.37,109.7,280,0.158,0.252,73,0.206,57,0.383,613.0,540.0,482.0,1758.0,7.38,7.375874216882334,1,60,482,251,112,141,73,141,137,69,246,45,80,449,454,423,452,60,82,434,318,116,172,0,251,622,18,13,31,0.581,0.419,19,57,76,44,76,0.25,0.75,1.0,0.579,1642345.0,Oso Ighodaro,0.3266927083333333,0.1211692708333333,3559.0,27.083333333333332,75.54535017221585,65.25821596244128,53.5887598842192,38.633193863319384,28.38427947598253,32.48384523091727,41.19718309859155,33.04347826086956,0.0,28.044090630740968,48.3173260955827,78.88583516900624,63.60158063229447,31.88405797101449,36.80555555555556,34.09873188405797,2025-26,0.0
1629023,P.J. Washington,P.J.,1610612742,DAL,27.0,56,16,40,0.286,1735.62,114.4,310,0.162,0.253,55,0.198,60,0.299,606.0,544.0,535.0,2006.0,4.79,4.7927527567934645,247,348,508,454,126,359,56,131,134,142,276,42,128,442,461,456,497,148,56,373,222,151,105,1,41,89,13,17,30,0.433,0.567,6,39,45,33,45,0.133,0.867,1.0,0.733,1629023.0,P.J. Washington,0.3141401869158878,0.1615077881619937,3657.6,28.645833333333332,61.30884041331802,43.19248826291075,43.71454954372233,25.24407252440725,43.66812227074236,36.29850237220832,17.6056338028169,17.391304347826086,3.4482758620689653,13.991279008383133,57.89204703840704,43.58621764693325,50.739132342670146,37.31884057971014,24.305555555555554,31.46286231884058,2025-26,0.0
1631094,Paolo Banchero,Paolo,1610612753,ORL,23.0,72,38,34,0.528,2501.685,114.1,519,0.204,0.306,51,0.117,40,0.164,895.0,689.0,875.0,2640.0,6.99,6.992079837564289,84,128,449,281,20,354,8,52,58,168,516,89,266,560,540,576,563,73,72,449,268,181,88,0,68,152,25,11,36,0.694,0.306,3,41,44,31,44,0.068,0.932,1.0,0.705,1631094.0,Paolo Banchero,0.3554116022099447,0.1771602209944751,5132.6,18.229166666666664,24.913892078071186,44.60093896713616,27.16176363577562,31.659693165969315,56.76855895196506,46.72501263756676,11.619718309859154,13.91304347826087,0.0,9.517452541334965,26.41133721011627,29.889013860914016,28.150175535515142,75.18115942028986,25.694444444444443,52.91213768115943,2025-26,0.0
1627783,Pascal Siakam,Pascal,1610612754,IND,32.0,62,17,45,0.274,2056.651666666666,117.2,322,0.151,0.234,69,0.233,25,0.123,742.0,679.0,582.0,2370.0,4.0,4.00261466282935,201,334,541,467,70,457,49,159,161,78,163,167,342,513,534,483,543,191,62,360,237,123,141,0,47,114,21,14,35,0.6,0.4,6,54,59,29,60,0.1,0.9,0.983,0.483,1627783.0,Pascal Siakam,0.3385014084507042,0.1697323943661972,4275.4,10.416666666666668,40.41331802525832,30.046948356807473,25.823065064708945,27.33612273361227,31.4410480349345,29.799077914405608,30.28169014084507,29.565217391304348,0.0,22.460502143294548,39.30997175128454,36.38899096374592,37.84948135751523,39.492753623188406,34.72222222222222,37.346014492753625,2025-26,0.0
1630202,Payton Pritchard,Payton,1610612738,BOS,28.0,79,54,25,0.684,2555.5233333333335,112.1,243,0.09,0.137,58,0.154,10,0.04,786.0,774.0,727.0,2158.0,8.62,8.624178277715227,25,13,326,93,16,255,100,426,445,123,424,300,505,529,569,541,521,31,76,133,41,92,109,2,22,51,25,19,44,0.568,0.432,3,28,31,9,32,0.094,0.875,1.0,0.29,1630202.0,Payton Pritchard,0.3332555831265508,0.1681985111662531,4935.8,2.604166666666667,52.58323765786452,53.990610328638496,32.943452429078874,0.0,17.903930131004365,10.74235807860262,19.014084507042252,20.0,6.896551724137931,16.329771733851384,43.311344218473806,37.73126861466714,40.52130641657047,25.181159420289855,16.666666666666664,21.34963768115942,2025-26,0.0
1641796,Pelle Larsson,Pelle,1610612748,MIA,25.0,70,38,32,0.543,1849.1433333333337,113.3,175,0.088,0.132,49,0.147,16,0.1,606.0,576.0,503.0,2052.0,5.67,5.666186497686518,105,128,424,262,106,305,186,435,465,182,448,243,392,442,483,435,504,105,70,330,195,135,124,12,14,33,8,8,16,0.5,0.5,8,30,36,21,38,0.211,0.789,0.947,0.553,1641796.0,Pelle Larsson,0.3369857549857549,0.1447293447293447,3951.4,5.729166666666666,58.66819747416763,48.35680751173708,34.91473766055961,21.478382147838214,36.681222707423586,30.600086483589436,24.295774647887324,12.173913043478262,41.37931034482759,24.32400701057922,40.46607087195569,58.26877603059104,49.36742345127337,12.862318840579707,18.055555555555554,15.19927536231884,2025-26,0.0
1631212,Peyton Watson,Peyton,1610612743,DEN,23.0,54,36,18,0.667,1597.7583333333334,117.6,215,0.127,0.201,50,0.219,61,0.386,541.0,502.0,505.0,1690.0,2.9,2.9046981283500655,266,151,225,106,148,471,134,251,240,176,203,40,79,404,428,437,439,264,54,331,206,125,85,3,30,76,17,18,35,0.486,0.514,3,9,12,11,12,0.25,0.75,1.0,0.917,1631212.0,Peyton Watson,0.3085325443786982,0.1353254437869822,3247.6,29.166666666666668,79.44890929965557,28.169014084507044,46.51603844267287,23.01255230125523,32.314410480349345,28.5936672087117,10.56338028169014,13.043478260869565,10.344827586206897,11.376776400532128,62.169403806433046,66.49798544293117,64.33369462468211,20.10869565217391,3.4722222222222223,12.622282608695654,2025-26,0.0
1630173,Precious Achiuwa,Precious,1610612758,SAC,26.0,73,20,53,0.274,1745.185,118.1,315,0.18,0.276,65,0.238,50,0.323,633.0,566.0,596.0,1920.0,2.91,2.9076366697427996,78,302,568,469,125,483,53,93,96,92,152,60,111,466,475,494,479,263,73,407,255,152,127,3,65,151,27,10,37,0.73,0.27,35,27,62,46,62,0.565,0.435,1.0,0.742,1630173.0,Precious Achiuwa,0.3010129533678756,0.1292927461139896,3555.2,23.4375,66.24569460390356,25.821596244131456,39.01639217239911,29.846582984658298,44.10480349344978,38.40151528993319,25.352112676056336,26.08695652173913,10.344827586206897,21.857486749582954,67.90514271803801,71.77710660516676,69.84112466160238,38.224637681159415,15.97222222222222,28.21105072463768,2025-26,0.0
1629656,Quentin Grimes,Quentin,1610612755,PHI,26.0,75,42,33,0.56,2205.721666666667,112.4,227,0.096,0.153,64,0.165,28,0.099,805.0,664.0,751.0,2202.0,7.28,7.279927688186182,60,87,435,233,54,268,120,390,388,94,388,140,398,534,529,549,528,65,74,268,134,134,149,1,12,26,21,20,41,0.512,0.488,0,12,12,5,12,0.0,1.0,1.0,0.417,1629656.0,Quentin Grimes,0.3119362244897959,0.120204081632653,4508.8,11.979166666666668,50.05740528128588,52.582159624413094,35.45729842122,12.97071129707113,36.24454148471616,26.935009409658143,33.098591549295776,25.217391304347824,3.4482758620689653,22.927592541757292,59.573169459673935,79.73045742774855,69.65181344371123,22.282608695652172,5.555555555555555,14.755434782608695,2025-26,0.0
1629628,RJ Barrett,RJ,1610612761,TOR,26.0,57,34,23,0.596,1725.76,113.5,245,0.141,0.218,42,0.13,19,0.112,531.0,509.0,484.0,1772.0,5.2,5.204502327584985,235,168,289,184,128,315,97,189,204,219,485,217,367,394,432,424,457,127,57,269,151,118,108,3,24,57,16,13,29,0.552,0.448,7,18,25,15,25,0.28,0.72,1.0,0.6,1629628.0,RJ Barrett,0.3099425287356321,0.13475,3536.2,7.291666666666667,74.74167623421354,47.417840375586835,40.930713442538114,15.341701534170154,29.257641921397383,23.69126576650649,18.661971830985916,6.086956521739131,10.344827586206897,12.181430411554787,61.09390619902588,67.00154747076736,64.04772683489662,25.543478260869566,9.722222222222223,18.423913043478265,2025-26,0.0
1642263,Reed Sheppard,Reed,1610612745,HOU,22.0,82,52,30,0.634,2146.923333333333,111.6,210,0.092,0.143,122,0.324,54,0.192,830.0,716.0,674.0,2146.0,7.59,7.592976538603757,1,24,395,145,58,234,139,416,419,6,44,49,231,544,550,522,518,54,82,311,155,156,289,0,13,28,24,23,47,0.511,0.489,0,15,15,6,15,0.0,1.0,1.0,0.4,1642263.0,Reed Sheppard,0.3292431077694235,0.1479498746867168,4220.4,25.520833333333332,53.27210103329506,56.33802816901409,42.938075737240126,15.899581589958158,45.85152838427947,33.87074966655095,82.3943661971831,75.65217391304347,0.0,59.43600734843845,46.371950972831485,55.45053968374246,50.911245328286974,19.202898550724637,7.638888888888889,13.99909420289855,2025-26,0.0
1641842,Ronald Holland II,Ronald,1610612765,DET,20.0,78,56,22,0.718,1550.4483333333333,104.5,232,0.141,0.23,92,0.26,27,0.129,554.0,486.0,416.0,1384.0,8.8,8.795477677016725,28,7,279,73,155,50,115,191,174,28,109,148,325,411,422,377,382,27,75,156,78,78,164,2,16,40,18,21,39,0.462,0.538,4,7,10,7,11,0.364,0.636,0.909,0.636,1641842.0,Ronald Holland II,0.2589363867684478,0.1319312977099236,3159.7,11.458333333333332,97.01492537313432,89.6713615023474,60.956397589517195,5.160390516039052,11.790393013100436,9.13839201427588,38.38028169014084,49.56521739130435,6.896551724137931,34.42407669404734,100.0,69.46815059198798,84.73407529599399,23.18840579710145,2.083333333333333,13.6911231884058,2025-26,0.0
1626220,Royce O'Neale,Royce,1610612756,PHX,33.0,78,43,35,0.551,2213.0533333333333,115.1,313,0.139,0.227,84,0.196,32,0.172,907.0,784.0,710.0,2326.0,5.71,5.705311740763905,28,75,459,245,53,390,55,198,183,45,285,123,254,563,571,536,538,102,78,183,87,96,172,0,41,95,17,21,38,0.447,0.553,3,35,38,22,38,0.079,0.921,1.0,0.579,1626220.0,Royce O'Neale,0.3456746031746031,0.1431190476190476,4431.5,14.0625,42.93915040183697,39.90610328638498,30.630228462239188,6.4156206415620645,19.65065502183406,14.35664126972526,41.19718309859155,42.608695652173914,0.0,31.39191671769749,33.83845447871345,59.67792232189512,46.75818840030429,37.86231884057971,21.52777777777778,30.511775362318843,2025-26,0.0
203497,Rudy Gobert,Rudy,1610612750,MIN,34.0,76,46,30,0.605,2380.0466666666666,108.0,573,0.222,0.334,58,0.132,124,0.422,913.0,678.0,775.0,2384.0,10.82,10.815096035251171,54,52,395,171,27,98,6,35,36,123,482,5,68,567,532,560,545,7,76,808,620,188,137,1,307,767,18,5,23,0.783,0.217,93,99,192,151,192,0.484,0.516,1.0,0.786,203497.0,Rudy Gobert,0.3285824175824176,0.153032967032967,4870.9,61.979166666666664,39.60964408725603,73.23943661971829,56.964901252135846,80.75313807531381,59.82532751091703,68.19645173667574,28.87323943661972,20.0,3.4482758620689653,19.41136474016513,46.87590742587151,51.00240357129976,48.939155498585635,84.96376811594203,65.97222222222221,76.41757246376812,2025-26,1.0
1629060,Rui Hachimura,Rui,1610612747,LAL,28.0,68,47,21,0.691,1926.565,114.4,185,0.094,0.147,39,0.115,21,0.121,714.0,615.0,570.0,2108.0,5.32,5.324052271045933,135,44,262,87,90,361,170,406,407,239,520,197,346,500,509,476,511,122,67,236,152,84,85,1,29,66,9,10,19,0.474,0.526,1,39,39,16,40,0.025,0.975,1.0,0.41,1629060.0,Rui Hachimura,0.3142924791086351,0.1175877437325905,3946.5,8.333333333333332,55.453501722158435,43.19248826291075,33.54018100181647,15.481171548117151,14.41048034934498,14.83875682885385,10.56338028169014,3.4782608695652173,3.4482758620689653,6.304812382541123,57.775882707844794,82.01997457653806,69.89792864219143,14.673913043478262,24.305555555555554,19.008152173913047,2025-26,0.0
201566,Russell Westbrook,Russell,1610612758,SAC,37.0,64,16,48,0.25,1852.57,122.1,268,0.147,0.225,83,0.258,12,0.074,692.0,602.0,627.0,2154.0,0.99,0.992068260872396,180,348,552,485,104,541,79,172,190,48,116,277,450,489,501,508,520,416,60,110,49,61,137,0,10,22,25,21,46,0.543,0.457,2,7,9,7,9,0.222,0.778,1.0,0.778,201566.0,Russell Westbrook,0.3372162162162162,0.1321141141141141,3827.3,3.6458333333333335,52.81285878300803,7.042253521126761,21.703397287667833,1.1157601115760112,4.366812227074235,3.0663913808749452,28.87323943661972,41.73913043478261,0.0,26.1579914268218,40.29028133163752,69.30817076198818,54.79922604681285,29.71014492753623,2.083333333333333,17.27807971014493,2025-26,0.0
1631157,Ryan Rollins,Ryan,1610612749,MIL,23.0,74,29,45,0.392,2375.483333333333,116.5,284,0.115,0.177,110,0.293,31,0.15,845.0,745.0,721.0,2252.0,5.1,5.098423240503657,70,203,541,392,28,438,69,305,309,10,64,127,282,546,560,540,532,130,74,288,154,134,299,4,9,19,22,28,50,0.44,0.56,0,18,18,8,18,0.0,1.0,1.0,0.444,1631157.0,Ryan Rollins,0.3381290322580645,0.1782903225806451,4824.9,13.541666666666666,47.18714121699196,33.33333333333331,30.265499425947183,15.760111576011155,36.24454148471616,28.050769521234155,85.91549295774648,65.21739130434783,13.79310344827586,60.640560001689295,39.59401015374621,28.900079304200755,34.24704472897348,32.608695652173914,9.722222222222223,22.309782608695656,2025-26,0.0
1630180,Saddiq Bey,Saddiq,1610612740,NOP,27.0,72,24,48,0.333,2245.575,116.8,279,0.12,0.19,68,0.17,7,0.032,864.0,757.0,774.0,2578.0,4.58,4.579100194274813,84,252,552,419,47,449,74,283,268,80,363,363,516,551,562,559,557,162,71,182,97,85,97,1,19,45,19,20,39,0.487,0.513,8,32,40,26,40,0.2,0.8,1.0,0.65,1630180.0,Saddiq Bey,0.3360986666666666,0.144704,4658.6,1.0416666666666663,28.47301951779564,31.92488262910797,18.363444155172132,7.810320781032078,14.847161572052403,12.032425255644274,14.788732394366196,28.695652173913043,3.4482758620689653,16.821040184133285,41.142717644699296,58.290954814327186,49.71683622951324,31.70289855072464,19.444444444444446,26.18659420289855,2025-26,0.0
1630573,Sam Hauser,Sam,1610612738,BOS,28.0,78,54,24,0.692,1934.15,111.0,244,0.118,0.178,38,0.139,23,0.124,573.0,513.0,550.0,1620.0,7.21,7.214180901901533,28,13,309,86,89,208,98,288,306,246,466,182,339,422,436,466,424,69,77,306,187,119,95,0,57,136,13,13,26,0.5,0.5,1,48,48,21,49,0.02,0.98,0.98,0.429,1630573.0,Sam Hauser,0.3323031914893617,0.1492952127659574,3779.5,9.375,83.46727898966705,59.15492957746476,47.75228004074965,20.36262203626221,29.694323144104807,25.961642700967765,14.084507042253522,2.608695652173913,0.0,6.546846295162278,44.03780258098989,54.27325497473473,49.155528777862315,25.36231884057971,30.555555555555557,27.699275362318843,2025-26,0.0
1630572,Sandro Mamukelashvili,Sandro,1610612761,TOR,27.0,80,44,36,0.55,1750.6916666666666,109.7,287,0.163,0.256,64,0.189,41,0.23,554.0,535.0,447.0,1766.0,7.24,7.2397384990046625,21,67,472,248,123,143,68,129,128,94,303,85,194,411,451,403,455,67,80,458,320,138,138,0,84,188,14,17,31,0.452,0.548,12,63,73,34,75,0.16,0.84,0.973,0.453,1630572.0,Sandro Mamukelashvili,0.3524116161616162,0.15125,3565.6,18.75,75.08610792192881,65.25821596244128,50.09469176328541,38.912133891213394,37.99126637554585,38.35961338181286,29.225352112676056,25.217391304347824,0.0,20.51622780159216,28.69964473733476,52.56265066232223,40.631147699828496,33.15217391304348,40.97222222222222,36.671195652173914,2025-26,0.0
1630567,Scottie Barnes,Scottie,1610612761,TOR,24.0,80,45,35,0.563,2680.776666666666,110.0,451,0.166,0.259,114,0.237,116,0.391,891.0,808.0,657.0,2658.0,10.79,10.786223059445286,21,60,459,229,7,162,13,124,124,9,155,6,77,558,573,516,564,8,80,472,325,147,254,1,83,190,24,24,48,0.5,0.5,34,71,104,84,105,0.324,0.676,0.99,0.8,1630567.0,Scottie Barnes,0.3656675062972291,0.1679949622166247,5441.8,57.8125,23.88059701492537,63.84976525821594,47.445650269777865,39.6094839609484,41.92139737991266,40.996632012326955,70.07042253521126,68.69565217391305,3.4482758620689653,52.93371624047131,18.588413322040267,37.90939117704,28.248902249540137,62.86231884057971,46.52777777777778,55.51177536231884,2025-26,1.0
1628983,Shai Gilgeous-Alexander,Shai,1610612760,OKC,27.0,68,56,12,0.824,2258.9466666666667,105.2,254,0.1,0.155,95,0.207,52,0.182,620.0,723.0,526.0,1900.0,12.21,12.205216635165424,135,7,152,15,45,57,90,369,377,26,239,56,240,452,552,452,474,2,68,294,158,136,199,1,17,38,25,29,54,0.463,0.537,0,16,16,9,16,0.0,1.0,1.0,0.563,1628983.0,Shai Gilgeous-Alexander,0.3116952908587257,0.1432409972299169,4665.8,24.479166666666664,67.39380022962112,86.38497652582157,54.97574087848945,16.317991631799163,37.117903930131,28.797939010798267,50.70422535211267,52.17391304347826,3.4482758620689653,39.4046286715797,59.75694706152147,59.571206088733206,59.66407657512734,27.173913043478255,8.333333333333332,18.695652173913043,2025-26,0.0
1642883,Sion James,Sion,1610612766,CHA,23.0,82,44,38,0.537,1843.28,110.0,238,0.124,0.182,52,0.207,20,0.123,736.0,485.0,573.0,1858.0,7.48,7.481673067524034,1,67,491,268,108,156,107,265,292,161,241,209,343,510,420,481,467,57,82,281,173,108,105,1,42,98,8,11,19,0.421,0.579,4,29,33,11,33,0.121,0.879,1.0,0.333,1642883.0,Sion James,0.2852555831265508,0.1496451612903226,3681.3,7.8125,69.80482204362801,63.84976525821594,43.51912902982379,18.410041841004183,24.890829694323145,22.29851455299556,17.6056338028169,14.782608695652174,3.4482758620689653,13.078235530122264,79.92443492524085,53.96702039100285,66.94572765812185,24.27536231884058,17.36111111111111,21.16394927536232,2025-26,0.0
1642264,Stephon Castle,Stephon,1610612759,SAS,21.0,68,51,17,0.75,2037.743333333333,108.4,264,0.119,0.173,78,0.245,19,0.075,700.0,577.0,560.0,1936.0,9.16,9.159257684101265,135,30,216,46,73,113,86,287,325,59,139,217,446,492,484,470,484,19,68,290,172,118,156,1,32,76,25,15,40,0.625,0.375,3,17,20,8,20,0.15,0.85,1.0,0.4,1642264.0,Stephon Castle,0.2896183844011142,0.1342451253481894,4190.9,7.291666666666667,65.3272101033295,71.3615023474178,43.62156578968644,18.270571827057186,29.257641921397383,24.8628138836613,35.563380281690144,37.391304347826086,3.4482758620689653,28.17437759993243,76.59660911688279,67.4433555312942,72.01998232408849,28.985507246376812,9.027777777777777,20.00452898550725,2025-26,0.0
1631106,Tari Eason,Tari,1610612745,HOU,25.0,60,38,22,0.633,1549.105,109.6,252,0.156,0.228,72,0.257,28,0.153,604.0,461.0,523.0,1594.0,6.48,6.477120601122891,214,128,279,146,156,140,93,146,178,72,117,140,277,439,404,449,420,83,60,278,178,100,142,0,12,28,26,21,47,0.553,0.447,6,15,21,15,21,0.286,0.714,1.0,0.714,1631106.0,Tari Eason,0.2763676880222841,0.1296740947075209,3086.8,11.979166666666668,84.95981630309988,65.72769953051643,50.959527255380735,19.107391910739192,21.397379912663755,20.48138471189393,30.633802816901408,32.17391304347826,0.0,23.51439069197795,86.7038788761731,71.44339430273988,79.0736365894565,26.81159420289855,7.638888888888889,18.183876811594207,2025-26,0.0
1629611,Terance Mann,Terance,1610612751,BKN,29.0,63,15,48,0.238,1529.0166666666669,117.8,130,0.089,0.141,41,0.172,15,0.101,569.0,445.0,537.0,1732.0,2.71,2.7054417850835084,194,365,552,501,159,474,254,432,431,227,357,251,391,419,396,458,447,276,63,170,97,73,124,3,27,66,10,8,18,0.556,0.444,5,15,20,9,20,0.25,0.75,1.0,0.45,1629611.0,Terance Mann,0.3265375375375375,0.1139159159159159,3028.2,5.208333333333334,77.03788748564868,27.230046948356794,35.85410569039957,7.810320781032078,9.60698689956332,8.888320452150822,24.295774647887324,5.217391304347826,10.344827586206897,14.130603712228393,48.435686146030925,85.2331347549225,66.83441045047671,4.710144927536232,7.638888888888889,6.028079710144929,2025-26,0.0
203501,Tim Hardaway Jr.,Tim,1610612743,DEN,34.0,80,52,28,0.65,2127.3,114.9,189,0.082,0.128,42,0.143,10,0.055,764.0,616.0,648.0,2186.0,5.55,5.54691460061103,21,24,364,129,61,384,164,474,479,219,456,300,488,518,510,511,524,113,79,234,123,111,69,7,34,83,5,10,15,0.333,0.667,1,19,20,10,20,0.05,0.95,1.0,0.5,203501.0,Tim Hardaway Jr.,0.3566744791666666,0.1654244791666666,4372.3,2.604166666666667,50.97588978185993,40.845070422535166,29.09449569595143,11.436541143654114,26.200873362445417,20.295140474928893,4.929577464788732,6.086956521739131,24.13793103448276,10.136748527144878,25.448049114950717,40.1587814501431,32.80341528254691,15.39855072463768,10.416666666666668,13.156702898550726,2025-26,0.0
202699,Tobias Harris,Tobias,1610612765,DET,33.0,63,46,17,0.73,1745.45,108.6,268,0.145,0.222,58,0.17,26,0.115,577.0,553.0,499.0,1592.0,7.68,7.676307591037775,194,52,216,67,124,119,79,179,192,123,366,157,362,427,465,433,419,51,62,244,129,115,89,0,21,45,15,16,31,0.484,0.516,6,55,60,31,61,0.098,0.902,1.0,0.517,202699.0,Tobias Harris,0.2814134897360704,0.1210879765395894,3537.7,10.9375,85.07462686567165,70.42253521126761,51.75675320580198,12.273361227336125,27.947598253275107,21.677903442899513,11.971830985915492,20.0,0.0,11.788732394366196,82.85507896293942,78.95697455800524,80.90602676047233,29.71014492753623,35.41666666666667,32.27807971014493,2025-26,0.0
1641739,Toumani Camara,Toumani,1610612757,POR,26.0,82,42,40,0.512,2731.2366666666667,113.0,292,0.103,0.161,94,0.206,35,0.118,1212.0,855.0,946.0,2884.0,8.55,8.550232204537128,1,87,508,293,4,294,66,354,356,27,245,109,350,582,577,581,579,32,82,426,253,173,213,18,65,159,22,18,40,0.55,0.45,16,37,52,25,53,0.302,0.698,0.981,0.472,1641739.0,Toumani Camara,0.3553160621761658,0.1539766839378238,5626.0,15.625,10.907003444316878,49.76525821596242,22.50876575950151,29.567642956764296,53.27510917030568,43.79212268488912,55.633802816901415,51.30434782608696,62.06896551724138,55.727284245201346,26.484212541842844,50.17657138914141,38.330391965492126,34.05797101449276,22.916666666666664,29.04438405797102,2025-26,0.0
1630200,Tre Jones,Tre,1610612741,CHI,26.0,65,27,38,0.415,1752.3733333333332,114.8,166,0.088,0.132,76,0.254,11,0.063,652.0,561.0,571.0,2042.0,4.71,4.705855021177458,166,225,491,376,122,374,194,440,467,61,121,284,470,471,470,477,501,156,65,160,101,59,145,8,19,45,15,12,27,0.556,0.444,0,18,18,12,18,0.0,1.0,1.0,0.667,1630200.0,Tre Jones,0.3257045454545454,0.1102215909090909,3738.2,3.125,59.24225028702641,41.31455399061032,32.31342609811182,8.368200836820083,3.4934497816593884,5.443350203723666,31.690140845070424,35.65217391304348,27.58620689655172,32.050868931731316,49.07106978546022,88.46598187918944,68.76852583232483,11.231884057971014,9.722222222222223,10.55253623188406,2025-26,0.0
1630530,Trey Murphy III,Trey,1610612740,NOP,26.0,66,21,45,0.318,2340.6383333333333,117.2,314,0.131,0.207,99,0.222,24,0.109,912.0,758.0,805.0,2588.0,4.48,4.481164076430609,157,292,541,436,32,461,54,234,228,23,187,173,377,566,563,566,559,169,66,317,175,142,185,0,40,86,16,23,39,0.41,0.59,2,16,17,9,18,0.111,0.889,0.944,0.5,1630530.0,Trey Murphy III,0.3701699164345404,0.1644317548746518,4826.0,9.895833333333332,27.898966704936857,30.046948356807473,21.2347087692631,18.688981868898185,39.737991266375545,31.318387507384603,45.774647887323944,55.65217391304348,0.0,37.788120024494795,15.154097681281028,41.02749924478791,28.09079846303447,38.04347826086957,8.333333333333332,24.673913043478265,2025-26,0.0
1641783,Tristan da Silva,Tristan,1610612753,ORL,25.0,77,43,34,0.558,1899.4566666666667,111.6,226,0.115,0.175,68,0.215,25,0.133,655.0,505.0,606.0,1920.0,6.66,6.663291109224503,37,75,449,234,96,232,121,304,321,80,216,167,315,473,430,499,479,79,77,301,194,107,127,0,32,67,11,14,25,0.44,0.56,2,45,47,28,47,0.043,0.957,1.0,0.596,1641783.0,Tristan da Silva,0.3114892473118279,0.1359193548387096,3872.0,10.416666666666668,66.24569460390356,56.33802816901409,41.43716682028643,21.338912133891213,24.45414847161572,23.20805393652591,25.352112676056336,28.695652173913043,0.0,20.1843233312921,59.9141114588572,65.97826299509555,62.94618722697638,22.10144927536232,28.47222222222222,24.968297101449277,2025-26,0.0
1630178,Tyrese Maxey,Tyrese,1610612755,PHI,25.0,70,38,32,0.543,2661.1183333333333,113.4,266,0.096,0.155,130,0.256,55,0.185,864.0,891.0,961.0,2756.0,7.94,7.935083604943578,105,128,424,262,8,308,82,395,379,5,119,46,238,551,582,582,572,45,70,271,116,155,250,3,20,45,15,36,51,0.294,0.706,1,15,15,4,16,0.063,0.938,0.938,0.25,1630178.0,Tyrese Maxey,0.3460502793296089,0.1593854748603352,5404.1,26.041666666666668,18.2548794489093,47.887323943661926,28.777705459700403,10.460251046025103,45.414847161572055,31.43300871535327,68.66197183098592,82.6086956521739,10.344827586206897,58.96403910720695,33.55189895497187,45.44342145043863,39.49766020270525,29.347826086956523,7.638888888888889,19.57880434782609,2025-26,0.0
1642845,VJ Edgecombe,VJ,1610612755,PHI,20.0,75,43,32,0.573,2623.305,113.9,301,0.111,0.177,107,0.217,39,0.125,864.0,863.0,905.0,2686.0,7.47,7.4690030235726255,60,75,424,209,11,339,60,324,310,11,212,93,330,551,579,578,568,58,75,333,196,137,244,0,20,44,39,38,77,0.506,0.494,2,21,23,12,23,0.087,0.913,1.0,0.522,1642845.0,VJ Edgecombe,0.3594447300771208,0.143159383033419,5318.9,17.708333333333336,22.273249138920782,45.539906103286334,26.263947057777195,21.617852161785216,37.55458515283843,31.179891956417144,66.54929577464789,62.60869565217392,0.0,48.53276178812003,23.334977284430657,59.64262541972334,41.488801352077,35.688405797101446,11.805555555555555,24.941123188405797,2025-26,0.0
1641705,Victor Wembanyama,Victor,1610612759,SAS,22.0,64,50,14,0.781,1865.6483333333333,103.6,606,0.285,0.415,66,0.225,197,0.701,581.0,485.0,477.0,1512.0,10.96,10.9556982007958,180,32,175,30,103,41,4,4,6,87,181,1,4,429,420,421,410,6,64,602,434,168,167,3,87,189,20,11,31,0.645,0.355,20,45,65,49,65,0.308,0.692,1.0,0.754,1641705.0,Victor Wembanyama,0.3218677685950413,0.1554710743801653,3840.9,100.0,89.66704936854191,93.89671361502349,94.85764568274554,54.811715481171554,51.09170305676856,52.57970802652976,39.436619718309856,26.956521739130434,10.344827586206897,27.795637392571315,51.997658518348786,48.86885324438415,50.43325588136646,90.94202898550724,28.47222222222222,62.83061594202899,2025-26,1.0
1628976,Wendell Carter Jr.,Wendell,1610612753,ORL,27.0,78,43,35,0.551,2288.3516666666665,111.3,415,0.177,0.263,60,0.149,49,0.236,772.0,612.0,716.0,2366.0,8.29,8.294280214012938,28,75,459,245,38,225,19,100,115,112,440,62,189,525,506,539,542,36,78,595,444,151,125,2,218,497,21,22,43,0.488,0.512,39,148,187,105,187,0.209,0.791,1.0,0.561,1628976.0,Wendell Carter Jr.,0.32445,0.1188333333333333,4708.1,22.916666666666664,40.64293915040184,57.746478873239425,37.82831508761716,56.20641562064156,43.66812227074236,48.68343961070204,24.647887323943664,21.73913043478261,6.896551724137931,19.191988512785866,50.028002838023454,80.9299782304291,65.47899053422628,56.34057971014492,100.0,75.98731884057972,2025-26,0.0
1642860,Will Riley,Will,1610612764,WAS,20.0,74,16,58,0.216,1632.4716666666666,121.4,156,0.097,0.159,54,0.205,9,0.058,745.0,570.0,653.0,2052.0,1.21,1.2069289758797983,70,348,579,518,142,536,214,379,363,153,248,315,484,514,479,513,504,392,68,236,157,79,83,1,14,35,6,12,18,0.333,0.667,2,16,17,8,18,0.111,0.889,0.944,0.444,1642860.0,Will Riley,0.2907827160493827,0.1030839506172839,3383.4,2.083333333333333,58.66819747416763,10.32863849765253,23.949362073705135,16.178521617852162,12.22707423580786,13.80765318862558,9.859154929577464,16.52173913043478,3.4482758620689653,10.588339633000402,75.70848869499082,94.71202137186827,85.21025503342955,9.420289855072465,8.333333333333332,8.931159420289855,2025-26,0.0
1642258,Zaccharie Risacher,Zaccharie,1610612737,ATL,21.0,67,39,28,0.582,1503.253333333333,112.6,186,0.121,0.183,59,0.197,36,0.222,574.0,417.0,542.0,1668.0,4.99,4.994689675884443,147,118,364,198,164,272,167,275,290,120,278,104,199,424,379,459,437,138,67,297,191,106,135,0,9,22,10,16,26,0.385,0.615,3,13,16,10,16,0.188,0.813,1.0,0.625,1642258.0,Zaccharie Risacher,0.3021482479784366,0.1260485175202156,3206.9,16.145833333333336,80.71182548794489,51.64319248826291,47.61827037617977,20.920502092050206,24.017467248908297,22.77868118616506,28.169014084507044,20.869565217391305,0.0,18.571953459889773,67.03917095646771,74.61608126507645,70.82762611077209,14.855072463768115,6.25,10.982789855072465,2025-26,0.0
1629627,Zion Williamson,Zion,1610612740,NOP,25.0,62,22,40,0.355,1841.0633333333333,114.9,228,0.116,0.185,60,0.18,34,0.152,689.0,647.0,609.0,2036.0,4.85,4.848280237439277,201,277,508,407,109,383,118,303,286,112,328,113,280,487,523,500,500,145,62,255,118,137,120,1,52,127,26,8,34,0.765,0.235,11,40,51,38,51,0.216,0.784,1.0,0.745,1629627.0,Zion Williamson,0.2854281690140845,0.142343661971831,3830.5,15.104166666666666,59.58668197474167,40.845070422535166,37.108272963460045,10.739191073919107,37.55458515283843,26.828427521270697,22.887323943661972,21.73913043478261,3.4482758620689653,17.625694195155944,79.79279111784547,60.356450403526054,70.07462076068576,22.463768115942027,25.0,23.605072463768117,2025-26,0.0
