PLAYER_ID,PLAYER_NAME,NICKNAME,TEAM_ID,TEAM_ABBREVIATION,AGE,GP,W,L,W_PCT,MIN,DEF_RATING,DREB,DREB_PCT,PCT_DREB,STL,PCT_STL,BLK,PCT_BLK,OPP_PTS_OFF_TOV,OPP_PTS_2ND_CHANCE,OPP_PTS_FB,OPP_PTS_PAINT,DEF_WS,DEF_WS_RAW,GP_RANK,W_RANK,L_RANK,W_PCT_RANK,MIN_RANK,DEF_RATING_RANK,DREB_RANK,DREB_PCT_RANK,PCT_DREB_RANK,STL_RANK,PCT_STL_RANK,BLK_RANK,PCT_BLK_RANK,OPP_PTS_OFF_TOV_RANK,OPP_PTS_2ND_CHANCE_RANK,OPP_PTS_FB_RANK,OPP_PTS_PAINT_RANK,DEF_WS_RANK,G,CONTESTED_SHOTS,CONTESTED_SHOTS_2PT,CONTESTED_SHOTS_3PT,DEFLECTIONS,CHARGES_DRAWN,SCREEN_ASSISTS,SCREEN_AST_PTS,OFF_LOOSE_BALLS_RECOVERED,DEF_LOOSE_BALLS_RECOVERED,LOOSE_BALLS_RECOVERED,PCT_LOOSE_BALLS_RECOVERED_OFF,PCT_LOOSE_BALLS_RECOVERED_DEF,OFF_BOXOUTS,DEF_BOXOUTS,BOX_OUT_PLAYER_TEAM_REBS,BOX_OUT_PLAYER_REBS,BOX_OUTS,PCT_BOX_OUTS_OFF,PCT_BOX_OUTS_DEF,PCT_BOX_OUTS_TEAM_REB,PCT_BOX_OUTS_REB,DEF_PLAYER_ID,DEF_PLAYER_NAME,avg_fg_pct_allowed,avg_3fg_pct_allowed,total_possessions
1630639,A.J. Lawson,A.J.,1610612761,TOR,25.0,24,12,12,0.5,226.115,110.7,34,0.156,0.246,12,0.333,4,0.211,56.0,56.0,61.0,220.0,0.85,0.8465027952412332,433,395,152,303,457,194,435,144,141,410,32,418,208,95,109,113,120,424,16,20,12,8,16,1,1,2,0,2,2,0.0,1.0,0,6,6,3,6,0.0,1.0,1.0,0.5,1630639,A.J. Lawson,0.12251655629139073,0.056291390728476824,451.2
1631260,AJ Green,AJ,1610612749,MIL,26.0,78,31,47,0.397,2269.9333333333334,116.7,184,0.08,0.12,39,0.111,8,0.042,812.0,648.0,677.0,2060.0,4.72,4.721945261423365,28,188,548,387,41,442,173,488,503,239,523,341,503,541,525,524,506,154,78,304,171,133,110,3,28,64,11,26,37,0.297,0.703,0,36,36,9,36,0.0,1.0,1.0,0.25,1631260,AJ Green,0.34852644836272045,0.18219647355163726,4579.8
1642358,AJ Johnson,AJ,1610612742,DAL,21.0,48,9,39,0.188,453.43333333333334,112.1,41,0.089,0.134,11,0.159,3,0.067,159.0,133.0,136.0,480.0,1.51,1.513686574527932,310,432,503,538,393,256,422,431,455,415,405,442,465,173,175,181,189,365,31,64,34,30,22,0,3,6,4,0,4,1.0,0.0,0,1,1,0,1,0.0,1.0,1.0,0.0,1642358,AJ Johnson,0.20515,0.08125,925.4
203932,Aaron Gordon,Aaron,1610612743,DEN,30.0,36,27,9,0.75,1004.9583333333334,112.0,158,0.148,0.218,21,0.146,10,0.13,262.0,259.0,285.0,1092.0,3.42,3.422459899911873,384,225,116,46,278,248,210,165,203,344,450,300,320,234,255,279,317,233,36,102,67,35,27,0,36,89,6,9,15,0.4,0.6,4,10,14,11,14,0.286,0.714,1.0,0.786,203932,Aaron Gordon,0.25490983606557377,0.08312295081967214,2030.4
1628988,Aaron Holiday,Aaron,1610612745,HOU,29.0,57,38,19,0.667,780.7316666666667,106.3,45,0.054,0.085,27,0.203,5,0.06,259.0,277.0,188.0,740.0,4.01,4.013297170923207,235,128,236,106,329,71,413,557,560,300,258,397,481,233,277,220,239,189,49,102,49,53,39,2,6,13,2,8,10,0.2,0.8,0,7,7,2,7,0.0,1.0,1.0,0.286,1628988,Aaron Holiday,0.19223225806451613,0.06069677419354838,1561.5
1630174,Aaron Nesmith,Aaron,1610612754,IND,26.0,45,10,35,0.222,1334.95,118.4,139,0.102,0.154,26,0.138,23,0.205,494.0,432.0,416.0,1562.0,2.13,2.129106179521733,331,411,459,514,206,490,243,359,384,308,467,182,218,375,389,377,416,305,45,250,150,100,50,4,27,54,16,11,27,0.593,0.407,1,10,11,5,11,0.091,0.909,1.0,0.455,1630174,Aaron Nesmith,0.2833056478405316,0.10994019933554817,2783.2
1630598,Aaron Wiggins,Aaron,1610612760,OKC,27.0,65,50,15,0.769,1413.98,106.7,158,0.101,0.161,60,0.211,28,0.196,468.0,438.0,378.0,1254.0,7.03,7.027840041258055,166,32,187,34,187,80,210,365,357,112,225,140,228,361,393,343,358,72,62,261,144,117,113,1,18,38,13,21,34,0.382,0.618,1,16,17,12,17,0.059,0.941,1.0,0.706,1630598,Aaron Wiggins,0.28984840425531916,0.1508404255319149,2894.9
1642846,Ace Bailey,Ace,1610612762,UTA,19.0,72,19,53,0.264,1987.6433333333337,120.4,198,0.097,0.15,60,0.164,49,0.302,769.0,678.0,768.0,2194.0,2.0,2.003692786200593,84,316,568,479,82,523,154,381,394,112,391,62,119,522,532,556,526,320,72,346,190,156,111,0,18,38,26,14,40,0.65,0.35,3,24,27,10,27,0.111,0.889,1.0,0.37,1642846,Ace Bailey,0.2843598014888337,0.15122084367245658,4199.8
1642380,Adama Bal,Adama,1610612763,MEM,22.0,8,1,7,0.125,241.315,130.0,19,0.08,0.146,9,0.205,1,0.059,102.0,105.0,102.0,364.0,-0.43,-0.4282795573401089,515,549,99,559,452,573,479,486,409,436,251,493,482,134,151,149,158,582,8,34,18,16,11,0,5,13,0,0,0,0.0,0.0,0,2,2,0,2,0.0,1.0,1.0,0.0,1642380,Adama Bal,0.335875,0.1388888888888889,460.4
1641737,Adem Bona,Adem,1610612755,PHI,23.0,71,41,30,0.577,1234.1616666666666,112.9,179,0.138,0.222,30,0.128,82,0.466,439.0,429.0,413.0,1194.0,3.98,3.9762317676126657,98,97,395,206,225,282,180,207,193,286,490,19,54,342,388,374,341,193,70,375,261,114,82,0,112,271,11,18,29,0.379,0.621,35,30,65,42,65,0.538,0.462,1.0,0.646,1641737,Adem Bona,0.30151657458563536,0.14783149171270718,2528.4
1642876,Adou Thiero,Adou,1610612747,LAL,22.0,25,15,10,0.6,148.90333333333334,122.4,19,0.139,0.229,7,0.226,2,0.167,61.0,57.0,53.0,176.0,0.07,0.0662178961011658,429,365,129,174,485,546,479,201,177,454,177,469,262,102,110,103,105,544,20,18,16,2,15,0,3,8,2,2,4,0.5,0.5,0,2,2,0,2,0.0,1.0,1.0,0.0,1642876,Adou Thiero,0.1629402985074627,0.055970149253731345,295.9
1642349,Ajay Mitchell,Ajay,1610612760,OKC,24.0,57,50,7,0.877,1472.7983333333334,102.5,150,0.093,0.14,71,0.228,18,0.113,440.0,420.0,308.0,1146.0,9.14,9.136515911511715,235,32,99,5,170,32,227,413,436,76,171,224,366,343,382,301,329,21,56,194,123,71,129,1,10,23,14,22,36,0.389,0.611,1,17,18,8,18,0.056,0.944,1.0,0.444,1642349,Ajay Mitchell,0.26596153846153847,0.13165384615384615,3023.8
201143,Al Horford,Al,1610612744,GSW,40.0,45,22,23,0.489,969.185,113.5,175,0.184,0.294,30,0.144,51,0.481,377.0,350.0,275.0,1022.0,2.89,2.887481583367821,331,277,289,334,287,316,186,82,75,286,454,58,50,304,329,273,298,268,45,298,187,111,53,0,47,113,9,9,18,0.5,0.5,4,34,38,34,38,0.105,0.895,1.0,0.895,201143,Al Horford,0.30223693379790945,0.09833449477351917,1944.1
1630828,Alex Antetokounmpo,Alex,1610612749,MIL,24.0,6,2,4,0.333,20.638333333333332,89.4,4,0.138,0.222,0,0.0,1,0.5,7.0,11.0,5.0,22.0,0.23,0.2250947322329889,527,526,54,419,568,8,542,205,194,564,564,493,37,15,30,14,17,505,2,2,1,1,0,0,0,0,0,0,0,0.0,0.0,2,0,2,2,2,1.0,0.0,1.0,1.0,1630828,Alex Antetokounmpo,0.03125,0.03125,43.9
1627936,Alex Caruso,Alex,1610612760,OKC,32.0,56,47,9,0.839,1020.3466666666668,99.3,127,0.113,0.172,72,0.327,17,0.159,304.0,300.0,191.0,784.0,7.32,7.320326193036901,247,44,116,9,273,18,260,315,326,72,42,233,271,259,294,224,244,63,56,132,55,77,172,2,37,84,9,18,27,0.333,0.667,0,21,21,12,21,0.0,1.0,1.0,0.571,1627936,Alex Caruso,0.25889285714285715,0.11991233766233766,2092.8
1631457,Alex Morales,Alex,1610612753,ORL,28.0,4,3,1,0.75,23.583333333333332,104.1,2,0.111,0.167,0,0.0,0,0.0,13.0,2.0,5.0,8.0,0.13,0.1319079651186681,551,503,4,46,565,45,559,323,339,564,564,524,524,28,4,14,6,533,3,2,0,2,0,0,1,2,0,0,0,0.0,0.0,0,1,1,0,1,0.0,1.0,1.0,0.0,1631457,Alex Morales,0.127,0.127,45.8
1642259,Alex Sarr,Alex,1610612764,WAS,21.0,48,11,37,0.229,1304.6616666666666,120.4,250,0.179,0.284,39,0.191,95,0.505,489.0,464.0,407.0,1490.0,1.34,1.3350776117786511,310,406,482,510,215,520,95,97,88,239,296,14,36,370,407,367,405,378,48,450,349,101,72,0,172,400,12,10,22,0.545,0.455,26,37,63,52,63,0.413,0.587,1.0,0.825,1642259,Alex Sarr,0.3672823920265781,0.14096677740863786,2739.2
1642918,Alijah Martin,Alijah,1610612761,TOR,24.0,23,10,13,0.435,145.615,107.1,12,0.086,0.145,8,0.348,4,0.211,44.0,39.0,28.0,140.0,0.69,0.6853155353548641,436,411,165,365,488,87,499,446,416,448,29,418,208,81,89,64,91,443,14,29,20,9,15,0,2,4,2,4,6,0.333,0.667,1,1,2,2,2,0.5,0.5,1.0,1.0,1642918,Alijah Martin,0.1615225225225225,0.03903603603603604,281.8
1631214,Alondes Williams,Alondes,1610612764,WAS,27.0,4,2,2,0.5,100.78333333333332,106.9,20,0.192,0.29,3,0.125,3,0.3,33.0,26.0,41.0,80.0,0.49,0.4914837328283031,551,526,28,303,503,85,476,71,83,500,495,442,123,73,64,92,69,471,3,10,7,3,4,0,0,0,0,0,0,0.0,0.0,0,0,0,0,0,0.0,0.0,0.0,0.0,1631214,Alondes Williams,0.2551333333333333,0.17776666666666668,206.9
1630578,Alperen Sengun,Alperen,1610612745,HOU,23.0,72,46,26,0.639,2397.695,113.7,425,0.177,0.272,85,0.197,77,0.301,927.0,795.0,769.0,2448.0,7.04,7.0363221540244485,84,52,338,140,25,325,16,99,103,43,279,22,122,570,572,557,551,71,71,616,420,196,164,6,159,369,34,18,52,0.654,0.346,49,70,116,83,119,0.412,0.588,0.983,0.703,1630578,Alperen Sengun,0.3801,0.2113157894736842,4697.4
1642873,Amari Williams,Amari,1610612738,BOS,24.0,22,15,7,0.682,145.72333333333333,106.4,31,0.187,0.27,3,0.176,10,0.556,57.0,44.0,66.0,120.0,0.78,0.7833711560341793,440,365,99,94,487,72,441,80,106,500,339,300,24,97,97,115,88,430,14,42,28,14,4,0,13,35,0,0,0,0.0,0.0,3,7,10,4,10,0.3,0.7,1.0,0.4,1642873,Amari Williams,0.15577227722772277,0.0627029702970297,299.9
1641708,Amen Thompson,Amen,1610612745,HOU,23.0,79,49,30,0.62,2953.15,110.4,379,0.123,0.189,119,0.225,48,0.137,1132.0,886.0,909.0,3074.0,11.54,11.540317630227388,25,37,395,160,1,174,34,268,272,8,180,68,306,580,581,579,582,5,79,300,199,101,213,1,36,87,34,33,67,0.507,0.493,16,22,38,27,38,0.421,0.579,1.0,0.711,1641708,Amen Thompson,0.29319847328244275,0.11846310432569974,5847.3
1629599,Amir Coffey,Amir,1610612756,PHX,29.0,46,20,26,0.435,490.50166666666667,109.8,38,0.073,0.122,9,0.118,5,0.104,194.0,169.0,182.0,488.0,1.98,1.984241739436361,324,302,338,365,385,147,431,518,495,436,513,397,381,199,209,215,193,323,35,42,25,17,25,1,2,5,6,3,9,0.667,0.333,0,6,6,2,6,0.0,1.0,1.0,0.333,1629599,Amir Coffey,0.15093962264150945,0.07169811320754717,976.3
1643158,Andersson Garcia,Andersson,1610612762,UTA,25.0,5,1,4,0.2,168.75,115.6,25,0.15,0.24,8,0.211,4,0.333,73.0,48.0,72.0,170.0,0.4,0.4007377581052276,539,549,54,526,477,413,458,163,149,448,228,418,100,111,101,126,102,482,5,24,19,5,20,0,8,20,4,1,5,0.8,0.2,1,4,5,3,5,0.2,0.8,1.0,0.6,1643158,Andersson Garcia,0.35425531914893615,0.10638297872340426,308.4
203083,Andre Drummond,Andre,1610612755,PHI,32.0,63,33,30,0.524,1230.7483333333332,113.6,332,0.264,0.414,38,0.158,49,0.389,419.0,353.0,428.0,1270.0,3.64,3.635404892956285,194,175,395,284,226,319,46,10,7,246,413,62,78,328,332,388,361,214,62,321,232,89,95,0,113,258,9,6,15,0.6,0.4,59,33,92,84,92,0.641,0.359,1.0,0.913,203083,Andre Drummond,0.3199201183431952,0.10887573964497041,2505.2
1641748,Andre Jackson Jr.,Andre,1610612749,MIL,24.0,48,12,36,0.25,408.10833333333335,110.6,47,0.126,0.197,19,0.253,4,0.111,189.0,109.0,123.0,384.0,1.58,1.5800886001880918,310,395,472,485,406,185,408,255,253,358,124,418,368,193,154,170,163,359,36,41,21,20,34,0,14,31,6,6,12,0.5,0.5,4,2,6,3,6,0.667,0.333,1.0,0.5,1641748,Andre Jackson Jr.,0.17675390625,0.056640625,823.9
1629614,Andrew Nembhard,Andrew,1610612754,IND,26.0,57,13,44,0.228,1785.5933333333332,119.3,135,0.075,0.115,51,0.202,8,0.047,670.0,568.0,535.0,2114.0,2.37,2.3696537557515227,235,384,533,511,116,504,248,508,517,168,264,341,498,479,478,456,515,294,57,141,90,51,94,1,26,57,18,13,31,0.581,0.419,0,15,15,2,15,0.0,1.0,1.0,0.133,1629614,Andrew Nembhard,0.34590645161290323,0.12208709677419355,3710.4
203952,Andrew Wiggins,Andrew,1610612748,MIA,31.0,68,35,33,0.515,2062.598333333334,113.9,214,0.098,0.149,76,0.207,69,0.369,684.0,674.0,647.0,2334.0,5.95,5.950779095640668,135,162,435,290,68,336,135,378,399,61,242,31,87,485,531,510,539,92,68,515,273,242,152,0,8,19,24,15,39,0.615,0.385,10,40,47,21,50,0.2,0.8,0.94,0.42,203952,Andrew Wiggins,0.30272033898305084,0.15983333333333336,4389.0
1629014,Anfernee Simons,Anfernee,1610612741,CHI,27.0,55,31,24,0.564,1371.9333333333334,114.0,104,0.075,0.121,27,0.122,8,0.061,408.0,418.0,425.0,1292.0,3.66,3.664689286162107,258,188,309,227,198,340,300,509,497,300,504,341,479,323,380,385,362,210,54,158,83,75,66,0,10,22,4,9,13,0.308,0.692,0,4,4,1,4,0.0,1.0,1.0,0.25,1629014,Anfernee Simons,0.291,0.11460000000000001,2682.2
1641710,Anthony Black,Anthony,1610612753,ORL,22.0,64,36,28,0.563,1910.05,113.1,197,0.101,0.154,91,0.273,45,0.207,649.0,534.0,626.0,2018.0,5.93,5.928348757888354,180,151,364,229,95,298,156,364,383,32,88,73,216,469,450,507,499,94,64,266,142,124,194,3,19,46,8,21,29,0.276,0.724,0,21,21,7,21,0.0,1.0,1.0,0.333,1641710,Anthony Black,0.34968328445747804,0.13952785923753666,3914.6
203076,Anthony Davis,Anthony,1610612764,WAS,33.0,20,10,10,0.5,625.63,114.6,159,0.24,0.371,22,0.242,33,0.471,244.0,164.0,205.0,754.0,1.64,1.6358907843528856,449,411,129,303,358,366,208,22,18,334,146,119,53,225,206,230,241,350,20,194,133,61,48,2,54,115,3,1,4,0.75,0.25,15,17,32,28,32,0.469,0.531,1.0,0.875,203076,Anthony Davis,0.27598170731707317,0.13629268292682928,1284.4
1630162,Anthony Edwards,Anthony,1610612750,MIN,24.0,61,37,24,0.607,2136.5933333333332,114.3,266,0.12,0.179,83,0.226,49,0.209,774.0,602.0,700.0,2292.0,5.83,5.825825957332806,210,136,309,170,60,358,82,282,302,48,175,62,213,526,501,534,535,98,61,251,148,103,133,0,7,19,24,15,39,0.615,0.385,0,17,17,9,17,0.0,1.0,1.0,0.529,1630162,Anthony Edwards,0.30922741433021805,0.15333021806853583,4372.5
1630264,Anthony Gill,Anthony,1610612764,WAS,33.0,55,6,49,0.109,950.9466666666668,121.4,100,0.112,0.178,31,0.176,21,0.236,446.0,324.0,408.0,1146.0,0.7,0.7039290192705562,258,461,559,561,290,537,311,320,308,279,343,197,188,347,311,368,329,441,46,221,123,98,74,1,79,180,5,5,10,0.5,0.5,17,29,46,31,46,0.37,0.63,1.0,0.674,1630264,Anthony Gill,0.3108216783216783,0.13397202797202798,1992.1
1641810,Antonio Reeves,Antonio,1610612766,CHA,25.0,10,4,6,0.4,67.67666666666666,95.4,6,0.1,0.143,1,0.077,0,0.0,22.0,21.0,21.0,50.0,0.52,0.5182008426265902,500,487,83,384,523,14,528,371,420,540,551,524,524,51,53,50,44,467,5,9,4,5,1,0,0,0,0,0,0,0.0,0.0,0,2,2,1,2,0.0,1.0,1.0,0.5,1641810,Antonio Reeves,0.11403508771929824,0.03508771929824561,124.5
1630574,Ariel Hukporti,Ariel,1610612752,NYK,24.0,54,35,19,0.648,497.96166666666664,103.8,103,0.192,0.284,9,0.12,26,0.591,146.0,146.0,132.0,408.0,2.92,2.919377734561779,266,162,236,131,380,43,305,72,89,436,510,157,17,163,193,174,172,262,48,175,123,52,17,0,59,134,7,5,12,0.583,0.417,15,24,39,29,39,0.385,0.615,1.0,0.744,1630574,Ariel Hukporti,0.21168401486988847,0.0725910780669145,997.8
1642854,Asa Newell,Asa,1610612737,ATL,20.0,44,23,21,0.523,499.90833333333336,114.0,52,0.106,0.159,16,0.182,15,0.306,185.0,136.0,199.0,580.0,1.46,1.4625391748865295,336,268,262,286,379,342,397,347,364,378,321,251,118,190,180,228,210,368,38,128,79,49,15,0,23,50,5,5,10,0.5,0.5,5,15,20,13,20,0.25,0.75,1.0,0.65,1642854,Asa Newell,0.23708396946564886,0.08332824427480916,1063.7
1641709,Ausar Thompson,Ausar,1610612765,DET,23.0,73,53,20,0.726,1895.61,107.2,268,0.135,0.203,146,0.364,69,0.284,683.0,543.0,512.0,1704.0,9.15,9.147361176051191,78,19,251,69,98,89,79,223,236,3,21,31,138,483,460,442,442,20,73,309,160,149,321,2,37,88,28,33,61,0.459,0.541,11,10,20,15,21,0.524,0.476,1.0,0.75,1641709,Ausar Thompson,0.2793259668508287,0.14292265193370166,3869.3
1630559,Austin Reaves,Austin,1610612747,LAL,28.0,51,36,15,0.706,1761.65,112.3,207,0.117,0.174,56,0.175,20,0.123,629.0,478.0,544.0,1878.0,5.89,5.893018251164724,291,151,187,82,121,262,143,297,323,137,350,209,343,462,414,460,470,95,51,153,83,70,114,15,16,36,20,20,40,0.5,0.5,0,12,12,3,12,0.0,1.0,1.0,0.25,1630559,Austin Reaves,0.3446090909090909,0.11876666666666666,3589.8
1630245,Ayo Dosunmu,Ayo,1610612750,MIN,26.0,69,36,33,0.522,1881.0433333333333,113.2,190,0.093,0.143,58,0.178,18,0.089,723.0,629.0,534.0,2002.0,5.84,5.840618694113976,118,151,435,287,100,300,162,410,420,123,334,224,418,506,516,455,495,97,67,248,147,101,83,4,10,26,20,18,38,0.526,0.474,1,16,17,9,17,0.059,0.941,1.0,0.529,1630245,Ayo Dosunmu,0.28121842105263156,0.10973421052631578,3915.3
1628389,Bam Adebayo,Bam,1610612748,MIA,28.0,73,37,36,0.507,2364.685,111.0,583,0.236,0.344,86,0.209,49,0.265,736.0,646.0,659.0,2494.0,8.63,8.628632656291693,78,136,472,301,29,210,5,24,32,40,231,62,159,510,522,519,556,30,73,498,300,198,176,2,85,189,22,16,38,0.579,0.421,22,138,155,105,160,0.138,0.863,0.969,0.656,1628389,Bam Adebayo,0.335260989010989,0.15938736263736264,4960.3
1631248,Baylor Scheierman,Baylor,1610612738,BOS,25.0,77,54,23,0.701,1429.3033333333333,109.0,212,0.138,0.211,42,0.222,6,0.038,415.0,422.0,383.0,1220.0,6.13,6.132630112982288,37,13,289,83,184,130,137,203,221,219,188,375,509,326,383,347,349,89,74,167,92,75,99,5,19,47,18,8,26,0.692,0.308,5,18,23,13,23,0.217,0.783,1.0,0.565,1631248,Baylor Scheierman,0.25575810473815463,0.11518453865336659,2788.6
1642879,Ben Saraf,Ben,1610612751,BKN,20.0,44,10,34,0.227,916.3183333333334,116.0,72,0.085,0.132,38,0.22,8,0.125,406.0,281.0,330.0,976.0,2.12,2.1204551434266694,336,411,449,513,295,426,352,452,464,246,197,341,331,322,282,312,288,307,42,152,98,54,76,1,7,19,14,5,19,0.737,0.263,1,9,10,5,10,0.1,0.9,1.0,0.5,1642879,Ben Saraf,0.303291095890411,0.10367808219178082,1839.8
1641767,Ben Sheppard,Ben,1610612754,IND,24.0,65,16,49,0.246,1390.4766666666667,116.0,152,0.106,0.163,39,0.181,6,0.047,531.0,404.0,452.0,1636.0,3.23,3.2338676854505968,166,348,559,495,193,423,221,345,352,239,327,375,497,394,368,407,429,244,65,169,115,54,73,0,9,20,16,9,25,0.64,0.36,0,17,17,5,17,0.0,1.0,1.0,0.294,1641767,Ben Sheppard,0.27499455040871934,0.1036757493188011,2905.5
1631097,Bennedict Mathurin,Bennedict,1610612746,LAC,24.0,54,22,32,0.407,1620.015,115.3,238,0.142,0.225,43,0.149,13,0.068,551.0,528.0,422.0,1764.0,4.14,4.13707776625956,266,277,424,380,144,401,107,187,188,214,438,272,462,410,444,384,454,183,54,143,83,60,68,1,11,24,11,8,19,0.579,0.421,6,22,28,16,28,0.214,0.786,1.0,0.571,1631097,Bennedict Mathurin,0.3236523076923077,0.1415846153846154,3329.9
1643016,Bez Mbeng,Bez,1610612762,UTA,23.0,15,2,13,0.133,492.185,120.4,39,0.078,0.127,34,0.304,5,0.109,229.0,177.0,217.0,632.0,0.52,0.5176591841787671,465,526,165,557,384,521,426,495,480,265,58,397,376,217,213,239,226,467,15,76,31,45,59,0,5,12,1,6,7,0.143,0.857,0,3,3,0,3,0.0,1.0,1.0,0.0,1643016,Bez Mbeng,0.2875483870967742,0.0934,1072.8
1641731,Bilal Coulibaly,Bilal,1610612764,WAS,21.0,56,14,42,0.25,1467.605,121.2,195,0.128,0.204,75,0.293,54,0.273,604.0,523.0,545.0,1708.0,1.16,1.1561212814407138,247,374,523,485,172,533,157,246,235,67,66,49,149,439,442,461,443,398,56,189,126,63,172,2,19,46,7,9,16,0.438,0.563,3,9,12,9,12,0.25,0.75,1.0,0.75,1641731,Bilal Coulibaly,0.26710828025477706,0.08904777070063694,3115.1
202687,Bismack Biyombo,Bismack,1610612759,SAS,33.0,25,20,5,0.8,141.35333333333332,127.1,21,0.156,0.263,4,0.182,2,0.25,78.0,52.0,42.0,174.0,-0.13,-0.1255561242142899,429,302,75,20,489,565,471,147,118,485,321,469,170,117,106,94,104,570,20,39,27,12,3,1,11,28,0,0,0,0.0,0.0,2,4,6,5,6,0.333,0.667,1.0,0.833,202687,Bismack Biyombo,0.23154961832061066,0.05852671755725191,282.6
1642396,Blake Hinson,Blake,1610612762,UTA,26.0,14,4,10,0.286,285.43333333333334,107.8,22,0.071,0.109,5,0.089,2,0.091,131.0,88.0,101.0,300.0,1.31,1.3129527611023133,472,487,129,454,439,95,467,527,535,474,539,469,411,153,134,148,143,383,14,43,26,17,8,0,2,5,1,0,1,1.0,0.0,0,3,3,1,3,0.0,1.0,1.0,0.333,1642396,Blake Hinson,0.2007272727272727,0.10984545454545455,600.2
1631104,Blake Wesley,Blake,1610612757,POR,23.0,31,20,11,0.645,360.8183333333333,113.0,31,0.087,0.141,16,0.229,5,0.114,194.0,140.0,132.0,402.0,1.18,1.1750058071007778,407,302,144,135,417,289,441,443,432,378,169,397,364,199,186,174,170,395,20,20,10,10,38,0,1,2,0,2,2,0.0,1.0,0,2,2,0,2,0.0,1.0,1.0,0.0,1631104,Blake Wesley,0.18055392156862746,0.04738235294117647,758.9
1626171,Bobby Portis Jr.,Bobby,1610612749,MIL,31.0,67,26,41,0.388,1619.3133333333333,118.4,339,0.198,0.313,41,0.175,12,0.101,572.0,523.0,496.0,1644.0,2.57,2.5732603446897375,147,231,515,395,145,489,43,60,55,227,348,277,390,421,442,431,433,284,67,353,181,172,110,1,64,137,12,15,27,0.444,0.556,21,66,85,54,87,0.241,0.759,0.977,0.621,1626171,Bobby Portis Jr.,0.38322318840579706,0.15168695652173914,3239.4
1641752,Bobi Klintman,Bobi,1610612765,DET,23.0,12,8,4,0.667,71.38333333333334,96.8,14,0.179,0.259,3,0.143,0,0.0,22.0,19.0,26.0,56.0,0.58,0.5840829770719912,485,440,54,106,521,15,495,96,122,500,456,524,524,51,48,63,52,459,9,12,5,7,6,1,2,4,1,0,1,1.0,0.0,0,1,1,1,1,0.0,1.0,1.0,1.0,1641752,Bobi Klintman,0.18309859154929578,0.09859154929577464,152.5
203992,Bogdan Bogdanović,Bogdan,1610612746,LAC,33.0,23,8,15,0.348,452.06,113.5,53,0.112,0.18,10,0.145,3,0.077,187.0,150.0,132.0,444.0,1.33,1.331156429317895,436,440,187,412,394,310,393,317,297,428,452,442,443,192,196,174,182,379,22,77,43,34,25,0,6,17,3,3,6,0.5,0.5,0,4,4,4,4,0.0,1.0,1.0,1.0,203992,Bogdan Bogdanović,0.2718313953488372,0.10019767441860467,881.3
1630538,Bones Hyland,Bones,1610612750,MIN,25.0,71,42,29,0.592,1176.9183333333333,108.6,104,0.085,0.133,44,0.192,17,0.111,391.0,341.0,328.0,1186.0,5.2,5.202644294409755,98,87,379,190,239,118,300,454,463,208,295,233,368,314,324,310,338,127,65,147,83,64,90,1,11,24,8,13,21,0.381,0.619,0,7,7,4,7,0.0,1.0,1.0,0.571,1630538,Bones Hyland,0.30510027100271003,0.11309756097560975,2400.9
203078,Bradley Beal,Bradley,1610612746,LAC,33.0,6,2,4,0.333,120.91666666666669,128.5,3,0.025,0.041,3,0.136,0,0.0,57.0,42.0,40.0,116.0,-0.15,-0.15435390231481,527,526,54,419,495,570,547,575,574,500,471,524,524,97,92,91,85,574,6,14,2,12,13,0,1,2,2,1,3,0.667,0.333,0,0,0,0,0,0.0,0.0,0.0,0.0,203078,Bradley Beal,0.21802702702702703,0.10810810810810811,242.9
1642382,Branden Carlson,Branden,1610612760,OKC,27.0,42,32,10,0.762,488.2033333333333,114.6,95,0.182,0.284,8,0.093,27,0.54,135.0,134.0,145.0,464.0,1.32,1.3226918576200637,348,182,129,40,386,367,321,90,87,448,536,148,28,156,178,187,185,382,38,193,139,54,17,0,33,75,1,1,2,0.5,0.5,2,21,23,17,23,0.087,0.913,1.0,0.739,1642382,Branden Carlson,0.2741321585903084,0.14852863436123348,1001.6
1641764,Brandin Podziemski,Brandin,1610612744,GSW,23.0,82,37,45,0.451,2332.673333333333,110.4,347,0.147,0.227,88,0.199,15,0.072,957.0,755.0,712.0,2446.0,9.09,9.085293313927767,1,136,541,358,33,172,39,169,184,35,272,251,452,575,561,538,550,23,81,212,114,98,149,23,45,114,13,18,31,0.419,0.581,7,24,30,15,31,0.226,0.774,0.968,0.484,1641764,Brandin Podziemski,0.32386499999999996,0.129665,4708.5
1629634,Brandon Clarke,Brandon,1610612763,MEM,29.0,2,1,1,0.5,20.438333333333333,110.0,2,0.077,0.118,2,0.5,0,0.0,4.0,7.0,0.0,22.0,0.09,0.0934758966379573,572,549,4,303,569,158,559,503,507,516,4,524,524,7,18,1,17,538,2,4,4,0,6,1,1,3,0,0,0,0.0,0.0,0,1,1,0,1,0.0,1.0,1.0,0.0,1629634,Brandon Clarke,0.141,0.0,46.6
1627742,Brandon Ingram,Brandon,1610612761,TOR,28.0,77,43,34,0.558,2603.8633333333332,113.7,367,0.144,0.219,58,0.132,55,0.224,909.0,711.0,699.0,2668.0,7.57,7.565887013863633,37,75,449,234,13,326,37,181,200,123,483,46,198,565,549,533,567,55,76,386,218,168,132,0,18,42,16,15,31,0.516,0.484,0,25,25,16,25,0.0,1.0,1.0,0.64,1627742,Brandon Ingram,0.32289501312335955,0.14511023622047245,5249.9
1641706,Brandon Miller,Brandon,1610612766,CHA,23.0,65,41,24,0.631,1968.3116666666667,111.3,249,0.122,0.18,66,0.224,44,0.246,678.0,530.0,569.0,1956.0,7.11,7.105461214762976,166,97,309,148,85,221,96,270,301,87,183,76,180,482,446,475,488,70,65,278,170,108,130,2,32,80,21,13,34,0.618,0.382,1,13,13,6,14,0.071,0.929,0.929,0.429,1641706,Brandon Miller,0.3106083333333333,0.14776944444444445,3906.6
1630314,Brandon Williams,Brandon,1610612742,DAL,26.0,66,23,43,0.348,1462.645,115.6,161,0.105,0.161,62,0.252,20,0.129,505.0,479.0,506.0,1698.0,3.58,3.5798228187532364,157,268,527,411,174,411,203,350,355,103,126,209,322,381,416,438,441,220,65,194,98,96,110,2,9,21,13,22,35,0.371,0.629,0,15,15,7,15,0.0,1.0,1.0,0.467,1630314,Brandon Williams,0.33931964809384163,0.13331964809384164,3100.4
1641729,Brice Sensabaugh,Brice,1610612762,UTA,22.0,75,18,57,0.24,1761.8666666666666,120.8,175,0.097,0.157,54,0.163,12,0.087,768.0,587.0,684.0,1964.0,1.6,1.5996623820409708,60,325,577,499,120,529,186,382,372,153,394,277,421,521,490,528,491,355,71,199,96,103,107,9,26,59,19,6,25,0.76,0.24,6,21,27,19,27,0.222,0.778,1.0,0.704,1641729,Brice Sensabaugh,0.32971571072319206,0.13693017456359102,3742.5
1642355,Bronny James,Bronny,1610612747,LAL,21.0,42,24,18,0.571,375.4916666666667,114.2,18,0.05,0.08,19,0.241,4,0.121,167.0,138.0,108.0,430.0,1.03,1.030189142166802,348,252,225,210,413,355,483,560,562,358,148,418,347,181,184,156,175,410,30,42,14,28,40,0,3,7,1,2,3,0.333,0.667,0,3,3,0,3,0.0,1.0,1.0,0.0,1642355,Bronny James,0.2536179245283019,0.05660377358490566,749.1
201572,Brook Lopez,Brook,1610612746,LAC,38.0,75,41,34,0.547,1635.2733333333333,112.7,226,0.135,0.211,45,0.142,87,0.509,606.0,510.0,464.0,1572.0,5.27,5.265443748035666,60,97,449,256,141,274,121,215,219,200,460,16,35,442,433,416,418,125,75,621,509,112,127,0,116,264,3,11,14,0.214,0.786,11,91,99,56,102,0.108,0.892,0.971,0.549,201572,Brook Lopez,0.29068361581920904,0.12737288135593222,3240.8
1642964,Brooks Barnhizer,Brooks,1610612760,OKC,24.0,40,29,11,0.725,347.88166666666666,114.6,59,0.159,0.252,11,0.193,5,0.156,142.0,119.0,106.0,322.0,0.93,0.9317256990677374,362,203,144,70,425,365,383,137,135,415,293,397,274,161,165,154,147,420,32,54,32,22,25,0,8,18,2,1,3,0.667,0.333,2,4,6,4,6,0.333,0.667,1.0,0.667,1642964,Brooks Barnhizer,0.19920476190476188,0.08015714285714284,706.8
1628971,Bruce Brown,Bruce,1610612743,DEN,29.0,82,54,28,0.659,1997.7883333333336,115.2,233,0.109,0.166,85,0.309,20,0.116,774.0,541.0,655.0,2002.0,5.04,5.042051695461913,1,13,364,124,78,392,112,328,344,43,52,209,355,526,456,515,495,134,82,211,90,121,195,0,43,103,10,10,20,0.5,0.5,13,13,25,20,26,0.5,0.5,0.962,0.769,1628971,Bruce Brown,0.3153425,0.13749,4076.3
1631121,Bryce McGowens,Bryce,1610612740,NOP,23.0,42,14,28,0.333,879.9333333333333,118.9,76,0.082,0.133,27,0.175,8,0.087,330.0,331.0,297.0,986.0,1.29,1.2851973814122897,348,374,364,419,308,496,348,478,460,300,347,341,421,281,320,293,292,386,40,135,63,72,64,8,7,16,1,8,9,0.111,0.889,1,14,15,4,15,0.067,0.933,1.0,0.267,1631121,Bryce McGowens,0.3101561338289963,0.09820074349442379,1837.6
1642267,Bub Carrington,Bub,1610612764,WAS,20.0,82,17,65,0.207,2270.65,122.6,243,0.104,0.169,52,0.147,17,0.063,949.0,836.0,864.0,2666.0,0.91,0.9086076637772196,1,334,582,523,40,549,100,351,332,161,444,233,471,573,575,574,566,422,81,237,126,111,119,0,25,55,23,16,39,0.59,0.41,2,30,31,10,32,0.063,0.938,0.969,0.313,1642267,Bub Carrington,0.331955223880597,0.12964427860696517,4759.8
1631205,Buddy Boeheim,Buddy,1610612760,OKC,26.0,4,2,2,0.5,15.003333333333334,72.4,0,0.0,0.0,0,0.0,0,0.0,4.0,4.0,5.0,10.0,0.2,0.2027798637098165,551,526,28,303,573,4,577,577,577,564,564,524,524,7,10,14,9,511,2,5,5,0,1,0,1,2,0,0,0,0.0,0.0,0,0,0,0,0,0.0,0.0,0.0,0.0,1631205,Buddy Boeheim,0.1875,0.0625,29.2
1627741,Buddy Hield,Buddy,1610612737,ATL,33.0,51,25,26,0.49,819.2716666666666,115.0,89,0.106,0.176,39,0.203,9,0.102,378.0,330.0,280.0,912.0,2.11,2.110998857423755,291,243,338,332,324,388,328,344,314,239,257,315,386,306,316,276,281,309,46,134,80,54,78,0,5,11,11,11,22,0.5,0.5,0,4,4,1,4,0.0,1.0,1.0,0.25,1627741,Buddy Hield,0.2962941176470588,0.11775490196078432,1683.0
1643047,CJ Huntley,CJ,1610612756,PHX,24.0,4,3,1,0.75,40.4,104.7,3,0.081,0.107,1,0.125,0,0.0,21.0,10.0,23.0,34.0,0.23,0.227057234123952,551,503,4,46,545,53,547,480,539,540,495,524,524,49,26,57,31,505,1,3,2,1,1,0,1,2,0,0,0,0.0,0.0,0,0,0,0,0,0.0,0.0,0.0,0.0,1643047,CJ Huntley,0.14036842105263156,0.06578947368421052,83.1
203468,CJ McCollum,CJ,1610612737,ATL,34.0,76,37,39,0.487,2263.3716666666664,112.0,190,0.077,0.12,64,0.166,35,0.127,864.0,737.0,730.0,2440.0,7.71,7.71103344217356,54,136,503,335,44,249,162,501,502,94,386,109,327,551,557,542,549,48,75,326,161,165,113,0,26,63,20,21,41,0.488,0.512,1,14,15,9,15,0.067,0.933,1.0,0.6,203468,CJ McCollum,0.36858,0.16277428571428573,4670.5
1630595,Cade Cunningham,Cade,1610612765,DET,24.0,64,47,17,0.734,2171.6716666666666,109.0,299,0.132,0.199,92,0.208,54,0.201,711.0,647.0,590.0,1900.0,9.32,9.321070787427171,180,44,216,60,57,127,61,232,244,28,238,49,223,498,523,491,474,16,64,310,178,132,154,0,20,44,24,32,56,0.429,0.571,3,26,29,14,29,0.103,0.897,1.0,0.483,1630595,Cade Cunningham,0.32328779069767444,0.14394186046511628,4415.8
1631216,Caleb Houstan,Caleb,1610612737,ATL,23.0,18,12,6,0.667,75.46666666666667,98.2,6,0.081,0.118,2,0.125,1,0.143,23.0,13.0,21.0,68.0,0.57,0.5713554136467781,456,395,83,106,516,16,528,480,507,516,495,493,294,54,38,50,59,461,5,5,3,2,5,0,1,2,0,1,1,0.0,1.0,0,0,0,0,0,0.0,0.0,0.0,0.0,1631216,Caleb Houstan,0.09210526315789473,0.02631578947368421,156.8
1631126,Caleb Love,Caleb,1610612757,POR,24.0,49,24,25,0.49,1012.6083333333332,114.5,89,0.083,0.136,27,0.163,4,0.036,447.0,326.0,376.0,1072.0,2.75,2.750455127144519,305,252,326,333,275,363,328,466,449,300,396,418,510,348,313,342,313,273,43,84,37,47,59,0,5,11,5,4,9,0.556,0.444,0,5,5,4,5,0.0,1.0,1.0,0.8,1631126,Caleb Love,0.2296632302405498,0.09048797250859107,2073.1
1628997,Caleb Martin,Caleb,1610612742,DAL,30.0,58,20,38,0.345,856.2116666666667,112.1,115,0.125,0.189,40,0.296,15,0.181,326.0,267.0,303.0,960.0,2.96,2.9622406235383067,230,302,491,415,315,258,282,259,269,233,62,251,243,280,262,299,287,257,51,87,58,29,73,4,28,64,8,7,15,0.533,0.467,0,13,13,5,13,0.0,1.0,1.0,0.385,1628997,Caleb Martin,0.25688448844884487,0.07403630363036304,1819.6
1642353,Cam Christie,Cam,1610612746,LAC,20.0,55,26,29,0.473,479.75,107.8,59,0.118,0.195,16,0.176,3,0.071,177.0,160.0,158.0,434.0,2.22,2.2227128445776563,258,231,379,344,388,94,383,291,258,378,345,442,454,187,204,200,179,301,38,70,36,34,31,0,5,11,4,0,4,1.0,0.0,0,3,3,1,3,0.0,1.0,1.0,0.333,1642353,Cam Christie,0.17700738007380074,0.06968265682656827,951.9
1642285,Cam Spencer,Cam,1610612763,MEM,26.0,72,23,49,0.319,1714.4516666666666,116.0,143,0.082,0.132,52,0.164,11,0.065,624.0,606.0,490.0,1868.0,3.86,3.858283744562263,84,268,559,435,131,425,237,477,468,161,393,284,466,457,503,429,468,197,70,142,53,89,113,2,13,29,15,15,30,0.5,0.5,0,21,20,8,21,0.0,1.0,0.952,0.381,1642285,Cam Spencer,0.3326693333333334,0.12839733333333334,3448.8
1630560,Cam Thomas,Cam,1610612749,MIL,24.0,42,12,30,0.286,880.5266666666666,123.8,60,0.071,0.117,9,0.072,4,0.082,365.0,281.0,306.0,980.0,0.04,0.0379359286951031,348,395,395,454,307,556,379,524,514,436,554,418,431,299,282,300,290,551,39,91,50,41,31,1,3,7,4,1,5,0.8,0.2,0,4,4,1,4,0.0,1.0,1.0,0.25,1630560,Cam Thomas,0.33074339622641513,0.12767547169811322,1707.1
1641715,Cam Whitmore,Cam,1610612764,WAS,21.0,21,3,18,0.143,353.98333333333335,124.0,39,0.102,0.176,15,0.268,8,0.186,173.0,144.0,136.0,426.0,0.0,-0.0004928908086164,444,503,225,553,423,558,426,357,318,393,97,341,237,185,190,181,174,557,21,38,26,12,24,0,1,2,10,3,13,0.769,0.231,3,4,7,5,7,0.429,0.571,1.0,0.714,1641715,Cam Whitmore,0.21365060240963857,0.07429518072289157,753.8
1629661,Cameron Johnson,Cameron,1610612743,DEN,30.0,54,37,17,0.685,1647.0316666666668,114.7,163,0.095,0.139,40,0.164,21,0.175,548.0,454.0,488.0,1688.0,4.38,4.383520760555558,266,136,216,91,140,373,202,401,438,233,391,197,247,408,400,427,438,175,54,223,117,106,102,5,36,82,16,11,27,0.593,0.407,1,27,28,9,28,0.036,0.964,1.0,0.321,1629661,Cameron Johnson,0.30934201954397395,0.15593159609120522,3362.8
1626166,Cameron Payne,Cameron,1610612755,PHI,31.0,22,12,10,0.545,374.33666666666664,113.6,41,0.103,0.158,24,0.329,7,0.159,134.0,114.0,148.0,366.0,1.14,1.1434825052336623,440,395,129,258,415,322,422,355,370,322,40,363,270,155,160,192,159,401,22,32,13,19,57,3,4,11,1,3,4,0.25,0.75,0,3,3,1,3,0.0,1.0,1.0,0.333,1626166,Cameron Payne,0.21061538461538462,0.06684615384615385,774.1
1627747,Caris LeVert,Caris,1610612765,DET,31.0,60,44,16,0.733,1154.415,107.7,94,0.074,0.124,51,0.219,41,0.22,426.0,395.0,273.0,1060.0,5.41,5.406191493956324,214,67,202,61,249,93,324,512,489,168,204,85,205,330,362,271,307,117,58,185,104,81,102,0,7,16,10,16,26,0.385,0.615,0,15,15,7,15,0.0,1.0,1.0,0.467,1627747,Caris LeVert,0.28054037267080745,0.12753416149068325,2331.6
1642868,Carter Bryant,Carter,1610612759,SAS,20.0,71,56,15,0.789,817.865,108.4,140,0.154,0.237,16,0.128,23,0.245,269.0,250.0,179.0,772.0,3.69,3.6863806153047687,98,7,187,27,325,110,241,152,154,378,491,182,182,239,252,212,243,209,66,181,111,70,47,1,21,47,5,10,15,0.333,0.667,3,14,17,7,17,0.176,0.824,1.0,0.412,1642868,Carter Bryant,0.2476054054054054,0.1171162162162162,1677.0
1641717,Cason Wallace,Cason,1610612760,OKC,22.0,77,61,16,0.792,2046.07,103.8,175,0.079,0.121,150,0.314,28,0.115,607.0,546.0,460.0,1778.0,11.84,11.844127472421004,37,3,202,26,71,44,186,491,500,1,48,140,361,445,462,414,458,4,77,334,133,201,339,0,55,119,22,17,39,0.564,0.436,2,31,33,11,33,0.061,0.939,1.0,0.333,1641717,Cason Wallace,0.30086089238845143,0.1703464566929134,4208.4
1642907,Cedric Coward,Cedric,1610612763,MEM,22.0,62,20,42,0.323,1597.9466666666667,113.5,281,0.16,0.252,40,0.165,27,0.158,632.0,562.0,451.0,1638.0,4.87,4.871672738053742,201,302,523,431,147,311,72,134,136,233,389,148,272,464,471,405,431,142,62,327,172,155,102,2,10,25,26,29,55,0.473,0.527,8,14,22,14,22,0.364,0.636,1.0,0.636,1642907,Cedric Coward,0.29379889807162535,0.14603030303030304,3302.3
1643052,Chaney Johnson,Chaney,1610612751,BKN,24.0,17,4,13,0.235,347.5833333333333,116.0,46,0.146,0.236,15,0.221,9,0.346,159.0,117.0,119.0,352.0,0.82,0.8246391082626823,459,487,165,503,426,424,410,177,155,393,195,315,93,173,164,167,154,428,17,55,37,18,38,0,31,67,5,4,9,0.556,0.444,5,16,20,12,21,0.238,0.762,0.952,0.571,1643052,Chaney Johnson,0.21073287671232876,0.059931506849315065,699.5
1629646,Charles Bassey,Charles,1610612744,GSW,25.0,13,4,9,0.308,152.70333333333335,120.1,34,0.236,0.391,4,0.167,11,0.647,75.0,38.0,54.0,152.0,0.17,0.1689796229127225,480,487,116,443,483,513,435,23,14,485,376,284,7,112,86,105,97,522,12,38,31,7,7,0,7,18,1,1,2,0.5,0.5,6,3,9,8,9,0.667,0.333,1.0,0.889,1629646,Charles Bassey,0.2197972972972973,0.09685135135135135,305.4
1642404,Chaz Lanier,Chaz,1610612765,DET,24.0,34,28,6,0.824,262.005,105.7,15,0.055,0.089,7,0.106,0,0.0,83.0,95.0,93.0,242.0,1.4,1.3960325991899274,394,216,83,15,447,61,491,555,556,454,530,524,524,121,140,142,125,373,16,19,14,5,12,0,0,0,4,0,4,1.0,0.0,0,3,3,0,3,0.0,1.0,1.0,0.0,1642404,Chaz Lanier,0.09116022099447514,0.016574585635359115,527.0
1631096,Chet Holmgren,Chet,1610612760,OKC,24.0,69,56,13,0.812,1997.2683333333337,102.3,484,0.221,0.327,43,0.106,131,0.526,620.0,586.0,487.0,1644.0,12.36,12.357896180190732,118,7,165,19,79,28,9,38,40,214,531,3,31,452,489,425,433,1,69,687,513,174,87,1,94,218,17,11,28,0.607,0.393,19,69,88,64,88,0.216,0.784,1.0,0.727,1631096,Chet Holmgren,0.3122897727272727,0.15596306818181818,4072.4
1628449,Chris Boucher,Chris,1610612738,BOS,33.0,9,4,5,0.444,94.15,109.9,16,0.151,0.302,5,0.294,7,0.538,27.0,42.0,35.0,80.0,0.38,0.3846983293396862,507,487,75,362,505,153,489,161,63,474,63,363,29,60,92,79,69,483,7,27,21,6,7,0,10,25,1,2,3,0.333,0.667,1,3,4,3,4,0.25,0.75,1.0,0.75,1628449,Chris Boucher,0.18889333333333333,0.05333333333333334,181.4
1641753,Chris Livingston,Chris,1610612739,CLE,22.0,3,2,1,0.667,17.426666666666666,86.8,3,0.176,0.231,1,0.333,0,0.0,5.0,0.0,8.0,22.0,0.19,0.1906849374315206,566,526,4,106,570,6,547,101,168,540,32,524,524,11,1,27,17,517,3,2,0,2,1,0,0,0,2,0,2,1.0,0.0,0,0,0,0,0,0.0,0.0,0.0,0.0,1641753,Chris Livingston,0.11764705882352941,0.0,35.1
1643024,Chris Mañon,Chris,1610612747,LAL,24.0,9,4,5,0.444,46.085,108.4,8,0.14,0.308,5,0.5,2,0.5,27.0,34.0,13.0,58.0,0.2,0.2026601555160851,507,487,75,362,537,114,520,192,57,474,4,469,37,60,81,37,53,511,6,7,6,1,14,1,1,2,1,2,3,0.333,0.667,0,0,0,0,0,0.0,0.0,0.0,0.0,1643024,Chris Mañon,0.20930232558139536,0.023255813953488372,90.9
101108,Chris Paul,Chris,1610612746,LAC,41.0,16,4,12,0.25,227.535,116.6,22,0.101,0.159,11,0.216,0,0.0,103.0,76.0,83.0,202.0,0.48,0.4814288799874444,461,487,152,485,456,441,467,361,362,415,214,524,524,135,126,133,116,473,14,11,4,7,27,0,1,2,0,1,1,0.0,1.0,0,5,5,2,5,0.0,1.0,1.0,0.4,101108,Chris Paul,0.23333076923076923,0.06923076923076923,445.7
1642959,Chris Youngblood,Chris,1610612757,POR,24.0,34,29,5,0.853,185.09166666666667,104.3,21,0.095,0.149,4,0.167,3,0.13,58.0,34.0,65.0,154.0,1.03,1.0304548994414946,394,203,75,7,470,47,471,397,398,485,376,442,319,99,81,114,98,410,21,30,23,7,7,0,1,2,1,3,4,0.25,0.75,0,1,1,1,1,0.0,1.0,1.0,1.0,1642959,Chris Youngblood,0.14479375,0.059375,375.7
1631128,Christian Braun,Christian,1610612743,DEN,25.0,44,29,15,0.659,1399.138333333333,114.1,150,0.101,0.149,30,0.148,12,0.117,464.0,376.0,447.0,1454.0,3.99,3.994452631793996,336,203,187,123,189,349,227,363,400,286,442,277,354,356,345,403,397,192,44,186,97,89,93,0,41,101,9,8,17,0.529,0.471,7,12,19,12,19,0.368,0.632,1.0,0.632,1631128,Christian Braun,0.3478519855595668,0.12759927797833934,2878.9
1631132,Christian Koloko,Christian,1610612737,ATL,26.0,27,16,11,0.593,356.66833333333335,108.2,50,0.125,0.189,14,0.233,23,0.561,154.0,121.0,114.0,386.0,1.64,1.6359218024813589,420,348,144,189,421,104,400,261,270,399,161,182,23,169,167,161,166,350,27,156,122,34,20,0,40,91,6,3,9,0.667,0.333,6,10,16,9,16,0.375,0.625,1.0,0.563,1631132,Christian Koloko,0.26401704545454546,0.06619318181818182,752.5
1642935,Chucky Hepburn,Chucky,1610612761,TOR,23.0,2,0,2,0.0,13.233333333333333,120.7,1,0.067,0.143,1,0.5,0,0.0,6.0,7.0,6.0,14.0,0.01,0.0130502695370704,572,567,28,567,575,527,567,539,420,540,4,524,524,13,18,18,12,553,2,3,2,1,3,0,0,0,0,1,1,0.0,1.0,0,0,0,0,0,0.0,0.0,0.0,0.0,1642935,Chucky Hepburn,0.2,0.1,27.5
203991,Clint Capela,Clint,1610612745,HOU,32.0,75,47,28,0.627,925.6616666666666,105.1,185,0.181,0.27,36,0.224,63,0.453,352.0,289.0,312.0,862.0,5.03,5.033038699848458,60,44,364,152,294,55,170,92,105,256,184,38,61,294,289,305,268,135,73,337,260,77,49,1,87,191,18,10,28,0.643,0.357,33,38,70,55,71,0.465,0.535,0.986,0.775,203991,Clint Capela,0.21425068870523414,0.08425068870523415,1834.3
1629632,Coby White,Coby,1610612766,CHA,26.0,50,29,21,0.58,1249.7883333333334,114.0,153,0.113,0.176,25,0.157,5,0.04,426.0,397.0,365.0,1298.0,3.66,3.6607784940616126,297,203,262,199,222,344,219,312,315,314,414,397,504,330,364,335,365,210,48,166,94,72,44,7,14,35,11,10,21,0.524,0.476,0,20,19,10,20,0.0,1.0,0.95,0.5,1629632,Coby White,0.27537071651090345,0.1267943925233645,2552.6
1628998,Cody Martin,Cody,1610612754,IND,30.0,4,0,4,0.0,55.18,99.2,13,0.183,0.277,4,0.364,2,0.182,24.0,24.0,13.0,46.0,0.41,0.407540675133792,551,567,54,567,534,17,497,85,94,485,22,469,240,57,57,37,40,479,4,7,4,3,9,0,1,2,0,1,1,0.0,1.0,0,1,1,0,1,0.0,1.0,1.0,0.0,1628998,Cody Martin,0.10417499999999999,0.025,115.3
1642262,Cody Williams,Cody,1610612762,UTA,21.0,67,16,51,0.239,1630.5416666666667,121.4,137,0.084,0.13,51,0.152,26,0.183,728.0,540.0,650.0,1880.0,1.19,1.1949327348506842,147,348,565,500,143,538,244,462,475,168,433,157,239,507,454,512,471,394,66,248,174,74,130,0,62,151,11,18,29,0.379,0.621,0,9,9,4,9,0.0,1.0,1.0,0.444,1642262,Cody Williams,0.3108877005347594,0.13333689839572194,3471.8
1641732,Colby Jones,Colby,1610612765,DET,24.0,1,0,1,0.0,6.816666666666666,53.3,4,0.4,0.5,0,0.0,0,0.0,2.0,2.0,2.0,4.0,0.14,0.1443511092979837,579,567,4,567,578,1,542,2,4,564,564,524,524,3,4,4,2,530,1,0,0,0,0,0,0,0,0,0,0,0.0,0.0,0,1,1,1,1,0.0,1.0,1.0,1.0,1641732,Colby Jones,0.2,0.0,15.1
1630175,Cole Anthony,Cole,1610612749,MIL,26.0,35,12,23,0.343,526.635,113.1,71,0.126,0.203,20,0.263,11,0.268,216.0,155.0,180.0,526.0,1.68,1.680830087951104,390,395,289,416,375,299,354,253,237,348,106,284,154,213,200,213,201,346,32,57,24,33,37,1,2,4,6,7,13,0.462,0.538,0,3,3,2,3,0.0,1.0,1.0,0.667,1630175,Cole Anthony,0.23111290322580647,0.12231451612903226,1074.8
1630658,Colin Castleton,Colin,1610612753,ORL,26.0,4,3,1,0.75,21.383333333333333,102.3,6,0.333,0.6,1,0.143,0,0.0,10.0,5.0,2.0,6.0,0.13,0.1259768940368368,551,503,4,46,567,29,528,3,2,540,456,524,524,24,16,4,3,533,3,4,2,2,2,0,4,9,0,0,0,0.0,0.0,0,1,1,1,1,0.0,1.0,1.0,1.0,1630658,Colin Castleton,0.15789473684210525,0.05263157894736842,39.6
1631221,Collin Gillespie,Collin,1610612756,PHX,27.0,80,43,37,0.538,2281.8016666666667,110.0,238,0.107,0.168,99,0.221,16,0.087,809.0,687.0,682.0,2320.0,9.14,9.143285544113873,21,75,482,267,39,158,107,340,334,23,194,243,421,537,539,527,536,21,80,210,93,117,202,12,29,65,39,31,70,0.557,0.443,1,23,24,15,24,0.042,0.958,1.0,0.625,1631221,Collin Gillespie,0.3697571059431525,0.14468733850129198,4499.7
1642867,Collin Murray-Boyles,Collin,1610612761,TOR,21.0,57,31,26,0.544,1245.6,109.1,152,0.121,0.188,52,0.236,53,0.398,433.0,326.0,346.0,1138.0,5.3,5.299936855143319,235,188,338,260,223,131,221,274,277,161,156,53,75,335,313,324,325,123,57,291,181,110,156,1,87,192,15,8,23,0.652,0.348,24,30,54,35,54,0.444,0.556,1.0,0.648,1642867,Collin Murray-Boyles,0.2929683544303798,0.1164493670886076,2509.3
1629012,Collin Sexton,Collin,1610612741,CHI,27.0,68,25,43,0.368,1613.2033333333334,113.6,114,0.065,0.1,76,0.31,10,0.065,683.0,541.0,595.0,1746.0,4.77,4.767077585442413,135,243,527,402,146,318,285,544,546,61,50,300,467,483,456,492,449,150,68,163,91,72,138,1,23,53,12,17,29,0.414,0.586,1,13,14,6,14,0.071,0.929,1.0,0.429,1629012,Collin Sexton,0.294612987012987,0.13943376623376624,3341.8
1642843,Cooper Flagg,Cooper,1610612742,DAL,19.0,70,22,48,0.314,2343.858333333333,114.7,380,0.151,0.229,84,0.233,64,0.258,783.0,694.0,780.0,2712.0,6.2,6.200646016345326,105,277,552,440,30,370,32,162,176,45,161,37,165,528,542,562,570,87,70,476,251,225,152,0,30,69,24,31,55,0.436,0.564,2,24,25,18,26,0.077,0.923,0.962,0.692,1642843,Cooper Flagg,0.35394017094017094,0.18194301994301995,4881.4
1630557,Corey Kispert,Corey,1610612737,ATL,27.0,58,27,31,0.466,1079.6066666666666,115.9,105,0.091,0.142,16,0.086,9,0.082,401.0,337.0,363.0,1194.0,2.51,2.5118516554591417,230,225,412,347,267,420,295,423,429,378,543,315,430,317,323,334,341,286,55,190,121,69,39,1,15,34,11,8,19,0.579,0.421,1,6,7,2,7,0.143,0.857,1.0,0.286,1630557,Corey Kispert,0.27895987654320986,0.10601851851851853,2257.3
1642504,Cormac Ryan,Cormac,1610612749,MIL,27.0,11,2,9,0.182,270.67833333333334,119.0,20,0.078,0.12,11,0.282,3,0.15,136.0,79.0,86.0,260.0,0.37,0.3718988406744846,492,526,116,540,446,501,476,497,501,415,82,442,285,158,129,137,129,486,11,39,20,19,19,0,2,4,1,0,1,1.0,0.0,0,1,1,0,1,0.0,1.0,1.0,0.0,1642504,Cormac Ryan,0.22251063829787235,0.11169148936170213,534.4
1641854,Craig Porter Jr.,Craig,1610612739,CLE,26.0,64,43,21,0.672,1147.6616666666666,111.6,135,0.115,0.18,57,0.251,38,0.292,442.0,349.0,347.0,1034.0,4.08,4.076015584453028,180,75,262,103,251,235,248,307,299,130,127,97,131,345,328,325,300,186,62,171,107,64,139,0,13,29,18,7,25,0.72,0.28,1,10,10,4,11,0.091,0.909,0.909,0.364,1641854,Craig Porter Jr.,0.31717460317460316,0.13364285714285715,2348.4
1642938,Curtis Jones,Curtis,1610612743,DEN,24.0,10,8,2,0.8,87.71666666666667,104.4,9,0.077,0.122,4,0.308,0,0.0,28.0,23.0,35.0,74.0,0.49,0.49057647552392,500,440,28,20,510,48,512,503,496,485,53,524,524,64,55,79,62,471,8,14,4,10,6,1,0,0,0,3,3,0.0,1.0,0,0,0,0,0,0.0,0.0,0.0,0.0,1642938,Curtis Jones,0.12903225806451613,0.0467741935483871,179.8
1626156,D'Angelo Russell,D'Angelo,1610612764,WAS,30.0,26,9,17,0.346,494.775,111.3,53,0.092,0.15,12,0.176,2,0.034,218.0,177.0,168.0,544.0,1.81,1.8116061451712488,425,432,216,414,382,220,393,417,396,410,339,469,513,215,213,204,206,333,24,47,23,24,27,1,5,12,2,6,8,0.25,0.75,0,3,3,2,3,0.0,1.0,1.0,0.667,1626156,D'Angelo Russell,0.25149056603773584,0.08805188679245284,1037.9
1629610,DaQuan Jeffries,DaQuan,1610612758,SAC,28.0,3,0,3,0.0,59.903333333333336,120.7,2,0.038,0.057,2,0.222,0,0.0,18.0,26.0,7.0,48.0,0.05,0.0544304047402916,566,567,44,567,529,526,559,569,571,516,188,524,524,42,64,24,42,549,3,11,4,7,4,0,1,2,0,1,1,0.0,1.0,1,3,4,2,4,0.25,0.75,1.0,0.5,1629610,DaQuan Jeffries,0.20689655172413793,0.15517241379310345,117.9
1641747,DaRon Holmes II,DaRon,1610612743,DEN,23.0,25,17,8,0.68,209.51,110.9,27,0.113,0.185,1,0.04,6,0.3,59.0,67.0,67.0,176.0,0.76,0.7576802053488711,429,334,109,97,463,202,450,313,285,540,563,375,123,101,118,118,105,433,19,85,62,23,8,0,18,42,2,2,4,0.5,0.5,2,17,19,5,19,0.105,0.895,1.0,0.263,1641747,DaRon Holmes II,0.22929285714285713,0.07916428571428571,411.5
1631342,Daeqwon Plowden,Daeqwon,1610612758,SAC,27.0,32,9,23,0.281,844.3683333333333,122.1,64,0.08,0.122,23,0.162,7,0.086,316.0,263.0,295.0,842.0,0.45,0.4473110636696176,400,432,289,460,318,542,372,489,494,327,397,363,424,271,260,291,263,477,32,116,58,58,53,1,7,16,7,3,10,0.7,0.3,0,13,13,4,13,0.0,1.0,1.0,0.308,1631342,Daeqwon Plowden,0.2626984126984127,0.12765079365079365,1715.3
1630625,Dalano Banton,Dalano,1610612738,BOS,26.0,6,4,2,0.667,61.65,114.3,3,0.043,0.073,2,0.154,5,0.625,23.0,26.0,39.0,62.0,0.18,0.1833622888586774,527,487,28,106,528,357,547,567,565,516,426,397,8,54,64,89,56,519,4,9,4,5,4,0,0,0,0,1,1,0.0,1.0,0,0,0,0,0,0.0,0.0,0.0,0.0,1630625,Dalano Banton,0.06305405405405407,0.02702702702702703,126.5
1631207,Dalen Terry,Dalen,1610612755,PHI,23.0,48,22,26,0.458,551.0266666666666,109.7,60,0.099,0.16,29,0.24,15,0.208,196.0,176.0,183.0,582.0,2.34,2.342381893121247,310,277,338,350,369,142,379,374,358,294,149,251,214,201,212,216,212,297,36,107,68,39,48,1,8,22,5,7,12,0.417,0.583,1,4,4,4,5,0.2,0.8,0.8,0.8,1631207,Dalen Terry,0.22333090909090908,0.08787636363636364,1153.5
1642261,Dalton Knecht,Dalton,1610612747,LAL,25.0,54,34,20,0.63,552.9283333333333,113.7,61,0.108,0.176,11,0.112,11,0.244,233.0,204.0,152.0,622.0,1.62,1.6174552227025576,266,168,251,149,367,331,378,337,317,415,522,284,183,221,235,198,223,354,41,83,50,33,16,2,8,19,3,3,6,0.5,0.5,0,6,6,5,6,0.0,1.0,1.0,0.833,1642261,Dalton Knecht,0.22540892193308548,0.08004832713754648,1105.1
1629655,Daniel Gafford,Daniel,1610612742,DAL,27.0,55,12,43,0.218,1194.4383333333333,113.0,240,0.181,0.277,42,0.244,69,0.493,437.0,376.0,387.0,1370.0,3.8,3.799308178594084,258,395,527,516,234,288,103,91,93,219,144,31,46,341,345,349,377,204,55,387,309,78,102,3,156,355,15,13,28,0.536,0.464,29,46,75,46,75,0.387,0.613,1.0,0.613,1629655,Daniel Gafford,0.36773202614379086,0.136937908496732,2511.4
1642450,Daniss Jenkins,Daniss,1610612765,DET,24.0,72,54,18,0.75,1455.3,106.6,115,0.077,0.121,64,0.188,15,0.076,542.0,461.0,427.0,1340.0,7.26,7.256451997886236,84,13,225,46,175,79,282,506,498,94,305,251,445,406,404,386,371,66,66,178,106,72,119,0,9,21,20,18,38,0.526,0.474,1,10,10,1,11,0.091,0.909,0.909,0.091,1642450,Daniss Jenkins,0.3036145833333333,0.110546875,2943.8
1642874,Danny Wolf,Danny,1610612751,BKN,22.0,57,14,43,0.246,1187.1616666666666,111.9,224,0.195,0.305,30,0.156,32,0.26,527.0,319.0,412.0,1230.0,4.1,4.098986447769945,235,374,527,496,235,244,123,64,60,286,419,123,164,391,310,371,351,185,56,304,215,89,67,0,11,26,7,7,14,0.5,0.5,8,24,32,21,32,0.25,0.75,1.0,0.656,1642874,Danny Wolf,0.26727823691460056,0.08723691460055097,2345.1
203967,Dario Saric,Dario,1610612758,SAC,32.0,5,1,4,0.2,41.248333333333335,104.7,5,0.114,0.185,0,0.0,0,0.0,17.0,24.0,6.0,52.0,0.22,0.2226340412514075,539,549,54,526,544,53,536,310,282,564,564,524,524,39,57,18,45,508,5,12,8,4,7,0,1,3,0,0,0,0.0,0.0,0,2,2,1,2,0.0,1.0,1.0,0.5,203967,Dario Saric,0.17474193548387096,0.06451612903225806,79.6
1641727,Dariq Whitehead,Dariq,1610612763,MEM,21.0,6,0,6,0.0,182.81666666666663,126.5,22,0.12,0.206,4,0.125,0,0.0,62.0,94.0,70.0,280.0,-0.14,-0.1397658972401421,527,567,83,567,473,563,467,280,231,485,495,524,524,104,139,123,137,572,6,23,11,12,10,0,3,6,0,0,0,0.0,0.0,0,0,0,0,0,0.0,0.0,0.0,0.0,1641727,Dariq Whitehead,0.3794193548387097,0.08198387096774194,397.4
1629636,Darius Garland,Darius,1610612746,LAC,26.0,45,26,19,0.578,1344.2766666666666,115.2,89,0.063,0.098,43,0.181,8,0.057,528.0,426.0,451.0,1408.0,3.48,3.47816027316876,331,231,236,205,205,396,328,548,549,214,325,341,485,392,386,405,386,230,45,158,72,86,85,2,8,17,10,9,19,0.526,0.474,0,6,6,3,6,0.0,1.0,1.0,0.5,1629636,Darius Garland,0.2904175824175824,0.12402930402930402,2773.2
1642357,David Jones Garcia,David,1610612759,SAS,24.0,11,7,4,0.636,67.975,100.0,9,0.143,0.209,6,0.273,1,0.333,21.0,11.0,21.0,70.0,0.5,0.4989059166138053,492,452,54,143,522,20,512,185,223,462,89,493,100,49,30,50,60,469,9,7,3,4,11,0,0,0,2,0,2,1.0,0.0,0,1,1,1,1,0.0,1.0,1.0,1.0,1642357,David Jones Garcia,0.1580344827586207,0.05172413793103448,147.6
1631223,David Roddy,David,1610612743,DEN,25.0,5,4,1,0.8,73.01666666666667,110.7,12,0.126,0.231,4,0.364,1,0.1,33.0,27.0,38.0,84.0,0.29,0.2887792618446594,539,487,4,20,519,191,499,254,168,485,22,493,392,73,72,86,73,495,4,14,8,6,5,0,0,0,1,1,2,0.5,0.5,1,0,1,1,1,1.0,0.0,1.0,1.0,1631223,David Roddy,0.12300000000000001,0.023,155.0
1630558,Davion Mitchell,Davion,1610612748,MIA,27.0,70,37,33,0.529,2000.255,113.0,155,0.072,0.108,68,0.204,11,0.064,605.0,623.0,513.0,2212.0,6.18,6.184530008928938,105,136,435,278,77,290,216,523,536,80,253,284,468,441,514,443,530,88,70,204,60,144,129,8,14,34,11,22,33,0.333,0.667,0,20,20,8,20,0.0,1.0,1.0,0.4,1630558,Davion Mitchell,0.2981,0.14056857142857143,4235.1
1630549,Day'Ron Sharpe,Day'Ron,1610612751,BKN,24.0,62,17,45,0.274,1159.915,111.7,242,0.222,0.343,67,0.315,26,0.302,511.0,306.0,394.0,1188.0,4.11,4.111419091203113,201,334,541,467,245,236,102,36,33,85,47,157,120,384,301,355,339,184,62,250,163,87,152,0,109,256,19,9,28,0.679,0.321,36,42,77,54,78,0.462,0.538,0.987,0.692,1630549,Day'Ron Sharpe,0.2859634831460674,0.1050561797752809,2305.9
1628368,De'Aaron Fox,De'Aaron,1610612759,SAS,28.0,72,55,17,0.764,2231.065,108.9,228,0.092,0.136,89,0.265,19,0.074,625.0,614.0,582.0,2146.0,9.85,9.849287094169874,84,12,216,39,50,122,118,421,448,33,104,217,448,458,508,483,518,13,72,251,113,138,201,2,15,35,20,19,39,0.513,0.487,1,6,7,4,7,0.143,0.857,1.0,0.571,1628368,De'Aaron Fox,0.3023648293963254,0.1531496062992126,4645.3
1629631,De'Andre Hunter,De'Andre,1610612758,SAC,28.0,45,24,21,0.533,1175.486666666667,115.0,155,0.127,0.194,30,0.144,6,0.052,447.0,343.0,434.0,1134.0,3.1,3.095561568282937,331,252,262,270,240,386,216,247,262,286,453,375,492,348,326,394,324,249,45,135,72,63,77,0,14,31,5,9,14,0.357,0.643,1,22,23,8,23,0.043,0.957,1.0,0.348,1629631,De'Andre Hunter,0.28795286195286196,0.15655892255892256,2446.2
1629001,De'Anthony Melton,De'Anthony,1610612744,GSW,28.0,49,22,27,0.449,1125.256666666667,110.4,119,0.108,0.17,77,0.307,20,0.208,427.0,353.0,293.0,1192.0,4.39,4.393879387939959,305,277,352,360,257,173,274,333,329,60,54,209,214,332,332,290,340,174,49,121,67,54,142,0,12,29,15,21,36,0.417,0.583,1,11,12,3,12,0.083,0.917,1.0,0.25,1629001,De'Anthony Melton,0.30388745980707393,0.1167749196141479,2266.8
201599,DeAndre Jordan,DeAndre,1610612740,NOP,37.0,12,6,6,0.5,198.8,112.3,50,0.234,0.365,4,0.129,10,0.455,87.0,66.0,69.0,194.0,0.64,0.6445162409000891,485,461,83,303,466,263,400,26,20,485,489,300,59,123,116,120,113,448,12,42,31,11,8,0,18,40,2,0,2,1.0,0.0,10,7,17,16,17,0.588,0.412,1.0,0.941,201599,DeAndre Jordan,0.21440909090909088,0.03977272727272727,403.8
1630610,DeJon Jarreau,DeJon,1610612763,MEM,28.0,11,2,9,0.182,230.73333333333332,122.2,39,0.174,0.315,10,0.2,8,0.381,95.0,100.0,80.0,302.0,0.12,0.1157544435757555,492,526,116,540,455,544,426,105,51,428,266,341,81,131,144,131,144,535,11,28,12,16,17,0,4,10,2,2,4,0.5,0.5,0,1,1,1,1,0.0,1.0,1.0,1.0,1630610,DeJon Jarreau,0.2789906542056075,0.04360747663551402,481.5
201942,DeMar DeRozan,DeMar,1610612758,SAC,36.0,77,20,57,0.26,2405.515,122.3,191,0.081,0.126,80,0.198,23,0.113,929.0,780.0,815.0,2790.0,1.17,1.1690118365142113,37,302,577,481,24,545,160,479,483,56,277,182,365,571,570,568,574,397,77,216,123,93,125,4,7,17,16,23,39,0.41,0.59,0,27,27,13,27,0.0,1.0,1.0,0.481,201942,DeMar DeRozan,0.31177952755905514,0.15169553805774277,4909.9
1629731,Dean Wade,Dean,1610612739,CLE,29.0,59,36,23,0.61,1317.6833333333334,110.9,194,0.139,0.205,44,0.206,23,0.181,492.0,361.0,398.0,1296.0,4.93,4.9346687042269775,225,151,289,167,212,205,158,199,232,208,247,182,242,374,337,361,363,140,59,286,205,81,115,0,48,115,8,11,19,0.421,0.579,3,51,54,20,54,0.056,0.944,1.0,0.37,1629731,Dean Wade,0.2798538961038961,0.12142207792207793,2706.6
1629028,Deandre Ayton,Deandre,1610612747,LAL,27.0,72,46,26,0.639,1958.385,115.5,390,0.2,0.302,41,0.115,70,0.412,722.0,575.0,620.0,2104.0,4.74,4.744418257004072,84,52,338,140,87,407,28,57,62,227,517,29,71,505,481,504,509,151,72,571,424,147,79,0,268,616,19,15,34,0.559,0.441,29,40,68,61,69,0.42,0.58,0.986,0.884,1629028,Deandre Ayton,0.3595823863636363,0.1454431818181818,3992.9
1627749,Dejounte Murray,Dejounte,1610612740,NOP,29.0,14,5,9,0.357,389.4166666666667,114.9,71,0.188,0.296,23,0.28,3,0.079,162.0,145.0,128.0,430.0,1.0,0.9952554983531096,472,474,116,406,410,382,354,77,71,327,85,442,439,175,191,172,175,414,14,38,22,16,33,0,2,5,3,6,9,0.333,0.667,0,2,2,1,2,0.0,1.0,1.0,0.5,1627749,Dejounte Murray,0.35011016949152546,0.09745762711864407,791.2
1630166,Deni Avdija,Deni,1610612757,POR,25.0,66,35,31,0.53,2199.385,115.4,380,0.167,0.266,51,0.152,41,0.169,977.0,701.0,769.0,2362.0,5.4,5.402449103658502,157,162,412,275,55,404,32,119,111,168,433,85,259,578,545,557,541,118,66,281,183,98,106,0,9,19,25,15,40,0.625,0.375,1,20,21,18,21,0.048,0.952,1.0,0.857,1630166,Deni Avdija,0.3494699140401146,0.16208022922636103,4524.6
203471,Dennis Schröder,Dennis,1610612739,CLE,32.0,70,29,41,0.414,1696.2983333333334,117.0,157,0.089,0.145,55,0.195,11,0.067,640.0,577.0,443.0,1756.0,3.34,3.340536373334869,105,203,515,377,134,452,212,434,415,142,287,284,464,467,484,399,451,238,68,155,78,77,107,7,20,45,13,14,27,0.481,0.519,1,12,13,7,13,0.077,0.923,1.0,0.538,203471,Dennis Schröder,0.2958767123287671,0.12737808219178082,3432.3
1641726,Dereck Lively II,Dereck,1610612742,DAL,22.0,7,3,4,0.429,115.27333333333333,102.3,23,0.183,0.261,4,0.182,11,0.5,40.0,31.0,39.0,108.0,0.74,0.7407588710762544,518,503,54,369,498,29,463,88,120,485,321,284,37,79,77,89,80,436,7,57,46,11,4,0,11,23,2,3,5,0.4,0.6,1,11,12,6,12,0.083,0.917,1.0,0.5,1641726,Dereck Lively II,0.3012923076923077,0.11538461538461539,249.7
1642852,Derik Queen,Derik,1610612740,NOP,21.0,81,26,55,0.321,2023.38,119.4,436,0.207,0.334,84,0.225,74,0.365,810.0,716.0,747.0,2322.0,2.69,2.690015129996239,19,231,573,434,74,505,14,48,37,45,182,24,89,538,550,547,537,280,81,548,356,192,187,4,125,295,21,9,30,0.7,0.3,12,59,70,43,71,0.169,0.831,1.0,0.614,1642852,Derik Queen,0.37413466334164586,0.16253615960099752,4251.2
1627884,Derrick Jones Jr.,Derrick,1610612746,LAC,29.0,50,26,24,0.52,1349.5083333333334,113.8,112,0.082,0.128,45,0.172,50,0.299,491.0,432.0,389.0,1392.0,3.95,3.949563268807955,297,231,309,288,204,334,289,475,478,200,356,60,127,373,389,352,385,194,50,196,123,73,107,0,36,83,15,6,21,0.714,0.286,1,10,10,5,11,0.091,0.909,0.909,0.455,1627884,Derrick Jones Jr.,0.23940000000000003,0.1259296296296296,2711.9
1628401,Derrick White,Derrick,1610612738,BOS,31.0,77,52,25,0.675,2624.9566666666665,108.0,253,0.09,0.134,88,0.219,98,0.333,761.0,741.0,695.0,2108.0,11.95,11.954804019134755,37,24,326,102,10,101,92,429,456,35,201,13,100,517,558,531,511,3,77,555,324,231,196,8,29,70,20,29,49,0.408,0.592,0,16,16,2,16,0.0,1.0,1.0,0.125,1628401,Derrick White,0.31419592875318064,0.16520356234096692,5102.9
1630217,Desmond Bane,Desmond,1610612753,ORL,28.0,82,45,37,0.549,2756.045,111.5,240,0.084,0.128,86,0.173,37,0.137,913.0,727.0,860.0,2890.0,9.93,9.932814725815572,1,60,482,251,3,227,103,463,477,40,353,102,307,567,553,573,580,11,82,389,192,197,151,2,31,66,28,33,61,0.459,0.541,13,19,32,21,32,0.406,0.594,1.0,0.656,1630217,Desmond Bane,0.3024668367346939,0.12594132653061224,5657.2
1626164,Devin Booker,Devin,1610612756,PHX,29.0,64,37,27,0.578,2146.43,112.0,200,0.091,0.146,51,0.122,18,0.098,807.0,698.0,624.0,2110.0,7.44,7.442512742291994,180,136,352,203,59,250,153,424,414,168,506,224,400,535,544,506,513,59,64,172,95,77,89,2,33,76,24,23,47,0.511,0.489,4,30,34,16,34,0.118,0.882,1.0,0.471,1626164,Devin Booker,0.3063947368421053,0.15139181286549708,4352.1
1642269,Devin Carter,Devin,1610612758,SAC,24.0,38,8,30,0.211,699.8683333333333,118.3,89,0.13,0.199,34,0.293,9,0.148,273.0,218.0,250.0,698.0,1.13,1.1262462864394684,370,440,395,519,344,487,328,237,245,265,65,315,289,241,239,258,235,403,35,89,36,53,62,0,5,13,6,8,14,0.429,0.571,0,1,1,0,1,0.0,1.0,1.0,0.0,1642269,Devin Carter,0.27087786259541985,0.15833587786259543,1438.2
1630170,Devin Vassell,Devin,1610612759,SAS,25.0,67,52,15,0.776,2044.2316666666663,109.9,230,0.102,0.152,57,0.175,25,0.101,674.0,616.0,572.0,2050.0,8.25,8.247332117524932,147,24,187,32,72,149,116,358,391,130,346,167,389,481,510,479,503,38,67,214,139,75,115,0,32,68,12,15,27,0.444,0.556,0,11,11,9,11,0.0,1.0,1.0,0.818,1630170,Devin Vassell,0.31773446327683613,0.12504237288135595,4220.9
1628415,Dillon Brooks,Dillon,1610612756,PHX,30.0,56,32,24,0.571,1701.5833333333333,114.8,160,0.094,0.152,57,0.168,9,0.068,622.0,593.0,524.0,1766.0,4.52,4.523840688572745,247,182,309,210,133,379,206,402,392,130,373,315,463,455,495,450,455,165,56,180,81,99,113,1,26,63,14,14,28,0.5,0.5,2,14,16,11,16,0.125,0.875,1.0,0.688,1628415,Dillon Brooks,0.3224782608695652,0.1599163879598662,3453.2
1641794,Dillon Jones,Dillon,1610612752,NYK,24.0,7,5,2,0.714,39.388333333333335,109.8,5,0.135,0.185,3,0.429,0,0.0,9.0,14.0,12.0,36.0,0.16,0.1623629802568821,518,474,28,75,546,146,536,217,282,500,14,524,524,22,42,33,34,524,4,4,2,2,5,0,0,0,0,0,0,0.0,0.0,0,0,0,0,0,0.0,0.0,0.0,0.0,1641794,Dillon Jones,0.1111111111111111,0.05555555555555555,75.8
1627734,Domantas Sabonis,Domantas,1610612758,SAC,30.0,19,3,16,0.158,563.5883333333334,123.9,152,0.283,0.418,18,0.205,4,0.143,252.0,159.0,195.0,658.0,0.0,0.0042567365020655,453,503,202,550,366,557,221,5,5,364,251,418,294,229,203,227,230,557,19,104,73,31,29,0,78,173,10,6,16,0.625,0.375,20,22,41,34,42,0.476,0.524,0.976,0.81,1627734,Domantas Sabonis,0.3499451219512195,0.11592682926829269,1165.4
1631230,Dominick Barlow,Dominick,1610612755,PHI,23.0,71,40,31,0.563,1688.5183333333334,111.9,207,0.118,0.185,63,0.18,53,0.314,534.0,553.0,517.0,1738.0,5.83,5.826348228704464,98,110,412,228,138,245,143,292,284,99,329,53,114,397,465,445,448,98,71,491,351,140,121,0,60,145,21,24,45,0.467,0.533,3,22,25,12,25,0.12,0.88,1.0,0.48,1631230,Dominick Barlow,0.3334578947368421,0.16127631578947368,3457.2
1642270,Donovan Clingan,Donovan,1610612757,POR,22.0,77,41,36,0.532,2093.6366666666668,113.8,545,0.254,0.385,44,0.129,130,0.613,895.0,612.0,762.0,2110.0,6.04,6.038734414469079,37,97,472,272,65,333,7,12,16,208,488,4,11,560,506,554,513,91,77,1038,758,280,83,1,176,408,20,12,32,0.625,0.375,77,57,132,114,134,0.575,0.425,0.985,0.851,1642270,Donovan Clingan,0.354224,0.204784,4294.9
1628378,Donovan Mitchell,Donovan,1610612739,CLE,29.0,70,45,25,0.643,2342.0633333333335,112.1,266,0.108,0.165,104,0.249,20,0.092,810.0,694.0,759.0,2188.0,8.1,8.101706000230669,105,60,326,136,31,253,82,336,346,16,136,209,410,538,542,553,525,43,70,213,95,118,201,0,16,38,21,24,45,0.467,0.533,0,23,23,12,23,0.0,1.0,1.0,0.522,1628378,Donovan Mitchell,0.31412987012987015,0.18232727272727273,4834.4
1628978,Donte DiVincenzo,Donte,1610612750,MIN,29.0,82,49,33,0.598,2494.036666666667,110.0,269,0.1,0.153,104,0.231,34,0.11,915.0,768.0,783.0,2660.0,9.92,9.917774058703095,1,37,435,182,21,160,78,368,387,16,167,113,375,569,567,563,565,12,81,264,139,125,241,0,29,73,26,36,62,0.419,0.581,0,19,19,10,19,0.0,1.0,1.0,0.526,1628978,Donte DiVincenzo,0.3472473404255319,0.13442021276595745,5116.2
1627827,Dorian Finney-Smith,Dorian,1610612745,HOU,33.0,37,23,14,0.622,620.3116666666666,107.6,58,0.087,0.134,16,0.147,6,0.097,282.0,184.0,216.0,612.0,2.95,2.9534102397660735,377,268,175,156,359,92,386,442,457,378,447,375,403,250,219,237,220,259,36,72,41,31,35,0,11,25,3,3,6,0.5,0.5,1,14,15,3,15,0.067,0.933,1.0,0.2,1627827,Dorian Finney-Smith,0.2686172839506173,0.10150617283950618,1231.4
203926,Doug McDermott,Doug,1610612758,SAC,34.0,29,8,21,0.276,439.1983333333333,115.3,30,0.068,0.108,6,0.088,4,0.089,196.0,165.0,148.0,462.0,1.09,1.0936873754237229,415,440,262,466,398,399,447,536,537,462,541,418,417,201,208,192,184,408,24,55,33,22,8,0,2,4,1,2,3,0.333,0.667,0,1,1,0,1,0.0,1.0,1.0,0.0,203926,Doug McDermott,0.16774863387978142,0.05773770491803278,894.1
1642962,Drake Powell,Drake,1610612751,BKN,20.0,63,16,47,0.254,1319.513333333333,116.3,90,0.07,0.112,36,0.173,14,0.116,568.0,407.0,465.0,1494.0,2.9,2.897405887233865,194,348,548,484,210,434,327,531,528,256,354,261,357,418,371,417,409,264,60,167,91,76,79,0,10,24,9,10,19,0.474,0.526,2,15,15,4,17,0.118,0.882,0.882,0.235,1642962,Drake Powell,0.25370454545454546,0.08616761363636363,2635.7
203110,Draymond Green,Draymond,1610612744,GSW,36.0,68,31,37,0.456,1868.888333333333,113.6,320,0.168,0.255,61,0.169,42,0.282,759.0,567.0,619.0,1908.0,5.56,5.5583853483701615,135,188,482,351,102,321,51,118,130,108,368,81,141,515,477,503,476,110,68,508,325,183,146,5,174,449,13,13,26,0.5,0.5,6,70,74,40,76,0.079,0.921,0.974,0.526,203110,Draymond Green,0.33218857142857144,0.14941142857142856,3827.0
1629234,Drew Eubanks,Drew,1610612758,SAC,29.0,42,10,32,0.238,552.27,117.8,88,0.154,0.254,15,0.147,26,0.456,217.0,210.0,184.0,578.0,1.0,0.996356541647612,348,411,424,501,368,476,333,153,132,393,445,157,58,214,236,219,209,414,42,144,114,30,37,1,72,162,4,2,6,0.667,0.333,11,21,32,20,32,0.344,0.656,1.0,0.625,1629234,Drew Eubanks,0.30660444444444446,0.10999555555555555,1150.2
1641809,Drew Peterson,Drew,1610612766,CHA,26.0,6,1,5,0.167,64.26833333333333,110.7,6,0.107,0.176,3,0.273,1,0.333,15.0,20.0,17.0,76.0,0.24,0.2426444939637748,527,549,75,544,526,190,528,341,311,500,89,493,100,34,49,44,64,503,6,5,3,2,11,0,1,2,1,0,1,1.0,0.0,0,1,1,1,1,0.0,1.0,1.0,1.0,1641809,Drew Peterson,0.13725490196078433,0.0196078431372549,127.5
1631166,Drew Timme,Drew,1610612747,LAL,25.0,27,18,9,0.667,235.08166666666668,115.0,23,0.093,0.153,6,0.167,0,0.0,88.0,98.0,71.0,280.0,0.58,0.5846913255121176,420,325,116,106,454,387,463,411,386,462,376,524,524,125,142,124,137,459,22,55,35,20,10,1,15,39,0,3,3,0.0,1.0,1,9,10,1,10,0.1,0.9,1.0,0.1,1631166,Drew Timme,0.19678313253012047,0.08031927710843374,463.0
1630696,Dru Smith,Dru,1610612748,MIA,28.0,70,38,32,0.543,1141.3083333333334,110.3,111,0.085,0.135,100,0.415,21,0.165,473.0,388.0,389.0,1176.0,4.55,4.548399425971822,105,128,424,262,253,171,291,453,451,22,15,197,265,366,354,352,335,163,68,173,82,91,196,12,5,11,11,13,24,0.458,0.542,1,17,17,7,18,0.056,0.944,0.944,0.389,1630696,Dru Smith,0.25938797814207654,0.12772677595628415,2440.5
1629130,Duncan Robinson,Duncan,1610612765,DET,32.0,77,58,19,0.753,2113.1583333333333,109.5,176,0.08,0.119,44,0.107,22,0.085,716.0,641.0,623.0,1916.0,8.74,8.739588338482651,37,5,236,45,63,138,183,490,505,208,528,191,426,502,521,505,478,28,77,257,142,115,141,6,43,90,10,12,22,0.455,0.545,1,28,29,11,29,0.034,0.966,1.0,0.379,1629130,Duncan Robinson,0.2843170731707317,0.14306504065040648,4275.0
1641871,Duop Reath,Duop,1610612757,POR,30.0,32,16,16,0.5,258.17,109.4,28,0.095,0.158,5,0.122,8,0.296,138.0,86.0,91.0,236.0,1.1,1.0972411515144007,400,348,202,303,448,136,448,400,366,474,507,341,130,160,130,140,123,406,28,79,50,29,8,1,12,28,3,2,5,0.6,0.4,0,12,12,3,12,0.0,1.0,1.0,0.25,1641871,Duop Reath,0.19587078651685394,0.06835393258426967,539.6
203939,Dwight Powell,Dwight,1610612742,DAL,34.0,63,19,44,0.302,904.4116666666666,110.9,161,0.17,0.253,34,0.215,21,0.284,294.0,272.0,249.0,988.0,3.43,3.4251325135036432,194,316,533,446,302,201,203,113,133,265,215,197,139,254,272,257,293,231,59,243,193,50,87,5,140,316,8,17,25,0.32,0.68,20,47,66,38,67,0.299,0.701,0.985,0.567,203939,Dwight Powell,0.30111746031746034,0.09391111111111111,1887.5
1642928,Dylan Cardwell,Dylan,1610612758,SAC,24.0,44,13,31,0.295,906.5383333333332,111.1,185,0.202,0.316,30,0.194,67,0.588,343.0,270.0,270.0,826.0,3.33,3.3331077839610335,336,384,412,449,301,216,170,54,48,286,292,35,19,288,268,269,259,239,43,291,245,46,59,0,85,195,14,7,21,0.667,0.333,23,39,62,43,62,0.371,0.629,1.0,0.694,1642928,Dylan Cardwell,0.26988926174496647,0.0933993288590604,1811.3
1642844,Dylan Harper,Dylan,1610612759,SAS,20.0,69,53,16,0.768,1557.9566666666667,107.4,180,0.106,0.156,54,0.226,24,0.135,470.0,413.0,444.0,1538.0,7.37,7.373025921227148,118,19,202,36,154,90,177,348,374,153,176,173,310,363,376,400,414,61,69,200,135,65,94,0,12,25,23,20,43,0.535,0.465,0,7,7,3,7,0.0,1.0,1.0,0.429,1642844,Dylan Harper,0.262840616966581,0.09704113110539847,3170.3
1630700,Dyson Daniels,Dyson,1610612737,ATL,23.0,76,44,32,0.579,2519.54,110.6,336,0.129,0.198,149,0.287,31,0.134,878.0,742.0,807.0,2698.0,9.62,9.617606049177116,54,67,424,201,19,184,44,241,252,2,72,127,313,555,559,567,569,14,76,417,226,191,316,3,145,356,39,38,77,0.506,0.494,6,22,27,24,28,0.214,0.786,1.0,0.889,1630700,Dyson Daniels,0.31837688442211054,0.1384824120603015,5282.4
1630604,E.J. Liddell,E.J.,1610612751,BKN,25.0,26,5,21,0.192,349.19,114.6,55,0.174,0.258,6,0.115,10,0.37,116.0,114.0,114.0,370.0,0.94,0.9418402335954484,425,474,262,535,424,368,392,106,125,462,518,300,86,145,160,161,160,419,22,75,45,30,11,1,9,22,4,0,4,1.0,0.0,3,15,18,10,18,0.167,0.833,1.0,0.556,1630604,E.J. Liddell,0.26429931972789117,0.0958095238095238,696.2
1642856,Egor Dëmin,Egor,1610612751,BKN,20.0,52,14,38,0.269,1308.2083333333333,115.4,144,0.116,0.179,42,0.188,17,0.15,520.0,365.0,472.0,1488.0,3.22,3.2198638823458965,286,374,491,473,214,406,235,301,304,219,309,233,283,388,342,419,404,245,52,216,132,84,88,3,14,34,11,9,20,0.55,0.45,0,19,19,6,19,0.0,1.0,1.0,0.316,1642856,Egor Dëmin,0.32425,0.10522151898734178,2622.1
1641989,Elijah Harkless,Elijah,1610612762,UTA,26.0,26,5,21,0.192,544.8133333333334,116.0,43,0.077,0.125,31,0.267,6,0.14,206.0,203.0,190.0,604.0,1.23,1.2334184403616808,425,474,262,535,371,427,416,500,484,279,99,375,299,210,234,223,215,389,25,70,36,34,65,2,10,24,3,1,4,0.75,0.25,0,9,8,0,9,0.0,1.0,0.889,0.0,1641989,Elijah Harkless,0.25063131313131315,0.10311111111111111,1147.0
1641801,Emanuel Miller,Emanuel,1610612759,SAS,26.0,5,0,5,0.0,33.05,116.9,2,0.083,0.105,2,0.333,0,0.0,12.0,11.0,7.0,38.0,0.07,0.0678271870134362,539,567,75,567,555,450,559,467,541,516,32,524,524,27,30,24,37,544,4,3,3,0,2,0,0,0,1,2,3,0.333,0.667,0,1,1,0,1,0.0,1.0,1.0,0.0,1641801,Emanuel Miller,0.1666764705882353,0.058823529411764705,64.8
1642402,Enrique Freeman,Enrique,1610612750,MIN,25.0,4,3,1,0.75,37.208333333333336,103.6,8,0.174,0.276,2,0.286,3,0.273,15.0,14.0,6.0,54.0,0.23,0.2297582414523168,551,503,4,46,549,42,520,107,95,516,73,442,149,34,42,18,46,505,4,10,7,3,2,0,0,0,0,0,0,0.0,0.0,0,0,0,0,0,0.0,0.0,0.0,0.0,1642402,Enrique Freeman,0.23335,0.0,81.3
201569,Eric Gordon,Eric,1610612755,PHI,37.0,6,3,3,0.5,73.75,120.1,1,0.014,0.023,4,0.267,1,0.1,27.0,23.0,24.0,86.0,0.08,0.0828499736564955,527,503,44,303,518,514,567,576,576,485,102,493,392,60,55,59,74,541,5,6,1,5,2,0,0,0,0,0,0,0.0,0.0,0,0,0,0,0,0.0,0.0,0.0,0.0,201569,Eric Gordon,0.12222222222222222,0.08517777777777778,153.7
1630679,Ethan Thompson,Ethan,1610612754,IND,27.0,32,8,24,0.25,653.2316666666667,109.9,52,0.078,0.117,20,0.187,9,0.17,204.0,188.0,147.0,668.0,2.61,2.6067932571676464,400,440,309,485,353,151,397,498,511,348,311,315,258,208,223,189,232,282,29,125,74,51,42,3,13,31,2,3,5,0.4,0.6,1,16,17,4,17,0.059,0.941,1.0,0.235,1630679,Ethan Thompson,0.24794285714285713,0.10317142857142857,1346.0
1630596,Evan Mobley,Evan,1610612739,CLE,25.0,65,40,25,0.615,2074.2883333333334,111.3,430,0.196,0.293,48,0.143,113,0.518,698.0,564.0,609.0,1948.0,7.55,7.545221224266184,166,110,326,163,67,223,15,62,76,187,455,9,33,491,472,500,486,56,65,671,465,206,118,0,124,287,20,13,33,0.606,0.394,22,80,101,71,102,0.216,0.784,0.99,0.696,1630596,Evan Mobley,0.329323782234957,0.16097134670487107,4260.1
1630532,Franz Wagner,Franz,1610612753,ORL,24.0,34,20,14,0.588,1019.0033333333332,110.6,134,0.128,0.194,32,0.172,11,0.106,377.0,263.0,315.0,1064.0,4.01,4.014227134389251,394,302,175,191,274,186,250,242,259,276,358,284,380,304,260,307,311,189,34,147,84,63,70,1,8,19,9,10,19,0.474,0.526,0,21,21,10,21,0.0,1.0,1.0,0.476,1630532,Franz Wagner,0.30525892857142856,0.18340625,2141.6
1641713,GG Jackson,GG,1610612763,MEM,21.0,55,16,39,0.291,1177.765,117.5,186,0.154,0.262,31,0.141,44,0.355,440.0,458.0,344.0,1356.0,2.19,2.1882592846526823,258,348,503,450,238,468,167,151,119,279,461,76,91,343,401,321,374,303,52,261,166,95,65,0,15,37,8,10,18,0.444,0.556,1,7,8,3,8,0.125,0.875,1.0,0.375,1641713,GG Jackson,0.3005843373493976,0.12790963855421686,2407.8
1629216,Gabe Vincent,Gabe,1610612737,ATL,30.0,53,36,17,0.679,879.0783333333334,116.0,37,0.041,0.064,27,0.173,3,0.043,351.0,281.0,287.0,900.0,1.98,1.979453948910023,276,151,216,99,309,422,432,568,569,300,354,442,500,293,282,280,277,323,51,121,54,67,68,4,20,46,12,7,19,0.632,0.368,1,9,10,2,10,0.1,0.9,1.0,0.2,1629216,Gabe Vincent,0.2535032679738562,0.1291797385620915,1802.1
202066,Garrett Temple,Garrett,1610612761,TOR,40.0,22,10,12,0.455,72.93666666666667,94.2,8,0.108,0.182,4,0.182,2,0.286,29.0,24.0,22.0,60.0,0.63,0.63321872940679,440,411,152,352,520,10,520,334,293,485,321,469,134,69,57,55,54,451,12,11,4,7,6,0,2,4,1,0,1,1.0,0.0,0,1,1,1,1,0.0,1.0,1.0,1.0,202066,Garrett Temple,0.08585858585858586,0.020202020202020204,146.4
1629726,Garrison Mathews,Garrison,1610612754,IND,29.0,15,4,11,0.267,196.1,108.0,15,0.076,0.124,6,0.176,3,0.125,52.0,68.0,50.0,196.0,0.9,0.9042016937725174,465,487,144,476,468,100,491,507,487,462,339,442,331,89,120,100,114,423,12,20,11,9,11,4,1,2,0,0,0,0.0,0.0,0,2,2,0,2,0.0,1.0,1.0,0.0,1629726,Garrison Mathews,0.19912389380530973,0.04276991150442478,409.6
203914,Gary Harris,Gary,1610612749,MIL,31.0,48,15,33,0.313,660.7683333333333,115.5,45,0.072,0.111,27,0.25,9,0.196,310.0,154.0,208.0,604.0,1.6,1.5978874793471776,310,365,435,441,352,408,413,521,529,300,128,315,229,263,199,232,215,355,42,69,25,44,65,0,8,16,4,6,10,0.4,0.6,0,4,4,1,4,0.0,1.0,1.0,0.25,203914,Gary Harris,0.2621335740072202,0.12045848375451262,1302.4
1627780,Gary Payton II,Gary,1610612744,GSW,33.0,73,33,40,0.452,1142.28,113.5,164,0.143,0.231,67,0.262,21,0.196,472.0,410.0,396.0,1200.0,3.53,3.5310475541884188,78,175,508,356,252,309,199,184,170,85,108,197,227,365,373,358,345,225,71,136,77,59,149,0,53,138,21,14,35,0.6,0.4,6,11,17,13,17,0.353,0.647,1.0,0.765,1627780,Gary Payton II,0.26407142857142857,0.09981593406593406,2349.6
1629018,Gary Trent Jr.,Gary,1610612749,MIL,27.0,65,24,41,0.369,1377.381666666667,120.4,59,0.044,0.069,34,0.164,3,0.028,573.0,435.0,457.0,1388.0,1.42,1.4233375252680704,166,252,515,400,195,518,383,566,568,265,390,442,520,422,392,411,383,372,55,53,23,30,95,0,0,0,8,7,15,0.533,0.467,1,7,8,3,8,0.125,0.875,1.0,0.375,1629018,Gary Trent Jr.,0.25263188405797105,0.1268144927536232,2786.7
203507,Giannis Antetokounmpo,Giannis,1610612749,MIL,31.0,36,17,19,0.472,1039.23,114.9,254,0.233,0.35,34,0.211,24,0.264,365.0,290.0,308.0,976.0,2.7,2.7049272355347527,384,334,236,345,270,385,90,27,27,265,226,173,160,299,290,301,288,278,36,147,85,62,67,0,55,127,18,3,21,0.857,0.143,12,23,35,32,35,0.343,0.657,1.0,0.914,203507,Giannis Antetokounmpo,0.24104545454545453,0.12343801652892562,2104.9
1629048,Goga Bitadze,Goga,1610612753,ORL,26.0,64,34,30,0.531,972.0066666666668,111.0,183,0.183,0.283,37,0.218,61,0.555,347.0,271.0,345.0,1032.0,3.66,3.658552804093368,180,168,395,273,285,207,176,87,90,250,208,40,25,290,271,323,299,210,64,294,205,89,85,1,109,252,8,9,17,0.471,0.529,39,50,89,58,89,0.438,0.562,1.0,0.652,1629048,Goga Bitadze,0.2795410334346504,0.11854103343465046,1987.7
1641711,Gradey Dick,Gradey,1610612761,TOR,22.0,76,43,33,0.566,1066.6883333333333,106.7,105,0.095,0.155,45,0.203,7,0.07,365.0,388.0,266.0,1040.0,5.4,5.402213395198612,54,75,435,224,269,82,295,398,380,200,260,363,457,299,354,266,303,118,66,61,31,30,117,3,5,11,13,12,25,0.52,0.48,2,8,10,5,10,0.2,0.8,1.0,0.5,1641711,Gradey Dick,0.23270389610389608,0.10471948051948052,2189.7
1641761,Grant Nelson,Grant,1610612751,BKN,24.0,4,0,4,0.0,35.01,122.5,5,0.167,0.294,1,0.2,5,1.0,8.0,13.0,6.0,26.0,0.01,0.0142017549112498,551,567,54,567,554,547,536,120,74,540,266,397,1,18,38,18,22,553,4,14,12,2,1,0,4,9,0,1,1,0.0,1.0,2,1,3,2,3,0.667,0.333,1.0,0.667,1641761,Grant Nelson,0.19095833333333334,0.020833333333333332,69.7
1629684,Grant Williams,Grant,1610612766,CHA,27.0,36,25,11,0.694,711.4533333333334,106.3,96,0.127,0.192,17,0.145,18,0.247,274.0,196.0,216.0,626.0,3.62,3.623924793923904,384,243,144,85,341,69,319,250,264,372,451,224,178,243,226,237,224,216,36,164,97,67,27,5,34,86,9,5,14,0.643,0.357,11,32,42,25,43,0.256,0.744,0.977,0.581,1629684,Grant Williams,0.20472556390977445,0.09273308270676692,1407.4
1628960,Grayson Allen,Grayson,1610612756,PHX,30.0,51,26,25,0.51,1467.2783333333334,113.8,118,0.081,0.137,69,0.234,13,0.107,540.0,517.0,428.0,1556.0,4.25,4.251575461342481,291,231,326,296,173,335,276,484,446,78,160,272,379,402,438,388,415,179,49,155,80,75,119,0,11,28,10,16,26,0.385,0.615,0,8,8,0,8,0.0,1.0,1.0,0.0,1628960,Grayson Allen,0.33218507462686564,0.1448686567164179,2884.6
1627824,Guerschon Yabusele,Guerschon,1610612741,CHI,30.0,67,32,35,0.478,1007.0566666666666,115.3,178,0.17,0.259,26,0.154,16,0.17,434.0,342.0,340.0,1082.0,2.49,2.4870189121962567,147,182,459,340,277,400,181,114,123,308,426,243,257,336,325,319,315,289,61,152,106,46,56,2,37,88,10,10,20,0.5,0.5,11,36,47,22,47,0.234,0.766,1.0,0.468,1627824,Guerschon Yabusele,0.2961501501501501,0.08658558558558559,2092.7
1630611,Gui Santos,Gui,1610612744,GSW,24.0,68,29,39,0.426,1395.3633333333332,110.7,191,0.138,0.214,61,0.207,22,0.195,540.0,450.0,410.0,1420.0,5.3,5.299215627106577,135,203,503,371,190,189,160,204,213,108,243,191,230,402,398,370,388,123,64,301,184,117,105,4,14,37,10,10,20,0.5,0.5,7,31,38,21,38,0.184,0.816,1.0,0.553,1630611,Gui Santos,0.3401363636363636,0.13970320855614973,2784.7
203084,Harrison Barnes,Harrison,1610612759,SAS,34.0,77,57,20,0.74,1986.475,110.6,151,0.071,0.105,50,0.158,12,0.053,618.0,572.0,529.0,1984.0,7.6,7.604459373738537,37,6,251,58,83,182,225,528,542,176,412,277,491,450,480,454,493,52,77,263,143,120,98,3,53,119,17,14,31,0.548,0.452,7,44,50,31,51,0.137,0.863,0.98,0.608,203084,Harrison Barnes,0.2880345744680851,0.1389840425531915,4070.0
1631127,Harrison Ingram,Harrison,1610612759,SAS,23.0,7,6,1,0.857,26.116666666666667,117.9,0,0.0,0.0,0,0.0,0,0.0,14.0,4.0,10.0,28.0,0.05,0.0462637679487917,518,461,4,6,558,478,577,577,577,564,564,524,524,30,10,30,23,549,4,2,2,0,1,0,1,2,0,0,0,0.0,0.0,0,0,0,0,0,0.0,0.0,0.0,0.0,1631127,Harrison Ingram,0.09090909090909091,0.0,52.1
1643060,Hayden Gray,Hayden,1610612762,UTA,23.0,1,0,1,0.0,24.75,132.7,0,0.0,0.0,1,0.167,1,0.5,11.0,7.0,7.0,30.0,-0.06,-0.0633093588456906,579,567,4,567,562,575,577,577,577,540,376,493,37,26,18,24,25,565,1,7,3,4,3,0,0,0,1,0,1,1.0,0.0,0,0,0,0,0,0.0,0.0,0.0,0.0,1643060,Hayden Gray,0.359,0.19230769230769232,54.1
1629312,Haywood Highsmith,Haywood,1610612756,PHX,29.0,7,4,3,0.571,90.79,116.1,7,0.084,0.132,4,0.286,0,0.0,28.0,26.0,19.0,80.0,0.19,0.1900736967324953,518,487,44,210,508,431,525,460,466,485,73,524,524,64,64,48,69,517,4,14,8,6,12,0,3,8,0,0,0,0.0,0.0,0,1,1,0,1,0.0,1.0,1.0,0.0,1629312,Haywood Highsmith,0.12628846153846154,0.0673076923076923,167.3
1630529,Herbert Jones,Herbert,1610612740,NOP,27.0,56,22,34,0.393,1588.381666666667,114.4,143,0.09,0.141,88,0.289,27,0.168,591.0,511.0,521.0,1696.0,4.32,4.3201104870449285,247,277,449,390,149,360,237,425,433,35,71,148,261,436,435,447,440,176,56,209,104,105,196,2,21,48,14,16,30,0.467,0.533,1,37,37,12,38,0.026,0.974,0.974,0.316,1630529,Herbert Jones,0.28778164556962027,0.11793037974683544,3263.3
1642864,Hugo González,Hugo,1610612738,BOS,20.0,74,51,23,0.689,1083.93,106.2,184,0.158,0.244,42,0.235,21,0.174,322.0,333.0,288.0,858.0,5.61,5.608207538700697,70,30,289,88,264,68,173,142,145,219,157,197,251,275,322,282,267,108,69,183,110,73,68,2,23,54,9,11,20,0.45,0.55,5,12,17,9,17,0.294,0.706,1.0,0.529,1642864,Hugo González,0.2238041237113402,0.1056701030927835,2114.3
1630621,Hunter Dickinson,Hunter,1610612740,NOP,25.0,5,1,4,0.2,42.47833333333333,135.7,3,0.063,0.107,1,0.333,2,0.333,17.0,10.0,28.0,76.0,-0.15,-0.1545647086800942,539,549,54,526,542,576,547,549,539,540,32,469,100,39,26,64,64,574,5,15,12,3,1,0,6,12,0,0,0,0.0,0.0,0,4,4,1,4,0.0,1.0,1.0,0.25,1630621,Hunter Dickinson,0.34802941176470586,0.10294117647058823,89.2
1642282,Hunter Sallis,Hunter,1610612755,PHI,23.0,7,3,4,0.429,25.673333333333332,112.3,1,0.034,0.059,0,0.0,1,0.5,13.0,12.0,14.0,32.0,0.09,0.0903194612272322,518,503,54,369,560,259,567,571,570,564,564,493,37,28,35,39,28,538,3,5,3,2,0,0,0,0,0,0,0,0.0,0.0,0,0,0,0,0,0.0,0.0,0.0,0.0,1642282,Hunter Sallis,0.14742307692307693,0.038461538461538464,56.199999999999996
1641816,Hunter Tyson,Hunter,1610612743,DEN,26.0,21,15,6,0.714,161.9,107.5,32,0.174,0.256,2,0.095,1,0.125,55.0,35.0,44.0,170.0,0.75,0.7465685378626012,444,365,83,75,479,91,438,107,127,516,535,493,331,93,84,96,102,434,12,28,12,16,9,0,2,4,1,2,3,0.333,0.667,0,0,0,0,0,0.0,0.0,0.0,0.0,1641816,Hunter Tyson,0.15384615384615385,0.03418803418803419,324.2
1630193,Immanuel Quickley,Immanuel,1610612761,TOR,27.0,70,41,29,0.586,2231.3083333333334,112.1,244,0.108,0.167,92,0.231,5,0.023,715.0,663.0,586.0,2202.0,7.6,7.597377657366999,105,97,379,193,49,257,98,335,338,28,166,397,521,501,528,487,528,52,70,241,126,115,162,0,36,75,13,20,33,0.394,0.606,1,22,23,13,23,0.043,0.957,1.0,0.565,1630193,Immanuel Quickley,0.31523822714681443,0.13749307479224376,4531.7
1642403,Isaac Jones,Isaac,1610612765,DET,25.0,7,5,2,0.714,35.68333333333333,126.8,3,0.088,0.158,0,0.0,1,0.25,24.0,13.0,14.0,30.0,-0.03,-0.0269968824859692,518,474,28,75,553,564,547,436,369,564,564,493,170,57,38,39,25,561,4,6,5,1,1,0,0,0,0,0,0,0.0,0.0,0,0,0,0,0,0.0,0.0,0.0,0.0,1642403,Isaac Jones,0.16666666666666666,0.06666666666666667,67.9
1630171,Isaac Okoro,Isaac,1610612741,CHI,25.0,63,26,37,0.413,1694.89,120.6,104,0.058,0.086,46,0.197,29,0.152,654.0,584.0,600.0,1932.0,1.64,1.6365142256371132,194,231,482,378,136,525,300,554,558,196,283,136,279,472,487,496,481,350,63,343,225,118,95,14,31,67,18,11,29,0.621,0.379,3,46,49,18,49,0.061,0.939,1.0,0.367,1630171,Isaac Okoro,0.25920234604105574,0.13947800586510264,3579.3
1642268,Isaiah Collier,Isaiah,1610612762,UTA,21.0,59,16,43,0.271,1516.92,122.6,129,0.085,0.141,66,0.223,20,0.16,632.0,530.0,596.0,1632.0,0.59,0.585121941477183,225,348,527,471,161,551,255,457,434,87,186,209,269,464,446,494,428,457,56,150,46,104,101,1,10,24,11,7,18,0.611,0.389,0,4,4,3,4,0.0,1.0,1.0,0.75,1642268,Isaiah Collier,0.334149855907781,0.17371469740634005,3189.9
1642384,Isaiah Crawford,Isaiah,1610612745,HOU,24.0,14,8,6,0.571,92.1,103.2,13,0.133,0.22,2,0.118,3,0.5,19.0,25.0,21.0,78.0,0.54,0.5413722726426912,472,440,83,210,507,39,497,231,197,516,515,442,37,44,61,50,68,464,7,9,4,5,10,0,1,3,1,0,1,1.0,0.0,0,1,1,1,1,0.0,1.0,1.0,1.0,1642384,Isaiah Crawford,0.10306578947368421,0.013157894736842105,177.4
1628392,Isaiah Hartenstein,Isaiah,1610612760,OKC,28.0,47,39,8,0.83,1137.425,103.2,294,0.243,0.352,48,0.189,36,0.283,369.0,307.0,311.0,878.0,6.72,6.72217953162145,320,118,109,14,254,38,65,20,25,187,302,104,140,302,303,304,272,78,47,318,227,91,94,1,149,349,20,12,32,0.625,0.375,37,70,106,79,107,0.346,0.654,0.991,0.738,1628392,Isaiah Hartenstein,0.2816294964028777,0.1262410071942446,2316.3
1630543,Isaiah Jackson,Isaiah,1610612746,LAC,24.0,55,20,35,0.364,908.3116666666666,114.7,177,0.19,0.314,36,0.218,49,0.51,313.0,304.0,289.0,1060.0,2.51,2.509067025017727,258,302,459,403,299,369,182,75,54,256,206,62,34,266,297,283,307,286,54,280,193,87,100,0,93,211,13,6,19,0.684,0.316,20,24,44,30,44,0.455,0.545,1.0,0.682,1630543,Isaiah Jackson,0.3225581395348837,0.09848504983388703,1859.9
1630198,Isaiah Joe,Isaiah,1610612760,OKC,26.0,71,56,15,0.789,1507.445,105.2,148,0.09,0.14,50,0.169,11,0.069,450.0,464.0,359.0,1332.0,8.14,8.14241567156955,98,7,187,27,162,56,231,428,435,176,369,284,459,350,407,332,369,39,71,165,64,101,115,8,25,56,11,13,24,0.458,0.542,0,16,16,4,16,0.0,1.0,1.0,0.25,1630198,Isaiah Joe,0.28573778920308485,0.1229305912596401,3060.9
1630587,Isaiah Livers,Isaiah,1610612756,PHX,27.0,36,21,15,0.583,347.36,108.3,42,0.116,0.179,13,0.171,8,0.222,150.0,119.0,103.0,350.0,1.59,1.5938067319924103,384,292,187,195,427,109,417,302,305,405,360,341,199,165,165,151,153,357,32,68,44,24,27,0,9,23,4,2,6,0.667,0.333,0,5,4,2,5,0.0,1.0,0.8,0.4,1630587,Isaiah Livers,0.18972767857142858,0.041665178571428575,701.1
1641815,Isaiah Stevens,Isaiah,1610612758,SAC,25.0,3,0,3,0.0,42.78333333333333,123.3,1,0.032,0.053,5,0.5,0,0.0,10.0,11.0,11.0,36.0,0.01,0.0083463971297717,566,567,44,567,540,554,567,572,572,474,4,524,524,24,30,31,34,553,3,3,0,3,5,0,1,2,0,0,0,0.0,0.0,0,0,0,0,0,0.0,0.0,0.0,0.0,1641815,Isaiah Stevens,0.2708333333333333,0.14583333333333334,81.0
1630191,Isaiah Stewart,Isaiah,1610612765,DET,25.0,58,42,16,0.724,1317.135,111.0,194,0.135,0.218,16,0.063,93,0.472,444.0,453.0,354.0,1138.0,4.9,4.896372886351543,230,87,202,71,213,209,158,219,202,378,560,15,52,346,399,329,325,141,58,525,384,141,31,0,86,203,10,8,18,0.556,0.444,25,55,80,57,80,0.313,0.688,1.0,0.713,1630191,Isaiah Stewart,0.3319968847352025,0.15224610591900312,2655.1
1627826,Ivica Zubac,Ivica,1610612754,IND,29.0,48,17,31,0.354,1446.6983333333333,117.9,347,0.234,0.359,18,0.079,40,0.328,588.0,460.0,500.0,1430.0,2.37,2.367351829247015,310,334,412,408,177,479,39,25,22,364,550,89,110,432,402,434,390,294,48,439,340,99,47,0,139,335,12,8,20,0.6,0.4,48,65,111,74,113,0.425,0.575,0.982,0.655,1627826,Ivica Zubac,0.2855674740484429,0.11764359861591696,2867.6
1631120,JD Davison,JD,1610612745,HOU,23.0,28,23,5,0.821,218.41666666666663,106.1,31,0.131,0.208,6,0.158,6,0.261,77.0,77.0,56.0,220.0,1.11,1.1110653483015345,418,268,75,17,459,67,441,235,226,462,409,375,163,114,128,106,120,405,18,35,18,17,12,1,2,4,0,3,3,0.0,1.0,1,1,2,1,2,0.5,0.5,1.0,0.5,1631120,JD Davison,0.15495569620253166,0.05274050632911392,426.4
1629630,Ja Morant,Ja,1610612763,MEM,26.0,20,7,13,0.35,568.5,113.9,57,0.096,0.146,20,0.227,6,0.088,249.0,200.0,175.0,630.0,1.7,1.6998373932292368,449,452,165,409,365,338,388,389,409,348,173,375,419,226,230,210,225,343,20,34,16,18,48,2,1,2,7,4,11,0.636,0.364,0,6,6,2,6,0.0,1.0,1.0,0.333,1629630,Ja Morant,0.2595028248587571,0.13126553672316385,1210.0
1642266,Ja'Kobe Walter,Ja'Kobe,1610612761,TOR,21.0,72,41,31,0.569,1473.575,110.7,129,0.088,0.138,73,0.256,14,0.09,490.0,463.0,379.0,1490.0,5.64,5.635301495857637,84,97,412,218,169,196,255,439,441,69,120,261,414,371,406,344,405,107,72,186,89,97,167,5,14,30,12,17,29,0.414,0.586,5,12,17,11,17,0.294,0.706,1.0,0.647,1642266,Ja'Kobe Walter,0.29710000000000003,0.09693783783783783,2991.0
1631095,Jabari Smith Jr.,Jabari,1610612745,HOU,23.0,77,48,29,0.623,2705.365,112.0,421,0.152,0.232,56,0.119,71,0.216,1049.0,855.0,832.0,2786.0,9.25,9.250007862898071,37,41,379,155,5,247,18,157,165,137,512,27,206,579,577,570,573,17,77,472,313,159,117,0,33,81,15,21,36,0.417,0.583,12,44,55,37,56,0.214,0.786,0.982,0.661,1631095,Jabari Smith Jr.,0.34293472584856394,0.15174412532637077,5328.4
1631133,Jabari Walker,Jabari,1610612755,PHI,23.0,64,36,28,0.563,761.6683333333333,112.8,120,0.156,0.249,23,0.16,13,0.135,286.0,228.0,252.0,824.0,2.46,2.460502952795818,180,151,364,229,332,277,271,145,140,327,404,272,309,251,246,260,258,291,55,99,59,40,52,4,22,49,5,6,11,0.455,0.545,12,7,19,16,21,0.571,0.333,1.0,0.842,1631133,Jabari Walker,0.23748,0.0779476923076923,1562.7
1631210,Jacob Toppin,Jacob,1610612737,ATL,26.0,5,3,2,0.6,16.866666666666667,71.4,1,0.067,0.1,0,0.0,1,0.333,7.0,2.0,2.0,2.0,0.24,0.2441795937584829,539,503,28,174,571,3,567,539,547,564,564,493,100,15,4,4,1,503,2,2,1,1,0,0,1,3,0,0,0,0.0,0.0,0,0,0,0,0,0.0,0.0,0.0,0.0,1631210,Jacob Toppin,0.0,0.0,34.2
1630702,Jaden Hardy,Jaden,1610612764,WAS,23.0,57,13,44,0.228,898.0966666666667,116.4,71,0.078,0.122,16,0.109,6,0.072,387.0,290.0,301.0,1072.0,1.95,1.9494118292190632,235,384,533,511,304,435,354,496,492,378,527,375,451,312,290,296,313,327,48,72,39,33,36,3,2,5,6,5,11,0.545,0.455,0,11,11,3,11,0.0,1.0,1.0,0.273,1630702,Jaden Hardy,0.2498719512195122,0.07494817073170731,1863.6
1631093,Jaden Ivey,Jaden,1610612741,CHI,24.0,37,23,14,0.622,670.255,108.2,67,0.096,0.154,23,0.155,14,0.132,256.0,211.0,183.0,638.0,2.96,2.9648025570029617,377,268,175,156,350,105,366,387,381,327,420,261,316,232,237,216,227,257,36,73,42,31,38,0,11,24,6,10,16,0.375,0.625,1,4,5,2,5,0.2,0.8,1.0,0.4,1631093,Jaden Ivey,0.25878775510204083,0.09115918367346938,1359.4
1630183,Jaden McDaniels,Jaden,1610612750,MIN,25.0,73,44,29,0.603,2316.4133333333334,112.4,234,0.094,0.144,81,0.206,73,0.254,883.0,710.0,705.0,2450.0,7.69,7.688515126527495,78,67,379,173,35,265,110,404,417,55,244,25,168,557,548,535,552,50,73,449,276,173,156,1,19,45,20,28,48,0.417,0.583,0,10,10,1,10,0.0,1.0,1.0,0.1,1630183,Jaden McDaniels,0.2864755043227666,0.14329682997118157,4780.5
1630256,Jae'Sean Tate,Jae'Sean,1610612745,HOU,30.0,46,33,13,0.717,404.72333333333336,111.1,40,0.094,0.15,10,0.159,3,0.07,169.0,145.0,111.0,400.0,1.5,1.5006045227120977,324,175,165,74,408,214,424,408,395,428,406,442,458,183,191,158,168,366,40,68,40,28,23,2,10,23,9,4,13,0.692,0.308,3,11,13,6,14,0.214,0.786,0.929,0.429,1630256,Jae'Sean Tate,0.18951209677419356,0.04435483870967742,799.0
1642942,Jahmai Mashack,Jahmai,1610612763,MEM,23.0,31,10,21,0.323,673.1516666666666,120.7,58,0.086,0.153,37,0.262,14,0.192,290.0,277.0,244.0,902.0,0.64,0.6353701549467825,407,411,262,431,348,528,386,447,385,250,107,261,232,252,277,251,278,448,29,117,72,45,87,1,29,66,5,7,12,0.417,0.583,0,11,11,5,11,0.0,1.0,1.0,0.455,1642942,Jahmai Mashack,0.32330476190476193,0.07976190476190476,1413.9
1642443,Jahmir Young,Jahmir,1610612748,MIA,25.0,14,10,4,0.714,58.195,107.9,2,0.031,0.043,1,0.091,0,0.0,20.0,15.0,19.0,46.0,0.29,0.2915071356163778,472,411,54,75,532,96,559,573,573,540,537,524,524,46,45,48,40,495,8,10,4,6,4,0,0,0,1,0,1,1.0,0.0,0,0,0,0,0,0.0,0.0,0.0,0.0,1642443,Jahmir Young,0.16964285714285715,0.05357142857142857,114.1
1643141,Jahmyl Telfort,Jahmyl,1610612746,LAC,25.0,8,2,6,0.25,32.03333333333333,102.9,3,0.088,0.13,1,0.2,0,0.0,14.0,9.0,18.0,20.0,0.2,0.2000181496329623,515,526,83,485,556,35,547,436,474,540,266,524,524,30,24,46,16,511,3,1,1,0,1,0,0,0,0,0,0,0.0,0.0,0,1,1,0,1,0.0,1.0,1.0,0.0,1643141,Jahmyl Telfort,0.041666666666666664,0.0,66.5
1631170,Jaime Jaquez Jr.,Jaime,1610612748,MIA,25.0,75,41,34,0.547,2121.21,111.9,279,0.117,0.182,51,0.134,21,0.114,766.0,702.0,697.0,2262.0,7.37,7.373367790031079,60,97,449,256,62,243,74,299,295,168,477,197,363,519,546,532,534,61,75,383,228,155,108,0,17,41,21,17,38,0.553,0.447,1,49,49,25,50,0.02,0.98,0.98,0.5,1631170,Jaime Jaquez Jr.,0.3420104986876641,0.16625721784776903,4491.4
1631222,Jake LaRavia,Jake,1610612747,LAL,24.0,82,53,29,0.646,2061.47,116.1,210,0.103,0.158,104,0.282,38,0.205,791.0,659.0,595.0,2174.0,4.67,4.668198132418201,1,19,379,132,69,430,139,356,368,16,83,97,217,531,527,492,523,158,82,319,185,134,257,2,24,55,18,26,44,0.409,0.591,9,34,40,22,43,0.209,0.791,0.93,0.512,1631222,Jake LaRavia,0.34940554156171283,0.14054156171284635,4201.2
1627751,Jakob Poeltl,Jakob,1610612761,TOR,30.0,46,26,20,0.565,1149.06,112.6,209,0.188,0.283,40,0.187,32,0.356,434.0,317.0,313.0,1198.0,3.75,3.7454229667307857,324,231,251,225,250,273,142,76,91,233,311,123,90,336,309,306,344,208,46,303,221,82,115,2,147,327,9,12,21,0.429,0.571,35,62,94,64,97,0.361,0.639,0.979,0.667,1627751,Jakob Poeltl,0.3396554307116105,0.1300187265917603,2331.8
1628973,Jalen Brunson,Jalen,1610612752,NYK,29.0,74,50,24,0.676,2589.806666666667,114.1,216,0.083,0.124,57,0.133,8,0.039,858.0,686.0,737.0,2400.0,7.3,7.296219106649165,70,32,309,101,15,347,131,471,488,130,481,341,507,549,537,546,547,64,74,224,82,142,108,29,30,72,17,23,40,0.425,0.575,0,15,15,6,15,0.0,1.0,1.0,0.4,1628973,Jalen Brunson,0.36157103825136616,0.15970218579234974,5150.6
1631105,Jalen Duren,Jalen,1610612765,DET,22.0,70,50,20,0.714,1975.8533333333332,108.2,472,0.23,0.349,57,0.138,59,0.266,664.0,590.0,522.0,1798.0,8.93,8.933146322754322,105,32,251,75,84,103,11,28,28,130,469,44,158,478,492,448,461,25,70,604,416,188,108,0,186,431,35,23,58,0.603,0.397,74,94,168,131,168,0.44,0.56,1.0,0.78,1631105,Jalen Duren,0.30489565217391307,0.15284347826086958,4029.4
1630224,Jalen Green,Jalen,1610612756,PHX,24.0,32,17,15,0.531,828.325,113.5,100,0.122,0.195,34,0.217,8,0.111,265.0,280.0,292.0,898.0,2.48,2.477171937886242,400,334,187,273,322,314,311,273,256,265,213,341,368,236,281,286,276,290,29,93,46,47,43,0,3,8,5,3,8,0.625,0.375,0,3,3,2,3,0.0,1.0,1.0,0.667,1630224,Jalen Green,0.2609909090909091,0.09931363636363637,1652.3
1630552,Jalen Johnson,Jalen,1610612737,ATL,24.0,72,42,30,0.583,2531.598333333334,112.3,639,0.241,0.367,89,0.188,31,0.129,893.0,731.0,834.0,2816.0,8.45,8.448466714159725,84,87,395,195,18,261,3,21,19,33,307,127,324,559,556,571,575,33,72,343,202,141,173,2,46,109,19,13,32,0.594,0.406,4,44,48,35,48,0.083,0.917,1.0,0.729,1630552,Jalen Johnson,0.3604904632152589,0.15501362397820165,5325.0
1629618,Jalen Pickett,Jalen,1610612743,DEN,26.0,50,34,16,0.68,806.48,112.4,96,0.107,0.169,13,0.118,5,0.068,231.0,257.0,246.0,836.0,2.59,2.593211635276897,297,168,202,97,327,267,319,342,331,405,514,397,460,218,254,254,262,283,35,87,43,44,25,0,17,39,6,3,9,0.667,0.333,2,11,13,9,13,0.154,0.846,1.0,0.692,1629618,Jalen Pickett,0.19647727272727272,0.08192857142857143,1593.9
1641771,Jalen Slawson,Jalen,1610612754,IND,26.0,13,3,10,0.231,310.55,111.1,50,0.148,0.23,20,0.339,14,0.483,109.0,97.0,80.0,346.0,1.12,1.1230592653697036,480,503,129,507,432,218,400,166,171,348,30,261,48,137,141,131,152,404,13,79,54,25,33,1,7,16,2,0,2,1.0,0.0,0,4,4,2,4,0.0,1.0,1.0,0.5,1641771,Jalen Slawson,0.254408,0.07466400000000001,641.4
1630188,Jalen Smith,Jalen,1610612741,CHI,26.0,53,26,27,0.491,1095.388333333333,113.0,257,0.218,0.318,24,0.14,42,0.318,403.0,330.0,343.0,1146.0,3.42,3.417347071079694,276,231,352,330,262,291,87,40,46,322,463,81,112,320,316,320,329,233,53,316,222,94,37,4,68,156,7,11,18,0.389,0.611,27,63,90,66,90,0.3,0.7,1.0,0.733,1630188,Jalen Smith,0.2578511326860842,0.11533009708737864,2278.0
1630591,Jalen Suggs,Jalen,1610612753,ORL,25.0,57,34,23,0.596,1573.57,108.4,184,0.112,0.168,105,0.33,40,0.27,563.0,383.0,511.0,1626.0,7.23,7.23081421981879,235,168,289,184,151,112,173,316,336,14,39,89,151,415,351,441,427,68,57,180,99,81,192,6,13,26,24,20,44,0.545,0.455,4,10,14,10,14,0.286,0.714,1.0,0.714,1630591,Jalen Suggs,0.328224358974359,0.15625641025641027,3323.8
1631114,Jalen Williams,Jalen,1610612760,OKC,25.0,33,25,8,0.758,935.9633333333334,106.4,126,0.124,0.188,39,0.212,9,0.074,281.0,274.0,253.0,830.0,4.78,4.775610977388492,398,243,109,42,292,73,264,263,275,239,223,315,449,249,276,261,261,149,33,105,65,40,104,0,10,25,7,10,17,0.412,0.588,1,13,14,7,14,0.071,0.929,1.0,0.5,1631114,Jalen Williams,0.2353673469387755,0.12371938775510204,1932.7
1630592,Jalen Wilson,Jalen,1610612751,BKN,25.0,54,10,44,0.185,859.2216666666667,115.4,97,0.122,0.19,22,0.161,2,0.038,319.0,261.0,292.0,910.0,2.11,2.1065713332570337,266,411,533,539,314,405,317,271,266,334,401,469,508,273,258,286,280,309,48,100,52,48,49,0,14,35,7,5,12,0.583,0.417,0,16,15,4,16,0.0,1.0,0.938,0.25,1630592,Jalen Wilson,0.300656346749226,0.12641795665634675,1693.1
1631288,Jamal Cain,Jamal,1610612753,ORL,27.0,40,22,18,0.55,485.9683333333333,113.5,50,0.109,0.168,11,0.149,4,0.138,164.0,136.0,167.0,536.0,1.45,1.451161741082598,362,277,225,248,387,312,400,331,335,415,439,418,303,180,180,203,204,369,35,95,55,40,34,0,9,20,1,1,2,0.5,0.5,5,6,11,8,11,0.455,0.545,1.0,0.727,1631288,Jamal Cain,0.20913061224489796,0.08231020408163266,987.4
1627750,Jamal Murray,Jamal,1610612743,DEN,29.0,75,48,27,0.64,2651.891666666667,117.7,298,0.109,0.163,66,0.183,29,0.139,906.0,761.0,892.0,2834.0,4.72,4.721472942751345,60,41,352,139,9,473,62,330,351,87,319,136,301,562,565,577,577,154,75,319,163,156,137,4,30,73,16,17,33,0.485,0.515,1,14,15,7,15,0.067,0.933,1.0,0.467,1627750,Jamal Murray,0.35886225895316803,0.18024517906336088,5346.2
1642347,Jamal Shead,Jamal,1610612761,TOR,23.0,82,46,36,0.561,1852.2383333333332,108.3,117,0.064,0.101,76,0.213,15,0.084,658.0,557.0,420.0,1806.0,8.35,8.34976524278304,1,52,472,232,105,108,277,547,544,61,220,251,427,475,469,381,462,35,82,178,66,112,168,6,23,53,11,14,25,0.44,0.56,0,14,14,3,14,0.0,1.0,1.0,0.214,1642347,Jamal Shead,0.29226865671641794,0.13403731343283581,3712.1
1631123,Jamaree Bouyea,Jamaree,1610612756,PHX,27.0,46,23,23,0.5,644.0583333333333,104.6,64,0.1,0.159,29,0.203,16,0.213,231.0,199.0,139.0,618.0,3.49,3.486201653121821,324,268,289,303,354,51,372,367,365,294,259,243,207,218,229,183,221,229,38,79,45,34,64,0,5,13,6,5,11,0.545,0.455,0,4,4,0,4,0.0,1.0,1.0,0.0,1631123,Jamaree Bouyea,0.21498091603053437,0.06711068702290075,1234.1
201935,James Harden,James,1610612739,CLE,36.0,70,40,30,0.571,2438.495,117.0,296,0.119,0.186,79,0.199,28,0.117,908.0,772.0,799.0,2456.0,4.67,4.667820555331291,105,110,395,210,23,453,64,286,280,58,271,140,353,564,568,564,554,158,70,221,91,130,133,0,6,14,22,25,47,0.468,0.532,0,38,37,22,38,0.0,1.0,0.974,0.579,201935,James Harden,0.34194957983193275,0.16133053221288515,4865.6
1630164,James Wiseman,James,1610612754,IND,25.0,4,0,4,0.0,58.461666666666666,102.4,3,0.049,0.073,0,0.0,1,0.25,15.0,13.0,17.0,54.0,0.36,0.3572668655283836,551,567,54,567,531,31,547,561,565,564,564,493,170,34,38,44,46,488,4,19,13,6,0,0,4,9,1,1,2,0.5,0.5,1,3,4,1,4,0.25,0.75,1.0,0.25,1630164,James Wiseman,0.210425,0.025,120.3
1642364,Jamir Watkins,Jamir,1610612764,WAS,24.0,50,10,40,0.2,1032.1766666666667,115.8,145,0.14,0.233,54,0.244,25,0.24,468.0,392.0,388.0,1196.0,2.41,2.410306163596492,297,411,508,526,272,419,233,195,164,153,143,167,186,361,358,351,343,293,49,190,116,74,126,4,14,36,2,15,17,0.118,0.882,0,11,11,7,11,0.0,1.0,1.0,0.636,1642364,Jamir Watkins,0.3270815047021943,0.11134169278996865,2146.1
1642419,Jamison Battle,Jamison,1610612761,TOR,25.0,61,35,26,0.574,516.7783333333333,105.9,69,0.124,0.198,7,0.079,3,0.057,186.0,164.0,132.0,482.0,2.71,2.713108208322714,210,162,338,208,378,63,360,264,251,454,549,442,486,191,206,174,190,276,43,60,44,16,19,1,6,13,4,3,7,0.571,0.429,3,6,9,5,9,0.333,0.667,1.0,0.556,1642419,Jamison Battle,0.19145705521472392,0.0562361963190184,1039.8
1641716,Jarace Walker,Jarace,1610612754,IND,22.0,76,16,60,0.211,1953.3833333333337,117.6,342,0.17,0.263,63,0.212,26,0.138,812.0,634.0,657.0,2350.0,3.59,3.589868395140281,54,348,580,519,88,472,41,116,114,99,222,157,302,541,519,516,540,219,75,217,125,92,144,1,20,47,7,14,21,0.333,0.667,1,29,30,15,30,0.033,0.967,1.0,0.5,1641716,Jarace Walker,0.3179451371571072,0.10922693266832917,4118.1
1642272,Jared McCain,Jared,1610612760,OKC,22.0,67,46,21,0.687,1159.6666666666667,108.9,114,0.092,0.142,35,0.168,5,0.042,391.0,324.0,338.0,1174.0,5.06,5.0590302370570965,147,52,262,89,246,123,285,419,427,259,372,397,502,314,311,318,334,133,61,141,74,67,64,3,16,37,15,10,25,0.6,0.4,0,6,6,4,6,0.0,1.0,1.0,0.667,1642272,Jared McCain,0.273853591160221,0.11651381215469613,2382.7
1628991,Jaren Jackson Jr.,Jaren,1610612762,UTA,26.0,48,19,29,0.396,1454.6483333333333,110.8,230,0.14,0.213,53,0.222,69,0.413,574.0,494.0,403.0,1330.0,5.45,5.446810683330429,310,316,379,388,176,197,116,193,214,160,193,31,70,424,426,364,368,116,48,436,289,147,107,1,45,111,12,12,24,0.5,0.5,3,35,37,22,38,0.079,0.921,0.974,0.579,1628991,Jaren Jackson Jr.,0.31485303514377,0.14741214057507987,3008.7
1629020,Jarred Vanderbilt,Jarred,1610612747,LAL,27.0,65,39,26,0.6,1127.7416666666666,113.7,212,0.194,0.298,55,0.274,19,0.204,453.0,315.0,371.0,1208.0,3.32,3.3230338453257753,166,118,338,174,256,327,137,67,68,142,87,217,222,351,308,340,347,240,63,137,95,42,103,0,45,111,13,19,32,0.406,0.594,8,16,24,19,24,0.333,0.667,1.0,0.792,1629020,Jarred Vanderbilt,0.24716897506925206,0.0784819944598338,2274.3
1628386,Jarrett Allen,Jarrett,1610612739,CLE,28.0,56,37,19,0.661,1519.12,112.9,332,0.202,0.315,55,0.21,47,0.313,640.0,480.0,576.0,1478.0,4.85,4.84636064817484,247,136,236,121,160,283,46,53,49,142,229,70,115,467,417,482,401,145,56,448,355,93,135,2,142,321,22,15,37,0.595,0.405,20,58,78,51,78,0.256,0.744,1.0,0.654,1628386,Jarrett Allen,0.31579750778816196,0.1328348909657321,3142.4
1642859,Jase Richardson,Jase,1610612753,ORL,20.0,54,26,28,0.481,586.7483333333333,112.8,42,0.074,0.114,19,0.194,2,0.033,202.0,175.0,188.0,606.0,1.87,1.874764442658967,266,231,364,336,363,275,417,515,522,358,291,469,514,207,211,220,217,329,36,66,49,17,31,1,2,4,5,6,11,0.455,0.545,0,5,5,3,5,0.0,1.0,1.0,0.6,1642859,Jase Richardson,0.19069257950530036,0.04240282685512368,1180.9
1642914,Javon Small,Javon,1610612763,MEM,23.0,41,13,28,0.317,829.9083333333333,117.4,92,0.109,0.19,34,0.194,9,0.099,331.0,350.0,273.0,980.0,1.59,1.5942970997426424,356,384,364,437,321,466,326,332,267,265,290,315,399,282,329,271,290,357,38,108,39,69,75,0,3,6,7,7,14,0.5,0.5,1,4,5,2,5,0.2,0.8,1.0,0.4,1642914,Javon Small,0.2626091549295775,0.09647887323943662,1716.1
1631451,Javonte Cooke,Javonte,1610612757,POR,26.0,19,6,13,0.316,93.665,102.9,15,0.163,0.234,6,0.353,0,0.0,48.0,27.0,31.0,96.0,0.59,0.5904226370219787,453,461,165,439,506,34,491,128,160,462,28,524,524,86,72,72,78,457,12,6,6,0,7,0,0,0,2,0,2,1.0,0.0,0,1,1,0,1,0.0,1.0,1.0,0.0,1631451,Javonte Cooke,0.18791176470588236,0.029411764705882353,200.4
1629750,Javonte Green,Javonte,1610612765,DET,32.0,82,60,22,0.732,1445.9616666666666,105.4,168,0.112,0.184,102,0.272,25,0.129,576.0,478.0,404.0,1364.0,7.85,7.847583866664653,1,4,279,65,178,58,193,321,289,20,92,167,323,426,414,365,376,46,79,142,71,71,207,0,16,35,17,31,48,0.354,0.646,4,24,28,16,28,0.143,0.857,1.0,0.571,1629750,Javonte Green,0.2775876288659794,0.1318737113402062,2969.0
1629637,Jaxson Hayes,Jaxson,1610612747,LAL,26.0,66,43,23,0.652,1206.5783333333334,113.1,172,0.139,0.212,29,0.141,52,0.481,454.0,362.0,375.0,1250.0,3.77,3.766329872152933,157,75,289,128,230,296,192,200,216,294,462,56,49,352,341,341,355,205,66,376,247,129,73,1,143,331,6,10,16,0.375,0.625,12,36,47,29,48,0.25,0.75,0.979,0.604,1629637,Jaxson Hayes,0.2973676470588235,0.12087941176470589,2439.1
1630643,Jay Huff,Jay,1610612754,IND,28.0,82,19,63,0.232,1719.243333333333,113.7,251,0.135,0.209,41,0.158,153,0.657,627.0,554.0,519.0,1932.0,5.07,5.072375163412873,1,316,581,506,129,329,94,220,225,227,408,2,6,460,467,446,481,132,81,702,535,167,70,1,145,325,12,8,20,0.6,0.4,15,95,107,50,110,0.136,0.864,0.982,0.459,1630643,Jay Huff,0.3277642487046632,0.1099896373056995,3579.4
1627759,Jaylen Brown,Jaylen,1610612738,BOS,29.0,71,47,24,0.662,2442.838333333333,113.0,411,0.155,0.232,72,0.198,27,0.103,769.0,759.0,710.0,2088.0,7.75,7.748283279685904,98,44,309,118,22,292,22,149,166,72,273,148,382,522,564,536,508,47,71,330,127,203,128,1,25,62,35,23,58,0.603,0.397,1,50,51,31,51,0.02,0.98,1.0,0.608,1627759,Jaylen Brown,0.3095857519788918,0.17116886543535623,4835.5
1641740,Jaylen Clark,Jaylen,1610612750,MIN,24.0,68,40,28,0.588,887.7033333333334,108.9,66,0.069,0.113,47,0.267,9,0.089,277.0,305.0,245.0,904.0,3.87,3.865282541475354,135,110,364,191,306,125,370,534,524,191,101,315,416,246,300,252,279,196,64,151,97,54,89,0,13,32,9,7,16,0.563,0.438,5,6,11,8,11,0.455,0.545,1.0,0.727,1641740,Jaylen Clark,0.21247527472527472,0.0668489010989011,1818.0
1642377,Jaylen Wells,Jaylen,1610612763,MEM,22.0,69,24,45,0.348,1820.6416666666669,117.8,159,0.086,0.133,61,0.204,9,0.054,734.0,633.0,587.0,2008.0,3.19,3.192337946082044,118,252,541,412,110,477,208,448,462,108,254,315,489,509,518,488,498,247,69,242,130,112,113,0,18,40,13,21,34,0.382,0.618,4,14,17,7,18,0.222,0.778,0.944,0.389,1642377,Jaylen Wells,0.2880644257703081,0.12198319327731093,3750.5
1631119,Jaylin Williams,Jaylin,1610612760,OKC,24.0,65,54,11,0.831,1277.375,103.1,326,0.225,0.348,31,0.127,42,0.302,385.0,376.0,324.0,1124.0,7.7,7.699493803792718,166,13,144,13,220,37,48,31,30,279,494,81,121,311,345,309,322,49,65,473,313,160,61,17,95,214,7,9,16,0.438,0.563,3,75,74,51,78,0.038,0.962,0.949,0.654,1631119,Jaylin Williams,0.27631388888888886,0.1126,2615.2
1642281,Jaylon Tyson,Jaylon,1610612739,CLE,23.0,66,41,25,0.621,1777.4833333333331,113.4,220,0.118,0.187,54,0.166,28,0.13,671.0,546.0,589.0,1716.0,5.39,5.3853868721526945,157,97,326,158,118,306,127,290,278,153,384,140,321,480,462,489,445,120,66,303,171,132,115,0,35,80,16,17,33,0.485,0.515,26,22,46,33,48,0.542,0.458,0.979,0.702,1642281,Jaylon Tyson,0.33112602739726027,0.14384109589041097,3653.2
1643257,Jayson Kent,Jayson,1610612757,POR,24.0,5,4,1,0.8,22.466666666666665,89.4,5,0.25,0.333,1,0.333,1,0.5,6.0,8.0,4.0,22.0,0.22,0.2177871806700882,539,487,4,20,566,8,536,14,38,540,32,493,37,13,21,10,17,508,2,2,2,0,1,0,0,0,0,2,2,0.0,1.0,0,0,0,0,0,0.0,0.0,0.0,0.0,1643257,Jayson Kent,0.1875,0.08333333333333333,45.6
1628369,Jayson Tatum,Jayson,1610612738,BOS,28.0,16,13,3,0.813,521.85,110.2,152,0.274,0.379,22,0.338,3,0.081,167.0,108.0,142.0,440.0,2.09,2.0933122332759635,461,384,44,18,376,166,221,8,17,334,31,442,433,181,153,184,180,314,16,46,17,29,33,0,10,24,2,3,5,0.4,0.6,2,7,9,7,9,0.222,0.778,1.0,0.778,1628369,Jayson Tatum,0.2095,0.08919718309859155,1039.5
201145,Jeff Green,Jeff,1610612745,HOU,39.0,30,22,8,0.733,174.81666666666666,111.7,18,0.098,0.154,2,0.087,2,0.118,66.0,65.0,50.0,182.0,0.61,0.614723356748829,410,277,109,61,475,239,483,377,382,516,542,469,351,108,114,100,108,454,19,43,15,28,6,0,5,11,0,0,0,0.0,0.0,0,3,3,2,3,0.0,1.0,1.0,0.667,201145,Jeff Green,0.13515131578947367,0.03508552631578948,346.4
203924,Jerami Grant,Jerami,1610612757,POR,32.0,57,27,30,0.474,1695.1016666666667,115.2,143,0.082,0.131,42,0.148,36,0.175,760.0,529.0,589.0,1842.0,4.31,4.310350744844884,235,225,395,342,135,394,237,476,472,219,441,104,248,516,445,489,466,177,57,179,101,78,75,2,16,39,18,13,31,0.581,0.419,1,27,28,11,28,0.036,0.964,1.0,0.393,203924,Jerami Grant,0.2792169014084507,0.1087380281690141,3544.0
1642847,Jeremiah Fears,Jeremiah,1610612740,NOP,19.0,82,26,56,0.317,2111.903333333333,118.2,240,0.109,0.175,97,0.245,30,0.145,820.0,730.0,748.0,2394.0,3.52,3.5160129021430753,1,231,574,437,64,484,103,329,320,25,141,133,293,543,554,548,546,227,82,266,127,139,211,1,6,13,12,20,32,0.375,0.625,5,16,21,8,21,0.238,0.762,1.0,0.381,1642847,Jeremiah Fears,0.3696410891089109,0.16954950495049506,4390.2
1630526,Jeremiah Robinson-Earl,Jeremiah,1610612742,DAL,25.0,22,8,14,0.364,360.615,119.5,67,0.183,0.3,9,0.17,1,0.032,137.0,127.0,131.0,430.0,0.47,0.4690612405410426,440,440,175,403,418,508,366,86,65,436,365,493,517,159,171,173,175,474,21,68,38,30,12,0,6,15,6,1,7,0.857,0.143,4,8,12,8,12,0.333,0.667,1.0,0.667,1630526,Jeremiah Robinson-Earl,0.34075483870967743,0.13709677419354838,748.9
1631110,Jeremy Sochan,Jeremy,1610612752,NYK,23.0,44,30,14,0.682,468.5516666666667,111.1,70,0.149,0.233,17,0.179,7,0.269,163.0,149.0,98.0,482.0,1.8,1.7994999619883114,336,196,175,94,390,213,358,164,162,372,332,363,152,178,194,147,190,335,38,91,65,26,41,0,38,87,8,8,16,0.5,0.5,7,7,14,5,14,0.5,0.5,1.0,0.357,1631110,Jeremy Sochan,0.2352863247863248,0.08333333333333333,956.1
1630579,Jericho Sims,Jericho,1610612749,MIL,27.0,67,25,42,0.373,1317.835,120.3,223,0.171,0.263,19,0.107,17,0.205,577.0,380.0,438.0,1202.0,1.36,1.3609444672808608,147,243,523,399,211,517,125,111,117,358,529,233,220,427,350,395,346,375,61,252,166,86,39,0,134,309,9,11,20,0.45,0.55,51,45,95,70,96,0.531,0.469,0.99,0.729,1630579,Jericho Sims,0.2665845697329377,0.10810682492581603,2610.3
1641724,Jett Howard,Jett,1610612753,ORL,22.0,55,28,27,0.509,695.32,118.1,64,0.096,0.152,10,0.089,11,0.186,252.0,202.0,267.0,794.0,1.15,1.1510670001342849,258,216,352,298,345,482,372,393,389,428,539,284,236,229,233,267,250,400,49,101,70,31,31,0,4,8,7,5,12,0.583,0.417,1,9,10,6,10,0.1,0.9,1.0,0.6,1641724,Jett Howard,0.22374247491638796,0.07692307692307693,1405.9
1628975,Jevon Carter,Jevon,1610612753,ORL,30.0,53,26,27,0.491,867.4416666666667,115.6,75,0.085,0.133,40,0.284,10,0.156,311.0,260.0,282.0,914.0,2.06,2.06291276167171,276,231,352,330,311,415,350,458,459,233,80,300,274,264,257,277,282,316,47,101,39,62,82,0,4,9,6,7,13,0.462,0.538,0,11,11,3,11,0.0,1.0,1.0,0.273,1628975,Jevon Carter,0.23706603773584906,0.0925062893081761,1763.2
202710,Jimmy Butler III,Jimmy,1610612744,GSW,36.0,38,23,15,0.605,1181.6766666666667,109.2,123,0.101,0.156,55,0.238,8,0.081,434.0,350.0,394.0,1266.0,5.02,5.02238251469963,370,268,187,171,236,133,268,366,375,142,152,341,435,336,329,355,360,136,38,90,42,48,93,1,36,93,19,14,33,0.576,0.424,12,16,28,16,28,0.429,0.571,1.0,0.571,202710,Jimmy Butler III,0.2840754716981132,0.12804150943396225,2423.9
1642866,Joan Beringer,Joan,1610612750,MIN,19.0,40,22,18,0.55,314.13166666666666,115.5,47,0.135,0.237,7,0.123,26,0.542,135.0,125.0,106.0,384.0,0.78,0.7797481572190154,362,277,225,248,431,409,408,218,152,454,502,157,27,156,169,154,163,430,37,134,102,32,16,0,31,72,4,0,4,1.0,0.0,4,12,16,11,16,0.25,0.75,1.0,0.688,1642866,Joan Beringer,0.24684134615384618,0.06890865384615384,662.6
1629111,Jock Landale,Jock,1610612737,ATL,30.0,68,36,32,0.529,1506.0766666666666,116.8,204,0.136,0.212,35,0.14,36,0.267,584.0,504.0,473.0,1646.0,3.04,3.042735634848186,135,151,424,276,163,447,147,214,215,259,464,104,156,430,429,420,435,252,68,351,284,67,68,1,143,339,14,8,22,0.636,0.364,64,85,149,100,149,0.43,0.57,1.0,0.671,1629111,Jock Landale,0.31745706371191135,0.1305180055401662,3052.6
204060,Joe Ingles,Joe,1610612750,MIN,38.0,27,13,14,0.481,152.68833333333333,116.7,19,0.11,0.183,9,0.281,2,0.095,79.0,72.0,50.0,218.0,0.34,0.3375682838132691,420,384,175,336,484,443,479,327,291,436,84,469,404,118,123,100,119,491,12,11,6,5,10,0,1,2,0,1,1,0.0,1.0,0,0,0,0,0,0.0,0.0,0.0,0.0,204060,Joe Ingles,0.15717886178861787,0.04878048780487805,338.5
203954,Joel Embiid,Joel,1610612755,PHI,32.0,38,24,14,0.632,1200.638333333333,113.2,218,0.169,0.268,21,0.097,46,0.365,361.0,415.0,421.0,1230.0,3.66,3.6579005481304105,370,252,175,147,232,302,129,117,107,344,532,71,88,298,377,383,351,210,38,307,235,72,35,1,139,336,13,6,19,0.684,0.316,11,43,54,39,54,0.204,0.796,1.0,0.722,203954,Joel Embiid,0.29314181818181817,0.11812363636363638,2442.3
1628381,John Collins,John,1610612746,LAC,28.0,69,32,37,0.464,1871.4783333333332,115.1,257,0.135,0.207,60,0.182,51,0.282,766.0,585.0,582.0,1868.0,4.74,4.740787655680361,118,182,482,349,101,391,87,221,229,112,320,58,143,519,488,483,468,151,69,380,195,185,116,1,43,104,16,15,31,0.516,0.484,15,22,37,24,37,0.405,0.595,1.0,0.649,1628381,John Collins,0.33712931034482757,0.1597183908045977,3726.9
1629723,John Konchar,John,1610612762,UTA,30.0,56,18,38,0.321,1114.6766666666667,112.0,166,0.14,0.214,83,0.353,38,0.306,435.0,385.0,412.0,1250.0,3.86,3.864441580356041,247,325,491,433,260,246,194,196,210,48,27,97,117,340,352,371,355,197,53,174,96,78,149,1,32,70,14,20,34,0.412,0.588,2,13,15,7,15,0.133,0.867,1.0,0.467,1629723,John Konchar,0.29823899371069185,0.08238993710691823,2341.9
1642967,John Poulakidas,John,1610612742,DAL,23.0,13,3,10,0.231,253.435,112.8,26,0.096,0.138,7,0.171,4,0.143,77.0,74.0,83.0,278.0,0.83,0.8318598904971511,480,503,129,507,450,279,453,396,440,454,362,418,294,114,125,133,135,426,13,40,24,16,11,0,10,22,2,2,4,0.5,0.5,0,2,2,1,2,0.0,1.0,1.0,0.5,1642967,John Poulakidas,0.22756923076923077,0.06666923076923077,540.4
1642910,John Tonje,John,1610612738,BOS,25.0,6,5,1,0.833,41.89833333333333,108.4,6,0.12,0.194,2,0.222,0,0.0,14.0,12.0,31.0,34.0,0.21,0.2102917094894942,527,474,4,10,543,114,528,281,261,516,188,524,524,30,35,72,31,510,3,5,1,4,3,0,0,0,0,1,1,0.0,1.0,0,1,1,0,1,0.0,1.0,1.0,0.0,1642910,John Tonje,0.20832142857142857,0.08571428571428572,89.1
1641780,Johni Broome,Johni,1610612755,PHI,23.0,11,5,6,0.455,54.76166666666666,102.5,9,0.17,0.273,3,0.375,2,0.333,22.0,20.0,24.0,54.0,0.35,0.3460020292367237,492,474,83,352,535,33,512,115,102,500,18,469,100,51,49,59,46,489,8,21,16,5,5,0,3,6,2,0,2,1.0,0.0,4,0,4,3,4,1.0,0.0,1.0,0.75,1641780,Johni Broome,0.22916666666666666,0.041666666666666664,114.89999999999999
1642277,Johnny Furphy,Johnny,1610612754,IND,21.0,35,10,25,0.286,643.0533333333333,114.8,121,0.191,0.278,20,0.196,7,0.135,238.0,200.0,191.0,746.0,1.68,1.6800848358376823,390,411,326,454,355,375,270,74,92,348,284,363,311,223,230,224,240,346,33,120,97,23,36,0,16,36,6,9,15,0.4,0.6,4,11,15,10,15,0.267,0.733,1.0,0.667,1642277,Johnny Furphy,0.3073456221198157,0.10632258064516129,1325.1
1630548,Johnny Juzang,Johnny,1610612750,MIN,25.0,21,13,8,0.619,87.69833333333334,109.9,12,0.129,0.176,2,0.133,1,0.1,54.0,29.0,30.0,90.0,0.38,0.3810685716501478,444,384,109,161,511,154,499,240,311,516,478,493,392,91,74,70,76,483,14,12,8,4,6,0,1,3,1,0,1,1.0,0.0,0,1,1,1,1,0.0,1.0,1.0,1.0,1630548,Johnny Juzang,0.1188118811881188,0.0594059405940594,195.9
202685,Jonas Valanciunas,Jonas,1610612743,DEN,34.0,65,42,23,0.646,871.065,116.6,224,0.246,0.358,14,0.136,37,0.544,350.0,240.0,301.0,790.0,1.78,1.775251000403084,166,87,289,134,310,440,123,17,23,399,474,102,26,292,249,296,249,338,63,261,213,48,18,0,97,225,7,6,13,0.538,0.462,41,50,89,71,91,0.451,0.549,0.978,0.78,202685,Jonas Valanciunas,0.2762319749216301,0.11486520376175549,1724.6
1628371,Jonathan Isaac,Jonathan,1610612753,ORL,28.0,52,29,23,0.558,520.8933333333333,106.1,89,0.165,0.258,20,0.187,31,0.449,192.0,150.0,172.0,548.0,2.72,2.7231172501274696,286,203,289,239,377,66,328,126,126,348,311,127,62,196,196,208,207,275,49,134,98,36,62,0,26,62,1,3,4,0.25,0.75,10,11,21,10,21,0.476,0.524,1.0,0.476,1628371,Jonathan Isaac,0.17594326241134753,0.044326241134751775,1067.9
1630228,Jonathan Kuminga,Jonathan,1610612737,ATL,23.0,36,22,14,0.611,830.4966666666667,108.0,153,0.182,0.267,22,0.143,11,0.131,355.0,235.0,268.0,850.0,3.77,3.773422888797307,384,277,175,165,320,99,219,89,109,334,456,284,317,296,248,268,265,205,36,133,82,51,67,1,15,34,8,7,15,0.533,0.467,7,9,16,15,16,0.438,0.563,1.0,0.938,1630228,Jonathan Kuminga,0.24790530303030303,0.10511363636363637,1723.0
1642367,Jonathan Mogbo,Jonathan,1610612761,TOR,24.0,40,20,20,0.5,248.89666666666668,106.5,49,0.193,0.316,11,0.234,8,0.276,93.0,87.0,76.0,254.0,1.29,1.289084941657706,362,302,251,303,451,76,405,69,47,415,158,341,147,128,131,130,128,386,30,51,35,16,36,0,19,43,1,3,4,0.25,0.75,5,9,14,8,14,0.357,0.643,1.0,0.571,1642367,Jonathan Mogbo,0.1963192488262911,0.04460093896713615,508.3
203903,Jordan Clarkson,Jordan,1610612752,NYK,34.0,72,45,27,0.625,1279.4616666666666,111.7,65,0.049,0.075,30,0.136,9,0.078,461.0,361.0,367.0,1146.0,4.5,4.498507622730679,84,60,352,153,219,238,371,562,564,286,471,315,441,354,337,338,329,168,69,142,79,63,76,0,5,12,16,6,22,0.727,0.273,2,27,29,10,29,0.069,0.931,1.0,0.345,203903,Jordan Clarkson,0.2828555858310627,0.13600817438692098,2544.7
1630692,Jordan Goodwin,Jordan,1610612756,PHX,27.0,70,39,31,0.557,1571.7766666666666,110.1,203,0.134,0.211,106,0.325,14,0.103,539.0,460.0,431.0,1492.0,6.28,6.280684625228804,105,118,412,240,152,164,148,225,220,13,43,261,384,401,402,392,407,86,70,154,85,69,260,1,20,47,25,19,44,0.568,0.432,9,24,33,18,33,0.273,0.727,1.0,0.545,1630692,Jordan Goodwin,0.3107116402116402,0.14140211640211642,3113.3
1641722,Jordan Hawkins,Jordan,1610612740,NOP,24.0,51,13,38,0.255,691.975,116.8,68,0.089,0.146,13,0.121,10,0.127,280.0,287.0,220.0,796.0,1.44,1.44209378987441,291,384,491,483,346,446,362,433,412,405,508,300,328,248,286,241,251,370,40,96,58,38,22,1,4,8,4,6,10,0.4,0.6,0,4,4,2,4,0.0,1.0,1.0,0.5,1641722,Jordan Hawkins,0.2583333333333333,0.0787948717948718,1434.9
1629162,Jordan McLaughlin,Jordan,1610612759,SAS,30.0,44,37,7,0.841,281.6166666666667,112.3,25,0.093,0.137,20,0.392,2,0.1,129.0,87.0,69.0,262.0,0.93,0.9344688166772376,336,136,99,8,442,260,458,414,444,348,17,469,392,151,131,120,130,420,31,31,19,12,40,0,9,20,2,1,3,0.667,0.333,0,3,3,2,3,0.0,1.0,1.0,0.667,1629162,Jordan McLaughlin,0.21313131313131314,0.06262626262626263,563.4
1641757,Jordan Miller,Jordan,1610612746,LAC,26.0,60,36,24,0.6,1324.78,114.7,132,0.097,0.162,45,0.177,11,0.077,523.0,408.0,395.0,1438.0,3.53,3.527937870229896,214,151,309,174,209,371,252,384,354,200,338,284,442,389,372,357,392,225,58,211,95,116,83,1,10,22,8,10,18,0.444,0.556,3,9,12,6,12,0.25,0.75,1.0,0.5,1641757,Jordan Miller,0.32520056497175137,0.1279689265536723,2648.5
1629673,Jordan Poole,Jordan,1610612740,NOP,27.0,39,16,23,0.41,933.2366666666668,117.3,68,0.067,0.109,22,0.136,15,0.122,356.0,309.0,405.0,1034.0,1.8,1.7955416178630177,368,348,289,379,293,464,362,537,533,334,475,251,345,297,304,366,300,335,39,115,42,73,52,3,2,5,5,5,10,0.5,0.5,0,6,6,3,6,0.0,1.0,1.0,0.5,1629673,Jordan Poole,0.28754166666666664,0.10300694444444444,1959.8
1641775,Jordan Walsh,Jordan,1610612738,BOS,22.0,68,46,22,0.676,1211.97,112.8,187,0.146,0.228,49,0.285,31,0.235,409.0,376.0,365.0,1008.0,3.85,3.853883185805445,135,52,279,100,229,281,166,178,180,182,77,127,191,325,345,335,295,199,65,191,109,82,117,0,30,77,8,8,16,0.5,0.5,10,20,29,18,30,0.333,0.667,0.967,0.6,1641775,Jordan Walsh,0.2532443820224719,0.12079494382022472,2359.0
1630631,Jose Alvarado,Jose,1610612752,NYK,28.0,69,28,41,0.406,1370.236666666667,110.7,145,0.1,0.16,66,0.26,8,0.063,496.0,448.0,397.0,1346.0,5.25,5.247046070343928,118,216,515,382,199,195,233,372,359,87,110,341,472,376,397,359,373,126,66,80,28,52,151,1,6,13,10,16,26,0.385,0.615,0,12,11,2,12,0.0,1.0,0.917,0.167,1630631,Jose Alvarado,0.2772238372093023,0.12795058139534884,2738.6
1630581,Josh Giddey,Josh,1610612741,CHI,23.0,54,21,33,0.389,1731.3566666666666,117.1,381,0.201,0.295,55,0.217,27,0.161,657.0,593.0,557.0,1894.0,3.43,3.4312447353898383,266,292,435,394,127,455,31,55,73,142,209,148,268,474,495,468,472,231,54,270,110,160,101,2,7,15,23,16,39,0.59,0.41,0,16,16,12,16,0.0,1.0,1.0,0.75,1630581,Josh Giddey,0.35737345679012344,0.1713179012345679,3662.3
1630182,Josh Green,Josh,1610612766,CHA,25.0,58,37,21,0.638,907.9283333333332,106.0,57,0.06,0.092,35,0.226,6,0.062,331.0,245.0,245.0,868.0,4.69,4.685387441508965,230,136,262,142,300,65,388,551,552,259,177,375,477,282,250,252,271,157,53,106,58,48,70,1,16,37,15,8,23,0.652,0.348,0,12,12,3,12,0.0,1.0,1.0,0.25,1630182,Josh Green,0.1699066265060241,0.05115361445783133,1788.9
1628404,Josh Hart,Josh,1610612752,NYK,31.0,66,44,22,0.667,1993.575,112.5,393,0.2,0.295,75,0.218,17,0.116,689.0,517.0,571.0,1838.0,6.57,6.5728869276356034,157,67,279,106,80,270,27,58,72,67,207,233,358,487,438,477,465,82,66,349,150,199,194,3,57,135,24,32,56,0.429,0.571,6,24,30,22,30,0.2,0.8,1.0,0.733,1628404,Josh Hart,0.35329714285714287,0.16875142857142858,3976.5
1631169,Josh Minott,Josh,1610612751,BKN,23.0,49,23,26,0.469,833.7316666666667,111.7,110,0.128,0.204,44,0.284,24,0.242,273.0,259.0,247.0,784.0,2.95,2.9484408153240733,305,268,338,346,319,240,292,244,233,208,79,173,184,241,255,255,244,259,48,161,93,68,109,0,19,48,14,9,23,0.609,0.391,1,11,12,6,13,0.077,0.846,1.0,0.5,1631169,Josh Minott,0.2826109215017065,0.14265870307167236,1652.1
1642490,Josh Oduro,Josh,1610612740,NOP,25.0,3,1,2,0.333,81.76666666666667,124.6,12,0.136,0.214,0,0.0,0,0.0,28.0,34.0,31.0,108.0,-0.02,-0.01635735096809,566,549,28,419,514,561,499,211,211,564,564,524,524,64,81,72,80,559,3,14,10,4,4,1,5,11,4,0,4,1.0,0.0,3,5,8,5,8,0.375,0.625,1.0,0.625,1642490,Josh Oduro,0.35058620689655173,0.1724137931034483,180.7
1629006,Josh Okogie,Josh,1610612745,HOU,27.0,78,49,29,0.628,1353.8116666666667,109.9,119,0.085,0.135,63,0.242,16,0.093,519.0,484.0,397.0,1378.0,5.56,5.560650516370535,28,37,379,151,202,150,274,455,452,99,145,243,407,387,419,359,380,110,74,152,88,64,130,2,15,32,26,22,48,0.542,0.458,5,7,12,5,12,0.417,0.583,1.0,0.417,1629006,Josh Okogie,0.24435416666666665,0.1125,2686.1
201950,Jrue Holiday,Jrue,1610612757,POR,36.0,53,28,25,0.528,1560.4016666666666,108.6,174,0.108,0.165,54,0.189,6,0.036,650.0,466.0,510.0,1570.0,6.95,6.953033451595182,276,216,326,279,153,117,191,338,348,153,300,375,512,470,410,440,417,74,52,129,51,78,115,0,10,24,17,13,30,0.567,0.433,1,14,15,7,15,0.067,0.933,1.0,0.467,201950,Jrue Holiday,0.3066285714285714,0.15963809523809525,3233.4
1630577,Julian Champagnie,Julian,1610612759,SAS,25.0,82,62,20,0.756,2265.963333333333,108.0,399,0.161,0.233,62,0.175,38,0.146,700.0,625.0,601.0,2166.0,10.44,10.435268438959683,1,1,251,43,42,102,26,133,162,103,349,97,291,492,515,498,522,9,82,324,203,121,124,0,66,141,12,31,43,0.279,0.721,6,41,47,33,47,0.128,0.872,1.0,0.702,1630577,Julian Champagnie,0.323,0.14802255639097744,4661.4
1641763,Julian Phillips,Julian,1610612750,MIN,22.0,48,19,29,0.396,427.01666666666665,110.7,26,0.054,0.089,22,0.306,7,0.125,193.0,178.0,120.0,496.0,1.67,1.6739266047917971,310,316,379,388,400,187,453,558,555,334,55,363,331,197,215,168,196,349,36,61,32,29,36,2,7,15,4,2,6,0.667,0.333,0,9,9,3,9,0.0,1.0,1.0,0.333,1641763,Julian Phillips,0.1649789029535865,0.08086919831223628,901.1
1642882,Julian Reese,Julian,1610612764,WAS,23.0,13,1,12,0.077,401.5,122.6,82,0.219,0.336,18,0.269,8,0.242,199.0,121.0,171.0,506.0,0.15,0.1542667498850165,480,549,152,565,409,552,340,39,34,364,95,341,184,205,167,207,197,527,13,68,41,27,36,0,50,112,5,3,8,0.625,0.375,14,11,25,19,25,0.56,0.44,1.0,0.76,1642882,Julian Reese,0.32938235294117646,0.12287254901960784,840.6
1631124,Julian Strawther,Julian,1610612743,DEN,24.0,57,38,19,0.667,860.6733333333333,113.5,102,0.112,0.165,25,0.191,6,0.103,341.0,221.0,290.0,862.0,2.62,2.621428630523588,235,128,236,106,313,313,307,318,349,314,298,375,382,287,242,284,268,281,47,82,46,36,55,1,9,23,6,7,13,0.462,0.538,0,3,3,1,3,0.0,1.0,1.0,0.333,1631124,Julian Strawther,0.24295845697329377,0.1119673590504451,1769.6
203944,Julius Randle,Julius,1610612750,MIN,31.0,79,47,32,0.595,2610.2966666666666,113.1,400,0.146,0.226,86,0.188,18,0.061,976.0,847.0,799.0,2826.0,8.12,8.115612196869337,25,44,424,187,12,295,25,176,185,40,306,224,478,577,576,564,576,40,79,370,223,147,168,0,58,144,32,23,55,0.582,0.418,27,55,81,65,82,0.329,0.671,0.988,0.793,203944,Julius Randle,0.32035078534031414,0.151,5361.0
1630551,Justin Champagnie,Justin,1610612764,WAS,25.0,69,13,56,0.188,1377.4533333333334,119.4,239,0.171,0.275,59,0.257,43,0.309,590.0,488.0,515.0,1618.0,1.8,1.8002065580514786,118,384,574,537,194,506,106,109,98,120,118,78,116,435,424,444,423,335,66,233,139,94,128,0,12,28,21,10,31,0.677,0.323,2,15,16,14,17,0.118,0.882,0.941,0.824,1630551,Justin Champagnie,0.3226106442577031,0.12278151260504201,2876.7
1642348,Justin Edwards,Justin,1610612755,PHI,22.0,64,37,27,0.578,977.0183333333332,115.0,68,0.07,0.109,54,0.286,11,0.089,384.0,272.0,349.0,1066.0,2.56,2.561509563714462,180,136,352,203,283,389,362,530,534,153,73,284,415,309,272,326,312,285,56,85,40,45,99,1,19,44,3,12,15,0.2,0.8,2,10,12,8,12,0.167,0.833,1.0,0.667,1642348,Justin Edwards,0.2717122507122507,0.11875498575498575,2031.1
203994,Jusuf Nurkić,Jusuf,1610612762,UTA,31.0,41,14,27,0.341,1083.0683333333334,117.4,319,0.279,0.391,52,0.291,22,0.297,471.0,291.0,439.0,1062.0,2.06,2.057216317694339,356,374,352,417,265,467,52,7,13,161,69,191,129,364,292,398,310,316,41,275,175,100,112,0,177,425,8,6,14,0.571,0.429,41,88,128,93,129,0.318,0.682,0.992,0.721,203994,Jusuf Nurkić,0.31009765625,0.14775,2309.6
1642354,KJ Simpson,KJ,1610612743,DEN,23.0,20,10,10,0.5,257.61,110.0,28,0.112,0.158,16,0.372,0,0.0,109.0,60.0,74.0,296.0,1.03,1.0285824441827378,449,411,129,303,449,161,448,322,366,378,20,524,524,137,112,128,142,410,16,25,12,13,28,1,5,13,2,3,5,0.4,0.6,0,4,4,1,4,0.0,1.0,1.0,0.25,1642354,KJ Simpson,0.16545774647887324,0.05750704225352113,518.2
1642955,Kadary Richmond,Kadary,1610612764,WAS,24.0,3,2,1,0.667,66.8,106.6,9,0.136,0.214,8,0.364,1,0.111,29.0,20.0,33.0,54.0,0.35,0.3509960429322299,566,526,4,106,524,78,512,211,211,448,22,493,368,69,49,76,46,489,3,7,3,4,10,0,4,9,0,0,0,0.0,0.0,0,0,0,0,0,0.0,0.0,0.0,0.0,1642955,Kadary Richmond,0.24910526315789472,0.13157894736842105,145.20000000000002
1642880,Kam Jones,Kam,1610612754,IND,24.0,37,6,31,0.162,616.325,116.0,45,0.071,0.109,18,0.18,0,0.0,276.0,196.0,200.0,756.0,1.43,1.4261637960627709,377,461,412,549,360,428,413,526,532,364,329,524,524,245,226,229,242,371,30,71,41,30,35,0,2,4,4,3,7,0.571,0.429,0,14,14,1,14,0.0,1.0,1.0,0.071,1642880,Kam Jones,0.2353991769547325,0.06652674897119341,1290.6
1626157,Karl-Anthony Towns,Karl-Anthony,1610612752,NYK,30.0,75,49,26,0.653,2321.7816666666668,111.8,656,0.283,0.412,65,0.168,40,0.226,807.0,622.0,754.0,2118.0,8.12,8.12301115156116,60,37,338,127,34,241,1,6,9,92,371,89,197,535,513,550,516,40,75,451,313,138,153,2,138,315,20,22,42,0.476,0.524,64,111,174,144,175,0.366,0.634,0.994,0.823,1626157,Karl-Anthony Towns,0.3614504021447721,0.18387131367292225,4628.3
1631255,Karlo Matković,Karlo,1610612740,NOP,25.0,62,24,38,0.387,911.7566666666668,111.6,157,0.155,0.255,25,0.153,54,0.454,374.0,302.0,331.0,922.0,3.24,3.238632374839214,201,252,491,396,297,233,212,148,129,314,429,49,60,303,296,313,283,243,62,293,202,91,63,2,49,117,10,8,18,0.556,0.444,8,39,47,24,47,0.17,0.83,1.0,0.511,1631255,Karlo Matković,0.2633464788732394,0.10319154929577466,1881.0
1642857,Kasparas Jakučionis,Kasparas,1610612748,MIA,20.0,53,28,25,0.528,944.6283333333332,112.9,95,0.096,0.142,33,0.168,7,0.097,308.0,270.0,335.0,1020.0,3.03,3.0251010318068388,276,216,326,279,291,287,321,391,425,272,374,363,401,261,268,317,297,254,51,160,81,79,88,3,4,8,8,16,24,0.333,0.667,2,9,11,3,11,0.182,0.818,1.0,0.273,1642857,Kasparas Jakučionis,0.3080098039215686,0.14725816993464053,2022.9
202695,Kawhi Leonard,Kawhi,1610612746,LAC,35.0,65,37,28,0.569,2084.7283333333335,112.8,342,0.162,0.251,122,0.3,27,0.124,718.0,632.0,567.0,2128.0,6.62,6.61902340553516,166,136,364,220,66,276,41,132,138,6,59,148,341,503,517,474,517,80,65,245,105,140,220,0,13,31,27,17,44,0.614,0.386,2,32,34,18,34,0.059,0.941,1.0,0.529,202695,Kawhi Leonard,0.3499140401146132,0.17229512893982807,4151.1
1630811,Keaton Wallace,Keaton,1610612737,ATL,27.0,53,31,22,0.585,535.99,110.8,53,0.097,0.147,24,0.222,5,0.078,193.0,155.0,174.0,536.0,2.0,2.0009297538190167,276,188,279,194,373,198,393,383,404,322,188,397,440,197,200,209,204,320,41,88,38,50,43,0,6,14,3,9,12,0.25,0.75,1,10,10,2,11,0.091,0.909,0.909,0.182,1630811,Keaton Wallace,0.2168831615120275,0.09163573883161512,1102.2
1631099,Keegan Murray,Keegan,1610612758,SAC,25.0,23,5,18,0.217,793.0966666666667,118.4,99,0.122,0.198,24,0.167,36,0.375,237.0,278.0,243.0,892.0,1.26,1.2609292379237165,436,474,225,517,328,488,315,272,247,322,376,104,84,222,279,250,274,388,23,179,131,48,51,1,8,18,6,7,13,0.462,0.538,4,13,17,13,17,0.235,0.765,1.0,0.765,1631099,Keegan Murray,0.3590254777070064,0.10285987261146498,1605.7
1642276,Kel'el Ware,Kel'el,1610612748,MIA,22.0,77,39,38,0.506,1703.8216666666667,114.1,477,0.247,0.388,59,0.197,84,0.475,610.0,593.0,550.0,1806.0,4.87,4.8659688889406,37,118,491,302,132,345,10,16,15,120,282,18,51,448,495,466,462,142,76,480,354,126,108,0,58,133,17,18,35,0.486,0.514,21,92,111,96,113,0.186,0.814,0.982,0.85,1642276,Kel'el Ware,0.307616,0.10470933333333333,3633.6
1629640,Keldon Johnson,Keldon,1610612759,SAS,26.0,82,62,20,0.756,1911.4666666666667,108.2,303,0.143,0.215,46,0.156,11,0.051,588.0,565.0,503.0,1820.0,8.66,8.660865362435835,1,1,251,43,94,107,58,183,209,196,418,284,493,432,474,435,464,29,82,239,141,98,91,1,19,42,15,22,37,0.405,0.595,33,37,70,46,70,0.471,0.529,1.0,0.657,1629640,Keldon Johnson,0.2972093596059113,0.12766502463054188,3916.4
203482,Kelly Olynyk,Kelly,1610612759,SAS,35.0,42,33,9,0.786,360.2133333333333,111.1,52,0.138,0.197,15,0.259,3,0.143,126.0,98.0,90.0,344.0,1.31,1.307937114353266,348,175,116,29,419,211,397,205,255,393,113,442,294,148,142,138,151,383,36,83,39,44,31,3,23,60,2,2,4,0.5,0.5,4,8,12,7,12,0.333,0.667,1.0,0.583,203482,Kelly Olynyk,0.2431818181818182,0.09999545454545454,710.0
1626162,Kelly Oubre Jr.,Kelly,1610612755,PHI,30.0,50,27,23,0.54,1574.3116666666667,117.2,202,0.121,0.197,68,0.233,24,0.145,562.0,607.0,615.0,1636.0,3.04,3.0441261304186353,297,225,289,266,150,456,149,276,254,80,164,173,292,414,504,502,429,252,50,176,92,84,212,0,13,34,11,17,28,0.393,0.607,2,17,19,15,19,0.105,0.895,1.0,0.789,1626162,Kelly Oubre Jr.,0.31300986842105266,0.1492796052631579,3208.5
1631113,Kennedy Chandler,Kennedy,1610612762,UTA,23.0,11,1,10,0.091,355.2266666666667,122.6,31,0.085,0.138,11,0.155,2,0.063,152.0,130.0,169.0,510.0,0.15,0.1471430253062015,492,549,129,564,422,550,441,450,439,415,421,469,472,166,173,205,198,527,11,36,13,23,28,1,1,3,4,2,6,0.667,0.333,0,0,0,0,0,0.0,0.0,0.0,0.0,1631113,Kennedy Chandler,0.24329906542056076,0.07320560747663551,786.2
1629026,Kenrich Williams,Kenrich,1610612760,OKC,31.0,56,41,15,0.732,855.1633333333333,109.5,128,0.143,0.23,31,0.203,5,0.06,255.0,273.0,210.0,808.0,3.54,3.5357192319385473,247,97,187,64,316,137,257,182,173,279,262,397,480,231,274,233,255,224,53,110,54,56,74,6,38,88,6,5,11,0.545,0.455,11,16,27,16,27,0.407,0.593,1.0,0.593,1629026,Kenrich Williams,0.23683018867924527,0.11530503144654089,1733.3
203484,Kentavious Caldwell-Pope,Kentavious,1610612763,MEM,33.0,51,20,31,0.392,1087.5583333333334,115.3,105,0.094,0.148,43,0.211,8,0.074,431.0,389.0,334.0,1210.0,2.7,2.69761780698088,291,302,412,391,263,398,295,405,401,214,227,341,447,333,356,315,348,278,51,60,24,36,69,0,3,8,13,9,22,0.591,0.409,2,6,8,4,8,0.25,0.75,1.0,0.5,203484,Kentavious Caldwell-Pope,0.25158223684210523,0.10636184210526317,2231.6
1631165,Keon Ellis,Keon,1610612739,CLE,26.0,72,31,41,0.431,1478.638333333333,115.4,97,0.066,0.107,83,0.317,46,0.317,501.0,506.0,383.0,1526.0,3.6,3.603536560751976,84,188,515,368,167,403,317,541,538,48,46,71,113,380,431,347,412,218,70,205,95,110,194,0,24,51,11,17,28,0.393,0.607,1,3,4,2,4,0.25,0.75,1.0,0.5,1631165,Keon Ellis,0.3285675675675676,0.14436216216216216,2996.3
1642352,Keshad Johnson,Keshad,1610612748,MIA,25.0,32,16,16,0.5,279.52166666666665,109.3,36,0.12,0.18,15,0.268,8,0.348,100.0,76.0,67.0,284.0,1.22,1.217439089233674,400,348,202,303,443,134,433,278,298,393,97,341,92,133,126,118,139,391,24,54,39,15,22,0,9,21,4,0,4,1.0,0.0,1,9,10,5,10,0.1,0.9,1.0,0.5,1642352,Keshad Johnson,0.16675324675324676,0.04924675324675325,584.8
1642933,Keshon Gilbert,Keshon,1610612737,ATL,23.0,4,0,4,0.0,73.78333333333333,141.3,3,0.046,0.091,3,0.333,4,0.444,45.0,40.0,38.0,118.0,-0.36,-0.3564843395955729,551,567,54,567,517,577,547,563,553,500,32,418,63,84,91,86,86,580,4,10,8,2,6,0,0,0,1,2,3,0.333,0.667,0,0,0,0,0,0.0,0.0,0.0,0.0,1642933,Keshon Gilbert,0.2661290322580645,0.14516129032258066,149.7
201142,Kevin Durant,Kevin,1610612745,HOU,37.0,78,48,30,0.615,2839.8233333333333,112.4,385,0.131,0.198,62,0.128,71,0.205,1137.0,884.0,914.0,2926.0,9.39,9.39077516932934,28,41,395,163,2,266,30,233,250,103,493,27,219,581,580,580,581,15,78,452,239,213,120,0,36,80,18,23,41,0.439,0.561,0,25,25,15,25,0.0,1.0,1.0,0.6,201142,Kevin Durant,0.3079509043927649,0.1748888888888889,5621.0
1628989,Kevin Huerter,Kevin,1610612765,DET,27.0,69,40,29,0.58,1549.0766666666666,110.8,206,0.125,0.185,63,0.239,33,0.177,532.0,476.0,418.0,1638.0,5.94,5.94099195621721,118,110,379,200,157,199,145,260,287,99,151,119,245,396,413,379,431,93,69,258,138,120,118,1,22,49,7,12,19,0.368,0.632,1,22,23,14,23,0.043,0.957,1.0,0.609,1628989,Kevin Huerter,0.33043977591036416,0.12635854341736694,3194.7
201567,Kevin Love,Kevin,1610612762,UTA,37.0,37,10,27,0.27,612.8,122.5,160,0.256,0.393,14,0.152,9,0.205,270.0,190.0,240.0,676.0,0.25,0.2475858693058631,377,411,352,472,361,548,206,11,12,399,435,315,221,240,225,249,234,502,36,74,39,35,31,3,43,100,7,12,19,0.368,0.632,17,40,55,38,57,0.298,0.702,0.965,0.667,201567,Kevin Love,0.2989662447257384,0.0739029535864979,1276.3
1641755,Kevin McCullar Jr.,Kevin,1610612752,NYK,25.0,21,11,10,0.524,154.99333333333334,110.9,17,0.099,0.165,9,0.321,0,0.0,56.0,44.0,45.0,158.0,0.6,0.6037466134772566,444,406,129,284,481,203,487,373,347,436,45,524,524,95,97,98,99,456,13,24,14,10,20,1,2,5,2,2,4,0.5,0.5,0,0,0,0,0,0.0,0.0,0.0,0.0,1641755,Kevin McCullar Jr.,0.16576785714285713,0.07142857142857142,319.5
1629645,Kevin Porter Jr.,Kevin,1610612749,MIL,26.0,38,18,20,0.474,1261.015,116.1,164,0.123,0.188,83,0.43,19,0.171,431.0,371.0,418.0,1128.0,2.82,2.822658542366199,370,325,251,342,221,432,199,266,276,48,13,217,256,333,344,379,323,270,38,190,103,87,142,0,3,6,14,25,39,0.359,0.641,3,8,11,6,11,0.273,0.727,1.0,0.545,1629645,Kevin Porter Jr.,0.359996138996139,0.18662162162162163,2529.5
1626172,Kevon Looney,Kevon,1610612740,NOP,30.0,21,3,18,0.143,307.4866666666667,115.7,70,0.214,0.323,9,0.167,10,0.345,110.0,116.0,93.0,294.0,0.73,0.7251764658882371,444,503,225,553,433,416,358,43,41,436,376,300,94,139,163,142,141,438,21,105,62,43,22,0,44,107,3,1,4,0.75,0.25,10,18,28,18,28,0.357,0.643,1.0,0.643,1626172,Kevon Looney,0.2650705128205128,0.11751923076923076,635.0
1641718,Keyonte George,Keyonte,1610612762,UTA,22.0,54,16,38,0.296,1786.1083333333331,123.6,176,0.096,0.149,58,0.212,14,0.103,737.0,582.0,694.0,1940.0,0.16,0.1628687381921907,266,348,491,448,115,555,183,388,397,123,224,261,384,512,486,530,485,524,53,172,66,106,94,2,25,58,14,17,31,0.452,0.548,1,19,20,8,20,0.05,0.95,1.0,0.4,1641718,Keyonte George,0.3871614906832298,0.139416149068323,3740.3
1642863,Khaman Maluach,Khaman,1610612756,PHX,19.0,46,22,24,0.478,411.025,103.5,84,0.198,0.3,5,0.069,33,0.611,146.0,110.0,132.0,358.0,2.34,2.343335555742718,324,277,309,339,404,40,338,61,66,474,557,119,12,163,156,174,156,297,43,164,121,43,12,0,46,113,2,2,4,0.5,0.5,9,17,26,18,26,0.346,0.654,1.0,0.692,1642863,Khaman Maluach,0.22069955156950674,0.07417937219730943,794.4
203114,Khris Middleton,Khris,1610612742,DAL,34.0,63,18,45,0.286,1439.0866666666666,121.1,180,0.118,0.184,41,0.179,9,0.055,507.0,480.0,452.0,1624.0,1.18,1.1765618212136932,194,325,541,454,181,532,177,293,288,227,331,315,487,383,417,407,426,395,62,154,75,79,99,5,16,38,13,8,21,0.619,0.381,6,30,35,24,36,0.167,0.833,0.972,0.667,203114,Khris Middleton,0.3106548387096774,0.14360322580645163,3015.1
1630165,Killian Hayes,Killian,1610612758,SAC,24.0,23,10,13,0.435,405.52666666666664,110.6,50,0.117,0.176,21,0.313,4,0.095,153.0,134.0,115.0,382.0,1.55,1.5465069393728337,436,411,165,365,407,181,400,298,316,344,49,418,404,167,178,163,162,361,22,53,24,29,44,1,5,12,5,2,7,0.714,0.286,0,2,2,1,2,0.0,1.0,1.0,0.5,1630165,Killian Hayes,0.20592349726775955,0.10850819672131147,823.4
202691,Klay Thompson,Klay,1610612742,DAL,36.0,69,21,48,0.304,1496.83,111.0,125,0.074,0.115,33,0.146,22,0.119,535.0,487.0,559.0,1780.0,5.68,5.681260856576254,118,292,552,444,165,206,265,513,516,272,449,191,349,398,423,469,459,104,66,149,86,63,45,0,19,40,4,11,15,0.267,0.733,0,7,7,2,7,0.0,1.0,1.0,0.286,202691,Klay Thompson,0.26145821325648416,0.09533717579250721,3191.2
1641738,Kobe Brown,Kobe,1610612754,IND,26.0,61,17,44,0.279,962.3766666666668,119.0,117,0.119,0.194,23,0.151,12,0.146,434.0,273.0,310.0,1052.0,1.35,1.352816601218434,210,334,533,464,289,498,277,285,260,327,436,277,290,336,274,303,305,377,50,122,75,47,44,3,13,29,7,9,16,0.438,0.563,9,18,26,21,27,0.333,0.667,0.963,0.778,1641738,Kobe Brown,0.2561076923076923,0.1305107692307692,1957.9
1641723,Kobe Bufkin,Kobe,1610612747,LAL,22.0,16,10,6,0.625,119.48333333333332,127.9,12,0.102,0.174,2,0.133,3,0.231,41.0,46.0,41.0,160.0,-0.13,-0.1349543499980702,461,411,83,153,496,568,499,360,322,516,478,442,192,80,100,92,100,570,9,17,12,5,4,1,0,0,0,0,0,0.0,0.0,0,1,1,0,1,0.0,1.0,1.0,0.0,1641723,Kobe Bufkin,0.16185576923076922,0.04807692307692308,246.9
1642920,Kobe Sanders,Kobe,1610612746,LAC,24.0,68,36,32,0.529,1351.4166666666667,112.9,124,0.088,0.138,49,0.209,10,0.081,464.0,361.0,438.0,1372.0,4.3,4.302038108406234,135,151,424,276,203,285,267,438,442,182,233,300,432,356,337,395,379,178,66,207,131,76,94,1,16,38,10,17,27,0.37,0.63,1,25,24,7,26,0.038,0.962,0.96,0.28,1642920,Kobe Sanders,0.2550368421052632,0.0958842105263158,2713.2
1642886,Koby Brea,Koby,1610612756,PHX,23.0,12,5,7,0.417,83.86666666666666,106.0,7,0.088,0.135,1,0.077,0,0.0,48.0,26.0,35.0,90.0,0.42,0.4164094134164117,485,474,99,374,513,64,525,441,453,540,551,524,524,86,64,79,76,478,8,10,4,6,4,0,1,2,0,0,0,0.0,0.0,0,0,0,0,0,0.0,0.0,0.0,0.0,1642886,Koby Brea,0.13936206896551726,0.05746551724137931,162.6
1642851,Kon Knueppel,Kon,1610612766,CHA,20.0,81,44,37,0.543,2550.7466666666664,113.0,335,0.128,0.186,57,0.157,19,0.08,949.0,730.0,850.0,2716.0,8.09,8.08622993316441,19,67,482,261,17,293,45,243,279,130,415,217,437,573,554,572,571,44,81,436,295,141,144,3,37,85,34,21,55,0.618,0.382,4,33,36,12,37,0.108,0.892,0.973,0.324,1642851,Kon Knueppel,0.33061265822784813,0.14105316455696204,5140.4
1627739,Kris Dunn,Kris,1610612746,LAC,32.0,82,42,40,0.512,2230.0,114.1,213,0.097,0.151,131,0.292,14,0.072,833.0,685.0,679.0,2196.0,6.3,6.30424774420868,1,87,508,293,51,351,136,386,393,4,68,261,453,545,536,526,527,84,82,263,108,155,296,0,45,106,14,25,39,0.359,0.641,2,13,15,8,15,0.133,0.867,1.0,0.533,1627739,Kris Dunn,0.31472654155495977,0.1617024128686327,4453.1
1631200,Kris Murray,Kris,1610612757,POR,25.0,57,28,29,0.491,1333.21,109.1,116,0.084,0.13,51,0.208,22,0.152,567.0,379.0,413.0,1410.0,5.66,5.660165444435879,235,216,379,329,207,132,280,461,473,168,235,191,281,416,349,374,387,106,56,192,143,49,100,2,19,43,11,16,27,0.407,0.593,19,26,44,22,45,0.422,0.578,0.978,0.489,1631200,Kris Murray,0.240878125,0.07948125,2715.7
204001,Kristaps Porziņģis,Kristaps,1610612744,GSW,30.0,32,13,19,0.406,768.8916666666667,110.8,127,0.158,0.235,18,0.129,38,0.437,265.0,227.0,259.0,784.0,2.97,2.9706531647099568,400,384,236,381,331,200,260,140,157,364,487,97,66,236,245,262,244,256,32,302,225,77,44,0,46,104,8,3,11,0.727,0.273,8,34,42,25,42,0.19,0.81,1.0,0.595,204001,Kristaps Porziņģis,0.3003954545454546,0.11621363636363637,1589.8
203937,Kyle Anderson,Kyle,1610612750,MIN,32.0,43,15,28,0.349,853.2366666666667,111.6,108,0.121,0.209,45,0.245,26,0.286,323.0,304.0,248.0,880.0,3.07,3.0701301911839085,342,365,364,410,317,230,293,277,223,200,142,157,134,276,297,256,273,250,43,152,90,62,108,0,69,161,3,2,5,0.6,0.4,3,21,24,16,24,0.125,0.875,1.0,0.667,203937,Kyle Anderson,0.2901003717472119,0.08333085501858736,1777.9
1642271,Kyle Filipowski,Kyle,1610612762,UTA,22.0,77,21,56,0.273,1800.9433333333334,120.4,408,0.225,0.351,73,0.22,39,0.291,697.0,601.0,671.0,1958.0,1.85,1.8471252266331677,37,292,574,470,114,519,23,32,26,69,196,93,133,490,500,521,490,331,76,445,259,186,129,3,112,260,22,7,29,0.759,0.241,18,61,79,63,79,0.228,0.772,1.0,0.797,1642271,Kyle Filipowski,0.3739521410579345,0.17931486146095718,3771.0
1628398,Kyle Kuzma,Kyle,1610612749,MIL,30.0,69,31,38,0.449,1805.7416666666663,116.8,256,0.134,0.21,46,0.167,28,0.189,660.0,575.0,582.0,1748.0,3.77,3.772473832699484,118,188,491,359,113,448,89,224,222,196,376,140,233,477,481,483,450,205,68,250,155,95,55,3,32,74,6,8,14,0.429,0.571,8,34,42,25,42,0.19,0.81,1.0,0.595,1628398,Kyle Kuzma,0.3083140495867769,0.14566391184573002,3685.7
200768,Kyle Lowry,Kyle,1610612755,PHI,40.0,14,9,5,0.643,118.04,116.5,9,0.065,0.117,2,0.083,2,0.111,44.0,54.0,35.0,114.0,0.26,0.2592251413439713,472,432,75,136,497,437,512,545,512,516,545,469,368,81,107,79,84,501,9,7,4,3,3,0,4,10,0,0,0,0.0,0.0,0,1,1,0,1,0.0,1.0,1.0,0.0,200768,Kyle Lowry,0.15647777777777777,0.05555555555555555,248.8
1642273,Kyshawn George,Kyshawn,1610612764,WAS,22.0,48,10,38,0.208,1390.9633333333334,119.7,202,0.135,0.216,48,0.214,43,0.251,542.0,510.0,446.0,1448.0,1.69,1.686966381942696,310,411,491,521,192,510,149,216,208,187,217,78,169,406,433,402,395,345,48,323,185,138,120,6,27,65,11,15,26,0.423,0.577,4,30,33,12,34,0.118,0.882,0.971,0.353,1642273,Kyshawn George,0.35061237785016286,0.17386644951140065,2913.4
1643018,LJ Cryer,LJ,1610612744,GSW,24.0,18,6,12,0.333,292.14666666666665,109.6,24,0.084,0.131,3,0.056,0,0.0,111.0,87.0,71.0,266.0,1.16,1.1647166508868263,456,461,152,419,437,139,461,465,471,500,562,524,524,140,131,124,131,398,15,15,6,9,7,0,3,6,0,3,3,0.0,1.0,0,1,1,0,1,0.0,1.0,1.0,0.0,1643018,LJ Cryer,0.22812837837837838,0.10079054054054054,563.9
1630163,LaMelo Ball,LaMelo,1610612766,CHA,24.0,72,41,31,0.569,2017.4466666666667,114.1,282,0.14,0.204,87,0.29,18,0.092,706.0,607.0,653.0,2106.0,5.72,5.718740204029389,84,97,412,218,75,353,71,197,234,38,70,224,408,495,504,513,510,101,69,136,75,61,144,0,22,53,16,24,40,0.4,0.6,1,22,22,13,23,0.043,0.957,1.0,0.591,1630163,LaMelo Ball,0.31379291553133515,0.14105722070844687,4032.0
1642950,Lachlan Olbrich,Lachlan,1610612741,CHI,22.0,37,9,28,0.243,344.2216666666667,106.7,67,0.174,0.266,12,0.203,8,0.25,120.0,128.0,117.0,362.0,1.72,1.7172433609418725,377,432,364,498,428,83,366,104,110,410,256,341,170,146,172,165,157,342,33,97,69,28,25,3,33,77,6,0,6,1.0,0.0,9,23,31,14,32,0.281,0.719,0.969,0.438,1642950,Lachlan Olbrich,0.22685786802030458,0.06768020304568528,715.2
1629013,Landry Shamet,Landry,1610612752,NYK,29.0,51,35,16,0.686,1171.055,107.0,69,0.058,0.086,31,0.153,9,0.095,337.0,312.0,300.0,1010.0,5.73,5.728592832733751,291,162,202,90,243,86,360,553,557,279,428,315,406,286,306,295,296,100,50,189,103,86,76,2,19,44,3,6,9,0.333,0.667,1,19,19,3,20,0.05,0.95,0.95,0.15,1629013,Landry Shamet,0.25701510574018127,0.1456978851963746,2319.5
1626204,Larry Nance Jr.,Larry,1610612739,CLE,33.0,35,25,10,0.714,448.77,111.1,64,0.143,0.22,21,0.25,6,0.14,162.0,113.0,146.0,400.0,1.64,1.6423241883397712,390,243,129,75,396,217,372,185,198,344,128,375,299,175,159,188,168,350,33,53,32,21,51,3,25,57,5,3,8,0.625,0.375,4,11,15,7,15,0.267,0.733,1.0,0.467,1626204,Larry Nance Jr.,0.22601754385964914,0.10745175438596491,924.8
1628374,Lauri Markkanen,Lauri,1610612762,UTA,29.0,42,17,25,0.405,1442.5966666666666,115.2,205,0.134,0.201,42,0.167,21,0.189,597.0,442.0,455.0,1432.0,3.63,3.6324430474206233,348,334,326,383,180,393,146,226,239,219,376,197,233,438,394,409,391,215,42,253,182,71,72,0,50,122,7,11,18,0.389,0.611,5,26,31,21,31,0.161,0.839,1.0,0.677,1628374,Lauri Markkanen,0.26661937716262973,0.1130311418685121,3027.6
1643133,Lawson Lovering,Lawson,1610612763,MEM,23.0,2,1,1,0.5,49.265,110.6,9,0.188,0.29,3,0.214,1,0.125,20.0,10.0,23.0,62.0,0.2,0.2018875949439653,572,549,4,303,536,183,512,79,81,500,217,493,331,46,26,57,56,511,2,12,12,0,4,0,8,17,1,1,2,0.5,0.5,0,3,3,2,3,0.0,1.0,1.0,0.667,1643133,Lawson Lovering,0.30478947368421055,0.0,105.4
2544,LeBron James,LeBron,1610612747,LAL,41.0,60,39,21,0.65,1989.055,112.4,321,0.16,0.246,72,0.204,35,0.174,729.0,593.0,600.0,2078.0,6.62,6.61604080931867,214,118,262,129,81,264,50,135,142,72,255,109,250,508,495,496,507,80,60,149,78,71,109,0,37,87,18,18,36,0.5,0.5,3,23,26,20,26,0.115,0.885,1.0,0.769,2544,LeBron James,0.32021098265895953,0.13896820809248556,4033.5
1641778,Leaky Black,Leaky,1610612764,WAS,27.0,15,1,14,0.067,433.07666666666665,119.5,60,0.14,0.217,18,0.254,8,0.229,208.0,133.0,175.0,524.0,0.56,0.5586787719362394,465,549,175,566,399,507,379,194,206,364,123,341,195,211,175,210,200,462,15,39,23,16,28,0,10,20,1,3,4,0.25,0.75,0,2,2,0,2,0.0,1.0,1.0,0.0,1641778,Leaky Black,0.28224561403508774,0.11403508771929824,918.2
1631159,Leonard Miller,Leonard,1610612741,CHI,22.0,46,18,28,0.391,718.6616666666666,114.1,127,0.158,0.241,17,0.132,15,0.221,316.0,279.0,231.0,806.0,2.07,2.0747099320084934,324,325,364,393,340,352,260,138,148,372,484,251,204,271,280,248,253,315,37,181,111,70,35,0,31,69,6,7,13,0.462,0.538,2,15,16,9,17,0.118,0.882,0.941,0.529,1631159,Leonard Miller,0.2659788732394366,0.12388028169014086,1543.8
1642862,Liam McNeeley,Liam,1610612766,CHA,20.0,31,12,19,0.387,367.52166666666665,109.9,60,0.167,0.246,5,0.096,3,0.136,142.0,107.0,103.0,354.0,1.49,1.4877801373143438,407,395,236,396,416,152,379,120,143,474,534,442,308,161,152,151,155,367,24,63,40,23,12,0,4,9,2,2,4,0.5,0.5,2,6,8,4,8,0.25,0.75,1.0,0.5,1642862,Liam McNeeley,0.1806822429906542,0.07399065420560748,728.7
1630322,Lindy Waters III,Lindy,1610612759,SAS,28.0,40,31,9,0.775,284.6766666666667,108.7,26,0.087,0.124,6,0.158,1,0.045,96.0,90.0,59.0,270.0,1.23,1.234495847990312,362,188,116,33,440,120,453,445,490,462,409,493,499,132,136,108,132,389,27,28,14,14,11,2,11,22,1,1,2,0.5,0.5,0,8,8,4,8,0.0,1.0,1.0,0.5,1630322,Lindy Waters III,0.15023474178403756,0.05868544600938967,574.3
1628366,Lonzo Ball,Lonzo,1610612739,CLE,28.0,35,19,16,0.543,727.7433333333333,109.7,114,0.148,0.238,45,0.3,9,0.117,279.0,188.0,250.0,664.0,3.05,3.053432255925262,390,316,202,262,338,144,285,167,151,200,61,315,352,247,223,258,231,251,35,96,47,49,77,0,20,49,8,13,21,0.381,0.619,6,12,18,15,18,0.333,0.667,1.0,0.833,1628366,Lonzo Ball,0.22561983471074382,0.10736776859504132,1516.1
1631351,Lucas Williamson,Lucas,1610612763,MEM,27.0,7,0,7,0.0,223.74,129.7,27,0.127,0.211,11,0.275,1,0.111,79.0,101.0,104.0,330.0,-0.39,-0.3869264030851581,518,567,99,567,458,572,450,249,218,415,86,493,368,118,145,153,149,581,6,17,6,11,25,0,0,0,2,0,2,1.0,0.0,0,5,5,3,5,0.0,1.0,1.0,0.6,1631351,Lucas Williamson,0.27001351351351355,0.10922972972972973,488.2
1629652,Luguentz Dort,Luguentz,1610612760,OKC,27.0,69,53,16,0.768,1848.7416666666663,108.2,189,0.094,0.147,62,0.176,27,0.126,541.0,591.0,463.0,1616.0,8.29,8.287146332912943,118,19,202,36,107,106,164,403,408,103,343,148,329,404,493,415,422,36,69,254,91,163,119,2,64,146,7,13,20,0.35,0.65,5,26,31,13,31,0.161,0.839,1.0,0.419,1629652,Luguentz Dort,0.2850782608695652,0.16773333333333335,3785.3
1629029,Luka Dončić,Luka,1610612747,LAL,27.0,64,43,21,0.672,2288.6016666666665,115.6,454,0.194,0.292,105,0.267,34,0.174,858.0,664.0,733.0,2452.0,5.5,5.498718962893385,180,75,262,103,37,414,12,66,79,14,100,113,249,549,529,544,553,115,64,317,148,169,196,14,5,10,16,22,38,0.421,0.579,1,17,17,13,18,0.056,0.944,1.0,0.765,1629029,Luka Dončić,0.390037037037037,0.17113390313390311,4723.5
1630568,Luka Garza,Luka,1610612738,BOS,27.0,69,47,22,0.681,1117.9083333333333,113.6,125,0.11,0.168,27,0.174,28,0.292,343.0,326.0,370.0,1004.0,3.37,3.368246339304214,118,44,279,96,259,317,265,325,333,300,352,140,132,288,313,339,294,236,68,298,232,66,92,5,171,399,17,3,20,0.85,0.15,47,72,119,62,119,0.395,0.605,1.0,0.521,1630568,Luka Garza,0.2971388888888889,0.12566666666666668,2178.0
1628379,Luke Kennard,Luke,1610612747,LAL,30.0,78,45,33,0.577,1680.4766666666667,113.7,150,0.086,0.133,55,0.188,8,0.05,621.0,517.0,562.0,1762.0,4.99,4.993002962777243,28,60,435,207,139,330,227,449,461,142,304,341,495,454,438,472,453,138,77,170,90,80,105,0,38,90,9,8,17,0.529,0.471,1,14,15,5,15,0.067,0.933,1.0,0.333,1628379,Luke Kennard,0.338912,0.13782133333333332,3443.7
1628436,Luke Kornet,Luke,1610612759,SAS,30.0,68,52,16,0.765,1430.08,110.5,233,0.147,0.218,32,0.157,65,0.565,423.0,411.0,428.0,1446.0,5.56,5.5591584251196595,135,24,202,38,183,177,112,168,205,276,416,36,22,329,374,388,394,110,68,652,510,142,58,4,237,532,6,6,12,0.5,0.5,43,51,94,74,94,0.457,0.543,1.0,0.787,1628436,Luke Kornet,0.32027493261455525,0.1449622641509434,2929.8
1631247,Luke Travers,Luke,1610612739,CLE,24.0,12,6,6,0.5,103.09166666666668,110.5,15,0.133,0.227,7,0.259,4,0.235,29.0,29.0,38.0,120.0,0.41,0.4142641716163999,485,461,83,303,501,179,491,230,182,454,111,418,190,69,74,86,88,479,10,17,13,4,11,0,2,5,2,1,3,0.667,0.333,0,0,0,0,0,0.0,0.0,0.0,0.0,1631247,Luke Travers,0.15294117647058825,0.058823529411764705,219.3
1630644,Mac McClung,Mac,1610612741,CHI,27.0,11,2,9,0.182,135.175,121.7,8,0.063,0.094,11,0.393,3,0.2,50.0,43.0,60.0,190.0,0.09,0.0911149289290202,492,526,116,540,492,539,520,549,551,415,16,442,224,88,96,110,112,538,9,18,11,7,12,0,1,3,0,2,2,0.0,1.0,0,0,0,0,0,0.0,0.0,0.0,0.0,1630644,Mac McClung,0.22708750000000003,0.06458749999999999,288.2
1641869,Malachi Smith,Malachi,1610612751,BKN,26.0,15,3,12,0.2,358.82,118.0,39,0.123,0.198,12,0.158,4,0.138,126.0,112.0,111.0,390.0,0.62,0.6176579739478405,465,503,152,526,420,481,426,267,248,410,409,418,303,148,158,158,167,453,15,42,23,19,25,1,3,9,1,1,2,0.5,0.5,0,1,1,0,1,0.0,1.0,1.0,0.0,1641869,Malachi Smith,0.3388256880733945,0.12385321100917432,669.8
1631103,Malaki Branham,Malaki,1610612764,WAS,23.0,28,7,21,0.25,275.47833333333335,111.3,32,0.113,0.182,10,0.233,3,0.083,124.0,103.0,96.0,308.0,0.98,0.9791792173771164,418,452,262,485,445,222,438,311,293,428,165,442,428,147,147,145,146,417,23,44,25,19,12,0,3,8,5,3,8,0.625,0.375,0,2,2,2,2,0.0,1.0,1.0,1.0,1631103,Malaki Branham,0.16983695652173914,0.042570652173913044,566.4
1642502,Malevy Leons,Malevy,1610612744,GSW,26.0,25,7,18,0.28,276.4716666666667,122.2,23,0.089,0.163,14,0.304,9,0.333,157.0,104.0,102.0,324.0,0.14,0.1396174700407122,429,452,225,461,444,543,463,430,350,399,56,315,100,172,149,149,148,530,22,61,41,20,25,0,7,18,3,2,5,0.6,0.4,1,9,10,5,10,0.1,0.9,1.0,0.5,1642502,Malevy Leons,0.21824999999999997,0.08432738095238095,551.8
1628370,Malik Monk,Malik,1610612758,SAC,28.0,62,18,44,0.29,1363.6433333333334,118.3,102,0.071,0.118,37,0.161,24,0.161,517.0,538.0,402.0,1472.0,2.23,2.227083769626947,201,325,533,451,200,486,307,525,506,250,400,173,267,385,452,363,399,300,60,159,88,71,80,1,20,43,13,11,24,0.542,0.458,1,4,4,0,5,0.2,0.8,1.0,0.0,1628370,Malik Monk,0.27963142857142853,0.10172285714285714,2795.3
1630699,MarJon Beauchamp,MarJon,1610612755,PHI,25.0,14,7,7,0.5,196.11166666666668,111.6,25,0.114,0.189,9,0.22,4,0.125,88.0,69.0,60.0,178.0,0.73,0.7259080447714934,472,452,99,303,467,229,458,309,270,436,198,418,331,125,121,110,107,438,11,24,10,14,17,0,3,7,1,3,4,0.25,0.75,0,0,0,0,0,0.0,0.0,0.0,0.0,1630699,MarJon Beauchamp,0.18065178571428572,0.05580357142857143,416.3
1631204,Marcus Sasser,Marcus,1610612765,DET,25.0,38,28,10,0.737,456.5033333333334,103.1,32,0.07,0.113,20,0.165,4,0.08,170.0,153.0,147.0,418.0,2.77,2.768704259663042,370,216,129,59,392,36,438,532,523,348,387,418,438,184,198,189,173,272,30,39,17,22,37,0,2,6,3,3,6,0.5,0.5,0,3,3,0,3,0.0,1.0,1.0,0.0,1631204,Marcus Sasser,0.16362557077625572,0.07229680365296803,931.8
203935,Marcus Smart,Marcus,1610612747,LAL,32.0,62,41,21,0.661,1768.9783333333332,110.6,136,0.077,0.114,87,0.259,23,0.15,619.0,500.0,525.0,1788.0,6.78,6.781531328027479,201,97,262,120,119,180,246,502,518,38,112,182,284,451,427,451,460,76,62,193,76,117,172,20,37,90,17,20,37,0.459,0.541,2,40,40,12,42,0.048,0.952,0.952,0.286,203935,Marcus Smart,0.2809039548022599,0.14574293785310735,3592.8
1641813,Mark Sears,Mark,1610612749,MIL,24.0,7,1,6,0.143,26.081666666666667,101.8,1,0.045,0.083,0,0.0,0,0.0,15.0,9.0,12.0,16.0,0.17,0.1719166339756199,518,549,83,553,559,27,567,565,561,564,564,524,524,34,24,33,14,522,4,4,2,2,2,0,0,0,1,0,1,1.0,0.0,0,0,0,0,0,0.0,0.0,0.0,0.0,1641813,Mark Sears,0.1111111111111111,0.05555555555555555,54.2
1631109,Mark Williams,Mark,1610612756,PHX,24.0,60,34,26,0.567,1416.05,113.3,292,0.201,0.321,55,0.191,55,0.5,571.0,516.0,455.0,1486.0,4.4,4.400997241423517,214,168,338,221,186,304,66,56,44,142,297,46,37,420,437,409,403,171,60,503,350,153,140,0,150,351,12,13,25,0.48,0.52,16,64,79,54,80,0.2,0.8,0.988,0.675,1631109,Mark Williams,0.3621938775510204,0.1186360544217687,2865.3
1628365,Markelle Fultz,Markelle,1610612761,TOR,28.0,5,3,2,0.6,35.766666666666666,130.6,1,0.025,0.036,2,0.5,0,0.0,28.0,12.0,21.0,48.0,-0.08,-0.0771866730016827,539,503,28,174,552,574,567,574,575,516,4,524,524,64,35,50,42,567,3,3,0,3,3,0,0,0,0,0,0,0.0,0.0,0,0,0,0,0,0.0,0.0,0.0,0.0,1628365,Markelle Fultz,0.23076923076923078,0.11538461538461539,81.4
1628963,Marvin Bagley III,Marvin,1610612742,DAL,27.0,60,16,44,0.267,1200.9033333333334,119.0,216,0.171,0.265,28,0.169,43,0.41,463.0,393.0,478.0,1304.0,1.7,1.704027817824166,214,348,533,476,231,499,131,110,113,298,370,78,72,355,359,422,366,343,60,361,249,112,57,7,177,416,13,9,22,0.591,0.409,28,46,74,58,74,0.378,0.622,1.0,0.784,1628963,Marvin Bagley III,0.29480124223602483,0.11939130434782609,2497.2
203486,Mason Plumlee,Mason,1610612759,SAS,36.0,20,10,10,0.5,171.48833333333334,116.5,36,0.224,0.298,10,0.357,0,0.0,94.0,49.0,37.0,184.0,0.37,0.3709753618591777,449,411,129,303,476,439,433,34,69,428,25,524,524,129,103,85,110,486,18,40,29,11,12,1,21,50,3,0,3,1.0,0.0,6,5,11,10,11,0.545,0.455,1.0,0.909,203486,Mason Plumlee,0.23677685950413221,0.07988429752066116,350.5
1641824,Matas Buzelis,Matas,1610612741,CHI,21.0,77,28,49,0.364,2248.2483333333334,116.9,371,0.152,0.224,55,0.162,116,0.443,881.0,706.0,730.0,2580.0,4.54,4.54249975378455,37,216,559,403,46,451,36,156,191,142,398,6,65,556,547,542,558,164,77,609,397,212,103,2,29,69,19,15,34,0.559,0.441,3,25,27,18,28,0.107,0.893,0.964,0.643,1641824,Matas Buzelis,0.3597204301075269,0.17270698924731182,4756.0
1629680,Matisse Thybulle,Matisse,1610612757,POR,29.0,30,17,13,0.567,479.65,99.8,42,0.087,0.14,60,0.476,16,0.211,198.0,136.0,109.0,466.0,3.36,3.3613158984676255,410,334,165,221,389,19,417,444,437,112,12,243,208,204,180,157,186,237,30,42,20,22,116,1,6,16,5,10,15,0.333,0.667,0,3,3,1,3,0.0,1.0,1.0,0.333,1629680,Matisse Thybulle,0.17126635514018693,0.05295794392523365,980.3
1631108,Max Christie,Max,1610612742,DAL,23.0,77,24,53,0.312,2244.48,115.2,234,0.097,0.146,47,0.138,27,0.116,797.0,686.0,756.0,2616.0,5.61,5.607690708917204,37,252,568,442,48,395,110,385,413,191,468,148,356,532,537,551,562,108,77,373,235,138,78,1,57,124,10,12,22,0.455,0.545,0,13,13,5,13,0.0,1.0,1.0,0.385,1631108,Max Christie,0.32297275204359677,0.12739782016348775,4690.2
1642917,Max Shulga,Max,1610612738,BOS,24.0,11,8,3,0.727,36.275,100.0,3,0.083,0.143,1,0.111,0,0.0,18.0,11.0,24.0,34.0,0.28,0.2798229715159781,492,440,44,68,551,20,547,467,420,540,524,524,524,42,30,59,31,498,5,5,3,2,1,0,2,5,0,0,0,0.0,0.0,0,0,0,0,0,0.0,0.0,0.0,0.0,1642917,Max Shulga,0.05415,0.008325,79.8
1629622,Max Strus,Max,1610612739,CLE,30.0,12,9,3,0.75,288.295,117.3,56,0.18,0.271,3,0.081,0,0.0,111.0,91.0,91.0,270.0,0.56,0.5618499509832178,485,432,44,46,438,462,390,95,104,500,548,524,524,140,137,140,132,462,12,37,18,19,9,1,12,27,1,1,2,0.5,0.5,0,4,4,0,4,0.0,1.0,1.0,0.0,1629622,Max Strus,0.36107920792079207,0.16913861386138612,603.0
1628467,Maxi Kleber,Maxi,1610612747,LAL,34.0,43,20,23,0.465,461.01,110.3,48,0.107,0.155,18,0.209,11,0.275,191.0,133.0,151.0,488.0,1.81,1.8086733152893997,342,302,289,348,391,170,407,343,376,364,230,284,148,195,175,197,193,333,40,139,100,39,25,1,55,128,4,2,6,0.667,0.333,8,20,27,11,28,0.286,0.714,0.964,0.393,1628467,Maxi Kleber,0.2585355648535565,0.10118410041841004,931.8
1642875,Maxime Raynaud,Maxime,1610612758,SAC,23.0,74,21,53,0.284,1963.88,121.3,414,0.211,0.322,38,0.128,39,0.21,711.0,637.0,677.0,2252.0,1.52,1.515450623492755,70,292,568,459,86,535,20,44,43,246,492,93,211,498,520,524,532,364,74,556,374,182,77,0,210,469,11,14,25,0.44,0.56,32,65,97,76,97,0.33,0.67,1.0,0.784,1642875,Maxime Raynaud,0.33950125313283214,0.16621303258145365,4039.8
1642877,Micah Peavy,Micah,1610612740,NOP,24.0,61,17,44,0.279,912.935,114.5,71,0.073,0.12,43,0.238,9,0.09,349.0,330.0,295.0,926.0,2.5,2.503709051485809,210,334,533,464,296,364,354,519,504,214,154,315,413,291,316,291,284,288,51,103,60,43,78,1,11,27,8,7,15,0.533,0.467,3,12,14,8,15,0.2,0.8,1.0,0.571,1642877,Micah Peavy,0.2215353846153846,0.08666461538461538,1892.3
1630695,Micah Potter,Micah,1610612754,IND,28.0,47,11,36,0.234,908.3166666666668,114.8,175,0.193,0.293,22,0.148,15,0.3,353.0,268.0,262.0,1116.0,2.43,2.432652228317707,320,406,472,504,298,381,186,70,77,334,443,251,123,295,265,263,321,292,46,297,215,82,46,0,71,162,4,5,9,0.444,0.556,9,43,51,33,52,0.173,0.827,0.981,0.635,1630695,Micah Potter,0.3369667774086379,0.10631229235880399,1918.6
1629008,Michael Porter Jr.,Michael,1610612751,BKN,28.0,52,14,38,0.269,1688.6033333333332,119.6,298,0.188,0.292,55,0.217,13,0.086,625.0,521.0,632.0,1932.0,2.12,2.1173328145044494,286,374,491,473,137,509,62,78,80,142,209,272,425,458,441,509,481,307,52,162,96,66,97,0,37,82,16,15,31,0.516,0.484,15,20,35,29,35,0.429,0.571,1.0,0.829,1629008,Michael Porter Jr.,0.3530096153846154,0.12848397435897438,3343.8
1628969,Mikal Bridges,Mikal,1610612752,NYK,29.0,82,53,29,0.646,2691.935,112.0,233,0.085,0.126,107,0.242,62,0.282,964.0,762.0,828.0,2492.0,9.25,9.249261816323026,1,19,379,132,6,252,112,459,482,11,147,39,142,576,566,569,555,17,81,429,277,152,183,1,23,50,18,21,39,0.462,0.538,0,43,43,9,43,0.0,1.0,1.0,0.209,1628969,Mikal Bridges,0.32979634464751956,0.13862924281984335,5399.5
201144,Mike Conley,Mike,1610612750,MIN,38.0,54,33,21,0.611,991.2983333333332,112.1,75,0.074,0.113,35,0.192,14,0.131,324.0,261.0,301.0,1090.0,3.38,3.375310386160195,266,175,262,165,280,254,350,516,526,259,294,261,318,277,258,296,316,235,52,112,62,50,69,0,17,41,9,11,20,0.45,0.55,0,8,8,4,8,0.0,1.0,1.0,0.5,201144,Mike Conley,0.28241721854304636,0.12151986754966887,2043.5
1628970,Miles Bridges,Miles,1610612766,CHA,28.0,77,42,35,0.545,2387.2316666666666,114.8,375,0.155,0.228,46,0.136,34,0.152,848.0,690.0,778.0,2608.0,6.29,6.2867287388825925,37,87,459,258,26,376,35,150,179,196,473,113,278,547,541,561,560,85,77,456,250,206,99,0,48,123,26,14,40,0.65,0.35,5,38,43,23,43,0.116,0.884,1.0,0.535,1628970,Miles Bridges,0.2926984126984127,0.14663756613756615,4785.6
1642939,Miles Kelly,Miles,1610612742,DAL,23.0,14,7,7,0.5,133.72333333333333,106.5,19,0.127,0.181,4,0.2,1,0.048,63.0,54.0,57.0,142.0,0.68,0.6827766965252547,472,452,99,303,493,75,479,252,296,485,266,493,496,105,107,107,93,444,10,12,9,3,7,0,1,2,3,1,4,0.75,0.25,0,3,3,2,3,0.0,1.0,1.0,0.667,1642939,Miles Kelly,0.16978666666666667,0.04666666666666667,285.59999999999997
1630540,Miles McBride,Miles,1610612752,NYK,25.0,41,25,16,0.61,1080.035,110.4,76,0.068,0.104,35,0.184,9,0.107,312.0,304.0,299.0,956.0,4.17,4.168162140747487,356,243,202,168,266,175,348,535,543,259,316,315,378,265,297,294,286,181,41,174,103,71,75,0,19,44,11,9,20,0.55,0.45,0,12,11,1,12,0.0,1.0,0.917,0.083,1630540,Miles McBride,0.28179927007299266,0.1236094890510949,2129.3
1629011,Mitchell Robinson,Mitchell,1610612752,NYK,28.0,60,40,20,0.667,1174.5016666666668,109.9,273,0.227,0.347,56,0.267,70,0.598,403.0,306.0,354.0,1038.0,4.73,4.727306978754239,214,110,251,106,241,155,77,29,31,137,102,29,16,320,301,329,302,153,60,259,161,98,127,0,146,332,20,12,32,0.625,0.375,84,74,157,127,158,0.532,0.468,0.994,0.804,1629011,Mitchell Robinson,0.27852411575562697,0.1227234726688103,2301.6
1628964,Mo Bamba,Mo,1610612762,UTA,28.0,4,3,1,0.75,43.8,114.4,12,0.226,0.414,0,0.0,3,0.5,27.0,14.0,18.0,30.0,0.11,0.112675916809555,551,503,4,46,539,362,499,30,8,564,564,442,37,60,42,46,25,536,4,20,11,9,1,0,1,2,0,2,2,0.0,1.0,1,2,3,3,3,0.333,0.667,1.0,1.0,1628964,Mo Bamba,0.207,0.12096774193548387,87.4
1642885,Mohamed Diawara,Mohamed,1610612752,NYK,21.0,69,42,27,0.609,634.1516666666666,106.7,79,0.125,0.18,17,0.16,6,0.115,204.0,180.0,162.0,564.0,3.19,3.1850866835462575,118,87,352,169,356,81,344,256,300,372,402,375,359,208,217,201,208,247,46,72,44,28,28,0,9,20,3,2,5,0.6,0.4,2,9,11,2,11,0.182,0.818,1.0,0.182,1642885,Mohamed Diawara,0.18552307692307693,0.07184615384615385,1260.8
1628420,Monte Morris,Monte,1610612754,IND,31.0,6,0,6,0.0,64.61666666666666,104.2,6,0.08,0.133,1,0.091,1,0.077,29.0,26.0,15.0,76.0,0.38,0.3780462390737556,527,567,83,567,525,46,528,487,458,540,537,493,443,69,64,41,64,483,5,8,3,5,5,0,0,0,1,0,1,1.0,0.0,0,0,0,0,0,0.0,0.0,0.0,0.0,1628420,Monte Morris,0.1470392156862745,0.00980392156862745,135.7
1629021,Moritz Wagner,Moritz,1610612753,ORL,29.0,36,21,15,0.583,426.595,117.2,88,0.207,0.322,15,0.217,2,0.063,163.0,104.0,134.0,470.0,0.83,0.8284705300422083,384,292,187,195,401,458,333,47,42,393,209,469,472,178,149,179,188,426,35,68,47,21,38,5,29,67,5,7,12,0.417,0.583,7,16,23,17,23,0.304,0.696,1.0,0.739,1629021,Moritz Wagner,0.25470967741935485,0.11904608294930875,863.5
1630541,Moses Moody,Moses,1610612744,GSW,24.0,60,30,30,0.5,1539.8983333333333,108.9,149,0.092,0.142,58,0.195,34,0.246,627.0,490.0,527.0,1604.0,6.74,6.735353388123421,214,196,395,303,158,124,230,420,430,123,286,113,179,460,425,453,421,77,59,216,140,76,145,3,11,26,20,23,43,0.465,0.535,1,28,29,10,29,0.034,0.966,1.0,0.345,1630541,Moses Moody,0.30178635014836797,0.12343323442136499,3173.0
1631338,Mouhamadou Gueye,Mouhamadou,1610612741,CHI,27.0,2,0,2,0.0,45.44166666666667,129.3,4,0.078,0.143,2,0.25,1,0.25,17.0,25.0,15.0,60.0,-0.07,-0.0695033033940938,572,567,28,567,538,571,542,493,420,516,128,493,170,39,61,41,54,566,2,9,4,5,3,0,6,13,0,0,0,0.0,0.0,0,0,0,0,0,0.0,0.0,0.0,0.0,1631338,Mouhamadou Gueye,0.3412857142857143,0.14285714285714285,92.6
1631243,Mouhamed Gueye,Mouhamed,1610612737,ATL,23.0,77,44,33,0.571,1178.8366666666666,110.1,186,0.151,0.243,61,0.252,39,0.339,408.0,393.0,358.0,1168.0,4.64,4.643581032896801,37,67,435,210,237,165,167,160,146,108,125,93,97,323,359,331,333,160,76,274,169,105,139,2,58,139,12,13,25,0.48,0.52,15,49,64,37,64,0.234,0.766,1.0,0.578,1631243,Mouhamed Gueye,0.26149,0.10729,2429.3
1630619,Moussa Cisse,Moussa,1610612742,DAL,23.0,38,11,27,0.289,529.58,110.7,127,0.215,0.336,19,0.198,45,0.608,190.0,197.0,189.0,608.0,2.03,2.0313228283643774,370,406,352,452,374,188,260,41,35,358,275,73,13,194,228,222,218,318,37,194,149,45,46,0,69,164,11,5,16,0.688,0.313,18,34,52,37,52,0.346,0.654,1.0,0.712,1630619,Moussa Cisse,0.2432280701754386,0.07360964912280703,1103.0
1631217,Moussa Diabaté,Moussa,1610612766,CHA,24.0,73,40,33,0.548,1898.9566666666667,111.5,362,0.191,0.285,56,0.197,72,0.465,709.0,539.0,564.0,1988.0,6.79,6.785832146934412,78,110,435,253,97,228,38,73,85,137,280,26,55,496,453,473,494,75,73,560,379,181,97,0,215,512,28,10,38,0.737,0.263,102,77,175,119,179,0.57,0.43,0.978,0.665,1631217,Moussa Diabaté,0.340468253968254,0.15152645502645504,3757.7
1626167,Myles Turner,Myles,1610612749,MIL,30.0,71,30,41,0.423,1911.8033333333333,115.8,303,0.152,0.228,50,0.167,115,0.599,700.0,532.0,658.0,1726.0,4.51,4.509536210573467,98,196,515,373,93,417,58,158,181,176,375,8,15,492,449,518,446,167,71,573,433,140,124,0,121,293,11,12,23,0.478,0.522,15,82,97,49,97,0.155,0.845,1.0,0.505,1626167,Myles Turner,0.3706381766381766,0.17649002849002848,3905.4
1642066,Myron Gardner,Myron,1610612748,MIA,25.0,45,24,21,0.533,410.505,106.3,83,0.193,0.276,20,0.247,8,0.229,129.0,109.0,120.0,376.0,2.11,2.113395228456827,331,252,262,270,405,70,339,68,97,348,137,341,195,151,154,168,161,309,36,61,41,20,45,0,2,5,6,3,9,0.667,0.333,5,5,10,5,10,0.5,0.5,1.0,0.5,1642066,Myron Gardner,0.1662591093117409,0.0465587044534413,864.1
1642368,N'Faly Dante,N'Faly,1610612737,ATL,24.0,4,3,1,0.75,15.416666666666666,86.7,4,0.25,0.364,2,0.5,0,0.0,8.0,6.0,8.0,8.0,0.15,0.1485959561507269,551,503,4,46,572,5,542,14,21,516,4,524,524,18,17,27,6,527,4,4,4,0,2,0,1,3,0,0,0,0.0,0.0,0,1,1,1,1,0.0,1.0,1.0,1.0,1642368,N'Faly Dante,0.02631578947368421,0.0,29.9
1641772,Nae'Qwan Tomlin,Nae'Qwan,1610612739,CLE,25.0,64,42,22,0.656,1003.6383333333332,110.7,100,0.094,0.147,41,0.197,34,0.276,384.0,297.0,328.0,862.0,3.82,3.821564860734672,180,87,279,125,279,193,311,407,403,227,281,113,146,309,293,310,268,201,60,171,91,80,113,0,29,70,12,8,20,0.6,0.4,13,23,36,21,36,0.361,0.639,1.0,0.583,1641772,Nae'Qwan Tomlin,0.2283289124668435,0.10344297082228116,2070.7
1630230,Naji Marshall,Naji,1610612742,DAL,28.0,74,25,49,0.338,2183.74,114.3,283,0.12,0.186,82,0.239,6,0.029,798.0,681.0,692.0,2608.0,6.1,6.09990521420012,70,243,559,418,56,356,70,279,281,53,150,375,519,533,535,529,560,90,74,292,145,147,138,0,26,57,15,19,34,0.441,0.559,6,30,36,19,36,0.167,0.833,1.0,0.528,1630230,Naji Marshall,0.32711046511627906,0.1414767441860465,4599.1
1631466,Nate Williams,Nate,1610612744,GSW,27.0,14,2,12,0.143,239.17,127.3,10,0.046,0.078,5,0.135,0,0.0,113.0,88.0,90.0,272.0,-0.22,-0.2224231726043447,472,526,152,553,453,567,509,564,563,474,476,524,524,143,134,138,134,577,14,28,10,18,23,0,0,0,4,1,5,0.8,0.2,3,1,4,3,4,0.75,0.25,1.0,0.75,1631466,Nate Williams,0.2752982456140351,0.10818421052631579,478.4
1629675,Naz Reid,Naz,1610612750,MIN,26.0,77,46,31,0.597,2007.35,109.9,387,0.187,0.285,76,0.201,78,0.335,685.0,587.0,548.0,2046.0,8.11,8.107400446150702,37,52,412,183,76,148,29,81,86,61,265,21,99,486,490,462,502,42,76,440,270,170,129,4,46,113,17,20,37,0.459,0.541,8,55,61,36,63,0.127,0.873,0.968,0.571,1629675,Naz Reid,0.3411946666666667,0.162928,4100.4
1629674,Neemias Queta,Neemias,1610612738,BOS,26.0,76,52,24,0.684,1926.2066666666667,105.6,406,0.194,0.286,60,0.203,100,0.483,557.0,546.0,487.0,1452.0,10.12,10.120332168842964,54,24,309,92,91,60,24,65,84,112,260,12,47,413,462,425,396,10,76,591,433,158,127,0,276,672,14,8,22,0.636,0.364,55,102,157,91,157,0.35,0.65,1.0,0.58,1629674,Neemias Queta,0.2986989247311828,0.14486559139784946,3705.1
1629651,Nic Claxton,Nic,1610612751,BKN,27.0,69,17,52,0.246,1920.3666666666663,120.3,310,0.167,0.265,45,0.16,77,0.393,770.0,618.0,764.0,2226.0,2.02,2.024283664221217,118,334,566,493,92,516,56,120,112,200,403,22,76,524,512,555,531,319,69,501,327,174,117,0,200,489,18,9,27,0.667,0.333,39,46,84,66,85,0.459,0.541,0.988,0.776,1629651,Nic Claxton,0.3254240687679083,0.15641833810888253,3824.2
1630208,Nick Richards,Nick,1610612741,CHI,28.0,48,20,28,0.417,700.71,117.2,166,0.221,0.352,10,0.085,32,0.405,325.0,267.0,224.0,816.0,1.33,1.3328645459644608,310,302,364,374,342,460,194,37,24,428,544,123,73,279,262,244,256,379,47,194,142,52,31,0,89,206,6,2,8,0.75,0.25,14,27,40,32,41,0.341,0.659,0.976,0.78,1630208,Nick Richards,0.33619931271477665,0.09822680412371133,1443.7
1641733,Nick Smith Jr.,Nick,1610612747,LAL,22.0,30,15,15,0.5,374.87666666666667,111.7,20,0.054,0.086,9,0.123,2,0.063,176.0,143.0,135.0,448.0,1.33,1.332490934119051,410,365,187,303,414,237,476,556,559,436,501,469,472,186,188,180,183,379,25,39,16,23,10,0,5,11,2,5,7,0.286,0.714,0,0,0,0,0,0.0,0.0,0.0,0.0,1641733,Nick Smith Jr.,0.259819209039548,0.0866271186440678,755.3
1629638,Nickeil Alexander-Walker,Nickeil,1610612737,ATL,27.0,78,43,35,0.551,2603.1766666666667,112.0,216,0.079,0.122,102,0.208,42,0.169,934.0,809.0,869.0,2858.0,8.97,8.966060700215614,28,75,459,245,14,251,131,492,493,20,235,81,260,572,574,575,578,24,78,259,177,82,271,4,40,88,28,30,58,0.483,0.517,1,37,37,15,38,0.026,0.974,0.974,0.395,1629638,Nickeil Alexander-Walker,0.38391022443890277,0.16594513715710724,5487.3
201587,Nicolas Batum,Nicolas,1610612746,LAC,37.0,74,39,35,0.527,1294.595,113.8,161,0.119,0.199,47,0.195,23,0.158,475.0,403.0,420.0,1320.0,3.82,3.8151915311975864,70,118,459,283,217,332,203,284,246,191,288,182,273,367,366,381,367,201,68,214,125,89,93,0,18,39,7,12,19,0.368,0.632,1,17,17,8,18,0.056,0.944,0.944,0.444,201587,Nicolas Batum,0.3020700808625337,0.11874123989218328,2583.2
1628502,Nigel Hayes-Davis,Nigel,1610612756,PHX,31.0,27,15,12,0.556,195.21333333333337,112.8,21,0.113,0.174,8,0.205,2,0.091,108.0,60.0,72.0,200.0,0.63,0.6283959852919391,420,365,152,241,469,278,471,314,324,448,249,469,411,136,112,126,115,451,18,21,17,4,18,0,6,16,3,2,5,0.6,0.4,0,2,2,1,2,0.0,1.0,1.0,0.5,1628502,Nigel Hayes-Davis,0.12042580645161291,0.01935483870967742,386.9
203999,Nikola Jokić,Nikola,1610612743,DEN,31.0,65,43,22,0.662,2264.855,115.3,644,0.27,0.4,92,0.271,53,0.299,810.0,591.0,734.0,2374.0,5.7,5.704173223753847,166,75,279,119,43,402,2,9,11,28,93,53,126,538,493,545,544,103,65,389,255,134,177,1,221,513,22,16,38,0.579,0.421,38,109,146,117,147,0.259,0.741,1.0,0.801,203999,Nikola Jokić,0.3877387387387387,0.18675975975975978,4707.9
1631107,Nikola Jović,Nikola,1610612748,MIA,23.0,47,24,23,0.511,808.0183333333333,110.1,128,0.137,0.218,26,0.157,17,0.221,333.0,314.0,277.0,896.0,3.28,3.2833182401641836,320,252,289,295,326,163,257,209,201,308,417,233,203,284,307,275,275,241,42,192,126,66,41,1,10,24,4,4,8,0.5,0.5,3,18,21,13,21,0.143,0.857,1.0,0.619,1631107,Nikola Jović,0.28781818181818186,0.0911490909090909,1727.6
1642260,Nikola Topić,Nikola,1610612760,OKC,20.0,10,6,4,0.6,160.08333333333334,120.8,12,0.075,0.118,5,0.2,0,0.0,61.0,45.0,53.0,166.0,0.14,0.1402308510232063,500,461,54,174,480,530,499,510,507,474,266,524,524,102,99,103,101,530,8,16,9,7,8,0,0,0,1,0,1,1.0,0.0,0,2,2,2,2,0.0,1.0,1.0,1.0,1642260,Nikola Topić,0.17695061728395062,0.06790123456790123,324.8
202696,Nikola Vučević,Nikola,1610612738,BOS,35.0,64,35,29,0.547,1818.118333333333,114.8,412,0.211,0.305,39,0.161,41,0.238,623.0,541.0,572.0,1954.0,5.02,5.015710399495806,180,162,379,255,111,378,21,46,61,239,399,85,187,456,456,479,487,136,64,502,335,167,90,1,144,311,11,6,17,0.647,0.353,25,102,125,90,127,0.197,0.803,0.984,0.709,202696,Nikola Vučević,0.3595552147239264,0.1736717791411043,3754.1
1642363,Nique Clifford,Nique,1610612758,SAC,24.0,75,21,54,0.28,1881.925,115.8,217,0.115,0.176,68,0.219,24,0.125,718.0,595.0,560.0,1896.0,4.4,4.396529625800647,60,292,572,461,99,418,130,306,319,80,202,173,331,503,499,470,473,171,75,323,166,157,143,9,29,67,10,16,26,0.385,0.615,3,18,21,15,21,0.143,0.857,1.0,0.714,1642363,Nique Clifford,0.3330543209876543,0.15440493827160492,3843.3
1642855,Noa Essengue,Noa,1610612741,CHI,19.0,2,1,1,0.5,6.033333333333333,171.4,0,0.0,0.0,1,1.0,0,0.0,2.0,4.0,2.0,10.0,-0.09,-0.0876260585378381,572,549,4,303,580,581,577,577,577,540,1,524,524,3,10,4,9,568,1,1,1,0,0,0,0,0,0,0,0,0.0,0.0,1,0,1,0,1,1.0,0.0,1.0,0.0,1642855,Noa Essengue,0.0,0.0,13.1
1641730,Noah Clowney,Noah,1610612751,BKN,21.0,66,17,49,0.258,1780.0633333333333,118.3,221,0.128,0.2,50,0.185,45,0.266,710.0,566.0,675.0,1982.0,2.88,2.8839256995467406,157,334,559,482,117,485,126,245,241,176,315,73,157,497,475,523,492,269,66,414,261,153,108,4,25,58,10,15,25,0.4,0.6,2,35,37,20,37,0.054,0.946,1.0,0.541,1641730,Noah Clowney,0.37817948717948724,0.17502279202279203,3547.9
1642869,Noah Penda,Noah,1610612753,ORL,21.0,59,30,29,0.508,757.275,113.4,120,0.159,0.242,30,0.246,18,0.257,302.0,220.0,221.0,788.0,2.29,2.2907030551590264,225,196,379,299,333,307,271,136,147,286,138,224,166,258,241,242,248,299,51,134,90,44,60,0,20,44,8,13,21,0.381,0.619,9,14,23,19,23,0.391,0.609,1.0,0.826,1642869,Noah Penda,0.24804807692307693,0.0990448717948718,1548.2
1642849,Nolan Traore,Nolan,1610612751,BKN,20.0,56,14,42,0.25,1243.3916666666669,118.8,85,0.073,0.114,45,0.228,23,0.197,490.0,370.0,458.0,1382.0,1.86,1.857237728167914,247,374,523,485,224,493,337,520,519,200,170,182,226,371,343,412,381,330,55,202,150,52,77,1,7,16,11,9,20,0.55,0.45,0,14,13,2,14,0.0,1.0,0.929,0.143,1642849,Nolan Traore,0.29620857142857143,0.11904571428571428,2470.9
1641807,Norchad Omier,Norchad,1610612746,LAC,24.0,6,5,1,0.833,23.666666666666668,146.8,3,0.2,0.3,1,0.5,0,0.0,4.0,4.0,11.0,32.0,-0.15,-0.1501505821383573,527,474,4,10,564,579,547,59,66,540,4,524,524,7,10,31,28,574,5,4,2,2,2,0,2,4,0,0,0,0.0,0.0,1,0,1,1,1,1.0,0.0,1.0,1.0,1641807,Norchad Omier,0.15217391304347827,0.043478260869565216,46.1
1626181,Norman Powell,Norman,1610612748,MIA,33.0,58,29,29,0.5,1716.9366666666667,114.1,180,0.097,0.147,64,0.208,14,0.097,596.0,554.0,507.0,1914.0,4.86,4.8638154888296254,230,203,379,303,130,350,177,380,405,94,234,261,401,437,467,439,477,144,57,134,63,71,150,0,15,34,9,21,30,0.3,0.7,0,19,18,11,19,0.0,1.0,0.947,0.579,1626181,Norman Powell,0.36757232704402515,0.15588364779874214,3684.6
1628384,OG Anunoby,OG,1610612752,NYK,28.0,67,45,22,0.672,2223.8716666666664,110.2,266,0.116,0.172,104,0.283,48,0.255,788.0,564.0,669.0,1956.0,8.88,8.88096428136334,147,60,279,105,52,168,82,300,328,16,81,68,167,530,472,520,488,26,67,465,262,203,184,3,20,48,20,23,43,0.465,0.535,6,68,74,46,74,0.081,0.919,1.0,0.622,1628384,OG Anunoby,0.3060512129380054,0.173911051212938,4482.4
1630167,Obi Toppin,Obi,1610612754,IND,28.0,24,4,20,0.167,423.725,117.5,93,0.206,0.314,12,0.214,1,0.031,153.0,131.0,144.0,510.0,0.79,0.7925590070020407,433,487,251,544,402,470,325,49,52,410,217,493,518,167,174,186,198,429,22,53,25,28,20,0,15,33,3,4,7,0.429,0.571,1,8,9,4,9,0.111,0.889,1.0,0.444,1630167,Obi Toppin,0.20178074866310158,0.0962566844919786,882.8
1630534,Ochai Agbaji,Ochai,1610612751,BKN,26.0,62,28,34,0.452,973.2033333333334,109.0,95,0.096,0.146,24,0.153,17,0.187,382.0,267.0,227.0,930.0,4.25,4.246241941271321,201,216,449,357,284,129,321,392,409,322,430,233,235,308,262,246,285,179,57,195,124,71,69,0,13,29,7,5,12,0.583,0.417,0,12,12,3,12,0.0,1.0,1.0,0.25,1630534,Ochai Agbaji,0.2580182370820669,0.09954103343465047,1970.6
1630846,Olivier Sarr,Olivier,1610612739,CLE,27.0,4,3,1,0.75,39.35,106.8,9,0.196,0.29,2,0.25,3,0.75,23.0,8.0,15.0,32.0,0.2,0.2039951559886972,551,503,4,46,547,84,512,63,81,516,128,442,2,54,21,41,28,511,3,11,8,3,2,0,5,12,0,0,0,0.0,0.0,0,2,2,1,2,0.0,1.0,1.0,0.5,1630846,Olivier Sarr,0.20833333333333334,0.08333333333333333,87.1
1641765,Olivier-Maxence Prosper,Olivier-Maxence,1610612763,MEM,23.0,53,16,37,0.302,983.5916666666668,120.4,128,0.127,0.217,40,0.178,13,0.167,400.0,425.0,331.0,1140.0,1.02,1.022277072734502,276,348,482,445,281,522,257,248,207,233,335,272,262,316,385,313,327,413,49,200,135,65,65,1,68,165,11,14,25,0.44,0.56,3,35,38,17,38,0.079,0.921,1.0,0.447,1641765,Olivier-Maxence Prosper,0.30248089171974524,0.12054140127388535,2049.2
1630209,Omer Yurtseven,Omer,1610612744,GSW,28.0,9,3,6,0.333,103.955,114.1,17,0.167,0.315,2,0.111,1,0.143,69.0,38.0,43.0,148.0,0.3,0.3048671318426477,507,503,83,419,500,348,487,120,50,516,524,493,294,110,86,95,95,493,8,21,17,4,4,0,17,38,3,0,3,1.0,0.0,4,2,6,6,6,0.667,0.333,1.0,1.0,1630209,Omer Yurtseven,0.25,0.05,218.5
1630168,Onyeka Okongwu,Onyeka,1610612737,ATL,25.0,74,41,33,0.554,2296.9683333333332,111.3,422,0.178,0.268,82,0.175,79,0.376,850.0,651.0,757.0,2430.0,8.38,8.375985208676461,70,97,435,243,36,224,17,98,108,53,351,20,83,548,526,552,548,34,74,566,392,174,174,2,159,375,30,28,58,0.517,0.483,19,82,100,65,101,0.188,0.812,0.99,0.644,1630168,Onyeka Okongwu,0.3284207792207792,0.1619012987012987,4833.7
1631115,Orlando Robinson,Orlando,1610612753,ORL,25.0,4,2,2,0.5,24.816666666666663,144.9,2,0.125,0.2,1,1.0,0,0.0,8.0,10.0,12.0,36.0,-0.14,-0.138808417423105,551,526,28,303,561,578,559,256,242,540,1,524,524,18,26,33,34,572,4,7,6,1,2,0,2,5,0,0,0,0.0,0.0,1,0,1,1,1,1.0,0.0,1.0,1.0,1631115,Orlando Robinson,0.42857142857142855,0.07142857142857142,48.0
1631131,Oscar Tshiebwe,Oscar,1610612762,UTA,26.0,27,3,24,0.111,448.42,118.9,102,0.224,0.348,16,0.17,5,0.156,182.0,149.0,170.0,484.0,0.65,0.6527457875459807,420,503,309,560,397,495,307,33,29,378,364,397,274,189,194,206,192,446,27,84,49,35,29,0,40,89,7,2,9,0.778,0.222,21,8,29,27,29,0.724,0.276,1.0,0.931,1631131,Oscar Tshiebwe,0.32316190476190476,0.1242047619047619,937.6
1642345,Oso Ighodaro,Oso,1610612756,PHX,23.0,82,45,37,0.549,1808.37,109.7,280,0.158,0.252,73,0.206,57,0.383,613.0,540.0,482.0,1758.0,7.38,7.375874216882334,1,60,482,251,112,141,73,141,137,69,246,45,80,449,454,423,452,60,82,434,318,116,172,0,251,622,18,13,31,0.581,0.419,19,57,76,44,76,0.25,0.75,1.0,0.579,1642345,Oso Ighodaro,0.32669270833333336,0.12116927083333333,3559.0
1631172,Ousmane Dieng,Ousmane,1610612749,MIL,23.0,57,33,24,0.579,1099.4716666666666,117.3,151,0.136,0.206,25,0.152,17,0.172,467.0,283.0,399.0,1060.0,2.11,2.112088121981673,235,175,309,201,261,463,225,210,230,314,431,233,255,360,285,362,307,309,55,239,138,101,56,0,10,24,7,7,14,0.5,0.5,0,9,9,5,9,0.0,1.0,1.0,0.556,1631172,Ousmane Dieng,0.27275,0.11486363636363638,2232.1
1629023,P.J. Washington,P.J.,1610612742,DAL,27.0,56,16,40,0.286,1735.62,114.4,310,0.162,0.253,55,0.198,60,0.299,606.0,544.0,535.0,2006.0,4.79,4.7927527567934645,247,348,508,454,126,359,56,131,134,142,276,42,128,442,461,456,497,148,56,373,222,151,105,1,41,89,13,17,30,0.433,0.567,6,39,45,33,45,0.133,0.867,1.0,0.733,1629023,P.J. Washington,0.31414018691588785,0.16150778816199376,3657.6
1641790,PJ Hall,PJ,1610612766,CHA,24.0,19,7,12,0.368,213.37833333333333,113.9,42,0.18,0.275,3,0.083,10,0.588,91.0,67.0,69.0,216.0,0.64,0.6389850378580176,453,452,152,401,461,337,417,94,101,500,545,300,18,127,118,120,118,448,17,80,53,27,4,0,15,40,2,3,5,0.4,0.6,9,10,18,12,19,0.474,0.526,1.0,0.667,1641790,PJ Hall,0.214112,0.063208,411.3
1642359,Pacôme Dadiet,Pacôme,1610612752,NYK,20.0,29,18,11,0.621,135.76,100.3,23,0.156,0.23,3,0.12,1,0.125,44.0,42.0,28.0,110.0,0.95,0.9477376897758644,415,325,144,159,491,24,463,143,172,500,510,493,331,81,92,64,82,418,15,15,9,6,9,0,0,0,0,2,2,0.0,1.0,1,1,1,0,2,0.5,0.5,0.5,0.0,1642359,Pacôme Dadiet,0.1564298245614035,0.05701754385964912,272.1
1631094,Paolo Banchero,Paolo,1610612753,ORL,23.0,72,38,34,0.528,2501.685,114.1,519,0.204,0.306,51,0.117,40,0.164,895.0,689.0,875.0,2640.0,6.99,6.992079837564289,84,128,449,281,20,354,8,52,58,168,516,89,266,560,540,576,563,73,72,449,268,181,88,0,68,152,25,11,36,0.694,0.306,3,41,44,31,44,0.068,0.932,1.0,0.705,1631094,Paolo Banchero,0.3554116022099447,0.17716022099447515,5132.6
1627783,Pascal Siakam,Pascal,1610612754,IND,32.0,62,17,45,0.274,2056.651666666666,117.2,322,0.151,0.234,69,0.233,25,0.123,742.0,679.0,582.0,2370.0,4.0,4.00261466282935,201,334,541,467,70,457,49,159,161,78,163,167,342,513,534,483,543,191,62,360,237,123,141,0,47,114,21,14,35,0.6,0.4,6,54,59,29,60,0.1,0.9,0.983,0.483,1627783,Pascal Siakam,0.33850140845070426,0.1697323943661972,4275.4
1626192,Pat Connaughton,Pat,1610612766,CHA,33.0,42,25,17,0.595,296.5183333333333,101.5,46,0.153,0.231,11,0.234,1,0.036,112.0,72.0,113.0,302.0,1.88,1.880023991102769,348,243,216,186,436,25,410,154,167,415,158,493,511,142,123,160,144,328,29,46,19,27,11,1,4,11,4,2,6,0.667,0.333,1,5,6,5,6,0.167,0.833,1.0,0.833,1626192,Pat Connaughton,0.14947196261682244,0.07009345794392523,577.0
1630311,Pat Spencer,Pat,1610612744,GSW,29.0,66,30,36,0.455,1228.9266666666667,115.6,107,0.091,0.143,48,0.198,5,0.051,530.0,397.0,381.0,1338.0,2.93,2.9299422400413873,157,196,472,352,227,410,294,422,418,187,273,397,494,393,364,346,370,261,58,130,68,62,74,0,10,25,14,12,26,0.538,0.462,0,8,8,3,8,0.0,1.0,1.0,0.375,1630311,Pat Spencer,0.3160491803278689,0.08224043715846995,2442.0
1631116,Patrick Baldwin Jr.,Patrick,1610612758,SAC,23.0,9,3,6,0.333,102.47166666666666,117.2,11,0.11,0.172,3,0.176,5,0.417,37.0,31.0,34.0,82.0,0.2,0.1976226958411517,507,503,83,419,502,459,508,326,327,500,339,397,69,76,77,77,72,511,6,17,13,4,8,0,1,2,0,0,0,0.0,0.0,2,2,4,3,4,0.5,0.5,1.0,0.75,1631116,Patrick Baldwin Jr.,0.16666666666666666,0.05303030303030303,210.4
1630172,Patrick Williams,Patrick,1610612741,CHI,24.0,72,24,48,0.333,1473.78,114.8,166,0.106,0.159,49,0.188,26,0.179,609.0,470.0,549.0,1712.0,3.91,3.908669871015794,84,252,552,419,168,377,194,346,361,182,308,157,244,446,411,465,444,195,69,249,143,106,101,0,27,62,9,15,24,0.375,0.625,4,51,54,24,55,0.073,0.927,0.982,0.436,1630172,Patrick Williams,0.3188404255319149,0.12928989361702128,3123.8
202331,Paul George,Paul,1610612755,PHI,36.0,37,22,15,0.595,1135.0316666666668,111.4,176,0.147,0.237,62,0.284,16,0.121,314.0,361.0,362.0,1142.0,4.04,4.044027810891831,377,277,187,188,255,226,183,173,153,103,78,243,347,269,337,333,328,187,37,191,105,86,152,4,10,23,11,9,20,0.55,0.45,3,25,27,17,28,0.107,0.893,0.964,0.607,202331,Paul George,0.3091081081081081,0.13803088803088803,2296.1
1630194,Paul Reed,Paul,1610612765,DET,27.0,65,47,18,0.723,900.6283333333333,104.4,164,0.176,0.275,57,0.258,60,0.458,335.0,269.0,292.0,820.0,5.1,5.098843510484703,166,44,225,72,303,49,199,103,100,130,115,42,57,285,266,286,257,130,63,306,218,88,123,1,105,256,20,10,30,0.667,0.333,14,34,48,34,48,0.292,0.708,1.0,0.708,1630194,Paul Reed,0.2327275541795666,0.07476470588235294,1839.0
1630202,Payton Pritchard,Payton,1610612738,BOS,28.0,79,54,25,0.684,2555.5233333333335,112.1,243,0.09,0.137,58,0.154,10,0.04,786.0,774.0,727.0,2158.0,8.62,8.624178277715227,25,13,326,93,16,255,100,426,445,123,424,300,505,529,569,541,521,31,76,133,41,92,109,2,22,51,25,19,44,0.568,0.432,3,28,31,9,32,0.094,0.875,1.0,0.29,1630202,Payton Pritchard,0.33325558312655085,0.16819851116625312,4935.8
1642362,Payton Sandfort,Payton,1610612760,OKC,23.0,4,2,2,0.5,63.333333333333336,125.7,9,0.145,0.225,1,0.071,0,0.0,19.0,26.0,22.0,64.0,-0.03,-0.0325689396264795,551,526,28,303,527,562,512,180,189,540,555,524,524,44,64,55,58,561,3,12,5,7,2,0,1,2,0,0,0,0.0,0.0,0,0,0,0,0,0.0,0.0,0.0,0.0,1642362,Payton Sandfort,0.3333214285714286,0.2440357142857143,132.8
1641796,Pelle Larsson,Pelle,1610612748,MIA,25.0,70,38,32,0.543,1849.1433333333337,113.3,175,0.088,0.132,49,0.147,16,0.1,606.0,576.0,503.0,2052.0,5.67,5.666186497686518,105,128,424,262,106,305,186,435,465,182,448,243,392,442,483,435,504,105,70,330,195,135,124,12,14,33,8,8,16,0.5,0.5,8,30,36,21,38,0.211,0.789,0.947,0.553,1641796,Pelle Larsson,0.33698575498575495,0.14472934472934473,3951.4
1631250,Pete Nance,Pete,1610612749,MIL,26.0,47,14,33,0.298,737.0983333333334,117.4,98,0.135,0.211,14,0.123,14,0.25,294.0,218.0,215.0,712.0,1.37,1.3703454178361365,320,374,435,447,335,465,316,222,217,399,502,261,170,254,239,236,238,374,41,136,92,44,32,0,30,69,6,3,9,0.667,0.333,3,11,14,9,14,0.214,0.786,1.0,0.643,1631250,Pete Nance,0.25498245614035087,0.11169824561403509,1453.1
1631212,Peyton Watson,Peyton,1610612743,DEN,23.0,54,36,18,0.667,1597.7583333333334,117.6,215,0.127,0.201,50,0.219,61,0.386,541.0,502.0,505.0,1690.0,2.9,2.9046981283500655,266,151,225,106,148,471,134,251,240,176,203,40,79,404,428,437,439,264,54,331,206,125,85,3,30,76,17,18,35,0.486,0.514,3,9,12,11,12,0.25,0.75,1.0,0.917,1631212,Peyton Watson,0.30853254437869826,0.13532544378698225,3247.6
1630173,Precious Achiuwa,Precious,1610612758,SAC,26.0,73,20,53,0.274,1745.185,118.1,315,0.18,0.276,65,0.238,50,0.323,633.0,566.0,596.0,1920.0,2.91,2.9076366697427996,78,302,568,469,125,483,53,93,96,92,152,60,111,466,475,494,479,263,73,407,255,152,127,3,65,151,27,10,37,0.73,0.27,35,27,62,46,62,0.565,0.435,1.0,0.742,1630173,Precious Achiuwa,0.30101295336787565,0.12929274611398964,3555.2
1629656,Quentin Grimes,Quentin,1610612755,PHI,26.0,75,42,33,0.56,2205.721666666667,112.4,227,0.096,0.153,64,0.165,28,0.099,805.0,664.0,751.0,2202.0,7.28,7.279927688186182,60,87,435,233,54,268,120,390,388,94,388,140,398,534,529,549,528,65,74,268,134,134,149,1,12,26,21,20,41,0.512,0.488,0,12,12,5,12,0.0,1.0,1.0,0.417,1629656,Quentin Grimes,0.3119362244897959,0.12020408163265306,4508.8
1631245,Quenton Jackson,Quenton,1610612754,IND,27.0,49,10,39,0.204,897.425,112.9,86,0.092,0.142,31,0.203,6,0.071,378.0,250.0,262.0,1042.0,2.9,2.898036694949074,305,411,503,524,305,286,336,418,426,279,262,375,454,306,252,263,304,264,47,104,42,62,73,0,10,22,9,15,24,0.375,0.625,1,7,8,1,8,0.125,0.875,1.0,0.125,1631245,Quenton Jackson,0.30796167247386763,0.12004181184668988,1894.5
1642366,Quinten Post,Quinten,1610612744,GSW,26.0,67,32,35,0.478,1159.1983333333333,110.2,201,0.165,0.263,26,0.122,35,0.38,464.0,356.0,414.0,1184.0,4.6,4.600881890955795,147,182,459,340,247,167,152,127,116,308,505,109,82,356,334,376,337,161,66,414,315,99,39,0,60,148,5,15,20,0.25,0.75,17,42,58,43,59,0.288,0.712,0.983,0.729,1642366,Quinten Post,0.30266959064327487,0.11817543859649123,2352.8
1629628,RJ Barrett,RJ,1610612761,TOR,26.0,57,34,23,0.596,1725.76,113.5,245,0.141,0.218,42,0.13,19,0.112,531.0,509.0,484.0,1772.0,5.2,5.204502327584985,235,168,289,184,128,315,97,189,204,219,485,217,367,394,432,424,457,127,57,269,151,118,108,3,24,57,16,13,29,0.552,0.448,7,18,25,15,25,0.28,0.72,1.0,0.6,1629628,RJ Barrett,0.30994252873563216,0.13475,3536.2
1642853,Rasheer Fleming,Rasheer,1610612756,PHX,21.0,55,29,26,0.527,673.4016666666666,106.6,67,0.099,0.152,22,0.177,21,0.263,251.0,185.0,206.0,654.0,3.27,3.266302794977364,258,203,338,282,347,77,366,375,390,334,336,197,161,227,221,231,229,242,47,100,60,40,61,0,10,24,5,3,8,0.625,0.375,1,9,10,4,10,0.1,0.9,1.0,0.4,1642853,Rasheer Fleming,0.21705841924398625,0.07646048109965636,1303.7
1642484,RayJ Dennis,RayJ,1610612737,ATL,25.0,17,3,14,0.176,206.23333333333332,110.0,18,0.081,0.125,4,0.19,4,0.148,77.0,66.0,83.0,228.0,0.84,0.8378997153932375,459,503,175,543,465,157,483,485,485,485,299,418,286,114,116,133,122,425,13,19,10,9,23,0,1,2,0,3,3,0.0,1.0,0,2,2,0,2,0.0,1.0,1.0,0.0,1642484,RayJ Dennis,0.2048245614035088,0.09502631578947368,434.8
1641712,Rayan Rupert,Rayan,1610612763,MEM,22.0,64,29,35,0.453,1072.545,117.0,140,0.129,0.22,55,0.268,9,0.087,496.0,428.0,387.0,1236.0,2.13,2.134540460873415,180,203,459,355,268,454,241,239,196,142,96,315,420,376,387,349,354,305,54,149,81,68,112,2,13,32,12,8,20,0.6,0.4,2,8,9,3,10,0.2,0.8,0.9,0.3,1641712,Rayan Rupert,0.28026285714285715,0.10595142857142857,2222.5
1642263,Reed Sheppard,Reed,1610612745,HOU,22.0,82,52,30,0.634,2146.923333333333,111.6,210,0.092,0.143,122,0.324,54,0.192,830.0,716.0,674.0,2146.0,7.59,7.592976538603757,1,24,395,145,58,234,139,416,419,6,44,49,231,544,550,522,518,54,82,311,155,156,289,0,13,28,24,23,47,0.511,0.489,0,15,15,6,15,0.0,1.0,1.0,0.4,1642263,Reed Sheppard,0.32924310776942356,0.1479498746867168,4220.4
1642434,Riley Minix,Riley,1610612739,CLE,25.0,9,7,2,0.778,58.083333333333336,108.5,4,0.066,0.098,2,0.125,1,0.2,28.0,18.0,24.0,54.0,0.27,0.2692424744824404,507,452,28,31,533,116,542,542,550,516,495,493,224,64,47,59,46,499,8,17,5,12,7,0,0,0,0,0,0,0.0,0.0,0,0,0,0,0,0.0,0.0,0.0,0.0,1642434,Riley Minix,0.13474468085106384,0.056723404255319146,125.7
1642265,Rob Dillingham,Rob,1610612741,CHI,21.0,65,29,36,0.446,969.9533333333334,113.3,112,0.105,0.166,47,0.254,6,0.059,401.0,386.0,291.0,1098.0,3.01,3.013118368736945,166,203,472,361,286,303,289,349,342,191,122,375,482,317,353,285,318,255,59,125,64,61,83,0,3,7,12,9,21,0.571,0.429,1,4,4,3,5,0.2,0.8,0.8,0.6,1642265,Rob Dillingham,0.27364571428571427,0.08962571428571428,2056.8
1629057,Robert Williams III,Robert,1610612757,POR,28.0,59,30,29,0.508,1008.2133333333334,107.2,274,0.25,0.401,35,0.184,87,0.617,455.0,309.0,344.0,1052.0,4.85,4.846714931174403,225,196,379,299,276,88,76,13,10,259,316,16,10,353,304,321,305,145,59,312,218,94,69,0,69,162,7,7,14,0.5,0.5,19,33,50,42,52,0.365,0.635,0.962,0.808,1629057,Robert Williams III,0.302453125,0.10877812499999999,2066.4
1642911,Rocco Zikarsky,Rocco,1610612750,MIN,19.0,5,1,4,0.2,36.483333333333334,116.2,12,0.245,0.522,0,0.0,5,0.625,14.0,24.0,6.0,42.0,0.08,0.0769349323892265,539,549,54,526,550,433,499,18,3,564,564,397,8,30,57,18,38,541,4,18,15,3,1,0,4,9,1,0,1,1.0,0.0,0,0,0,0,0,0.0,0.0,0.0,0.0,1642911,Rocco Zikarsky,0.37950000000000006,0.038461538461538464,72.3
1631199,Ron Harper Jr.,Ron,1610612738,BOS,26.0,29,22,7,0.759,317.52666666666664,109.0,33,0.101,0.155,10,0.222,9,0.281,113.0,92.0,97.0,252.0,1.36,1.358843503762457,415,277,99,41,430,126,437,362,378,428,188,315,144,143,138,146,127,375,20,39,26,13,20,0,3,6,4,5,9,0.444,0.556,2,4,6,5,6,0.333,0.667,1.0,0.833,1631199,Ron Harper Jr.,0.12765405405405406,0.03513513513513514,618.8
1641842,Ronald Holland II,Ronald,1610612765,DET,20.0,78,56,22,0.718,1550.4483333333333,104.5,232,0.141,0.23,92,0.26,27,0.129,554.0,486.0,416.0,1384.0,8.8,8.795477677016725,28,7,279,73,155,50,115,191,174,28,109,148,325,411,422,377,382,27,75,156,78,78,164,2,16,40,18,21,39,0.462,0.538,4,7,10,7,11,0.364,0.636,0.909,0.636,1641842,Ronald Holland II,0.2589363867684478,0.13193129770992368,3159.7
1626220,Royce O'Neale,Royce,1610612756,PHX,33.0,78,43,35,0.551,2213.0533333333333,115.1,313,0.139,0.227,84,0.196,32,0.172,907.0,784.0,710.0,2326.0,5.71,5.705311740763905,28,75,459,245,53,390,55,198,183,45,285,123,254,563,571,536,538,102,78,183,87,96,172,0,41,95,17,21,38,0.447,0.553,3,35,38,22,38,0.079,0.921,1.0,0.579,1626220,Royce O'Neale,0.34567460317460313,0.14311904761904762,4431.5
203497,Rudy Gobert,Rudy,1610612750,MIN,34.0,76,46,30,0.605,2380.0466666666666,108.0,573,0.222,0.334,58,0.132,124,0.422,913.0,678.0,775.0,2384.0,10.82,10.815096035251171,54,52,395,171,27,98,6,35,36,123,482,5,68,567,532,560,545,7,76,808,620,188,137,1,307,767,18,5,23,0.783,0.217,93,99,192,151,192,0.484,0.516,1.0,0.786,203497,Rudy Gobert,0.3285824175824176,0.15303296703296704,4870.9
1629060,Rui Hachimura,Rui,1610612747,LAL,28.0,68,47,21,0.691,1926.565,114.4,185,0.094,0.147,39,0.115,21,0.121,714.0,615.0,570.0,2108.0,5.32,5.324052271045933,135,44,262,87,90,361,170,406,407,239,520,197,346,500,509,476,511,122,67,236,152,84,85,1,29,66,9,10,19,0.474,0.526,1,39,39,16,40,0.025,0.975,1.0,0.41,1629060,Rui Hachimura,0.3142924791086351,0.11758774373259052,3946.5
201566,Russell Westbrook,Russell,1610612758,SAC,37.0,64,16,48,0.25,1852.57,122.1,268,0.147,0.225,83,0.258,12,0.074,692.0,602.0,627.0,2154.0,0.99,0.992068260872396,180,348,552,485,104,541,79,172,190,48,116,277,450,489,501,508,520,416,60,110,49,61,137,0,10,22,25,21,46,0.543,0.457,2,7,9,7,9,0.222,0.778,1.0,0.778,201566,Russell Westbrook,0.3372162162162162,0.1321141141141141,3827.3
1642346,Ryan Dunn,Ryan,1610612756,PHX,23.0,70,40,30,0.571,1355.245,108.7,198,0.142,0.226,60,0.226,29,0.246,518.0,393.0,334.0,1256.0,5.89,5.893845002199296,105,110,395,210,201,121,154,188,186,112,179,136,181,386,359,315,359,95,68,250,130,120,125,0,26,63,15,10,25,0.6,0.4,5,9,14,10,14,0.357,0.643,1.0,0.714,1642346,Ryan Dunn,0.27529427792915534,0.13003814713896458,2668.8
1641750,Ryan Kalkbrenner,Ryan,1610612766,CHA,24.0,69,39,30,0.565,1479.131666666667,111.2,210,0.133,0.195,32,0.158,101,0.584,549.0,418.0,548.0,1460.0,5.51,5.514123239877465,118,118,395,225,166,219,139,229,257,276,407,10,20,409,380,462,398,114,69,647,505,142,71,2,165,394,9,14,23,0.391,0.609,51,124,174,96,175,0.291,0.709,0.994,0.549,1641750,Ryan Kalkbrenner,0.3204986595174263,0.11862198391420913,2983.8
1642948,Ryan Nembhard,Ryan,1610612742,DAL,23.0,60,20,40,0.333,1170.88,113.1,120,0.095,0.142,25,0.14,2,0.016,401.0,343.0,365.0,1362.0,3.57,3.571668120350613,214,302,508,419,244,297,271,399,428,314,465,469,522,317,326,335,375,222,56,104,54,50,37,2,12,27,12,15,27,0.444,0.556,0,9,9,2,9,0.0,1.0,1.0,0.222,1642948,Ryan Nembhard,0.24453254437869823,0.08742307692307692,2411.3
1631157,Ryan Rollins,Ryan,1610612749,MIL,23.0,74,29,45,0.392,2375.483333333333,116.5,284,0.115,0.177,110,0.293,31,0.15,845.0,745.0,721.0,2252.0,5.1,5.098423240503657,70,203,541,392,28,438,69,305,309,10,64,127,282,546,560,540,532,130,74,288,154,134,299,4,9,19,22,28,50,0.44,0.56,0,18,18,8,18,0.0,1.0,1.0,0.444,1631157,Ryan Rollins,0.3381290322580645,0.17829032258064514,4824.9
1630180,Saddiq Bey,Saddiq,1610612740,NOP,27.0,72,24,48,0.333,2245.575,116.8,279,0.12,0.19,68,0.17,7,0.032,864.0,757.0,774.0,2578.0,4.58,4.579100194274813,84,252,552,419,47,449,74,283,268,80,363,363,516,551,562,559,557,162,71,182,97,85,97,1,19,45,19,20,39,0.487,0.513,8,32,40,26,40,0.2,0.8,1.0,0.65,1630180,Saddiq Bey,0.33609866666666666,0.144704,4658.6
1630573,Sam Hauser,Sam,1610612738,BOS,28.0,78,54,24,0.692,1934.15,111.0,244,0.118,0.178,38,0.139,23,0.124,573.0,513.0,550.0,1620.0,7.21,7.214180901901533,28,13,309,86,89,208,98,288,306,246,466,182,339,422,436,466,424,69,77,306,187,119,95,0,57,136,13,13,26,0.5,0.5,1,48,48,21,49,0.02,0.98,0.98,0.429,1630573,Sam Hauser,0.3323031914893617,0.14929521276595745,3779.5
1630241,Sam Merrill,Sam,1610612739,CLE,30.0,52,37,15,0.712,1377.0733333333333,112.6,105,0.072,0.113,33,0.154,7,0.053,486.0,416.0,427.0,1370.0,4.46,4.464449498298823,286,136,187,81,196,271,295,521,525,272,425,363,490,369,378,386,377,170,52,151,97,54,79,3,34,78,10,9,19,0.526,0.474,2,15,17,6,17,0.118,0.882,1.0,0.353,1630241,Sam Merrill,0.2716355140186916,0.11039252336448598,2801.1
1630572,Sandro Mamukelashvili,Sandro,1610612761,TOR,27.0,80,44,36,0.55,1750.6916666666666,109.7,287,0.163,0.256,64,0.189,41,0.23,554.0,535.0,447.0,1766.0,7.24,7.2397384990046625,21,67,472,248,123,143,68,129,128,94,303,85,194,411,451,403,455,67,80,458,320,138,138,0,84,188,14,17,31,0.452,0.548,12,63,73,34,75,0.16,0.84,0.973,0.453,1630572,Sandro Mamukelashvili,0.3524116161616162,0.15125,3565.6
1630583,Santi Aldama,Santi,1610612763,MEM,25.0,43,19,24,0.442,1198.0783333333334,116.0,220,0.171,0.261,37,0.195,31,0.267,526.0,396.0,351.0,1296.0,2.74,2.7361974111518728,342,316,309,364,233,429,127,112,121,250,289,127,155,390,363,327,363,274,43,287,184,103,61,2,25,59,9,8,17,0.529,0.471,2,28,30,19,30,0.067,0.933,1.0,0.633,1630583,Santi Aldama,0.33766548042704625,0.16090747330960856,2480.2
1630703,Scoot Henderson,Scoot,1610612757,POR,22.0,30,18,12,0.6,747.83,109.0,62,0.078,0.121,27,0.22,9,0.081,324.0,233.0,262.0,806.0,3.22,3.222424504995185,410,325,152,174,334,128,377,494,499,300,198,315,433,277,247,263,253,245,30,63,25,38,74,0,1,2,3,4,7,0.429,0.571,1,11,10,2,12,0.083,0.917,0.909,0.182,1630703,Scoot Henderson,0.3104334975369458,0.1362857142857143,1543.7
1630567,Scottie Barnes,Scottie,1610612761,TOR,24.0,80,45,35,0.563,2680.776666666666,110.0,451,0.166,0.259,114,0.237,116,0.391,891.0,808.0,657.0,2658.0,10.79,10.786223059445286,21,60,459,229,7,162,13,124,124,9,155,6,77,558,573,516,564,8,80,472,325,147,254,1,83,190,24,24,48,0.5,0.5,34,71,104,84,105,0.324,0.676,0.99,0.8,1630567,Scottie Barnes,0.36566750629722916,0.1679949622166247,5441.8
1630590,Scotty Pippen Jr.,Scotty,1610612763,MEM,25.0,10,2,8,0.2,211.86666666666667,118.7,14,0.065,0.113,19,0.328,4,0.222,94.0,102.0,75.0,278.0,0.33,0.3278756739063162,500,526,109,526,462,492,495,543,527,358,41,418,199,129,146,129,135,492,10,29,9,20,37,0,0,0,3,0,3,1.0,0.0,0,1,1,0,1,0.0,1.0,1.0,0.0,1630590,Scotty Pippen Jr.,0.366825,0.19375,450.1
1642951,Sean Pedulla,Sean,1610612746,LAC,23.0,7,4,3,0.571,31.0,112.5,3,0.13,0.167,0,0.0,0,0.0,5.0,4.0,6.0,28.0,0.1,0.10267909290418,518,487,44,210,557,269,547,236,339,564,564,524,524,11,10,18,23,537,4,2,1,1,2,0,0,0,0,2,2,0.0,1.0,0,1,1,0,1,0.0,1.0,1.0,0.0,1642951,Sean Pedulla,0.078125,0.0625,63.1
203552,Seth Curry,Seth,1610612744,GSW,35.0,10,1,9,0.1,133.0,119.0,8,0.075,0.118,3,0.13,0,0.0,53.0,25.0,60.0,134.0,0.18,0.1827898599716919,500,549,116,562,494,501,520,511,507,500,485,524,524,90,61,110,90,519,8,11,5,6,4,0,0,0,1,0,1,1.0,0.0,0,0,0,0,0,0.0,0.0,0.0,0.0,203552,Seth Curry,0.21428571428571427,0.0989010989010989,257.1
1631101,Shaedon Sharpe,Shaedon,1610612757,POR,23.0,50,24,26,0.48,1471.3016666666667,113.7,166,0.104,0.166,70,0.293,6,0.043,658.0,474.0,548.0,1620.0,4.4,4.396933299721314,297,252,338,338,171,324,194,352,345,77,67,375,501,475,412,462,424,171,50,125,52,73,96,1,2,4,16,13,29,0.552,0.448,0,21,21,8,21,0.0,1.0,1.0,0.381,1631101,Shaedon Sharpe,0.37087804878048786,0.13426480836236934,3052.1
1628983,Shai Gilgeous-Alexander,Shai,1610612760,OKC,27.0,68,56,12,0.824,2258.9466666666667,105.2,254,0.1,0.155,95,0.207,52,0.182,620.0,723.0,526.0,1900.0,12.21,12.205216635165424,135,7,152,15,45,57,90,369,377,26,239,56,240,452,552,452,474,2,68,294,158,136,199,1,17,38,25,29,54,0.463,0.537,0,16,16,9,16,0.0,1.0,1.0,0.563,1628983,Shai Gilgeous-Alexander,0.31169529085872577,0.1432409972299169,4665.8
1630536,Sharife Cooper,Sharife,1610612764,WAS,25.0,41,6,35,0.146,699.9983333333333,120.1,68,0.098,0.17,16,0.113,5,0.068,290.0,270.0,287.0,846.0,0.77,0.7719934157874785,356,461,459,552,343,515,362,376,329,378,521,397,460,252,268,280,264,432,34,51,34,17,34,5,4,9,9,3,12,0.75,0.25,0,2,2,0,2,0.0,1.0,1.0,0.0,1630536,Sharife Cooper,0.24743846153846155,0.09281538461538462,1455.7
1631321,Sidy Cissoko,Sidy,1610612757,POR,22.0,75,39,36,0.52,1435.055,110.9,104,0.071,0.114,52,0.209,25,0.148,630.0,464.0,459.0,1514.0,5.36,5.364132234556206,60,118,472,288,182,204,300,529,520,161,232,167,287,463,407,413,411,121,68,166,103,63,114,8,20,47,16,12,28,0.571,0.429,5,12,17,10,17,0.294,0.706,1.0,0.588,1631321,Sidy Cissoko,0.2908766066838046,0.10946786632390745,2942.5
1631323,Simone Fontecchio,Simone,1610612748,MIA,30.0,70,36,34,0.514,1172.47,110.5,155,0.118,0.179,37,0.181,9,0.092,416.0,359.0,408.0,1224.0,4.52,4.516453492900836,105,151,449,291,242,178,216,289,303,250,326,315,409,327,335,368,350,165,66,154,84,70,71,0,6,15,12,11,23,0.522,0.478,10,20,30,20,30,0.333,0.667,1.0,0.667,1631323,Simone Fontecchio,0.2722348066298343,0.14479834254143648,2447.0
1642883,Sion James,Sion,1610612766,CHA,23.0,82,44,38,0.537,1843.28,110.0,238,0.124,0.182,52,0.207,20,0.123,736.0,485.0,573.0,1858.0,7.48,7.481673067524034,1,67,491,268,108,156,107,265,292,161,241,209,343,510,420,481,467,57,82,281,173,108,105,1,42,98,8,11,19,0.421,0.579,4,29,33,11,33,0.121,0.879,1.0,0.333,1642883,Sion James,0.28525558312655086,0.1496451612903226,3681.3
1627746,Skal Labissiere,Skal,1610612764,WAS,30.0,3,2,1,0.667,37.55,106.4,6,0.146,0.25,2,0.286,1,0.333,3.0,15.0,8.0,42.0,0.18,0.1818635362970317,566,526,4,106,548,74,528,174,139,516,73,493,100,5,45,27,38,519,3,10,8,2,3,0,7,16,0,1,1,0.0,1.0,1,2,3,1,3,0.333,0.667,1.0,0.333,1627746,Skal Labissiere,0.3157894736842105,0.0,73.89999999999999
1642461,Spencer Jones,Spencer,1610612743,DEN,25.0,64,41,23,0.641,1416.79,115.3,134,0.09,0.137,52,0.264,29,0.261,506.0,405.0,428.0,1480.0,3.51,3.5097058914896273,180,97,289,138,185,397,250,427,443,161,105,136,162,382,369,388,402,228,63,281,187,94,127,4,55,137,17,15,32,0.531,0.469,3,31,32,17,34,0.088,0.912,0.941,0.5,1642461,Spencer Jones,0.2515042492917847,0.10453541076487254,2885.8
1630649,Stanley Umude,Stanley,1610612759,SAS,27.0,2,2,0,1.0,6.566666666666666,166.7,0,0.0,0.0,1,1.0,0,0.0,7.0,0.0,4.0,8.0,-0.09,-0.0865618332276109,572,526,1,1,579,580,577,577,577,540,1,524,524,15,1,10,6,568,1,0,0,0,1,0,0,0,0,0,0,0.0,0.0,0,0,0,0,0,0.0,0.0,0.0,0.0,1630649,Stanley Umude,0.1111111111111111,0.1111111111111111,15.0
201939,Stephen Curry,Stephen,1610612744,GSW,38.0,43,24,19,0.558,1328.7283333333332,114.8,137,0.1,0.158,49,0.179,17,0.148,567.0,444.0,498.0,1420.0,3.56,3.563682374111941,342,252,236,236,208,380,244,370,371,182,333,233,288,416,395,432,388,223,43,119,59,60,104,3,38,85,20,18,38,0.526,0.474,2,11,13,7,13,0.154,0.846,1.0,0.538,201939,Stephen Curry,0.2915076923076923,0.12544615384615385,2783.3
1642264,Stephon Castle,Stephon,1610612759,SAS,21.0,68,51,17,0.75,2037.743333333333,108.4,264,0.119,0.173,78,0.245,19,0.075,700.0,577.0,560.0,1936.0,9.16,9.159257684101265,135,30,216,46,73,113,86,287,325,59,139,217,446,492,484,470,484,19,68,290,172,118,156,1,32,76,25,15,40,0.625,0.375,3,17,20,8,20,0.15,0.85,1.0,0.4,1642264,Stephon Castle,0.2896183844011142,0.13424512534818941,4190.9
203500,Steven Adams,Steven,1610612745,HOU,32.0,32,21,11,0.656,730.365,105.5,131,0.165,0.246,22,0.172,20,0.278,298.0,225.0,191.0,708.0,3.82,3.8202850759804696,400,292,144,125,337,59,253,125,144,334,359,209,145,257,244,224,236,201,32,178,127,51,31,0,91,200,13,3,16,0.813,0.188,53,26,77,61,79,0.671,0.329,0.975,0.772,203500,Steven Adams,0.2958090909090909,0.11275,1409.6
1629004,Svi Mykhailiuk,Svi,1610612762,UTA,29.0,50,14,36,0.28,1155.611666666667,117.9,88,0.074,0.111,26,0.147,3,0.039,464.0,360.0,412.0,1234.0,1.98,1.981547075949288,297,374,472,461,248,480,333,514,531,308,446,442,506,356,336,371,353,323,49,127,65,62,80,1,17,38,10,14,24,0.417,0.583,0,15,15,9,15,0.0,1.0,1.0,0.6,1629004,Svi Mykhailiuk,0.2941448275862069,0.15269655172413793,2412.8
204456,T.J. McConnell,T.J.,1610612754,IND,34.0,56,15,41,0.268,962.505,116.7,102,0.104,0.166,56,0.354,10,0.111,295.0,332.0,292.0,1102.0,2.0,2.001315139268724,247,365,515,475,288,444,307,353,343,137,26,300,368,256,321,286,319,320,54,77,36,41,116,4,3,9,12,22,34,0.353,0.647,0,7,7,3,7,0.0,1.0,1.0,0.429,204456,T.J. McConnell,0.2624364261168385,0.10595876288659793,1984.4
1643007,Taelon Peter,Taelon,1610612754,IND,24.0,38,6,32,0.158,492.23,111.8,49,0.096,0.148,26,0.31,4,0.083,225.0,137.0,166.0,594.0,1.75,1.7529083696762573,370,461,424,550,383,242,405,394,402,308,51,418,428,216,183,202,213,340,31,87,53,34,40,6,2,4,3,5,8,0.375,0.625,0,6,6,2,6,0.0,1.0,1.0,0.333,1643007,Taelon Peter,0.2695234042553192,0.08865106382978723,1038.1
201959,Taj Gibson,Taj,1610612763,MEM,41.0,10,1,9,0.1,96.87333333333332,107.9,16,0.152,0.225,2,0.125,1,0.167,20.0,29.0,28.0,102.0,0.46,0.458960978202459,500,549,116,562,504,97,489,155,187,516,495,493,262,46,74,64,79,475,10,24,15,9,5,0,13,37,1,0,1,1.0,0.0,1,3,4,3,4,0.25,0.75,1.0,0.75,201959,Taj Gibson,0.2398939393939394,0.09090909090909091,201.5
1631106,Tari Eason,Tari,1610612745,HOU,25.0,60,38,22,0.633,1549.105,109.6,252,0.156,0.228,72,0.257,28,0.153,604.0,461.0,523.0,1594.0,6.48,6.477120601122891,214,128,279,146,156,140,93,146,178,72,117,140,277,439,404,449,420,83,60,278,178,100,142,0,12,28,26,21,47,0.553,0.447,6,15,21,15,21,0.286,0.714,1.0,0.714,1631106,Tari Eason,0.2763676880222841,0.1296740947075209,3086.8
1627752,Taurean Prince,Taurean,1610612749,MIL,32.0,26,10,16,0.385,611.3033333333333,117.5,77,0.125,0.203,16,0.152,6,0.115,251.0,186.0,210.0,610.0,1.14,1.1366060977379862,425,411,202,398,362,469,347,262,238,378,432,375,359,227,222,233,219,401,26,56,23,33,36,0,3,6,0,1,1,0.0,1.0,0,8,8,5,8,0.0,1.0,1.0,0.625,1627752,Taurean Prince,0.2707710280373832,0.13239252336448598,1240.1
1641707,Taylor Hendricks,Taylor,1610612763,MEM,22.0,59,12,47,0.203,1118.465,119.1,156,0.141,0.239,50,0.218,30,0.341,497.0,405.0,391.0,1250.0,1.56,1.5554671844430918,225,395,548,525,258,503,214,190,150,176,205,133,96,379,369,354,355,360,58,222,131,91,97,1,68,161,8,6,14,0.571,0.429,2,14,16,8,16,0.125,0.875,1.0,0.5,1641707,Taylor Hendricks,0.3094907975460123,0.14136196319018407,2332.3
1629611,Terance Mann,Terance,1610612751,BKN,29.0,63,15,48,0.238,1529.0166666666669,117.8,130,0.089,0.141,41,0.172,15,0.101,569.0,445.0,537.0,1732.0,2.71,2.7054417850835084,194,365,552,501,159,474,254,432,431,227,357,251,391,419,396,458,447,276,63,170,97,73,124,3,27,66,10,8,18,0.556,0.444,5,15,20,9,20,0.25,0.75,1.0,0.45,1629611,Terance Mann,0.3265375375375375,0.1139159159159159,3028.2
1630545,Terrence Shannon Jr.,Terrence,1610612750,MIN,25.0,43,24,19,0.558,537.675,120.5,39,0.074,0.126,14,0.184,1,0.015,212.0,180.0,150.0,620.0,0.53,0.5258017776146554,342,252,236,236,372,524,426,517,481,399,316,493,523,212,217,196,222,465,37,70,41,29,29,2,7,17,3,2,5,0.6,0.4,0,10,9,2,10,0.0,1.0,0.9,0.2,1630545,Terrence Shannon Jr.,0.19411764705882353,0.0535921568627451,1102.8
203648,Thanasis Antetokounmpo,Thanasis,1610612749,MIL,33.0,34,9,25,0.265,147.95833333333334,94.3,18,0.125,0.22,13,0.333,6,0.462,65.0,51.0,44.0,118.0,1.3,1.3039192373663746,394,432,326,478,486,11,483,256,199,405,32,375,56,107,104,96,86,385,25,19,12,7,25,0,6,13,3,1,4,0.75,0.25,1,0,1,1,1,1.0,0.0,1.0,1.0,203648,Thanasis Antetokounmpo,0.12080536912751678,0.040268456375838924,302.0
1628418,Thomas Bryant,Thomas,1610612739,CLE,28.0,60,37,23,0.617,731.8166666666667,110.7,146,0.184,0.305,18,0.121,26,0.338,262.0,247.0,223.0,650.0,2.82,2.8156183322761072,214,136,289,162,336,192,232,83,59,364,509,157,98,234,251,243,228,270,57,190,159,31,36,1,61,140,7,5,12,0.583,0.417,14,33,47,32,47,0.298,0.702,1.0,0.681,1628418,Thomas Bryant,0.324768253968254,0.1228063492063492,1505.5
1642275,Tidjane Salaün,Tidjane,1610612766,CHA,20.0,37,19,18,0.514,575.38,111.1,123,0.205,0.311,16,0.208,7,0.135,232.0,162.0,181.0,580.0,2.16,2.1597218768139026,377,316,225,292,364,212,268,51,56,378,237,363,311,220,205,214,210,304,33,95,54,41,38,1,19,47,3,6,9,0.333,0.667,3,19,22,14,22,0.136,0.864,1.0,0.636,1642275,Tidjane Salaün,0.24935983263598327,0.13423849372384936,1159.7
203501,Tim Hardaway Jr.,Tim,1610612743,DEN,34.0,80,52,28,0.65,2127.3,114.9,189,0.082,0.128,42,0.143,10,0.055,764.0,616.0,648.0,2186.0,5.55,5.54691460061103,21,24,364,129,61,384,164,474,479,219,456,300,488,518,510,511,524,113,79,234,123,111,69,7,34,83,5,10,15,0.333,0.667,1,19,20,10,20,0.05,0.95,1.0,0.5,203501,Tim Hardaway Jr.,0.35667447916666667,0.16542447916666667,4372.3
202699,Tobias Harris,Tobias,1610612765,DET,33.0,63,46,17,0.73,1745.45,108.6,268,0.145,0.222,58,0.17,26,0.115,577.0,553.0,499.0,1592.0,7.68,7.676307591037775,194,52,216,67,124,119,79,179,192,123,366,157,362,427,465,433,419,51,62,244,129,115,89,0,21,45,15,16,31,0.484,0.516,6,55,60,31,61,0.098,0.902,1.0,0.517,202699,Tobias Harris,0.2814134897360704,0.12108797653958943,3537.7
1643253,Toby Okani,Toby,1610612763,MEM,24.0,6,0,6,0.0,217.09,128.1,12,0.053,0.09,4,0.111,3,0.231,75.0,110.0,93.0,332.0,-0.27,-0.2674830286944222,527,567,83,567,460,569,499,559,554,485,524,442,192,112,156,142,150,578,6,32,20,12,9,0,4,10,0,2,2,0.0,1.0,0,3,3,1,3,0.0,1.0,1.0,0.333,1643253,Toby Okani,0.3881041666666667,0.10416666666666667,415.6
1642449,Tolu Smith,Tolu,1610612765,DET,25.0,15,11,4,0.733,137.44166666666666,104.6,27,0.211,0.314,2,0.074,6,0.286,58.0,35.0,32.0,112.0,0.74,0.7437863575760751,465,406,54,61,490,52,450,45,53,516,553,375,134,99,84,75,83,436,11,27,19,8,4,0,16,40,1,0,1,1.0,0.0,5,11,16,11,16,0.313,0.688,1.0,0.688,1642449,Tolu Smith,0.18180681818181818,0.04261363636363636,266.1
1628396,Tony Bradley,Tony,1610612737,ATL,28.0,41,10,31,0.244,450.68666666666667,118.8,56,0.133,0.198,6,0.097,7,0.269,199.0,125.0,147.0,468.0,0.66,0.655256051919812,356,411,412,497,395,494,390,227,249,462,533,363,152,205,169,189,187,445,38,112,81,31,14,0,37,88,4,3,7,0.571,0.429,13,27,40,23,40,0.325,0.675,1.0,0.575,1628396,Tony Bradley,0.22427111111111112,0.10222222222222223,930.6
1641787,Tosan Evbuomwan,Tosan,1610612766,CHA,25.0,5,4,1,0.8,7.713333333333333,100.0,1,0.083,0.167,0,0.0,0,0.0,4.0,8.0,4.0,12.0,0.06,0.0568233073405347,539,487,4,20,577,20,567,467,339,564,564,524,524,7,21,10,11,546,2,3,2,1,0,0,0,0,1,0,1,1.0,0.0,0,0,0,0,0,0.0,0.0,0.0,0.0,1641787,Tosan Evbuomwan,0.07142857142857142,0.0,16.7
1641739,Toumani Camara,Toumani,1610612757,POR,26.0,82,42,40,0.512,2731.2366666666667,113.0,292,0.103,0.161,94,0.206,35,0.118,1212.0,855.0,946.0,2884.0,8.55,8.550232204537128,1,87,508,293,4,294,66,354,356,27,245,109,350,582,577,581,579,32,82,426,253,173,213,18,65,159,22,18,40,0.55,0.45,16,37,52,25,53,0.302,0.698,0.981,0.472,1641739,Toumani Camara,0.3553160621761658,0.15397668393782385,5626.0
1629027,Trae Young,Trae,1610612764,WAS,27.0,15,2,13,0.133,383.7533333333334,124.1,26,0.067,0.114,13,0.228,2,0.063,155.0,156.0,157.0,528.0,-0.02,-0.0151685021821965,465,526,165,557,411,559,453,538,521,405,172,469,472,171,202,199,203,559,15,15,7,8,24,1,2,4,5,3,8,0.625,0.375,0,4,4,2,4,0.0,1.0,1.0,0.5,1629027,Trae Young,0.30129464285714286,0.12291964285714285,837.8
1631218,Trayce Jackson-Davis,Trayce,1610612761,TOR,26.0,53,29,24,0.547,496.0366666666667,110.5,79,0.158,0.235,17,0.155,24,0.444,241.0,174.0,183.0,526.0,1.98,1.9821969643021575,276,203,309,254,381,176,344,139,158,372,422,173,63,224,210,216,201,323,49,176,137,39,30,0,59,138,8,4,12,0.667,0.333,21,24,43,31,45,0.467,0.533,0.956,0.689,1631218,Trayce Jackson-Davis,0.23883272727272728,0.06060727272727273,1024.8
1642848,Tre Johnson,Tre,1610612764,WAS,20.0,60,12,48,0.2,1442.8166666666666,119.9,141,0.093,0.147,33,0.15,18,0.102,538.0,531.0,494.0,1666.0,1.68,1.679549012631842,214,395,552,526,179,511,240,412,406,272,437,224,386,399,448,430,436,346,58,150,80,70,81,0,9,22,7,7,14,0.5,0.5,1,10,11,4,11,0.091,0.909,1.0,0.364,1642848,Tre Johnson,0.2994690265486726,0.09998230088495574,3032.7
1630200,Tre Jones,Tre,1610612741,CHI,26.0,65,27,38,0.415,1752.3733333333332,114.8,166,0.088,0.132,76,0.254,11,0.063,652.0,561.0,571.0,2042.0,4.71,4.705855021177458,166,225,491,376,122,374,194,440,467,61,121,284,470,471,470,477,501,156,65,160,101,59,145,8,19,45,15,12,27,0.556,0.444,0,18,18,12,18,0.0,1.0,1.0,0.667,1630200,Tre Jones,0.32570454545454547,0.11022159090909091,3738.2
1630544,Tre Mann,Tre,1610612766,CHA,25.0,53,30,23,0.566,668.4583333333334,115.9,72,0.114,0.167,25,0.245,5,0.081,274.0,179.0,217.0,710.0,1.53,1.5331817539404828,276,196,289,223,351,421,352,308,337,314,140,397,436,243,216,239,237,363,43,79,43,36,50,0,9,23,6,8,14,0.429,0.571,0,6,6,2,6,0.0,1.0,1.0,0.333,1630544,Tre Mann,0.28271228070175436,0.11286315789473683,1303.1
1630570,Trendon Watford,Trendon,1610612755,PHI,25.0,53,27,26,0.509,863.7166666666667,115.6,136,0.146,0.229,16,0.115,22,0.21,390.0,300.0,315.0,850.0,2.1,2.100061244555254,276,225,338,297,312,412,246,175,175,378,519,191,212,313,294,307,265,313,51,183,98,85,44,0,17,41,13,6,19,0.684,0.316,2,9,11,4,11,0.182,0.818,1.0,0.364,1630570,Trendon Watford,0.27904892966360856,0.13557798165137616,1782.8
1642280,Trentyn Flowers,Trentyn,1610612741,CHI,21.0,2,0,2,0.0,5.55,100.0,0,0.0,0.0,0,0.0,0,0.0,3.0,3.0,0.0,6.0,0.03,0.0347728583907877,572,567,28,567,581,20,577,577,577,564,564,524,524,5,9,1,3,552,2,2,2,0,1,0,0,0,1,0,1,1.0,0.0,0,0,0,0,0,0.0,0.0,0.0,0.0,1642280,Trentyn Flowers,0.14285714285714285,0.0,9.3
1630286,Trevon Scott,Trevon,1610612751,BKN,29.0,6,2,4,0.333,182.235,122.8,21,0.133,0.193,8,0.258,5,0.333,47.0,42.0,85.0,240.0,0.06,0.0642176979944714,527,526,54,419,474,553,471,228,263,448,114,397,100,85,92,136,124,546,6,37,21,16,12,0,10,20,1,1,2,0.5,0.5,0,4,4,2,4,0.0,1.0,1.0,0.5,1630286,Trevon Scott,0.32632,0.075,367.9
1631211,Trevor Keels,Trevor,1610612748,MIA,22.0,8,6,2,0.75,14.946666666666667,69.8,2,0.083,0.125,1,0.25,0,0.0,8.0,2.0,2.0,14.0,0.3,0.3044275362822135,515,461,28,46,574,2,559,467,485,540,128,524,524,18,4,4,12,493,2,1,1,0,2,0,0,0,0,0,0,0.0,0.0,0,0,0,0,0,0.0,0.0,0.0,0.0,1631211,Trevor Keels,0.045454545454545456,0.0,40.0
1641725,Trey Alexander,Trey,1610612740,NOP,23.0,9,2,7,0.222,110.64333333333332,119.0,10,0.083,0.137,6,0.375,2,0.222,55.0,48.0,34.0,140.0,0.16,0.1612340748092888,507,526,99,514,499,500,509,473,447,462,18,469,199,93,101,77,91,524,8,24,19,5,15,1,0,0,0,1,1,0.0,1.0,0,6,6,1,6,0.0,1.0,1.0,0.167,1641725,Trey Alexander,0.21551724137931033,0.08620689655172414,228.7
1641998,Trey Jemison III,Trey,1610612752,NYK,26.0,13,10,3,0.769,81.58833333333334,112.9,10,0.118,0.189,1,0.071,2,0.667,33.0,32.0,28.0,76.0,0.27,0.2739590270294389,480,411,44,34,515,284,509,293,273,540,555,469,5,73,79,64,64,499,11,15,12,3,5,0,9,20,1,1,2,0.5,0.5,0,6,6,2,6,0.0,1.0,1.0,0.333,1641998,Trey Jemison III,0.1859855072463768,0.007246376811594203,168.2
1630530,Trey Murphy III,Trey,1610612740,NOP,26.0,66,21,45,0.318,2340.6383333333333,117.2,314,0.131,0.207,99,0.222,24,0.109,912.0,758.0,805.0,2588.0,4.48,4.481164076430609,157,292,541,436,32,461,54,234,228,23,187,173,377,566,563,566,559,169,66,317,175,142,185,0,40,86,16,23,39,0.41,0.59,2,16,17,9,18,0.111,0.889,0.944,0.5,1630530,Trey Murphy III,0.3701699164345404,0.1644317548746518,4826.0
1642400,Tristan Enaruna,Tristan,1610612739,CLE,25.0,9,8,1,0.889,85.13333333333334,101.7,7,0.085,0.117,5,0.25,0,0.0,38.0,20.0,28.0,70.0,0.53,0.5263915719970013,507,440,4,4,512,26,525,451,513,474,128,524,524,78,49,64,60,465,7,14,8,6,7,0,2,5,1,0,1,1.0,0.0,0,1,1,0,1,0.0,1.0,1.0,0.0,1642400,Tristan Enaruna,0.21345614035087718,0.06140350877192982,171.2
1641774,Tristan Vukcevic,Tristan,1610612764,WAS,23.0,49,8,41,0.163,670.98,118.5,115,0.162,0.275,23,0.207,33,0.402,319.0,269.0,272.0,828.0,1.07,1.0690417099050455,305,440,515,548,349,491,282,130,99,327,240,119,74,273,266,270,260,409,47,205,143,62,56,1,76,180,8,5,13,0.615,0.385,3,24,27,13,27,0.111,0.889,1.0,0.481,1641774,Tristan Vukcevic,0.3073098591549296,0.10888028169014084,1413.6
1641783,Tristan da Silva,Tristan,1610612753,ORL,25.0,77,43,34,0.558,1899.4566666666667,111.6,226,0.115,0.175,68,0.215,25,0.133,655.0,505.0,606.0,1920.0,6.66,6.663291109224503,37,75,449,234,96,232,121,304,321,80,216,167,315,473,430,499,479,79,77,301,194,107,127,0,32,67,11,14,25,0.44,0.56,2,45,47,28,47,0.043,0.957,1.0,0.596,1641783,Tristan da Silva,0.3114892473118279,0.13591935483870968,3872.0
1641803,Tristen Newton,Tristen,1610612745,HOU,25.0,1,1,0,1.0,12.0,120.0,1,0.077,0.111,1,0.5,0,0.0,0.0,2.0,2.0,16.0,0.01,0.013924565061528,579,549,1,1,576,512,567,503,530,540,4,524,524,1,4,4,14,553,1,2,1,1,2,0,0,0,0,0,0,0.0,0.0,0,0,0,0,0,0.0,0.0,0.0,0.0,1641803,Tristen Newton,0.5714285714285714,0.14285714285714285,25.099999999999998
1629660,Ty Jerome,Ty,1610612763,MEM,28.0,15,3,12,0.2,338.68833333333333,127.2,31,0.093,0.162,16,0.25,4,0.138,132.0,143.0,117.0,384.0,-0.3,-0.3015795155869635,465,503,152,526,429,566,441,409,353,378,128,418,303,154,188,165,163,579,15,33,12,21,40,0,2,6,4,1,5,0.8,0.2,1,2,3,3,3,0.333,0.667,1.0,1.0,1629660,Ty Jerome,0.27101869158878505,0.11744859813084112,687.3
1631102,TyTy Washington Jr.,TyTy,1610612746,LAC,24.0,16,8,8,0.5,88.12833333333333,121.0,5,0.069,0.116,6,0.273,3,0.429,37.0,32.0,30.0,86.0,0.08,0.0753247240246472,461,440,109,303,509,531,536,533,515,462,89,442,67,76,79,70,74,541,7,8,4,4,8,0,0,0,1,0,1,1.0,0.0,0,1,1,0,1,0.0,1.0,1.0,0.0,1631102,TyTy Washington Jr.,0.17235227272727272,0.018943181818181817,176.5
1631174,Tyler Burton,Tyler,1610612763,MEM,26.0,12,2,10,0.167,306.74333333333334,124.3,42,0.137,0.255,11,0.169,4,0.133,127.0,140.0,126.0,404.0,-0.03,-0.0305131192823335,485,526,129,544,434,560,417,208,131,415,367,418,314,150,186,171,171,561,12,44,27,17,27,0,2,4,2,5,7,0.286,0.714,0,3,3,3,3,0.0,1.0,1.0,1.0,1631174,Tyler Burton,0.3165655737704918,0.10792622950819672,635.8
1629639,Tyler Herro,Tyler,1610612748,MIA,26.0,33,14,19,0.424,1032.6533333333334,116.4,144,0.129,0.2,23,0.154,12,0.128,314.0,330.0,283.0,1178.0,2.2,2.1959958029969195,398,374,236,372,271,436,235,238,243,327,423,277,326,269,316,278,336,302,33,110,83,27,43,0,2,5,8,7,15,0.533,0.467,1,3,3,2,4,0.25,0.75,1.0,0.667,1629639,Tyler Herro,0.3106636771300449,0.11984304932735426,2161.4
1642278,Tyler Kolek,Tyler,1610612752,NYK,25.0,62,39,23,0.629,727.1616666666666,105.7,82,0.108,0.16,22,0.186,4,0.063,308.0,200.0,227.0,598.0,3.85,3.850146974791933,201,118,289,150,339,62,340,339,360,334,314,418,469,261,230,246,214,199,48,72,42,30,38,2,5,11,6,10,16,0.375,0.625,0,8,8,3,8,0.0,1.0,1.0,0.375,1642278,Tyler Kolek,0.2102523659305994,0.08885488958990537,1459.0
1641890,Tyler Smith,Tyler,1610612742,DAL,21.0,12,2,10,0.167,165.58333333333334,114.7,21,0.117,0.178,6,0.188,0,0.0,54.0,38.0,66.0,208.0,0.46,0.4595959239182669,485,526,129,544,478,372,471,296,307,462,309,524,524,91,86,115,117,475,12,31,16,15,8,0,4,8,1,0,1,1.0,0.0,0,7,7,3,7,0.0,1.0,1.0,0.429,1641890,Tyler Smith,0.19471153846153846,0.09615384615384616,356.0
1631213,Tyrese Martin,Tyrese,1610612755,PHI,27.0,46,12,34,0.261,776.61,116.8,82,0.112,0.176,25,0.189,6,0.1,313.0,222.0,276.0,804.0,1.55,1.5507780155400532,324,395,449,480,330,445,340,319,313,314,301,375,392,266,243,274,252,361,40,97,51,46,53,0,6,14,9,12,21,0.429,0.571,2,8,10,7,10,0.2,0.8,1.0,0.7,1631213,Tyrese Martin,0.20521649484536084,0.10618213058419244,1533.8
1630178,Tyrese Maxey,Tyrese,1610612755,PHI,25.0,70,38,32,0.543,2661.1183333333333,113.4,266,0.096,0.155,130,0.256,55,0.185,864.0,891.0,961.0,2756.0,7.94,7.935083604943578,105,128,424,262,8,308,82,395,379,5,119,46,238,551,582,582,572,45,70,271,116,155,250,3,20,45,15,36,51,0.294,0.706,1,15,15,4,16,0.063,0.938,0.938,0.25,1630178,Tyrese Maxey,0.3460502793296089,0.1593854748603352,5404.1
1642878,Tyrese Proctor,Tyrese,1610612739,CLE,22.0,50,33,17,0.66,545.0866666666667,112.8,53,0.092,0.157,25,0.223,0,0.0,196.0,184.0,149.0,490.0,1.73,1.729075673259902,297,175,216,122,370,280,393,415,373,314,185,524,524,201,219,195,195,341,41,43,16,27,59,1,7,16,4,7,11,0.364,0.636,1,5,6,1,6,0.167,0.833,1.0,0.167,1642878,Tyrese Proctor,0.18373519163763066,0.07317073170731707,1110.1
1630623,Tyson Etienne,Tyson,1610612751,BKN,26.0,24,5,19,0.208,380.01666666666665,117.8,22,0.06,0.101,11,0.177,0,0.0,154.0,138.0,148.0,440.0,0.7,0.6993914150972145,433,474,236,521,412,475,467,552,545,415,336,524,524,169,184,192,180,441,18,29,19,10,16,0,4,9,4,3,7,0.571,0.429,0,6,6,0,6,0.0,1.0,1.0,0.0,1630623,Tyson Etienne,0.23406666666666667,0.07111333333333333,769.2
1626145,Tyus Jones,Tyus,1610612743,DEN,30.0,67,37,30,0.552,978.5783333333334,113.6,64,0.065,0.098,37,0.227,3,0.033,305.0,288.0,351.0,1104.0,2.9,2.901187418335547,147,136,395,244,282,323,372,546,548,250,174,442,514,260,287,327,320,264,52,47,14,33,54,0,6,14,2,5,7,0.286,0.714,0,6,6,4,6,0.0,1.0,1.0,0.667,1626145,Tyus Jones,0.27094285714285715,0.08783174603174604,1977.8
1642845,VJ Edgecombe,VJ,1610612755,PHI,20.0,75,43,32,0.573,2623.305,113.9,301,0.111,0.177,107,0.217,39,0.125,864.0,863.0,905.0,2686.0,7.47,7.4690030235726255,60,75,424,209,11,339,60,324,310,11,212,93,330,551,579,578,568,58,75,333,196,137,244,0,20,44,39,38,77,0.506,0.494,2,21,23,12,23,0.087,0.913,1.0,0.522,1642845,VJ Edgecombe,0.35944473007712086,0.14315938303341902,5318.9
1641705,Victor Wembanyama,Victor,1610612759,SAS,22.0,64,50,14,0.781,1865.6483333333333,103.6,606,0.285,0.415,66,0.225,197,0.701,581.0,485.0,477.0,1512.0,10.96,10.9556982007958,180,32,175,30,103,41,4,4,6,87,181,1,4,429,420,421,410,6,64,602,434,168,167,3,87,189,20,11,31,0.645,0.355,20,45,65,49,65,0.308,0.692,1.0,0.754,1641705,Victor Wembanyama,0.3218677685950413,0.1554710743801653,3840.9
1631246,Vince Williams Jr.,Vince,1610612762,UTA,25.0,40,16,24,0.4,819.395,108.4,116,0.123,0.189,29,0.213,16,0.176,313.0,288.0,226.0,784.0,3.58,3.5849205983697745,362,348,309,384,323,110,280,269,274,294,221,243,246,266,287,245,244,220,40,112,65,47,72,1,6,15,11,5,16,0.688,0.313,2,6,8,4,8,0.25,0.75,1.0,0.5,1631246,Vince Williams Jr.,0.253921875,0.12812109375,1677.5
1642884,Vladislav Goldin,Vladislav,1610612748,MIA,25.0,9,5,4,0.556,23.961666666666662,88.9,6,0.214,0.333,0,0.0,3,0.75,16.0,4.0,4.0,22.0,0.29,0.2886741103927419,507,474,54,241,563,7,528,42,38,564,564,442,2,38,10,10,17,495,6,11,10,1,2,0,0,0,1,0,1,1.0,0.0,0,1,1,1,1,0.0,1.0,1.0,1.0,1642884,Vladislav Goldin,0.08333333333333333,0.016666666666666666,56.8
1630249,Vít Krejčí,Vít,1610612757,POR,26.0,65,32,33,0.492,1392.1,111.1,117,0.081,0.129,47,0.171,18,0.124,538.0,434.0,444.0,1474.0,5.17,5.1668067534291495,166,182,435,328,191,215,277,483,476,191,361,224,340,399,391,400,400,129,64,271,155,116,92,0,22,49,9,16,25,0.36,0.64,0,20,20,7,20,0.0,1.0,1.0,0.35,1630249,Vít Krejčí,0.3384877384196185,0.14691280653950953,2892.3
1631117,Walker Kessler,Walker,1610612762,UTA,24.0,5,2,3,0.4,153.98,114.0,31,0.183,0.301,7,0.304,9,0.6,64.0,59.0,36.0,150.0,0.41,0.414081207817925,539,526,44,384,482,341,441,84,64,454,56,315,14,106,111,83,96,479,5,43,34,9,16,0,16,39,4,0,4,1.0,0.0,4,8,11,7,12,0.333,0.667,0.917,0.583,1631117,Walker Kessler,0.3654418604651163,0.07751162790697674,306.7
1642383,Walter Clayton Jr.,Walter,1610612763,MEM,23.0,69,17,52,0.246,1410.535,121.2,114,0.081,0.134,44,0.166,19,0.173,609.0,541.0,438.0,1536.0,1.1,1.104326234235403,118,334,566,493,188,534,285,482,454,208,385,217,253,446,456,395,413,406,68,296,132,164,88,4,13,30,8,11,19,0.421,0.579,0,13,13,8,13,0.0,1.0,1.0,0.615,1642383,Walter Clayton Jr.,0.3088714285714286,0.16385714285714287,2938.6
1628976,Wendell Carter Jr.,Wendell,1610612753,ORL,27.0,78,43,35,0.551,2288.3516666666665,111.3,415,0.177,0.263,60,0.149,49,0.236,772.0,612.0,716.0,2366.0,8.29,8.294280214012938,28,75,459,245,38,225,19,100,115,112,440,62,189,525,506,539,542,36,78,595,444,151,125,2,218,497,21,22,43,0.488,0.512,39,148,187,105,187,0.209,0.791,1.0,0.561,1628976,Wendell Carter Jr.,0.32445,0.11883333333333333,4708.1
1631111,Wendell Moore Jr.,Wendell,1610612765,DET,24.0,6,5,1,0.833,59.555,94.4,5,0.085,0.132,2,0.133,2,0.25,9.0,22.0,5.0,54.0,0.5,0.5035662230046204,527,474,4,10,530,12,536,456,470,516,478,469,170,22,54,14,46,469,5,9,5,4,4,0,1,2,0,0,0,0.0,0.0,0,0,0,0,0,0.0,0.0,0.0,0.0,1631111,Wendell Moore Jr.,0.08593478260869566,0.0,117.5
1642954,Will Richard,Will,1610612744,GSW,23.0,69,34,35,0.493,1376.805,113.6,105,0.078,0.123,80,0.271,9,0.071,585.0,423.0,470.0,1492.0,4.16,4.164063983952892,118,168,459,327,197,320,295,499,491,56,94,315,456,431,384,418,407,182,67,146,76,70,157,5,16,37,9,10,19,0.474,0.526,7,14,21,16,21,0.333,0.667,1.0,0.762,1642954,Will Richard,0.28914615384615383,0.12136923076923077,2822.7
1642860,Will Riley,Will,1610612764,WAS,20.0,74,16,58,0.216,1632.4716666666666,121.4,156,0.097,0.159,54,0.205,9,0.058,745.0,570.0,653.0,2052.0,1.21,1.2069289758797983,70,348,579,518,142,536,214,379,363,153,248,315,484,514,479,513,504,392,68,236,157,79,83,1,14,35,6,12,18,0.333,0.667,2,16,17,8,18,0.111,0.889,0.944,0.444,1642860,Will Riley,0.2907827160493827,0.10308395061728395,3383.4
1630214,Xavier Tillman,Xavier,1610612766,CHA,27.0,30,21,9,0.7,183.87833333333333,109.7,24,0.136,0.207,9,0.231,5,0.25,80.0,51.0,47.0,142.0,0.75,0.7542050885516272,410,292,116,84,471,145,461,211,227,436,168,397,170,120,104,99,93,434,20,54,28,26,19,0,20,47,0,4,4,0.0,1.0,7,4,11,8,12,0.583,0.333,1.0,0.727,1630214,Xavier Tillman,0.21578030303030304,0.07778030303030303,360.5
1642905,Yang Hansen,Yang,1610612757,POR,21.0,43,24,19,0.558,299.8933333333333,110.2,46,0.139,0.221,3,0.067,10,0.345,180.0,103.0,115.0,288.0,1.21,1.205052561672488,342,252,236,236,435,169,410,202,195,500,559,300,94,188,147,163,140,392,38,115,78,37,17,0,37,86,5,0,5,1.0,0.0,4,23,26,11,27,0.148,0.852,0.963,0.407,1642905,Yang Hansen,0.2505844155844156,0.06276623376623378,614.4
1642949,Yanic Konan Niederhäuser,Yanic Konan,1610612746,LAC,23.0,41,22,19,0.537,423.67833333333334,109.4,80,0.176,0.297,5,0.068,30,0.526,162.0,115.0,142.0,432.0,1.78,1.7833827418199213,356,277,236,268,403,135,343,102,70,474,558,133,30,175,162,184,178,338,33,137,114,23,21,2,46,103,1,0,1,1.0,0.0,7,19,26,17,26,0.269,0.731,1.0,0.654,1642949,Yanic Konan Niederhäuser,0.21862343096234307,0.0718284518828452,851.7
1642530,Yuki Kawamura,Yuki,1610612741,CHI,25.0,18,6,12,0.333,209.02,114.0,26,0.118,0.191,9,0.22,0,0.0,84.0,71.0,66.0,250.0,0.61,0.612707804790836,456,461,152,419,464,343,453,293,265,436,198,524,524,122,122,115,126,454,13,21,7,14,14,1,1,2,0,3,3,0.0,1.0,1,1,2,1,2,0.5,0.5,1.0,0.5,1642530,Yuki Kawamura,0.2245438596491228,0.10233333333333333,444.7
1642274,Yves Missi,Yves,1610612740,NOP,22.0,66,19,47,0.288,1297.0366666666666,114.1,202,0.147,0.235,20,0.083,101,0.58,496.0,403.0,431.0,1342.0,3.62,3.6216899108872904,157,316,548,453,216,346,149,170,159,348,547,10,21,376,366,392,372,216,66,448,287,161,51,0,127,276,22,12,34,0.647,0.353,33,42,74,44,75,0.44,0.56,0.987,0.587,1642274,Yves Missi,0.31114565826330537,0.14208963585434173,2640.2
1642258,Zaccharie Risacher,Zaccharie,1610612737,ATL,21.0,67,39,28,0.582,1503.253333333333,112.6,186,0.121,0.183,59,0.197,36,0.222,574.0,417.0,542.0,1668.0,4.99,4.994689675884443,147,118,364,198,164,272,167,275,290,120,278,104,199,424,379,459,437,138,67,297,191,106,135,0,9,22,10,16,26,0.385,0.615,3,13,16,10,16,0.188,0.813,1.0,0.625,1642258,Zaccharie Risacher,0.30214824797843665,0.12604851752021565,3206.9
1628380,Zach Collins,Zach,1610612741,CHI,28.0,10,6,4,0.6,183.73666666666668,111.6,40,0.205,0.292,2,0.057,4,0.286,68.0,39.0,36.0,186.0,0.65,0.648324921705582,500,461,54,174,472,231,424,50,78,516,561,418,134,109,89,83,111,446,10,57,42,15,10,0,23,53,2,1,3,0.667,0.333,3,10,13,9,13,0.231,0.769,1.0,0.692,1628380,Zach Collins,0.2577922077922078,0.08441558441558442,378.1
1641744,Zach Edey,Zach,1610612763,MEM,24.0,11,7,4,0.636,283.8516666666667,94.5,79,0.243,0.32,7,0.163,21,0.525,87.0,65.0,59.0,182.0,2.37,2.3663073676227957,492,452,54,143,441,13,344,19,45,454,395,197,32,123,114,108,108,294,11,88,74,14,12,0,35,78,2,1,3,0.667,0.333,19,26,45,36,45,0.422,0.578,1.0,0.8,1641744,Zach Edey,0.2508266666666667,0.108,579.4
203897,Zach LaVine,Zach,1610612758,SAC,31.0,39,9,30,0.231,1224.263333333333,121.9,100,0.083,0.132,28,0.137,10,0.102,475.0,411.0,379.0,1440.0,0.73,0.7328968143470579,368,432,395,507,228,540,311,472,469,298,470,300,388,367,374,344,393,438,39,165,75,90,50,0,7,16,3,6,9,0.333,0.667,0,8,8,3,8,0.0,1.0,1.0,0.375,203897,Zach LaVine,0.32724206349206353,0.16195634920634921,2488.4
1630192,Zeke Nnaji,Zeke,1610612743,DEN,25.0,52,38,14,0.731,625.9883333333333,113.7,103,0.147,0.236,17,0.205,24,0.375,265.0,213.0,210.0,672.0,1.83,1.833528217611902,286,128,175,66,357,328,305,171,156,372,250,173,84,236,238,233,233,332,49,178,114,64,44,1,59,144,4,6,10,0.4,0.6,5,13,17,9,18,0.278,0.722,0.944,0.5,1630192,Zeke Nnaji,0.216028880866426,0.08820577617328519,1273.7
1630533,Ziaire Williams,Ziaire,1610612751,BKN,24.0,56,13,43,0.232,1281.2666666666669,113.2,104,0.084,0.136,76,0.3,21,0.174,588.0,389.0,489.0,1390.0,4.02,4.0242846055903945,247,384,527,505,218,301,300,464,450,61,60,197,251,432,356,428,384,188,55,202,92,110,174,1,8,18,10,16,26,0.385,0.615,0,10,10,5,10,0.0,1.0,1.0,0.5,1630533,Ziaire Williams,0.2947911764705882,0.11554411764705881,2592.5
1629627,Zion Williamson,Zion,1610612740,NOP,25.0,62,22,40,0.355,1841.0633333333333,114.9,228,0.116,0.185,60,0.18,34,0.152,689.0,647.0,609.0,2036.0,4.85,4.848280237439277,201,277,508,407,109,383,118,303,286,112,328,113,280,487,523,500,500,145,62,255,118,137,120,1,52,127,26,8,34,0.765,0.235,11,40,51,38,51,0.216,0.784,1.0,0.745,1629627,Zion Williamson,0.2854281690140845,0.142343661971831,3830.5
1642389,Zyon Pullin,Zyon,1610612750,MIN,25.0,5,4,1,0.8,42.583333333333336,118.9,2,0.035,0.069,1,0.25,0,0.0,24.0,26.0,12.0,74.0,0.06,0.0639765644818524,539,487,4,20,541,497,559,570,567,540,128,524,524,57,64,33,62,546,2,7,6,1,2,0,0,0,0,0,0,0.0,0.0,0,1,1,0,1,0.0,1.0,1.0,0.0,1642389,Zyon Pullin,0.20045000000000002,0.0,92.3
