,PLAYER_ID,PLAYER_NAME,NICKNAME,TEAM_ID,TEAM_ABBREVIATION,AGE,GP,W,L,W_PCT,MIN,DEF_RATING,DREB,DREB_PCT,PCT_DREB,STL,PCT_STL,BLK,PCT_BLK,OPP_PTS_OFF_TOV,OPP_PTS_2ND_CHANCE,OPP_PTS_FB,OPP_PTS_PAINT,DEF_WS,DEF_WS_RAW,GP_RANK,W_RANK,L_RANK,W_PCT_RANK,MIN_RANK,DEF_RATING_RANK,DREB_RANK,DREB_PCT_RANK,PCT_DREB_RANK,STL_RANK,PCT_STL_RANK,BLK_RANK,PCT_BLK_RANK,OPP_PTS_OFF_TOV_RANK,OPP_PTS_2ND_CHANCE_RANK,OPP_PTS_FB_RANK,OPP_PTS_PAINT_RANK,DEF_WS_RANK,G,CONTESTED_SHOTS,CONTESTED_SHOTS_2PT,CONTESTED_SHOTS_3PT,DEFLECTIONS,CHARGES_DRAWN,SCREEN_ASSISTS,SCREEN_AST_PTS,OFF_LOOSE_BALLS_RECOVERED,DEF_LOOSE_BALLS_RECOVERED,LOOSE_BALLS_RECOVERED,PCT_LOOSE_BALLS_RECOVERED_OFF,PCT_LOOSE_BALLS_RECOVERED_DEF,OFF_BOXOUTS,DEF_BOXOUTS,BOX_OUT_PLAYER_TEAM_REBS,BOX_OUT_PLAYER_REBS,BOX_OUTS,PCT_BOX_OUTS_OFF,PCT_BOX_OUTS_DEF,PCT_BOX_OUTS_TEAM_REB,PCT_BOX_OUTS_REB,DEF_PLAYER_ID,DEF_PLAYER_NAME,avg_fg_pct_allowed,avg_3fg_pct_allowed,total_possessions,BLK_score,OPP_PTS_PAINT_score,DEF_RATING_score,rim_protection_score,CONTESTED_SHOTS_2PT_score,CONTESTED_SHOTS_3PT_score,shot_contesting_score,DEFLECTIONS_score,STL_score,CHARGES_DRAWN_score,ball_disruption_score,avg_fg_pct_allowed_score,avg_3fg_pct_allowed_score,on_ball_matchup_def_score,DREB_score,DEF_BOXOUTS_score,def_reb_score
1,1631260,AJ Green,AJ,1610612749,MIL,26.0,78,31,47,0.397,2269.9333333333334,116.7,184,0.08,0.12,39,0.111,8,0.042,812.0,648.0,677.0,2060.0,4.72,4.721945261423365,28,188,548,387,41,442,173,488,503,239,523,341,503,541,525,524,506,154,78,304,171,133,110,3,28,64,11,26,37,0.297,0.703,0,36,36,9,36,0.0,1.0,1.0,0.25,1631260,AJ Green,0.3485264483627204,0.1821964735516372,4579.8,1.5625,58.2089552238806,32.39436619718306,29.096725877653974,18.13110181311018,35.80786026200873,28.737156882449312,19.366197183098592,3.4782608695652173,10.344827586206897,11.550077074138986,31.6631447588344,25.48186652914849,28.572505643991445,14.492753623188406,22.22222222222222,17.971014492753625
7,1642846,Ace Bailey,Ace,1610612762,UTA,19.0,72,19,53,0.264,1987.6433333333337,120.4,198,0.097,0.15,60,0.164,49,0.302,769.0,678.0,768.0,2194.0,2.0,2.003692786200593,84,316,568,479,82,523,154,381,394,112,391,62,119,522,532,556,526,320,72,346,190,156,111,0,18,38,26,14,40,0.65,0.35,3,24,27,10,27,0.111,0.889,1.0,0.37,1642846,Ace Bailey,0.2843598014888337,0.1512208436724565,4199.8,22.916666666666664,50.5166475315729,15.023474178403703,30.60336184731811,20.781032078103205,45.851528384279476,35.82332986180897,19.718309859154928,21.73913043478261,0.0,15.496019595835886,80.60771272430739,52.588164917153335,66.59793882073036,17.02898550724638,13.88888888888889,15.61594202898551
19,1630578,Alperen Sengun,Alperen,1610612745,HOU,23.0,72,46,26,0.639,2397.695,113.7,425,0.177,0.272,85,0.197,77,0.301,927.0,795.0,769.0,2448.0,7.04,7.0363221540244485,84,52,338,140,25,325,16,99,103,43,279,22,122,570,572,557,551,71,71,616,420,196,164,6,159,369,34,18,52,0.654,0.346,49,70,116,83,119,0.412,0.588,0.983,0.703,1630578,Alperen Sengun,0.3801,0.2113157894736842,4697.4,37.5,35.93570608495982,46.47887323943659,39.197215439595084,52.859135285913524,63.31877729257642,59.13492048991126,38.38028169014084,43.47826086956522,20.689655172413794,35.74191777350761,7.57970079986542,0.0,3.78985039993271,58.152173913043484,45.83333333333333,52.60869565217392
21,1641708,Amen Thompson,Amen,1610612745,HOU,23.0,79,49,30,0.62,2953.15,110.4,379,0.123,0.189,119,0.225,48,0.137,1132.0,886.0,909.0,3074.0,11.54,11.540317630227388,25,37,395,160,1,174,34,268,272,8,180,68,306,580,581,579,582,5,79,300,199,101,213,1,36,87,34,33,67,0.507,0.493,16,22,38,27,38,0.421,0.579,1.0,0.711,1641708,Amen Thompson,0.2931984732824427,0.1184631043256997,5847.3,22.395833333333336,0.0,61.971830985915446,24.451291079812194,22.03626220362622,21.83406113537118,21.914941562673192,55.633802816901415,73.04347826086956,3.4482758620689653,48.68080748358215,73.86581497208346,81.25395995386633,77.5598874629749,49.81884057971014,12.5,33.02536231884058
26,1629614,Andrew Nembhard,Andrew,1610612754,IND,26.0,57,13,44,0.228,1785.5933333333332,119.3,135,0.075,0.115,51,0.202,8,0.047,670.0,568.0,535.0,2114.0,2.37,2.3696537557515227,235,384,533,511,116,504,248,508,517,168,264,341,498,479,478,456,515,294,57,141,90,51,94,1,26,57,18,13,31,0.581,0.419,0,15,15,2,15,0.0,1.0,1.0,0.133,1629614,Andrew Nembhard,0.3459064516129032,0.1220870967741935,3710.4,1.5625,55.109070034443164,20.187793427230037,24.960122868862616,6.834030683403068,0.0,2.7336122733612274,13.732394366197184,13.91304347826087,3.4482758620689653,11.224591929387419,33.66160681409467,78.08265977214594,55.87213329312031,5.615942028985507,7.638888888888889,6.526268115942029
27,203952,Andrew Wiggins,Andrew,1610612748,MIA,31.0,68,35,33,0.515,2062.598333333334,113.9,214,0.098,0.149,76,0.207,69,0.369,684.0,674.0,647.0,2334.0,5.95,5.950779095640668,135,162,435,290,68,336,135,378,399,61,242,31,87,485,531,510,539,92,68,515,273,242,152,0,8,19,24,15,39,0.615,0.385,10,40,47,21,50,0.2,0.8,0.94,0.42,203952,Andrew Wiggins,0.3027203389830508,0.1598333333333333,4389.0,33.33333333333333,42.47990815154994,45.539906103286334,39.58627771219739,32.357043235704325,83.4061135371179,62.98648541655247,34.154929577464785,35.65217391304348,0.0,26.14023270055113,66.60279554304141,45.05150737308057,55.82715145806099,19.92753623188406,25.0,22.210144927536234
29,1641710,Anthony Black,Anthony,1610612753,ORL,22.0,64,36,28,0.563,1910.05,113.1,197,0.101,0.154,91,0.273,45,0.207,649.0,534.0,626.0,2018.0,5.93,5.928348757888354,180,151,364,229,95,298,156,364,383,32,88,73,216,469,450,507,499,94,64,266,142,124,194,3,19,46,8,21,29,0.276,0.724,0,21,21,7,21,0.0,1.0,1.0,0.333,1641710,Anthony Black,0.349683284457478,0.1395278592375366,3914.6,20.833333333333336,60.61997703788749,49.29577464788733,41.874268958565786,14.086471408647142,31.877729257641924,24.761226118044014,48.943661971830984,48.69565217391305,10.344827586206897,39.207149946153685,30.780741740704787,62.82051616797537,46.80062895434008,16.847826086956523,11.805555555555555,14.578804347826088
31,1630162,Anthony Edwards,Anthony,1610612750,MIN,24.0,61,37,24,0.607,2136.5933333333332,114.3,266,0.12,0.179,83,0.226,49,0.209,774.0,602.0,700.0,2292.0,5.83,5.825825957332806,210,136,309,170,60,358,82,282,302,48,175,62,213,526,501,534,535,98,61,251,148,103,133,0,7,19,24,15,39,0.615,0.385,0,17,17,9,17,0.0,1.0,1.0,0.529,1630162,Anthony Edwards,0.309227414330218,0.1533302180685358,4372.5,22.916666666666664,44.89092996555683,43.661971830985905,35.79398511235803,14.923291492329149,22.707423580786028,19.593770745403276,27.464788732394368,41.73913043478261,0.0,25.59461114513166,61.63937596134139,50.74228375137362,56.19082985635751,29.347826086956523,9.027777777777777,20.20380434782609
36,1641709,Ausar Thompson,Ausar,1610612765,DET,23.0,73,53,20,0.726,1895.61,107.2,268,0.135,0.203,146,0.364,69,0.284,683.0,543.0,512.0,1704.0,9.15,9.147361176051191,78,19,251,69,98,89,79,223,236,3,21,31,138,483,460,442,442,20,73,309,160,149,321,2,37,88,28,33,61,0.459,0.541,11,10,20,15,21,0.524,0.476,1.0,0.75,1641709,Ausar Thompson,0.2793259668508287,0.1429226519337016,3869.3,33.33333333333333,78.64523536165328,76.99530516431922,60.107992000991786,16.596931659693166,42.79475982532751,32.31562855907377,93.66197183098592,96.52173913043478,6.896551724137931,72.97153535908102,84.44738447856037,59.84978517246085,72.14858482551061,29.71014492753623,4.166666666666666,18.21557971014493
37,1630559,Austin Reaves,Austin,1610612747,LAL,28.0,51,36,15,0.706,1761.65,112.3,207,0.117,0.174,56,0.175,20,0.123,629.0,478.0,544.0,1878.0,5.89,5.893018251164724,291,151,187,82,121,262,143,297,323,137,350,209,343,462,414,460,470,95,51,153,83,70,114,15,16,36,20,20,40,0.5,0.5,0,12,12,3,12,0.0,1.0,1.0,0.25,1630559,Austin Reaves,0.3446090909090909,0.1187666666666666,3589.8,7.8125,68.65671641791045,53.05164319248825,40.417761544390714,5.857740585774058,8.296943231441048,7.321262173174252,20.774647887323944,18.26086956521739,51.724137931034484,27.632197985514285,34.651198170929526,80.98831720743293,57.81975768918123,18.65942028985507,5.555555555555555,12.76268115942029
38,1630245,Ayo Dosunmu,Ayo,1610612750,MIN,26.0,69,36,33,0.522,1881.0433333333333,113.2,190,0.093,0.143,58,0.178,18,0.089,723.0,629.0,534.0,2002.0,5.84,5.840618694113976,118,151,435,287,100,300,162,410,420,123,334,224,418,506,516,455,495,97,67,248,147,101,83,4,10,26,20,18,38,0.526,0.474,1,16,17,9,17,0.059,0.941,1.0,0.529,1630245,Ayo Dosunmu,0.2812184210526315,0.1097342105263157,3915.3,6.770833333333333,61.53846153846154,48.82629107981217,36.45336764174791,14.783821478382148,21.83406113537118,19.013965272575568,9.859154929577464,20.0,13.793103448275861,14.391937833899952,83.00387203378938,88.89248097333193,85.94817650356066,15.579710144927535,8.333333333333332,12.318840579710145
39,1628389,Bam Adebayo,Bam,1610612748,MIA,28.0,73,37,36,0.507,2364.685,111.0,583,0.236,0.344,86,0.209,49,0.265,736.0,646.0,659.0,2494.0,8.63,8.628632656291693,78,136,472,301,29,210,5,24,32,40,231,62,159,510,522,519,556,30,73,498,300,198,176,2,85,189,22,16,38,0.579,0.421,22,138,155,105,160,0.138,0.863,0.969,0.656,1628389,Bam Adebayo,0.335260989010989,0.1593873626373626,4960.3,22.916666666666664,33.295063145809415,59.15492957746476,35.60867116206615,36.122733612273365,64.19213973799127,52.9643772877041,42.6056338028169,44.34782608695652,6.896551724137931,34.288130582596025,41.78167531116509,45.441769485729736,43.61172239844741,86.77536231884058,93.05555555555556,89.60144927536231
43,1631097,Bennedict Mathurin,Bennedict,1610612746,LAC,24.0,54,22,32,0.407,1620.015,115.3,238,0.142,0.225,43,0.149,13,0.068,551.0,528.0,422.0,1764.0,4.14,4.13707776625956,266,277,424,380,144,401,107,187,188,214,438,272,462,410,444,384,454,183,54,143,83,60,68,1,11,24,11,8,19,0.579,0.421,6,22,28,16,28,0.214,0.786,1.0,0.571,1631097,Bennedict Mathurin,0.3236523076923077,0.1415846153846154,3329.9,4.166666666666666,75.20091848450058,38.96713615023473,37.72877217380055,5.857740585774058,3.9301310043668125,4.701174836929711,4.577464788732395,6.956521739130435,3.4482758620689653,5.127837489705851,50.63646077172407,61.02068042447198,55.828570598098025,24.27536231884058,12.5,18.97644927536232
49,1626171,Bobby Portis Jr.,Bobby,1610612749,MIL,31.0,67,26,41,0.388,1619.3133333333333,118.4,339,0.198,0.313,41,0.175,12,0.101,572.0,523.0,496.0,1644.0,2.57,2.5732603446897375,147,231,515,395,145,489,43,60,55,227,348,277,390,421,442,431,433,284,67,353,181,172,110,1,64,137,12,15,27,0.444,0.556,21,66,85,54,87,0.241,0.759,0.977,0.621,1626171,Bobby Portis Jr.,0.383223188405797,0.1516869565217391,3239.4,3.6458333333333335,82.08955223880598,24.413145539906054,36.292963001891934,19.525801952580196,52.838427947598255,39.51337754959103,19.366197183098592,5.217391304347826,3.4482758620689653,10.434634795278418,5.197417874953566,52.1802767152211,28.68884729508733,42.572463768115945,43.05555555555556,42.78985507246377
55,1641764,Brandin Podziemski,Brandin,1610612744,GSW,23.0,82,37,45,0.451,2332.673333333333,110.4,347,0.147,0.227,88,0.199,15,0.072,957.0,755.0,712.0,2446.0,9.09,9.085293313927767,1,136,541,358,33,172,39,169,184,35,272,251,452,575,561,538,550,23,81,212,114,98,149,23,45,114,13,18,31,0.419,0.581,7,24,30,15,31,0.226,0.774,0.968,0.484,1641764,Brandin Podziemski,0.3238649999999999,0.129665,4708.5,5.208333333333334,36.05051664753157,61.971830985915446,30.193971906448247,10.181311018131103,20.52401746724891,16.38693488760179,33.098591549295776,46.08695652173913,79.3103448275862,49.19745760922356,50.47422488101226,71.4513529417336,60.96278891137293,44.02173913043478,13.88888888888889,30.461956521739133
57,1627742,Brandon Ingram,Brandon,1610612761,TOR,28.0,77,43,34,0.558,2603.8633333333332,113.7,367,0.144,0.219,58,0.132,55,0.224,909.0,711.0,699.0,2668.0,7.57,7.565887013863633,37,75,449,234,13,326,37,181,200,123,483,46,198,565,549,533,567,55,76,386,218,168,132,0,18,42,16,15,31,0.516,0.484,0,25,25,16,25,0.0,1.0,1.0,0.64,1627742,Brandon Ingram,0.3228950131233595,0.1451102362204724,5249.9,26.041666666666668,23.30654420206659,46.47887323943659,30.19367544724912,24.686192468619247,51.09170305676856,40.52949882150884,27.11267605633803,20.0,0.0,17.845070422535215,51.21410441223745,57.9354637314633,54.574784071850374,47.64492753623188,14.583333333333334,32.76721014492754
58,1641706,Brandon Miller,Brandon,1610612766,CHA,23.0,65,41,24,0.631,1968.3116666666667,111.3,249,0.122,0.18,66,0.224,44,0.246,678.0,530.0,569.0,1956.0,7.11,7.105461214762976,166,97,309,148,85,221,96,270,301,87,183,76,180,482,446,475,488,70,65,278,170,108,130,2,32,80,21,13,34,0.618,0.382,1,13,13,6,14,0.071,0.929,0.929,0.429,1641706,Brandon Miller,0.3106083333333333,0.1477694444444444,3906.6,20.3125,64.17910447761194,57.746478873239425,45.02430628547404,17.99163179916318,24.890829694323145,22.13115053625916,26.408450704225352,26.956521739130434,6.896551724137931,21.722300821420276,60.58604861301306,55.608431420063276,58.097240016538166,26.268115942028984,6.25,17.259963768115945
60,1641729,Brice Sensabaugh,Brice,1610612762,UTA,22.0,75,18,57,0.24,1761.8666666666666,120.8,175,0.097,0.157,54,0.163,12,0.087,768.0,587.0,684.0,1964.0,1.6,1.5996623820409708,60,325,577,499,120,529,186,382,372,153,394,277,421,521,490,528,491,355,71,199,96,103,107,9,26,59,19,6,25,0.76,0.24,6,21,27,19,27,0.222,0.778,1.0,0.704,1641729,Brice Sensabaugh,0.329715710723192,0.136930174563591,3742.5,3.6458333333333335,63.71986222732492,13.145539906103274,27.046670089422868,7.670850767085077,22.707423580786028,16.692794455305645,18.30985915492958,16.52173913043478,31.03448275862069,20.86517304727918,46.01146233086045,65.09371016482265,55.552586247841546,12.862318840579709,11.805555555555555,12.38677536231884
62,201572,Brook Lopez,Brook,1610612746,LAC,38.0,75,41,34,0.547,1635.2733333333333,112.7,226,0.135,0.211,45,0.142,87,0.509,606.0,510.0,464.0,1572.0,5.27,5.265443748035666,60,97,449,256,141,274,121,215,219,200,460,16,35,442,433,416,418,125,75,621,509,112,127,0,116,264,3,11,14,0.214,0.786,11,91,99,56,102,0.108,0.892,0.971,0.549,201572,Brook Lopez,0.290683615819209,0.1273728813559322,3240.8,42.70833333333333,86.22273249138921,51.17370892018776,60.05471693536649,65.27196652719665,26.637554585152838,42.09131936197036,25.352112676056336,8.695652173913043,0.0,13.1843233312921,75.78407964741608,73.45715079472804,74.62061522107206,22.10144927536232,60.416666666666664,39.34329710144928
64,1628971,Bruce Brown,Bruce,1610612743,DEN,29.0,82,54,28,0.659,1997.7883333333336,115.2,233,0.109,0.166,85,0.309,20,0.116,774.0,541.0,655.0,2002.0,5.04,5.042051695461913,1,13,364,124,78,392,112,328,344,43,52,209,355,526,456,515,495,134,82,211,90,121,195,0,43,103,10,10,20,0.5,0.5,13,13,25,20,26,0.5,0.5,0.962,0.769,1628971,Bruce Brown,0.3153425,0.13749,4076.3,7.8125,61.53846153846154,39.43661971830982,34.52261646803899,6.834030683403068,30.567685589519648,21.074223627073017,49.29577464788733,43.47826086956522,0.0,34.935701163502756,56.97495541327097,64.60381551591038,60.78938546459068,23.369565217391305,6.25,15.665760869565219
66,1642267,Bub Carrington,Bub,1610612764,WAS,20.0,82,17,65,0.207,2270.65,122.6,243,0.104,0.169,52,0.147,17,0.063,949.0,836.0,864.0,2666.0,0.91,0.9086076637772196,1,334,582,523,40,549,100,351,332,161,444,233,471,573,575,574,566,422,81,237,126,111,119,0,25,55,23,16,39,0.59,0.41,2,30,31,10,32,0.063,0.938,0.969,0.313,1642267,Bub Carrington,0.331955223880597,0.1296442786069651,4759.8,6.25,23.421354764638348,4.694835680751174,11.871183087811215,11.85495118549512,26.200873362445414,20.462504491665296,22.535211267605636,14.782608695652174,0.0,14.187997550520514,44.303222781463205,71.46948591480987,57.886354348136535,25.181159420289855,18.055555555555554,21.97463768115942
70,203468,CJ McCollum,CJ,1610612737,ATL,34.0,76,37,39,0.487,2263.3716666666664,112.0,190,0.077,0.12,64,0.166,35,0.127,864.0,737.0,730.0,2440.0,7.71,7.71103344217356,54,136,503,335,44,249,162,501,502,94,386,109,327,551,557,542,549,48,75,326,161,165,113,0,26,63,20,21,41,0.488,0.512,1,14,15,9,15,0.067,0.933,1.0,0.6,203468,CJ McCollum,0.36858,0.1627742857142857,4670.5,15.625,36.39494833524684,54.46009389671359,32.60325539151479,16.736401673640167,49.78165938864629,36.56355630264384,20.422535211267608,25.217391304347824,0.0,16.995101041028782,16.366842569489492,42.47792507325494,29.422383821372215,15.579710144927535,6.944444444444445,11.693840579710145
71,1630595,Cade Cunningham,Cade,1610612765,DET,24.0,64,47,17,0.734,2171.6716666666666,109.0,299,0.132,0.199,92,0.208,54,0.201,711.0,647.0,590.0,1900.0,9.32,9.321070787427171,180,44,216,60,57,127,61,232,244,28,238,49,223,498,523,491,474,16,64,310,178,132,154,0,20,44,24,32,56,0.429,0.571,3,26,29,14,29,0.103,0.897,1.0,0.483,1630595,Cade Cunningham,0.3232877906976744,0.1439418604651162,4415.8,25.520833333333332,67.39380022962112,68.54460093896712,50.9323136484425,19.107391910739192,35.37117903930131,28.86566418787646,34.859154929577464,49.56521739130435,0.0,31.291488058787507,50.914504392321305,58.957891426316465,54.936197909318885,35.32608695652174,15.277777777777779,26.30434782608696
76,1642285,Cam Spencer,Cam,1610612763,MEM,26.0,72,23,49,0.319,1714.4516666666666,116.0,143,0.082,0.132,52,0.164,11,0.065,624.0,606.0,490.0,1868.0,3.86,3.858283744562263,84,268,559,435,131,425,237,477,468,161,393,284,466,457,503,429,468,197,70,142,53,89,113,2,13,29,15,15,30,0.5,0.5,0,21,20,8,21,0.0,1.0,0.952,0.381,1642285,Cam Spencer,0.3326693333333334,0.1283973333333333,3448.8,3.125,69.23076923076923,35.6807511737089,34.40095702419645,1.6736401673640167,16.593886462882097,10.625787944674864,20.422535211267608,14.782608695652174,6.896551724137931,15.067065059019788,43.75851956963828,72.56066858946124,58.15959407954976,7.065217391304348,11.805555555555555,9.19836956521739
79,1629661,Cameron Johnson,Cameron,1610612743,DEN,30.0,54,37,17,0.685,1647.0316666666668,114.7,163,0.095,0.139,40,0.164,21,0.175,548.0,454.0,488.0,1688.0,4.38,4.383520760555558,266,136,216,91,140,373,202,401,438,233,391,197,247,408,400,427,438,175,54,223,117,106,102,5,36,82,16,11,27,0.593,0.407,1,27,28,9,28,0.036,0.964,1.0,0.321,1629661,Cameron Johnson,0.3093420195439739,0.1559315960912052,3362.8,8.333333333333332,79.56371986222732,41.78403755868541,41.626644674784245,10.599721059972106,24.017467248908297,18.65036877333382,16.549295774647888,4.3478260869565215,17.24137931034483,12.451802267880147,61.55195823036821,48.46585776173239,55.0089079960503,10.68840579710145,15.972222222222221,13.066123188405797
83,1641717,Cason Wallace,Cason,1610612760,OKC,22.0,77,61,16,0.792,2046.07,103.8,175,0.079,0.121,150,0.314,28,0.115,607.0,546.0,460.0,1778.0,11.84,11.844127472421004,37,3,202,26,71,44,186,491,500,1,48,140,361,445,462,414,458,4,77,334,133,201,339,0,55,119,22,17,39,0.564,0.436,2,31,33,11,33,0.061,0.939,1.0,0.333,1641717,Cason Wallace,0.3008608923884514,0.1703464566929134,4208.4,11.979166666666668,74.39724454649827,92.95774647887323,54.070138877659375,12.831241283124129,65.50218340611353,44.43380655691777,100.0,100.0,0.0,75.0,68.02113068538426,35.85163444438777,51.93638256488602,12.862318840579709,18.75,15.51177536231884
84,1642907,Cedric Coward,Cedric,1610612763,MEM,22.0,62,20,42,0.323,1597.9466666666667,113.5,281,0.16,0.252,40,0.165,27,0.158,632.0,562.0,451.0,1638.0,4.87,4.871672738053742,201,302,523,431,147,311,72,134,136,233,389,148,272,464,471,405,431,142,62,327,172,155,102,2,10,25,26,29,55,0.473,0.527,8,14,22,14,22,0.364,0.636,1.0,0.636,1642907,Cedric Coward,0.2937988980716253,0.146030303030303,3302.3,11.458333333333332,82.43398392652124,47.417840375586835,45.28968780151247,18.270571827057182,45.414847161572055,34.5571370277661,16.549295774647888,4.3478260869565215,6.896551724137931,9.865595371328421,73.40782732064733,57.13032738455303,65.26907735260018,32.065217391304344,6.944444444444445,20.76086956521739
88,1631096,Chet Holmgren,Chet,1610612760,OKC,24.0,69,56,13,0.812,1997.2683333333337,102.3,484,0.221,0.327,43,0.106,131,0.526,620.0,586.0,487.0,1644.0,12.36,12.357896180190732,118,7,165,19,79,28,9,38,40,214,531,3,31,452,489,425,433,1,69,687,513,174,87,1,94,218,17,11,28,0.607,0.393,19,69,88,64,88,0.216,0.784,1.0,0.727,1631096,Chet Holmgren,0.3122897727272727,0.1559630681818181,4072.4,65.625,82.08955223880598,100.0,79.98134328358209,65.82984658298466,53.7117903930131,58.55901286900173,11.267605633802818,6.956521739130435,3.4482758620689653,7.8038938277340195,59.303492507841526,48.43831701817446,53.87090476300799,68.84057971014492,45.13888888888889,58.17481884057972
100,1642262,Cody Williams,Cody,1610612762,UTA,21.0,67,16,51,0.239,1630.5416666666667,121.4,137,0.084,0.13,51,0.152,26,0.183,728.0,540.0,650.0,1880.0,1.19,1.1949327348506842,147,348,565,500,143,538,244,462,475,168,433,157,239,507,454,512,471,394,66,248,174,74,130,0,62,151,11,18,29,0.379,0.621,0,9,9,4,9,0.0,1.0,1.0,0.444,1642262,Cody Williams,0.3108877005347594,0.1333368983957219,3471.8,10.9375,68.5419058553387,10.32863849765253,30.946826673781676,18.549511854951188,10.043668122270741,13.44600561534292,26.408450704225352,13.91304347826087,0.0,15.432945499081445,60.37295493204831,68.23813100070791,64.30554296637811,5.978260869565218,3.4722222222222223,4.85054347826087
104,1631221,Collin Gillespie,Collin,1610612756,PHX,27.0,80,43,37,0.538,2281.8016666666667,110.0,238,0.107,0.168,99,0.221,16,0.087,809.0,687.0,682.0,2320.0,9.14,9.143285544113873,21,75,482,267,39,158,107,340,334,23,194,243,421,537,539,527,536,21,80,210,93,117,202,12,29,65,39,31,70,0.557,0.443,1,23,24,15,24,0.042,0.958,1.0,0.625,1631221,Collin Gillespie,0.3697571059431525,0.1446873385012919,4499.7,5.729166666666666,43.28358208955223,63.84976525821594,33.403361712563935,7.252440725244072,28.82096069868996,20.193552709311604,51.76056338028169,55.65217391304348,41.37931034482759,50.52731380788479,15.468978263903754,58.30553503617688,36.887256650040314,24.27536231884058,13.194444444444445,19.28894927536232
106,1629012,Collin Sexton,Collin,1610612741,CHI,27.0,68,25,43,0.368,1613.2033333333334,113.6,114,0.065,0.1,76,0.31,10,0.065,683.0,541.0,595.0,1746.0,4.77,4.767077585442413,135,243,527,402,146,318,285,544,546,61,50,300,467,483,456,492,449,150,68,163,91,72,138,1,23,53,12,17,29,0.414,0.586,1,13,14,6,14,0.071,0.929,1.0,0.429,1629012,Collin Sexton,0.294612987012987,0.1394337662337662,3341.8,2.604166666666667,76.23421354764638,46.94835680751174,39.460730610220836,6.97350069735007,9.170305676855897,8.291583685053567,29.225352112676056,35.65217391304348,3.4482758620689653,25.030470680152884,72.78686248203374,62.90285551172311,67.84485899687843,1.8115942028985508,6.25,3.808876811594203
107,1642843,Cooper Flagg,Cooper,1610612742,DAL,19.0,70,22,48,0.314,2343.858333333333,114.7,380,0.151,0.229,84,0.233,64,0.258,783.0,694.0,780.0,2712.0,6.2,6.200646016345326,105,277,552,440,30,370,32,162,176,45,161,37,165,528,542,562,570,87,70,476,251,225,152,0,30,69,24,31,55,0.436,0.564,2,24,25,18,26,0.077,0.923,0.962,0.692,1642843,Cooper Flagg,0.3539401709401709,0.1819430199430199,4881.4,30.729166666666668,20.780711825487945,41.78403755868541,30.0109251952588,29.288702928870293,75.9825327510917,57.305000822203134,34.154929577464785,42.608695652173914,0.0,28.575015309246783,27.53370484655383,25.703659892818386,26.61868236968611,50.0,13.88888888888889,33.75
127,1630558,Davion Mitchell,Davion,1610612748,MIA,27.0,70,37,33,0.529,2000.255,113.0,155,0.072,0.108,68,0.204,11,0.064,605.0,623.0,513.0,2212.0,6.18,6.184530008928938,105,136,435,278,77,290,216,523,536,80,253,284,468,441,514,443,530,88,70,204,60,144,129,8,14,34,11,22,33,0.333,0.667,0,20,20,8,20,0.0,1.0,1.0,0.4,1630558,Davion Mitchell,0.2981,0.1405685714285714,4235.1,3.125,49.48335246842709,49.76525821596242,31.010487917940086,2.6499302649930265,40.61135371179039,25.426784333071446,26.056338028169012,28.695652173913043,27.586206896551722,27.3625651962751,70.12706409059247,61.90980489926977,66.01843449493111,9.239130434782608,11.11111111111111,10.081521739130434
129,1628368,De'Aaron Fox,De'Aaron,1610612759,SAS,28.0,72,55,17,0.764,2231.065,108.9,228,0.092,0.136,89,0.265,19,0.074,625.0,614.0,582.0,2146.0,9.85,9.849287094169874,84,12,216,39,50,122,118,421,448,33,104,217,448,458,508,483,518,13,72,251,113,138,201,2,15,35,20,19,39,0.513,0.487,1,6,7,4,7,0.143,0.857,1.0,0.571,1628368,De'Aaron Fox,0.3023648293963254,0.1531496062992126,4645.3,7.291666666666667,53.27210103329506,69.01408450704221,38.815423155080495,10.0418410041841,37.99126637554585,26.811496227001147,51.40845070422535,46.95652173913044,6.896551724137931,38.72230082142028,66.87396855858103,50.900334339231115,58.88715144890607,22.463768115942027,1.3888888888888888,12.980072463768115
134,201942,DeMar DeRozan,DeMar,1610612758,SAC,36.0,77,20,57,0.26,2405.515,122.3,191,0.081,0.126,80,0.198,23,0.113,929.0,780.0,815.0,2790.0,1.17,1.1690118365142113,37,302,577,481,24,545,160,479,483,56,277,182,365,571,570,568,574,397,77,216,123,93,125,4,7,17,16,23,39,0.41,0.59,0,27,27,13,27,0.0,1.0,1.0,0.481,201942,DeMar DeRozan,0.3117795275590551,0.1516955380577427,4909.9,9.375,16.303099885189436,6.1032863849765135,10.98190655606043,11.436541143654114,18.340611353711793,15.578983269688722,24.647887323943664,39.130434782608695,13.793103448275861,27.003082965559475,59.69269360422989,52.172767144747546,55.93273037448871,15.760869565217392,15.972222222222221,15.855978260869566
136,1629028,Deandre Ayton,Deandre,1610612747,LAL,27.0,72,46,26,0.639,1958.385,115.5,390,0.2,0.302,41,0.115,70,0.412,722.0,575.0,620.0,2104.0,4.74,4.744418257004072,84,52,338,140,87,407,28,57,62,227,517,29,71,505,481,504,509,151,72,571,424,147,79,0,268,616,19,15,34,0.559,0.441,29,40,68,61,69,0.42,0.58,0.986,0.884,1629028,Deandre Ayton,0.3595823863636363,0.1454431818181818,3992.9,33.85416666666667,55.683122847301945,38.02816901408448,42.53780191674347,53.417015341701536,41.92139737991266,46.51964456462821,8.450704225352112,5.217391304347826,0.0,5.206368646662584,23.229976823919248,57.64410814793892,40.437042485929084,51.81159420289855,25.0,39.7463768115942
138,1630166,Deni Avdija,Deni,1610612757,POR,25.0,66,35,31,0.53,2199.385,115.4,380,0.167,0.266,51,0.152,41,0.169,977.0,701.0,769.0,2362.0,5.4,5.402449103658502,157,162,412,275,55,404,32,119,111,168,433,85,259,578,545,557,541,118,66,281,183,98,106,0,9,19,25,15,40,0.625,0.375,1,20,21,18,21,0.048,0.952,1.0,0.857,1630166,Deni Avdija,0.3494699140401146,0.162080229226361,4524.6,18.75,40.87256027554535,38.497652582159574,31.429809241980763,19.804741980474198,20.52401746724891,20.236307272539026,17.95774647887324,13.91304347826087,0.0,12.0526638089406,30.943494874976977,43.08528325558079,37.014389065278884,50.0,11.11111111111111,32.5
139,203471,Dennis Schröder,Dennis,1610612739,CLE,32.0,70,29,41,0.414,1696.2983333333334,117.0,157,0.089,0.145,55,0.195,11,0.067,640.0,577.0,443.0,1756.0,3.34,3.340536373334869,105,203,515,377,134,452,212,434,415,142,287,284,464,467,484,399,451,238,68,155,78,77,107,7,20,45,13,14,27,0.481,0.519,1,12,13,7,13,0.077,0.923,1.0,0.538,203471,Dennis Schröder,0.2958767123287671,0.1273780821917808,3432.3,3.125,75.6601607347876,30.985915492957723,35.477535130415085,5.160390516039052,11.353711790393014,8.876383280651428,18.30985915492958,17.391304347826086,24.137931034482758,19.44538294233165,71.82292728171926,73.45259962308347,72.63776345240137,9.601449275362318,5.555555555555555,7.780797101449275
141,1642852,Derik Queen,Derik,1610612740,NOP,21.0,81,26,55,0.321,2023.38,119.4,436,0.207,0.334,84,0.225,74,0.365,810.0,716.0,747.0,2322.0,2.69,2.690015129996239,19,231,573,434,74,505,14,48,37,45,182,24,89,538,550,547,537,280,81,548,356,192,187,4,125,295,21,9,30,0.7,0.3,12,59,70,43,71,0.169,0.831,1.0,0.614,1642852,Derik Queen,0.3741346633416458,0.1625361596009975,4251.2,35.9375,43.16877152698048,19.71830985915488,34.413647499231885,43.93305439330544,61.572052401746724,54.516453198370215,46.478873239436616,42.608695652173914,13.793103448275861,36.95286863610448,12.129896886713851,42.68630558096189,27.408101233837872,60.14492753623188,38.19444444444444,50.26721014492754
143,1628401,Derrick White,Derrick,1610612738,BOS,31.0,77,52,25,0.675,2624.9566666666665,108.0,253,0.09,0.134,88,0.219,98,0.333,761.0,741.0,695.0,2108.0,11.95,11.954804019134755,37,24,326,102,10,101,92,429,456,35,201,13,100,517,558,531,511,3,77,555,324,231,196,8,29,70,20,29,49,0.408,0.592,0,16,16,2,16,0.0,1.0,1.0,0.125,1628401,Derrick White,0.3141959287531806,0.1652035623409669,5102.9,48.4375,55.453501722158435,73.23943661971829,57.09358475768502,39.47001394700139,78.60262008733623,62.949577631202295,49.647887323943664,46.08695652173913,27.586206896551722,42.88614143632409,57.84952868538703,40.35210237435692,49.10081552987197,26.992753623188403,8.333333333333332,18.59601449275362
144,1630217,Desmond Bane,Desmond,1610612753,ORL,28.0,82,45,37,0.549,2756.045,111.5,240,0.084,0.128,86,0.173,37,0.137,913.0,727.0,860.0,2890.0,9.93,9.932814725815572,1,60,482,251,3,227,103,463,477,40,353,102,307,567,553,573,580,11,82,389,192,197,151,2,31,66,28,33,61,0.459,0.541,13,19,32,21,32,0.406,0.594,1.0,0.656,1630217,Desmond Bane,0.3024668367346939,0.1259413265306122,5657.2,16.666666666666664,10.562571756601608,56.80751173708918,24.56544471574952,21.05997210599721,63.75545851528385,46.677263951569195,33.80281690140845,44.34782608695652,6.896551724137931,30.767003822032645,66.79616014332184,74.70988245523877,70.7530212992803,24.637681159420293,10.416666666666668,18.238224637681164
145,1626164,Devin Booker,Devin,1610612756,PHX,29.0,64,37,27,0.578,2146.43,112.0,200,0.091,0.146,51,0.122,18,0.098,807.0,698.0,624.0,2110.0,7.44,7.442512742291994,180,136,352,203,59,250,153,424,414,168,506,224,400,535,544,506,513,59,64,172,95,77,89,2,33,76,24,23,47,0.511,0.489,4,30,34,16,34,0.118,0.882,1.0,0.471,1626164,Devin Booker,0.3063947368421053,0.151391812865497,4352.1,6.770833333333333,55.33869115958668,54.46009389671359,35.69189871336707,7.531380753138076,11.353711790393014,9.824779375491039,11.971830985915492,13.91304347826087,6.896551724137931,11.382435542791983,63.80006508249323,52.438552399836084,58.11930874116466,17.391304347826086,18.055555555555554,17.690217391304348
147,1630170,Devin Vassell,Devin,1610612759,SAS,25.0,67,52,15,0.776,2044.2316666666663,109.9,230,0.102,0.152,57,0.175,25,0.101,674.0,616.0,572.0,2050.0,8.25,8.247332117524932,147,24,187,32,72,149,116,358,391,130,346,167,389,481,510,479,503,38,67,214,139,75,115,0,32,68,12,15,27,0.444,0.556,0,11,11,9,11,0.0,1.0,1.0,0.818,1630170,Devin Vassell,0.3177344632768361,0.1250423728813559,4220.9,10.416666666666668,58.78300803673938,64.31924882629103,40.82053168609821,13.668061366806135,10.480349344978166,11.755434153709354,21.12676056338028,19.130434782608695,0.0,15.146356399265155,55.15043107114484,75.49654299931072,65.32348703522777,22.82608695652174,4.861111111111112,14.741847826086957
148,1628415,Dillon Brooks,Dillon,1610612756,PHX,30.0,56,32,24,0.571,1701.5833333333333,114.8,160,0.094,0.152,57,0.168,9,0.068,622.0,593.0,524.0,1766.0,4.52,4.523840688572745,247,182,309,210,133,379,206,402,392,130,373,315,463,455,495,450,455,165,56,180,81,99,113,1,26,63,14,14,28,0.5,0.5,2,14,16,11,16,0.125,0.875,1.0,0.688,1628415,Dillon Brooks,0.3224782608695652,0.1599163879598662,3453.2,2.083333333333333,75.08610792192881,41.31455399061032,37.442109603660995,5.578800557880056,20.96069868995633,14.807939437125821,20.422535211267608,19.130434782608695,3.4482758620689653,15.726735223937329,51.531991663704524,44.9788275438701,48.255409603787314,10.144927536231885,6.944444444444445,8.704710144927537
151,1631230,Dominick Barlow,Dominick,1610612755,PHI,23.0,71,40,31,0.563,1688.5183333333334,111.9,207,0.118,0.185,63,0.18,53,0.314,534.0,553.0,517.0,1738.0,5.83,5.826348228704464,98,110,412,228,138,245,143,292,284,99,329,53,114,397,465,445,448,98,71,491,351,140,121,0,60,145,21,24,45,0.467,0.533,3,22,25,12,25,0.12,0.88,1.0,0.48,1631230,Dominick Barlow,0.3334578947368421,0.1612763157894736,3457.2,25.0,76.69345579793341,54.92957746478868,50.57510389547386,43.23570432357043,38.864628820960704,40.61305902200459,23.239436619718308,24.347826086956523,0.0,17.81751377832211,43.15702644058575,43.78877556819532,43.472901004390536,18.65942028985507,12.5,15.88768115942029
152,1642270,Donovan Clingan,Donovan,1610612757,POR,22.0,77,41,36,0.532,2093.6366666666668,113.8,545,0.254,0.385,44,0.129,130,0.613,895.0,612.0,762.0,2110.0,6.04,6.038734414469079,37,97,472,272,65,333,7,12,16,208,488,4,11,560,506,554,513,91,77,1038,758,280,83,1,176,408,20,12,32,0.625,0.375,77,57,132,114,134,0.575,0.425,0.985,0.851,1642270,Donovan Clingan,0.354224,0.204784,4294.9,65.10416666666666,55.33869115958668,46.0093896713615,56.91255599036238,100.0,100.0,100.0,9.859154929577464,7.82608695652174,3.4482758620689653,7.544861372130836,27.3172077817051,5.715868738485728,16.516538260095416,79.8913043478261,36.80555555555556,60.50271739130435
153,1628378,Donovan Mitchell,Donovan,1610612739,CLE,29.0,70,45,25,0.643,2342.0633333333335,112.1,266,0.108,0.165,104,0.249,20,0.092,810.0,694.0,759.0,2188.0,8.1,8.101706000230669,105,60,326,136,31,253,82,336,346,16,136,209,410,538,542,553,525,43,70,213,95,118,201,0,16,38,21,24,45,0.467,0.533,0,23,23,12,23,0.0,1.0,1.0,0.522,1628378,Donovan Mitchell,0.3141298701298701,0.1823272727272727,4834.4,7.8125,50.86107921928817,53.990610328638496,34.42403030891048,7.531380753138076,29.257641921397383,20.567137454093658,51.40845070422535,60.0,0.0,41.563380281690144,57.89991640137101,25.367406177655727,41.63366128951337,29.347826086956523,13.194444444444445,22.07880434782609
154,1628978,Donte DiVincenzo,Donte,1610612750,MIN,29.0,82,49,33,0.598,2494.036666666667,110.0,269,0.1,0.153,104,0.231,34,0.11,915.0,768.0,783.0,2660.0,9.92,9.917774058703095,1,37,435,182,21,160,78,368,387,16,167,113,375,569,567,563,565,12,81,264,139,125,241,0,29,73,26,36,62,0.419,0.581,0,19,19,10,19,0.0,1.0,1.0,0.526,1628978,Donte DiVincenzo,0.3472473404255319,0.1344202127659574,5116.2,15.104166666666666,23.765786452353616,63.84976525821594,30.322133239544417,13.668061366806135,32.314410480349345,24.855870834932063,65.49295774647888,60.0,0.0,47.19718309859155,32.63881340316832,67.2901392187118,49.96447631094006,29.891304347826086,10.416666666666668,21.127717391304348
158,203110,Draymond Green,Draymond,1610612744,GSW,36.0,68,31,37,0.456,1868.888333333333,113.6,320,0.168,0.255,61,0.169,42,0.282,759.0,567.0,619.0,1908.0,5.56,5.5583853483701615,135,188,482,351,102,321,51,118,130,108,368,81,141,515,477,503,476,110,68,508,325,183,146,5,174,449,13,13,26,0.5,0.5,6,70,74,40,76,0.079,0.921,0.974,0.526,203110,Draymond Green,0.3321885714285714,0.1494114285714285,3827.0,19.270833333333336,66.9345579793341,46.94835680751174,42.87251782797821,39.609483960948396,57.64192139737992,50.428946422807314,32.04225352112676,22.608695652173914,17.24137931034483,25.040289714297778,44.12523163687596,54.17155630669186,49.14839397178391,39.130434782608695,45.83333333333333,42.14673913043478
163,1629130,Duncan Robinson,Duncan,1610612765,DET,32.0,77,58,19,0.753,2113.1583333333333,109.5,176,0.08,0.119,44,0.107,22,0.085,716.0,641.0,623.0,1916.0,8.74,8.739588338482651,37,5,236,45,63,138,183,490,505,208,528,191,426,502,521,505,478,28,77,257,142,115,141,6,43,90,10,12,22,0.455,0.545,1,28,29,11,29,0.034,0.966,1.0,0.379,1629130,Duncan Robinson,0.2843170731707317,0.1430650406504064,4275.0,8.854166666666668,66.47531572904707,66.19718309859152,43.35732294648102,14.086471408647142,27.947598253275107,22.403147515423917,30.28169014084507,7.82608695652174,20.689655172413794,20.024220284224086,80.64030471985775,59.72518299141918,70.18274385563846,13.043478260869565,16.666666666666664,14.67391304347826
167,1642844,Dylan Harper,Dylan,1610612759,SAS,20.0,69,53,16,0.768,1557.9566666666667,107.4,180,0.106,0.156,54,0.226,24,0.135,470.0,413.0,444.0,1538.0,7.37,7.373025921227148,118,19,202,36,154,90,177,348,374,153,176,173,310,363,376,400,414,61,69,200,135,65,94,0,12,25,23,20,43,0.535,0.465,0,7,7,3,7,0.0,1.0,1.0,0.429,1642844,Dylan Harper,0.262840616966581,0.0970411311053984,3170.3,9.895833333333332,88.17451205510906,76.05633802816897,53.83349705966374,13.110181311018131,6.11353711790393,8.91219479514961,13.732394366197184,16.52173913043478,0.0,11.275566442131048,97.02195970032605,100.0,98.51097985016303,13.768115942028986,2.083333333333333,8.509963768115943
168,1630700,Dyson Daniels,Dyson,1610612737,ATL,23.0,76,44,32,0.579,2519.54,110.6,336,0.129,0.198,149,0.287,31,0.134,878.0,742.0,807.0,2698.0,9.62,9.617606049177116,54,67,424,201,19,184,44,241,252,2,72,127,313,555,559,567,569,14,76,417,226,191,316,3,145,356,39,38,77,0.506,0.494,6,22,27,24,28,0.214,0.786,1.0,0.889,1630700,Dyson Daniels,0.3183768844221105,0.1384824120603015,5282.4,13.541666666666666,21.58438576349024,61.03286384976526,28.229417646329566,25.80195258019526,61.135371179039296,47.00200373950168,91.90140845070422,99.1304347826087,10.344827586206897,74.04242245074646,54.66040974481407,63.73537095044674,59.197890347630405,42.028985507246375,12.5,28.740942028985508
176,1630596,Evan Mobley,Evan,1610612739,CLE,25.0,65,40,25,0.615,2074.2883333333334,111.3,430,0.196,0.293,48,0.143,113,0.518,698.0,564.0,609.0,1948.0,7.55,7.545221224266184,166,110,326,163,67,223,15,62,76,187,455,9,33,491,472,500,486,56,65,671,465,206,118,0,124,287,20,13,33,0.606,0.394,22,80,101,71,102,0.216,0.784,0.99,0.696,1630596,Evan Mobley,0.329323782234957,0.160971346704871,4260.1,56.25,64.63834672789896,57.746478873239425,59.56004107307449,59.13528591352859,67.68558951965066,64.26546807720183,22.183098591549296,11.304347826086957,0.0,12.829761175750154,46.31041469107532,44.05564933439792,45.18303201273662,59.05797101449275,52.77777777777778,56.231884057971016
193,203084,Harrison Barnes,Harrison,1610612759,SAS,34.0,77,57,20,0.74,1986.475,110.6,151,0.071,0.105,50,0.158,12,0.053,618.0,572.0,529.0,1984.0,7.6,7.604459373738537,37,6,251,58,83,182,225,528,542,176,412,277,491,450,480,454,493,52,77,263,143,120,98,3,53,119,17,14,31,0.548,0.452,7,44,50,31,51,0.137,0.863,0.98,0.608,203084,Harrison Barnes,0.2880345744680851,0.1389840425531915,4070.0,3.6458333333333335,62.571756601607355,61.03286384976526,38.616664106337225,14.225941422594143,30.131004366812224,23.76897918912499,15.140845070422534,13.043478260869565,10.344827586206897,13.207762316025086,77.80469613230514,63.2964018036099,70.55054896795752,8.51449275362319,27.77777777777778,17.182971014492754
197,1630529,Herbert Jones,Herbert,1610612740,NOP,27.0,56,22,34,0.393,1588.381666666667,114.4,143,0.09,0.141,88,0.289,27,0.168,591.0,511.0,521.0,1696.0,4.32,4.3201104870449285,247,277,449,390,149,360,237,425,433,35,71,148,261,436,435,447,440,176,56,209,104,105,196,2,21,48,14,16,30,0.467,0.533,1,37,37,12,38,0.026,0.974,0.974,0.316,1630529,Herbert Jones,0.2877816455696202,0.1179303797468354,3263.3,11.458333333333332,79.1044776119403,43.19248826291075,43.06802256324013,8.786610878661087,23.580786026200872,17.663115967184957,49.647887323943664,46.08695652173913,6.896551724137931,37.71372764322064,77.99762339692718,81.72013905820234,79.85888122756475,7.065217391304348,22.916666666666664,14.19836956521739
202,1630193,Immanuel Quickley,Immanuel,1610612761,TOR,27.0,70,41,29,0.586,2231.3083333333334,112.1,244,0.108,0.167,92,0.231,5,0.023,715.0,663.0,586.0,2202.0,7.6,7.597377657366999,105,97,379,193,49,257,98,335,338,28,166,397,521,501,528,487,528,52,70,241,126,115,162,0,36,75,13,20,33,0.394,0.606,1,22,23,13,23,0.043,0.957,1.0,0.565,1630193,Immanuel Quickley,0.3152382271468144,0.1374930747922437,4531.7,0.0,50.05740528128588,53.990610328638496,31.01774443060968,11.85495118549512,27.947598253275107,21.51053942616311,37.67605633802817,49.56521739130435,0.0,32.418248622167795,57.054491901436364,64.60112481240043,60.827808356918396,25.36231884057971,12.5,19.574275362318843
204,1630171,Isaac Okoro,Isaac,1610612741,CHI,25.0,63,26,37,0.413,1694.89,120.6,104,0.058,0.086,46,0.197,29,0.152,654.0,584.0,600.0,1932.0,1.64,1.6365142256371132,194,231,482,378,136,525,300,554,558,196,283,136,279,472,487,496,481,350,63,343,225,118,95,14,31,67,18,11,29,0.621,0.379,3,46,49,18,49,0.061,0.939,1.0,0.367,1630171,Isaac Okoro,0.2592023460410557,0.1394780058651026,3579.3,12.5,65.55683122847302,14.084507042253522,31.466017690528933,25.662482566248258,29.257641921397383,27.819578179337732,14.084507042253522,9.565217391304348,48.275862068965516,21.050594421099312,99.79713352141046,62.86414208919523,81.33063780530284,0.0,29.166666666666668,13.125
205,1642268,Isaiah Collier,Isaiah,1610612762,UTA,21.0,59,16,43,0.271,1516.92,122.6,129,0.085,0.141,66,0.223,20,0.16,632.0,530.0,596.0,1632.0,0.59,0.585121941477183,225,348,527,471,161,551,255,457,434,87,186,209,269,464,446,494,428,457,56,150,46,104,101,1,10,24,11,7,18,0.611,0.389,0,4,4,3,4,0.0,1.0,1.0,0.75,1642268,Isaiah Collier,0.334149855907781,0.17371469740634,3189.9,7.8125,82.77841561423651,4.694835680751174,33.27115438517057,0.697350069735007,23.144104803493452,14.165402909990073,16.19718309859155,26.956521739130434,3.4482758620689653,16.775724813649514,42.62921733397854,32.90413868152897,37.766678007753754,4.528985507246377,0.0,2.4909420289855073
209,1630198,Isaiah Joe,Isaiah,1610612760,OKC,26.0,71,56,15,0.789,1507.445,105.2,148,0.09,0.14,50,0.169,11,0.069,450.0,464.0,359.0,1332.0,8.14,8.14241567156955,98,7,187,27,162,56,231,428,435,176,369,284,459,350,407,332,369,39,71,165,64,101,115,8,25,56,11,13,24,0.458,0.542,0,16,16,4,16,0.0,1.0,1.0,0.25,1630198,Isaiah Joe,0.2857377892030848,0.1229305912596401,3060.9,3.125,100.0,86.38497652582157,57.84624413145539,3.2078103207810322,21.83406113537118,14.383560809535119,21.12676056338028,13.043478260869565,27.586206896551722,19.912473340794392,79.55662128316811,77.34453069130618,78.45057598723714,7.971014492753622,8.333333333333332,8.134057971014492
217,1631095,Jabari Smith Jr.,Jabari,1610612745,HOU,23.0,77,48,29,0.623,2705.365,112.0,421,0.152,0.232,56,0.119,71,0.216,1049.0,855.0,832.0,2786.0,9.25,9.250007862898071,37,41,379,155,5,247,18,157,165,137,512,27,206,579,577,570,573,17,77,472,313,159,117,0,33,81,15,21,36,0.417,0.583,12,44,55,37,56,0.214,0.786,0.982,0.661,1631095,Jabari Smith Jr.,0.3429347258485639,0.1517441253263707,5328.4,34.375,16.532721010332953,54.46009389671359,33.151475827794926,37.935843793584375,47.161572052401745,43.4712807488748,21.830985915492956,18.26086956521739,0.0,15.123698714023268,35.92835816754032,52.13024917154003,44.02930366954017,57.427536231884055,27.77777777777778,44.085144927536234
222,1630183,Jaden McDaniels,Jaden,1610612750,MIN,25.0,73,44,29,0.603,2316.4133333333334,112.4,234,0.094,0.144,81,0.206,73,0.254,883.0,710.0,705.0,2450.0,7.69,7.688515126527495,78,67,379,173,35,265,110,404,417,55,244,25,168,557,548,535,552,50,73,449,276,173,156,1,19,45,20,28,48,0.417,0.583,0,10,10,1,10,0.0,1.0,1.0,0.1,1630183,Jaden McDaniels,0.2864755043227666,0.1432968299711815,4780.5,35.41666666666667,35.82089552238806,52.582159624413094,39.84952000560576,32.77545327754533,53.275109170305676,45.07524681320154,35.563380281690144,40.0,3.4482758620689653,29.087421078193298,78.99391231248764,59.52234771360273,69.25813001304519,23.55072463768116,4.166666666666666,14.827898550724639
227,1631170,Jaime Jaquez Jr.,Jaime,1610612748,MIA,25.0,75,41,34,0.547,2121.21,111.9,279,0.117,0.182,51,0.134,21,0.114,766.0,702.0,697.0,2262.0,7.37,7.373367790031079,60,97,449,256,62,243,74,299,295,168,477,197,363,519,546,532,534,61,75,383,228,155,108,0,17,41,21,17,38,0.553,0.447,1,49,49,25,50,0.02,0.98,0.98,0.5,1631170,Jaime Jaquez Jr.,0.3420104986876641,0.166257217847769,4491.4,8.333333333333332,46.61308840413318,54.92957746478868,33.38030864097711,26.08089260808926,45.414847161572055,37.68126534017894,18.661971830985916,13.91304347826087,0.0,12.33435394978567,36.63333343578369,39.430064608637785,38.03169902221074,31.70289855072464,31.25,31.499094202898554
228,1631222,Jake LaRavia,Jake,1610612747,LAL,24.0,82,53,29,0.646,2061.47,116.1,210,0.103,0.158,104,0.282,38,0.205,791.0,659.0,595.0,2174.0,4.67,4.668198132418201,1,19,379,132,69,430,139,356,368,16,83,97,217,531,527,492,523,158,82,319,185,134,257,2,24,55,18,26,44,0.409,0.591,9,34,40,22,43,0.209,0.791,0.93,0.512,1631222,Jake LaRavia,0.3494055415617128,0.1405415617128463,4201.2,17.1875,51.66475315729046,35.21126760563381,33.76048050646011,20.0836820083682,36.24454148471616,29.780197694176973,71.12676056338029,60.0,6.896551724137931,51.174842156386596,30.992596445617533,61.93344068703828,46.463018566327904,19.202898550724637,20.833333333333336,19.936594202898554
230,1628973,Jalen Brunson,Jalen,1610612752,NYK,29.0,74,50,24,0.676,2589.806666666667,114.1,216,0.083,0.124,57,0.133,8,0.039,858.0,686.0,737.0,2400.0,7.3,7.296219106649165,70,32,309,101,15,347,131,471,488,130,481,341,507,549,537,546,547,64,74,224,82,142,108,29,30,72,17,23,40,0.425,0.575,0,15,15,6,15,0.0,1.0,1.0,0.4,1628973,Jalen Brunson,0.3615710382513661,0.1597021857923497,5150.6,1.5625,38.69115958668197,44.60093896713616,25.31714059712273,5.718270571827057,39.737991266375545,26.13010298855615,18.661971830985916,19.130434782608695,100.0,39.160440906307414,21.713087408301867,45.1662725737438,33.43967999102283,20.28985507246377,7.638888888888889,14.596920289855074
231,1631105,Jalen Duren,Jalen,1610612765,DET,22.0,70,50,20,0.714,1975.8533333333332,108.2,472,0.23,0.349,57,0.138,59,0.266,664.0,590.0,522.0,1798.0,8.93,8.933146322754322,105,32,251,75,84,103,11,28,28,130,469,44,158,478,492,448,461,25,70,604,416,188,108,0,186,431,35,23,58,0.603,0.397,74,94,168,131,168,0.44,0.56,1.0,0.78,1631105,Jalen Duren,0.304895652173913,0.1528434782608695,4029.4,28.125,73.24913892078071,72.30046948356804,54.962315993165255,52.30125523012552,59.82532751091703,56.81569859860042,18.661971830985916,19.130434782608695,0.0,14.16044090630741,64.94352597694422,51.16822228806793,58.05587413250608,66.66666666666666,62.5,64.79166666666666
233,1630552,Jalen Johnson,Jalen,1610612737,ATL,24.0,72,42,30,0.583,2531.598333333334,112.3,639,0.241,0.367,89,0.188,31,0.129,893.0,731.0,834.0,2816.0,8.45,8.448466714159725,84,87,395,195,18,261,3,21,19,33,307,127,324,559,556,571,575,33,72,343,202,141,173,2,46,109,19,13,32,0.594,0.406,4,44,48,35,48,0.083,0.917,1.0,0.729,1630552,Jalen Johnson,0.3604904632152589,0.1550136239782016,5325.0,13.541666666666666,14.810562571756602,53.05164319248825,23.86327436490354,22.454672245467226,39.30131004366812,32.56265492438776,41.54929577464789,46.95652173913044,6.896551724137931,34.77863884958929,22.53732057106147,49.26916107159234,35.903240821326904,96.92028985507247,27.77777777777778,65.80615942028986
237,1630591,Jalen Suggs,Jalen,1610612753,ORL,25.0,57,34,23,0.596,1573.57,108.4,184,0.112,0.168,105,0.33,40,0.27,563.0,383.0,511.0,1626.0,7.23,7.23081421981879,235,168,289,184,151,112,173,316,336,14,39,89,151,415,351,441,427,68,57,180,99,81,192,6,13,26,24,20,44,0.545,0.455,4,10,14,10,14,0.286,0.714,1.0,0.714,1630591,Jalen Suggs,0.328224358974359,0.1562564102564102,3323.8,18.229166666666664,83.12284730195178,71.3615023474178,54.225038809204236,8.089260808926081,13.100436681222707,11.095966332304057,48.23943661971831,60.86956521739131,20.689655172413794,45.772536267077726,47.149024765354596,48.18161787001623,47.66532131768541,14.492753623188406,4.166666666666666,9.846014492753623
241,1627750,Jamal Murray,Jamal,1610612743,DEN,29.0,75,48,27,0.64,2651.891666666667,117.7,298,0.109,0.163,66,0.183,29,0.139,906.0,761.0,892.0,2834.0,4.72,4.721472942751345,60,41,352,139,9,473,62,330,351,87,319,136,301,562,565,577,577,154,75,319,163,156,137,4,30,73,16,17,33,0.485,0.515,1,14,15,7,15,0.067,0.933,1.0,0.467,1627750,Jamal Murray,0.358862258953168,0.1802451790633608,5346.2,12.5,13.777267508610791,27.699530516431885,16.74692625712175,17.01534170153417,45.851528384279476,34.31705371118135,28.87323943661972,26.956521739130434,13.793103448275861,24.4323542454125,23.779270369750634,27.189414393337024,25.48434238154383,35.14492753623188,6.944444444444445,22.45471014492754
242,1642347,Jamal Shead,Jamal,1610612761,TOR,23.0,82,46,36,0.561,1852.2383333333332,108.3,117,0.064,0.101,76,0.213,15,0.084,658.0,557.0,420.0,1806.0,8.35,8.34976524278304,1,52,472,232,105,108,277,547,544,61,220,251,427,475,469,381,462,35,82,178,66,112,168,6,23,53,11,14,25,0.44,0.56,0,14,14,3,14,0.0,1.0,1.0,0.214,1642347,Jamal Shead,0.2922686567164179,0.1340373134328358,3712.1,5.208333333333334,72.78989667049368,71.83098591549295,45.51754364687935,3.486750348675035,26.637554585152838,17.377232890561714,39.7887323943662,35.65217391304348,20.689655172413794,33.56616762041514,74.57505368609431,67.62520854955818,71.10013111782624,2.355072463768116,6.944444444444445,4.420289855072464
244,201935,James Harden,James,1610612739,CLE,36.0,70,40,30,0.571,2438.495,117.0,296,0.119,0.186,79,0.199,28,0.117,908.0,772.0,799.0,2456.0,4.67,4.667820555331291,105,110,395,210,23,453,64,286,280,58,271,140,353,564,568,564,554,158,70,221,91,130,133,0,6,14,22,25,47,0.468,0.532,0,38,37,22,38,0.0,1.0,0.974,0.579,201935,James Harden,0.3419495798319327,0.1613305322128851,4865.6,11.979166666666668,35.47646383467279,30.985915492957723,24.954907882041574,6.97350069735007,34.49781659388647,23.48809023527191,27.464788732394368,38.26086956521739,0.0,24.377219840783834,36.679800677255486,43.741331608015834,40.210566142635656,34.78260869565217,23.61111111111111,29.755434782608695
248,1641716,Jarace Walker,Jarace,1610612754,IND,22.0,76,16,60,0.211,1953.3833333333337,117.6,342,0.17,0.263,63,0.212,26,0.138,812.0,634.0,657.0,2350.0,3.59,3.589868395140281,54,348,580,519,88,472,41,116,114,99,222,157,302,541,519,516,540,219,75,217,125,92,144,1,20,47,7,14,21,0.333,0.667,1,29,30,15,30,0.033,0.967,1.0,0.5,1641716,Jarace Walker,0.3179451371571072,0.1092269326683291,4118.1,10.9375,41.56142365097589,28.169014084507044,25.96375179896832,11.715481171548117,17.903930131004365,15.428550547221866,31.338028169014088,24.347826086956523,3.4482758620689653,21.919019363557663,54.989734781813304,89.33639204270631,72.1630634122598,43.11594202898551,17.36111111111111,31.52626811594203
252,1628386,Jarrett Allen,Jarrett,1610612739,CLE,28.0,56,37,19,0.661,1519.12,112.9,332,0.202,0.315,55,0.21,47,0.313,640.0,480.0,576.0,1478.0,4.85,4.84636064817484,247,136,236,121,160,283,46,53,49,142,229,70,115,467,417,482,401,145,56,448,355,93,135,2,142,321,22,15,37,0.595,0.405,20,58,78,51,78,0.256,0.744,1.0,0.654,1628386,Jarrett Allen,0.3157975077881619,0.1328348909657321,3142.4,21.875,91.61882893226176,50.23474178403751,53.37527557230099,43.793584379358435,18.340611353711793,28.52180056397045,28.169014084507044,17.391304347826086,6.896551724137931,19.078700086576433,56.62788788368229,68.67742999941674,62.65265894154952,41.30434782608695,37.5,39.59239130434783
258,1630643,Jay Huff,Jay,1610612754,IND,28.0,82,19,63,0.232,1719.243333333333,113.7,251,0.135,0.209,41,0.158,153,0.657,627.0,554.0,519.0,1932.0,5.07,5.072375163412873,1,316,581,506,129,329,94,220,225,227,408,2,6,460,467,446,481,132,81,702,535,167,70,1,145,325,12,8,20,0.6,0.4,15,95,107,50,110,0.136,0.864,0.982,0.459,1630643,Jay Huff,0.3277642487046632,0.1099896373056995,3579.4,77.08333333333334,65.55683122847302,46.47887323943659,65.39794257315805,68.89818688981869,50.65502183406113,57.95228785636415,5.28169014084507,5.217391304347826,3.4482758620689653,4.800831978377008,47.499984328677236,88.66896091820246,68.08447262343985,26.6304347826087,63.19444444444444,43.08423913043478
259,1627759,Jaylen Brown,Jaylen,1610612738,BOS,29.0,71,47,24,0.662,2442.838333333333,113.0,411,0.155,0.232,72,0.198,27,0.103,769.0,759.0,710.0,2088.0,7.75,7.748283279685904,98,44,309,118,22,292,22,149,166,72,273,148,382,522,564,536,508,47,71,330,127,203,128,1,25,62,35,23,58,0.603,0.397,1,50,51,31,51,0.02,0.98,1.0,0.608,1627759,Jaylen Brown,0.3095857519788918,0.1711688654353562,4835.5,11.458333333333332,56.601607347876005,49.76525821596242,36.83521045908054,11.994421199442119,66.37554585152839,44.623095990693876,25.704225352112676,32.17391304347826,3.4482758620689653,22.404628671579705,61.36604577728839,35.13195717369113,48.24900147548976,55.61594202898551,31.944444444444443,44.96376811594203
261,1642377,Jaylen Wells,Jaylen,1610612763,MEM,22.0,69,24,45,0.348,1820.6416666666669,117.8,159,0.086,0.133,61,0.204,9,0.054,734.0,633.0,587.0,2008.0,3.19,3.192337946082044,118,252,541,412,110,477,208,448,462,108,254,315,489,509,518,488,498,247,69,242,130,112,113,0,18,40,13,21,34,0.382,0.618,4,14,17,7,18,0.222,0.778,0.944,0.389,1642377,Jaylen Wells,0.2880644257703081,0.1219831932773109,3750.5,2.083333333333333,61.19402985074627,27.230046948356794,29.058755518183723,12.412831241283124,26.637554585152838,20.947665247604952,20.422535211267608,22.608695652173914,0.0,16.082057562767915,77.7819263732217,78.17358412787469,77.9777552505482,9.96376811594203,6.944444444444445,8.605072463768117
263,1642281,Jaylon Tyson,Jaylon,1610612739,CLE,23.0,66,41,25,0.621,1777.4833333333331,113.4,220,0.118,0.187,54,0.166,28,0.13,671.0,546.0,589.0,1716.0,5.39,5.3853868721526945,157,97,326,158,118,306,127,290,278,153,384,140,321,480,462,489,445,120,66,303,171,132,115,0,35,80,16,17,33,0.485,0.515,26,22,46,33,48,0.542,0.458,0.979,0.702,1642281,Jaylon Tyson,0.3311260273972602,0.1438410958904109,3653.2,11.979166666666668,77.95637198622273,47.887323943661926,44.0482278477601,18.13110181311018,35.37117903930131,28.475148148824857,21.12676056338028,16.52173913043478,0.0,14.233312921004284,44.93571124100784,59.046068959414434,51.99089010021113,21.014492753623188,12.5,17.182971014492754
267,203924,Jerami Grant,Jerami,1610612757,POR,32.0,57,27,30,0.474,1695.1016666666667,115.2,143,0.082,0.131,42,0.148,36,0.175,760.0,529.0,589.0,1842.0,4.31,4.310350744844884,235,225,395,342,135,394,237,476,472,219,441,104,248,516,445,489,466,177,57,179,101,78,75,2,16,39,18,13,31,0.581,0.419,1,27,28,11,28,0.036,0.964,1.0,0.393,203924,Jerami Grant,0.2792169014084507,0.1087380281690141,3544.0,16.145833333333336,70.72330654420207,39.43661971830982,41.07064555338152,8.368200836820083,11.790393013100436,10.421516142588295,7.042253521126761,6.086956521739131,6.896551724137931,6.671474122093883,84.53057662303455,89.76422486784534,87.14740074543994,7.065217391304348,15.972222222222221,11.07336956521739
268,1642847,Jeremiah Fears,Jeremiah,1610612740,NOP,19.0,82,26,56,0.317,2111.903333333333,118.2,240,0.109,0.175,97,0.245,30,0.145,820.0,730.0,748.0,2394.0,3.52,3.5160129021430753,1,231,574,437,64,484,103,329,320,25,141,133,293,543,554,548,546,227,82,266,127,139,211,1,6,13,12,20,32,0.375,0.625,5,16,21,8,21,0.238,0.762,1.0,0.381,1642847,Jeremiah Fears,0.3696410891089109,0.169549504950495,4390.2,13.020833333333334,39.03559127439725,25.352112676056297,25.208818448386445,11.994421199442119,38.427947598253276,27.854537038728814,54.929577464788736,53.91304347826087,3.4482758620689653,41.70346516882404,15.557472740478717,36.54903468499927,26.053253712738993,24.637681159420293,8.333333333333332,17.30072463768116
276,1629111,Jock Landale,Jock,1610612737,ATL,30.0,68,36,32,0.529,1506.0766666666666,116.8,204,0.136,0.212,35,0.14,36,0.267,584.0,504.0,473.0,1646.0,3.04,3.042735634848186,135,151,424,276,163,447,147,214,215,259,464,104,156,430,429,420,435,252,68,351,284,67,68,1,143,339,14,8,22,0.636,0.364,64,85,149,100,149,0.43,0.57,1.0,0.671,1629111,Jock Landale,0.3174570637119113,0.1305180055401662,3052.6,16.145833333333336,81.9747416762342,31.92488262910797,43.1307135772923,33.89121338912134,6.986899563318777,17.748625093639802,4.577464788732395,0.0,3.4482758620689653,2.693054881010199,55.36202389265752,70.7049008828553,63.03346238775641,18.115942028985508,56.25,35.27626811594203
279,1628381,John Collins,John,1610612746,LAC,28.0,69,32,37,0.464,1871.4783333333332,115.1,257,0.135,0.207,60,0.182,51,0.282,766.0,585.0,582.0,1868.0,4.74,4.740787655680361,118,182,482,349,101,391,87,221,229,112,320,58,143,519,488,483,468,151,69,380,195,185,116,1,43,104,16,15,31,0.516,0.484,15,22,37,24,37,0.405,0.595,1.0,0.649,1628381,John Collins,0.3371293103448275,0.1597183908045977,3726.9,23.958333333333336,69.23076923076923,39.90610328638498,43.79062838569881,21.478382147838214,58.515283842794766,43.70052316481214,21.47887323943662,21.73913043478261,3.4482758620689653,17.062313913465804,40.35657075980639,45.15209181619056,42.754331287998475,27.717391304347828,12.5,20.869565217391305
291,1630692,Jordan Goodwin,Jordan,1610612756,PHX,27.0,70,39,31,0.557,1571.7766666666666,110.1,203,0.134,0.211,106,0.325,14,0.103,539.0,460.0,431.0,1492.0,6.28,6.280684625228804,105,118,412,240,152,164,148,225,220,13,43,261,384,401,402,392,407,86,70,154,85,69,260,1,20,47,25,19,44,0.568,0.432,9,24,33,18,33,0.273,0.727,1.0,0.545,1630692,Jordan Goodwin,0.3107116402116402,0.1414021164021164,3113.3,4.6875,90.81515499425947,63.38028169014085,49.505374670526024,6.136680613668061,7.860262008733625,7.1708294507074,72.1830985915493,61.73913043478261,3.4482758620689653,51.34400405431087,60.50724894413633,61.180382483620434,60.843815713878385,17.934782608695652,13.88888888888889,16.11413043478261
298,1630581,Josh Giddey,Josh,1610612741,CHI,23.0,54,21,33,0.389,1731.3566666666666,117.1,381,0.201,0.295,55,0.217,27,0.161,657.0,593.0,557.0,1894.0,3.43,3.4312447353898383,266,292,435,394,127,455,31,55,73,142,209,148,268,474,495,468,472,231,54,270,110,160,101,2,7,15,23,16,39,0.59,0.41,0,16,16,12,16,0.0,1.0,1.0,0.75,1630581,Josh Giddey,0.3573734567901234,0.1713179012345679,3662.3,11.458333333333332,67.7382319173364,30.51643192488263,35.920822485621734,9.623430962343097,47.59825327510917,32.408324350002744,16.19718309859155,17.391304347826086,6.896551724137931,14.289967692210233,24.91488804975027,35.001538232746775,29.95821314124852,50.18115942028986,8.333333333333332,31.349637681159425
300,1628404,Josh Hart,Josh,1610612752,NYK,31.0,66,44,22,0.667,1993.575,112.5,393,0.2,0.295,75,0.218,17,0.116,689.0,517.0,571.0,1838.0,6.57,6.5728869276356034,157,67,279,106,80,270,27,58,72,67,207,233,358,487,438,477,465,82,66,349,150,199,194,3,57,135,24,32,56,0.429,0.571,6,24,30,22,30,0.2,0.8,1.0,0.733,1628404,Josh Hart,0.3532971428571428,0.1687514285714285,3976.5,6.25,70.95292766934558,52.112676056338,40.36169369835545,15.202231520223153,64.62882096069869,44.85818518450847,48.943661971830984,34.78260869565217,10.344827586206897,34.33758472876238,28.024189128447695,37.247419077884054,32.635804103165874,52.35507246376812,13.88888888888889,35.04528985507247
304,201950,Jrue Holiday,Jrue,1610612757,POR,36.0,53,28,25,0.528,1560.4016666666666,108.6,174,0.108,0.165,54,0.189,6,0.036,650.0,466.0,510.0,1570.0,6.95,6.953033451595182,276,216,326,279,153,117,191,338,348,153,300,375,512,470,410,440,417,74,52,129,51,78,115,0,10,24,17,13,30,0.567,0.433,1,14,15,7,15,0.067,0.933,1.0,0.467,201950,Jrue Holiday,0.3066285714285714,0.1596380952380952,3233.4,0.5208333333333333,86.33754305396096,70.42253521126761,48.03210720503657,1.394700139470014,11.790393013100436,7.632115863648266,21.12676056338028,16.52173913043478,0.0,14.233312921004284,63.62170243822939,45.222357234306045,54.42202983626772,12.681159420289855,6.944444444444445,10.099637681159422
305,1630577,Julian Champagnie,Julian,1610612759,SAS,25.0,82,62,20,0.756,2265.963333333333,108.0,399,0.161,0.233,62,0.175,38,0.146,700.0,625.0,601.0,2166.0,10.44,10.435268438959683,1,1,251,43,42,102,26,133,162,103,349,97,291,492,515,498,522,9,82,324,203,121,124,0,66,141,12,31,43,0.279,0.721,6,41,47,33,47,0.128,0.872,1.0,0.702,1630577,Julian Champagnie,0.323,0.1480225563909774,4661.4,17.1875,52.123995407577496,73.23943661971829,43.428257547581694,22.594142259414227,30.567685589519648,27.37826825747748,24.295774647887324,23.47826086956522,0.0,17.935701163502756,51.134023286457044,55.38693703964057,53.26048016304881,53.44202898550725,25.694444444444443,40.955615942028984
309,203944,Julius Randle,Julius,1610612750,MIN,31.0,79,47,32,0.595,2610.2966666666666,113.1,400,0.146,0.226,86,0.188,18,0.061,976.0,847.0,799.0,2826.0,8.12,8.115612196869337,25,44,424,187,12,295,25,176,185,40,306,224,478,577,576,564,576,40,79,370,223,147,168,0,58,144,32,23,55,0.582,0.418,27,55,81,65,82,0.329,0.671,0.988,0.793,203944,Julius Randle,0.3203507853403141,0.151,5361.0,6.770833333333333,14.236509758897819,49.29577464788733,20.015055410919402,25.383542538354252,41.92139737991266,35.3062554432893,39.7887323943662,44.34782608695652,0.0,31.43723208818126,53.154771966389916,52.781421826086515,52.968096896238215,53.62318840579711,35.41666666666667,45.43025362318841
316,1626157,Karl-Anthony Towns,Karl-Anthony,1610612752,NYK,30.0,75,49,26,0.653,2321.7816666666668,111.8,656,0.283,0.412,65,0.168,40,0.226,807.0,622.0,754.0,2118.0,8.12,8.12301115156116,60,37,338,127,34,241,1,6,9,92,371,89,197,535,513,550,516,40,75,451,313,138,153,2,138,315,20,22,42,0.476,0.524,64,111,174,144,175,0.366,0.634,0.994,0.823,1626157,Karl-Anthony Towns,0.3614504021447721,0.1838713136729222,4628.3,18.229166666666664,54.879448909299654,55.39906103286384,40.3492390431375,37.935843793584375,37.99126637554585,37.96909734276126,34.50704225352113,26.08695652173913,6.896551724137931,24.65738961505163,21.80510533982766,24.016239639337712,22.910672489582687,100.0,74.30555555555556,88.4375
319,202695,Kawhi Leonard,Kawhi,1610612746,LAC,35.0,65,37,28,0.569,2084.7283333333335,112.8,342,0.162,0.251,122,0.3,27,0.124,718.0,632.0,567.0,2128.0,6.62,6.61902340553516,166,136,364,220,66,276,41,132,138,6,59,148,341,503,517,474,517,80,65,245,105,140,220,0,13,31,27,17,44,0.614,0.386,2,32,34,18,34,0.059,0.941,1.0,0.529,202695,Kawhi Leonard,0.3499140401146132,0.172295128939828,4151.1,11.458333333333332,54.30539609644087,50.704225352112665,36.266278305115804,8.92608089260809,38.864628820960704,26.88920964961966,58.098591549295776,75.65217391304347,0.0,49.71769748928352,30.604727619750804,34.1463812633768,32.37555444156381,43.11594202898551,19.444444444444446,32.46376811594203
322,1642276,Kel'el Ware,Kel'el,1610612748,MIA,22.0,77,39,38,0.506,1703.8216666666667,114.1,477,0.247,0.388,59,0.197,84,0.475,610.0,593.0,550.0,1806.0,4.87,4.8659688889406,37,118,491,302,132,345,10,16,15,120,282,18,51,448,495,466,462,142,76,480,354,126,108,0,58,133,17,18,35,0.486,0.514,21,92,111,96,113,0.186,0.814,0.982,0.85,1642276,Kel'el Ware,0.307616,0.1047093333333333,3633.6,41.14583333333333,72.78989667049368,44.60093896713616,53.08503190979015,43.65411436541143,32.751091703056765,37.11230076799863,18.661971830985916,20.869565217391305,0.0,14.769136558481323,62.868518857975886,93.28967389845812,78.079096378217,67.57246376811594,61.111111111111114,64.66485507246377
323,1629640,Keldon Johnson,Keldon,1610612759,SAS,26.0,82,62,20,0.756,1911.4666666666667,108.2,303,0.143,0.215,46,0.156,11,0.051,588.0,565.0,503.0,1820.0,8.66,8.660865362435835,1,1,251,43,94,107,58,183,209,196,418,284,493,432,474,435,464,29,82,239,141,98,91,1,19,42,15,22,37,0.405,0.595,33,37,70,46,70,0.471,0.529,1.0,0.657,1629640,Keldon Johnson,0.2972093596059113,0.1276650246305418,3916.4,3.125,71.98622273249138,72.30046948356804,44.520295327263995,13.94700139470014,20.52401746724891,17.893211038229403,12.676056338028168,9.565217391304348,3.4482758620689653,9.280317587685031,70.80642028925661,73.20150069803898,72.0039604936478,36.05072463768116,22.916666666666664,30.140398550724637
325,1626162,Kelly Oubre Jr.,Kelly,1610612755,PHI,30.0,50,27,23,0.54,1574.3116666666667,117.2,202,0.121,0.197,68,0.233,24,0.145,562.0,607.0,615.0,1636.0,3.04,3.0441261304186353,297,225,289,266,150,456,149,276,254,80,164,173,292,414,504,502,429,252,50,176,92,84,212,0,13,34,11,17,28,0.393,0.607,2,17,19,15,19,0.105,0.895,1.0,0.789,1626162,Kelly Oubre Jr.,0.3130098684210526,0.1492796052631579,3208.5,9.895833333333332,82.548794489093,30.046948356807473,40.36214849371775,7.112970711297072,14.41048034934498,11.491476494125816,55.28169014084507,28.695652173913043,0.0,32.156154317207594,58.75422315463494,54.28691286093835,56.52056800778665,17.753623188405797,9.027777777777777,13.82699275362319
332,201142,Kevin Durant,Kevin,1610612745,HOU,37.0,78,48,30,0.615,2839.8233333333333,112.4,385,0.131,0.198,62,0.128,71,0.205,1137.0,884.0,914.0,2926.0,9.39,9.39077516932934,28,41,395,163,2,266,30,233,250,103,493,27,219,581,580,580,581,15,78,452,239,213,120,0,36,80,18,23,41,0.439,0.561,0,25,25,15,25,0.0,1.0,1.0,0.6,201142,Kevin Durant,0.3079509043927649,0.1748888888888889,5621.0,34.375,8.495981630309988,52.582159624413094,29.86913347671177,27.615062761506277,70.74235807860262,53.491439951764086,22.887323943661972,23.47826086956522,0.0,17.372320881812616,62.61306292234264,31.876621733051465,47.24484232769706,50.90579710144928,14.583333333333334,34.56068840579711
333,1628989,Kevin Huerter,Kevin,1610612765,DET,27.0,69,40,29,0.58,1549.0766666666666,110.8,206,0.125,0.185,63,0.239,33,0.177,532.0,476.0,418.0,1638.0,5.94,5.94099195621721,118,110,379,200,157,199,145,260,287,99,151,119,245,396,413,379,431,93,69,258,138,120,118,1,22,49,7,12,19,0.368,0.632,1,22,23,14,23,0.043,0.957,1.0,0.609,1628989,Kevin Huerter,0.3304397759103641,0.1263585434173669,3194.7,14.583333333333334,82.43398392652124,60.09389671361502,49.70870188601952,13.528591352859134,30.131004366812224,23.49003916123099,22.183098591549296,24.347826086956523,3.4482758620689653,18.257047532571743,45.459165156369934,74.34478235980896,59.90197375808945,18.478260869565215,12.5,15.78804347826087
338,1641718,Keyonte George,Keyonte,1610612762,UTA,22.0,54,16,38,0.296,1786.1083333333331,123.6,176,0.096,0.149,58,0.212,14,0.103,737.0,582.0,694.0,1940.0,0.16,0.1628687381921907,266,348,491,448,115,555,183,388,397,123,224,261,384,512,486,530,485,524,53,172,66,106,94,2,25,58,14,17,31,0.452,0.548,1,19,20,8,20,0.05,0.95,1.0,0.4,1641718,Keyonte George,0.3871614906832298,0.139416149068323,3740.3,4.6875,65.097588978186,0.0,24.6591561423651,3.486750348675035,24.017467248908297,15.805180488814992,13.732394366197184,20.0,6.896551724137931,14.217095677513356,2.193388322572015,62.91827202286804,32.55583017272003,13.043478260869565,10.416666666666668,11.861413043478262
347,1642851,Kon Knueppel,Kon,1610612766,CHA,20.0,81,44,37,0.543,2550.7466666666664,113.0,335,0.128,0.186,57,0.157,19,0.08,949.0,730.0,850.0,2716.0,8.09,8.08622993316441,19,67,482,261,17,293,45,243,279,130,415,217,437,573,554,572,571,44,81,436,295,141,144,3,37,85,34,21,55,0.618,0.382,4,33,36,12,37,0.108,0.892,0.973,0.324,1642851,Kon Knueppel,0.3306126582278481,0.141053164556962,5140.4,7.291666666666667,20.55109070034443,49.76525821596242,22.550862965777824,35.425383542538356,39.30131004366812,37.75093944321621,31.338028169014088,19.130434782608695,10.344827586206897,21.8170703380704,45.32729524029418,61.48574488866895,53.40652006448156,41.84782608695652,20.13888888888889,32.07880434782609
348,1627739,Kris Dunn,Kris,1610612746,LAC,32.0,82,42,40,0.512,2230.0,114.1,213,0.097,0.151,131,0.292,14,0.072,833.0,685.0,679.0,2196.0,6.3,6.30424774420868,1,87,508,293,51,351,136,386,393,4,68,261,453,545,536,526,527,84,82,263,108,155,296,0,45,106,14,25,39,0.359,0.641,2,13,15,8,15,0.133,0.867,1.0,0.533,1627739,Kris Dunn,0.3147265415549597,0.1617024128686327,4453.1,4.6875,50.401836969001145,44.60093896713616,30.66587768093444,9.344490934449093,45.414847161572055,30.98670467072287,84.85915492957746,83.47826086956522,0.0,63.161053276178805,57.444791713684715,43.41590455265846,50.43034813317159,19.746376811594203,6.25,13.673007246376812
352,1642271,Kyle Filipowski,Kyle,1610612762,UTA,22.0,77,21,56,0.273,1800.9433333333334,120.4,408,0.225,0.351,73,0.22,39,0.291,697.0,601.0,671.0,1958.0,1.85,1.8471252266331677,37,292,574,470,114,519,23,32,26,69,196,93,133,490,500,521,490,331,76,445,259,186,129,3,112,260,22,7,29,0.759,0.241,18,61,79,63,79,0.228,0.772,1.0,0.797,1642271,Kyle Filipowski,0.3739521410579345,0.1793148614609571,3771.0,17.708333333333336,64.06429391504018,15.023474178403703,33.261704748198326,30.404463040446306,58.951965065502186,47.53296425547983,26.056338028169012,33.04347826086956,10.344827586206897,24.573959499123674,12.269119906079014,28.00352105153018,20.136320478804596,55.072463768115945,39.58333333333333,48.10235507246377
353,1628398,Kyle Kuzma,Kyle,1610612749,MIL,30.0,69,31,38,0.449,1805.7416666666663,116.8,256,0.134,0.21,46,0.167,28,0.189,660.0,575.0,582.0,1748.0,3.77,3.772473832699484,118,188,491,359,113,448,89,224,222,196,376,140,233,477,481,483,450,205,68,250,155,95,55,3,32,74,6,8,14,0.429,0.571,8,34,42,25,42,0.19,0.81,1.0,0.595,1628398,Kyle Kuzma,0.3083140495867769,0.14566391184573,3685.7,11.979166666666668,76.11940298507463,31.92488262910797,39.41467836871978,15.899581589958158,19.213973799126638,17.888216915459246,0.0,9.565217391304348,10.344827586206897,5.934032983508246,62.33606567384082,57.45095068792113,59.89350818088097,27.536231884057973,20.833333333333336,24.51992753623189
357,1630163,LaMelo Ball,LaMelo,1610612766,CHA,24.0,72,41,31,0.569,2017.4466666666667,114.1,282,0.14,0.204,87,0.29,18,0.092,706.0,607.0,653.0,2106.0,5.72,5.718740204029389,84,97,412,218,75,353,71,197,234,38,70,224,408,495,504,513,510,101,69,136,75,61,144,0,22,53,16,24,40,0.4,0.6,1,22,22,13,23,0.043,0.957,1.0,0.591,1630163,LaMelo Ball,0.3137929155313351,0.1410572207084468,4032.0,6.770833333333333,55.56831228473019,44.60093896713616,33.30747737477294,4.741980474198047,4.366812227074235,4.51687952592376,31.338028169014088,45.21739130434783,0.0,28.361298224127374,58.15693617804235,61.48219541274601,59.81956579539418,32.2463768115942,12.5,23.360507246376812
363,2544,LeBron James,LeBron,1610612747,LAL,41.0,60,39,21,0.65,1989.055,112.4,321,0.16,0.246,72,0.204,35,0.174,729.0,593.0,600.0,2078.0,6.62,6.61604080931867,214,118,262,129,81,264,50,135,142,72,255,109,250,508,495,496,507,80,60,149,78,71,109,0,37,87,18,18,36,0.5,0.5,3,23,26,20,26,0.115,0.885,1.0,0.769,2544,LeBron James,0.3202109826589595,0.1389682080924855,4033.5,15.625,57.175660160734786,52.582159624413094,39.40702096236045,5.160390516039052,8.73362445414847,7.304330878904702,19.014084507042252,32.17391304347826,0.0,18.86650336803429,53.26140963833753,63.31025829719482,58.28583396776618,39.311594202898554,13.194444444444445,27.558876811594207
370,1629652,Luguentz Dort,Luguentz,1610612760,OKC,27.0,69,53,16,0.768,1848.7416666666663,108.2,189,0.094,0.147,62,0.176,27,0.126,541.0,591.0,463.0,1616.0,8.29,8.287146332912943,118,19,202,36,107,106,164,403,408,103,343,148,329,404,493,415,422,36,69,254,91,163,119,2,64,146,7,13,20,0.35,0.65,5,26,31,13,31,0.161,0.839,1.0,0.419,1629652,Luguentz Dort,0.2850782608695652,0.1677333333333333,3785.3,11.458333333333332,83.69690011481056,72.30046948356804,51.952365744409036,6.97350069735007,48.90829694323144,32.13437844487889,22.535211267605636,23.47826086956522,6.896551724137931,18.955613742424564,80.0596915060605,38.13833859812806,59.09901505209428,15.39855072463768,15.277777777777779,15.344202898550726
371,1629029,Luka Dončić,Luka,1610612747,LAL,27.0,64,43,21,0.672,2288.6016666666665,115.6,454,0.194,0.292,105,0.267,34,0.174,858.0,664.0,733.0,2452.0,5.5,5.498718962893385,180,75,262,103,37,414,12,66,79,14,100,113,249,549,529,544,553,115,64,317,148,169,196,14,5,10,16,22,38,0.421,0.579,1,17,17,13,18,0.056,0.944,1.0,0.765,1629029,Luka Dončić,0.390037037037037,0.1711339031339031,4723.5,15.104166666666666,35.7060849598163,37.55868544600939,27.92846776410472,14.923291492329149,51.52838427947598,36.88634716461725,49.647887323943664,60.86956521739131,48.275862068965516,53.232468272905805,0.0,35.16255214719823,17.581276073599113,63.40579710144928,9.027777777777777,38.93568840579711
373,1628379,Luke Kennard,Luke,1610612747,LAL,30.0,78,45,33,0.577,1680.4766666666667,113.7,150,0.086,0.133,55,0.188,8,0.05,621.0,517.0,562.0,1762.0,4.99,4.993002962777243,28,60,435,207,139,330,227,449,461,142,304,341,495,454,438,472,453,138,77,170,90,80,105,0,38,90,9,8,17,0.529,0.471,1,14,15,5,15,0.067,0.933,1.0,0.333,1628379,Luke Kennard,0.338912,0.1378213333333333,3443.7,1.5625,75.31572904707234,46.47887323943659,38.605223476334466,6.834030683403068,12.663755458515283,10.331865548470397,17.6056338028169,17.391304347826086,0.0,13.129210042865889,38.99678371716378,64.31387080020143,51.655327258682604,8.333333333333332,6.944444444444445,7.708333333333333
383,203935,Marcus Smart,Marcus,1610612747,LAL,32.0,62,41,21,0.661,1768.9783333333332,110.6,136,0.077,0.114,87,0.259,23,0.15,619.0,500.0,525.0,1788.0,6.78,6.781531328027479,201,97,262,120,119,180,246,502,518,38,112,182,284,451,427,451,460,76,62,193,76,117,172,20,37,90,17,20,37,0.459,0.541,2,40,40,12,42,0.048,0.952,0.952,0.286,203935,Marcus Smart,0.2809039548022599,0.1457429378531073,3592.8,9.375,73.82319173363949,61.03286384976526,44.846333069215135,4.881450488145049,28.82096069868996,19.245156614471995,41.19718309859155,45.21739130434783,68.96551724137932,49.546339506303184,83.24373831189506,57.381796241514806,70.31276727670493,5.797101449275362,25.0,14.43840579710145
389,1641824,Matas Buzelis,Matas,1610612741,CHI,21.0,77,28,49,0.364,2248.2483333333334,116.9,371,0.152,0.224,55,0.162,116,0.443,881.0,706.0,730.0,2580.0,4.54,4.54249975378455,37,216,559,403,46,451,36,156,191,142,398,6,65,556,547,542,558,164,77,609,397,212,103,2,29,69,19,15,34,0.559,0.441,3,25,27,18,28,0.107,0.893,0.964,0.643,1641824,Matas Buzelis,0.3597204301075269,0.1727069892473118,4756.0,57.8125,28.35820895522388,31.455399061032814,40.914222899586555,49.651324965132495,70.3056768558952,62.04393609959011,16.901408450704224,17.391304347826086,6.896551724137931,14.571657833055303,23.12468082149075,33.785968628270574,28.45532472488066,48.369565217391305,14.583333333333334,33.16576086956522
391,1631108,Max Christie,Max,1610612742,DAL,23.0,77,24,53,0.312,2244.48,115.2,234,0.097,0.146,47,0.138,27,0.116,797.0,686.0,756.0,2616.0,5.61,5.607690708917204,37,252,568,442,48,395,110,385,413,191,468,148,356,532,537,551,562,108,77,373,235,138,78,1,57,124,10,12,22,0.455,0.545,0,13,13,5,13,0.0,1.0,1.0,0.385,1631108,Max Christie,0.3229727520435967,0.1273978201634877,4690.2,11.458333333333332,26.29161882893226,39.43661971830982,23.64455485303708,27.05718270571827,37.99126637554585,33.61763290761482,8.098591549295776,10.434782608695652,3.4482758620689653,7.75367949827903,51.15480728436055,73.4353272269208,62.295067255640674,23.55072463768116,6.25,15.765398550724639
395,1642875,Maxime Raynaud,Maxime,1610612758,SAC,23.0,74,21,53,0.284,1963.88,121.3,414,0.211,0.322,38,0.128,39,0.21,711.0,637.0,677.0,2252.0,1.52,1.515450623492755,70,292,568,459,86,535,20,44,43,246,492,93,211,498,520,524,532,364,74,556,374,182,77,0,210,469,11,14,25,0.44,0.56,32,65,97,76,97,0.33,0.67,1.0,0.784,1642875,Maxime Raynaud,0.3395012531328321,0.1662130325814536,4039.8,17.708333333333336,47.18714121699196,10.798122065727688,26.298363275712443,46.44351464435147,57.20524017467249,52.900549962544076,7.746478873239436,2.608695652173913,0.0,4.011635027556644,38.547317500463194,39.468730457170025,39.00802397881661,56.15942028985508,42.36111111111111,49.950181159420296
398,1629008,Michael Porter Jr.,Michael,1610612751,BKN,28.0,52,14,38,0.269,1688.6033333333332,119.6,298,0.188,0.292,55,0.217,13,0.086,625.0,521.0,632.0,1932.0,2.12,2.1173328145044494,286,374,491,473,137,509,62,78,80,142,209,272,425,458,441,509,481,307,52,162,96,66,97,0,37,82,16,15,31,0.516,0.484,15,20,35,29,35,0.429,0.571,1.0,0.829,1629008,Michael Porter Jr.,0.3530096153846154,0.1284839743589743,3343.8,4.166666666666666,65.55683122847302,18.779342723004696,29.306393277383393,7.670850767085077,6.550218340611353,6.998471311200843,14.788732394366196,17.391304347826086,0.0,12.002449479485609,28.243507241621312,72.48485035742439,50.364178799522854,35.14492753623188,11.11111111111111,24.32971014492754
399,1628969,Mikal Bridges,Mikal,1610612752,NYK,29.0,82,53,29,0.646,2691.935,112.0,233,0.085,0.126,107,0.242,62,0.282,964.0,762.0,828.0,2492.0,9.25,9.249261816323026,1,19,379,132,6,252,112,459,482,11,147,39,142,576,566,569,555,17,81,429,277,152,183,1,23,50,18,21,39,0.462,0.538,0,43,43,9,43,0.0,1.0,1.0,0.209,1628969,Mikal Bridges,0.3297963446475195,0.1386292428198433,5399.5,29.6875,33.40987370838117,54.46009389671359,37.18347927211181,32.91492329149233,44.10480349344978,39.6288514126668,45.07042253521127,62.60869565217392,3.4482758620689653,40.80328145786262,45.949956972830336,63.60688160588133,54.77841928935583,23.369565217391305,27.083333333333332,25.04076086956522
401,1628970,Miles Bridges,Miles,1610612766,CHA,28.0,77,42,35,0.545,2387.2316666666666,114.8,375,0.155,0.228,46,0.136,34,0.152,848.0,690.0,778.0,2608.0,6.29,6.2867287388825925,37,87,459,258,26,376,35,150,179,196,473,113,278,547,541,561,560,85,77,456,250,206,99,0,48,123,26,14,40,0.65,0.35,5,38,43,23,43,0.116,0.884,1.0,0.535,1628970,Miles Bridges,0.2926984126984127,0.1466375661375661,4785.6,15.104166666666666,26.75086107921929,41.31455399061032,25.733106542046,29.14923291492329,67.68558951965066,52.27104687775971,15.492957746478872,9.565217391304348,0.0,9.545009185548071,74.24724754545782,56.59892075780469,65.42308415163126,49.094202898550726,23.61111111111111,37.626811594202906
409,1630541,Moses Moody,Moses,1610612744,GSW,24.0,60,30,30,0.5,1539.8983333333333,108.9,149,0.092,0.142,58,0.195,34,0.246,627.0,490.0,527.0,1604.0,6.74,6.735353388123421,214,196,395,303,158,124,230,420,430,123,286,113,179,460,425,453,421,77,59,216,140,76,145,3,11,26,20,23,43,0.465,0.535,1,28,29,10,29,0.034,0.966,1.0,0.345,1630541,Moses Moody,0.3017863501483679,0.1234332344213649,3173.0,15.104166666666666,84.3857634902411,69.01408450704221,52.8302050150116,13.807531380753138,10.91703056768559,12.073230892912608,31.690140845070424,20.0,10.344827586206897,22.26226323457989,67.3152167497779,76.90467537351134,72.10994606164462,8.152173913043478,16.666666666666664,11.983695652173914
413,1631217,Moussa Diabaté,Moussa,1610612766,CHA,24.0,73,40,33,0.548,1898.9566666666667,111.5,362,0.191,0.285,56,0.197,72,0.465,709.0,539.0,564.0,1988.0,6.79,6.785832146934412,78,110,435,253,97,228,38,73,85,137,280,26,55,496,453,473,494,75,73,560,379,181,97,0,215,512,28,10,38,0.737,0.263,102,77,175,119,179,0.57,0.43,0.978,0.665,1631217,Moussa Diabaté,0.340468253968254,0.151526455026455,3757.7,34.89583333333333,62.34213547646383,56.80751173708918,49.979958684367965,47.140864714086476,56.76855895196506,52.91748125681363,14.788732394366196,18.26086956521739,0.0,12.306797305572566,37.80971564002942,52.32072911085797,45.065222375443696,46.73913043478261,50.69444444444444,48.51902173913044
414,1626167,Myles Turner,Myles,1610612749,MIL,30.0,71,30,41,0.423,1911.8033333333333,115.8,303,0.152,0.228,50,0.167,115,0.599,700.0,532.0,658.0,1726.0,4.51,4.509536210573467,98,196,515,373,93,417,58,158,181,176,375,8,15,492,449,518,446,167,71,573,433,140,124,0,121,293,11,12,23,0.478,0.522,15,82,97,49,97,0.155,0.845,1.0,0.505,1626167,Myles Turner,0.3706381766381766,0.1764900284900284,3905.4,57.291666666666664,77.38231917336394,36.619718309859145,59.15540795480883,54.67224546722454,38.864628820960704,45.187675479466236,24.295774647887324,13.043478260869565,0.0,14.283527250459278,14.7969215706539,30.47548903748975,22.636205304071826,36.05072463768116,54.166666666666664,44.20289855072464
418,1630230,Naji Marshall,Naji,1610612742,DAL,28.0,74,25,49,0.338,2183.74,114.3,283,0.12,0.186,82,0.239,6,0.029,798.0,681.0,692.0,2608.0,6.1,6.09990521420012,70,243,559,418,56,356,70,279,281,53,150,375,519,533,535,529,560,90,74,292,145,147,138,0,26,57,15,19,34,0.441,0.559,6,30,36,19,36,0.167,0.833,1.0,0.528,1630230,Naji Marshall,0.327110465116279,0.1414767441860465,4599.1,0.5208333333333333,26.75086107921929,43.661971830985905,20.486627668806562,14.504881450488144,41.92139737991266,30.954791008142855,29.225352112676056,40.869565217391305,0.0,25.994488671157377,47.99867261667945,61.115076855062256,54.55687473587085,32.427536231884055,18.055555555555554,25.96014492753623
420,1629675,Naz Reid,Naz,1610612750,MIN,26.0,77,46,31,0.597,2007.35,109.9,387,0.187,0.285,76,0.201,78,0.335,685.0,587.0,548.0,2046.0,8.11,8.107400446150702,37,52,412,183,76,148,29,81,86,61,265,21,99,486,490,462,502,42,76,440,270,170,129,4,46,113,17,20,37,0.459,0.541,8,55,61,36,63,0.127,0.873,0.968,0.571,1629675,Naz Reid,0.3411946666666667,0.162928,4100.4,38.02083333333333,59.01262916188289,64.31924882629103,51.942565746565094,31.938633193863318,51.96506550218341,43.954492578855366,26.056338028169012,35.65217391304348,13.793103448275861,26.349071942901787,37.25562784799749,42.34341206056328,39.799519954280385,51.26811594202898,35.41666666666667,44.134963768115945
421,1629674,Neemias Queta,Neemias,1610612738,BOS,26.0,76,52,24,0.684,1926.2066666666667,105.6,406,0.194,0.286,60,0.203,100,0.483,557.0,546.0,487.0,1452.0,10.12,10.120332168842964,54,24,309,92,91,60,24,65,84,112,260,12,47,413,462,425,396,10,76,591,433,158,127,0,276,672,14,8,22,0.636,0.364,55,102,157,91,157,0.35,0.65,1.0,0.58,1629674,Neemias Queta,0.2986989247311828,0.1448655913978494,3705.1,49.47916666666667,93.1113662456946,84.50704225352113,73.50740541604006,54.67224546722454,46.724890829694324,49.903832684706416,25.352112676056336,21.73913043478261,0.0,17.74954072259645,69.67022064248157,58.14954866167989,63.90988465208073,54.710144927536234,68.05555555555556,60.71557971014493
422,1629651,Nic Claxton,Nic,1610612751,BKN,27.0,69,17,52,0.246,1920.3666666666663,120.3,310,0.167,0.265,45,0.16,77,0.393,770.0,618.0,764.0,2226.0,2.02,2.024283664221217,118,334,566,493,92,516,56,120,112,200,403,22,76,524,512,555,531,319,69,501,327,174,117,0,200,489,18,9,27,0.667,0.333,39,46,84,66,85,0.459,0.541,0.988,0.776,1629651,Nic Claxton,0.3254240687679083,0.1564183381088825,3824.2,37.5,48.679678530424795,15.492957746478861,35.911126922268394,39.8884239888424,53.7117903930131,48.18244383134482,21.830985915492956,8.695652173913043,0.0,11.775872627066747,49.285009751480644,48.03991729109135,48.662463521286,37.31884057971014,29.166666666666668,33.65036231884058
425,1629638,Nickeil Alexander-Walker,Nickeil,1610612737,ATL,27.0,78,43,35,0.551,2603.1766666666667,112.0,216,0.079,0.122,102,0.208,42,0.169,934.0,809.0,869.0,2858.0,8.97,8.966060700215614,28,75,459,245,14,251,131,492,493,20,235,81,260,572,574,575,578,24,78,259,177,82,271,4,40,88,28,30,58,0.483,0.517,1,37,37,15,38,0.026,0.974,0.974,0.395,1629638,Nickeil Alexander-Walker,0.3839102244389027,0.1659451371571072,5487.3,19.270833333333336,12.399540757749714,54.46009389671359,25.66319607272413,18.967921896792188,13.537117903930133,15.709439501074954,76.05633802816901,58.26086956521739,13.793103448275861,54.26211542116266,4.673365529142797,39.70316163217561,22.188263580659203,20.28985507246377,22.916666666666664,21.471920289855074
428,203999,Nikola Jokić,Nikola,1610612743,DEN,31.0,65,43,22,0.662,2264.855,115.3,644,0.27,0.4,92,0.271,53,0.299,810.0,591.0,734.0,2374.0,5.7,5.704173223753847,166,75,279,119,43,402,2,9,11,28,93,53,126,538,493,545,544,103,65,389,255,134,177,1,221,513,22,16,38,0.579,0.421,38,109,146,117,147,0.259,0.741,1.0,0.801,203999,Nikola Jokić,0.3877387387387387,0.1867597597597597,4707.9,25.0,40.18369690011481,38.96713615023473,33.80607795259886,29.846582984658298,36.24454148471616,33.685358084693014,42.95774647887324,49.56521739130435,3.4482758620689653,35.39299364402306,1.7530792513917555,21.48860479178597,11.620842021588864,97.82608695652173,72.91666666666666,86.61684782608697
431,202696,Nikola Vučević,Nikola,1610612738,BOS,35.0,64,35,29,0.547,1818.118333333333,114.8,412,0.211,0.305,39,0.161,41,0.238,623.0,541.0,572.0,1954.0,5.02,5.015710399495806,180,162,379,255,111,378,21,46,61,239,399,85,187,456,456,479,487,136,64,502,335,167,90,1,144,311,11,6,17,0.647,0.353,25,102,125,90,127,0.197,0.803,0.984,0.709,202696,Nikola Vučević,0.3595552147239264,0.1736717791411043,3754.1,18.75,64.2939150401837,41.31455399061032,40.331508761716876,41.00418410041841,50.65502183406113,46.79468674060404,12.323943661971832,3.4782608695652173,3.4482758620689653,7.0090377346538,23.250702609530745,32.94169579685841,28.09619920319458,55.79710144927537,68.05555555555556,61.31340579710145
432,1642363,Nique Clifford,Nique,1610612758,SAC,24.0,75,21,54,0.28,1881.925,115.8,217,0.115,0.176,68,0.219,24,0.125,718.0,595.0,560.0,1896.0,4.4,4.396529625800647,60,292,572,461,99,418,130,306,319,80,202,173,331,503,499,470,473,171,75,323,166,157,143,9,29,67,10,16,26,0.385,0.615,3,18,21,15,21,0.143,0.857,1.0,0.714,1642363,Nique Clifford,0.3330543209876543,0.1544049382716049,3843.3,9.895833333333332,67.62342135476463,36.619718309859145,36.78146038496574,17.433751743375176,46.288209606986904,34.746426461542214,30.985915492957744,28.695652173913043,31.03448275862069,30.196465147707833,43.46486148820833,49.80181259318781,46.633337040698066,20.47101449275362,9.722222222222223,15.634057971014492
434,1641730,Noah Clowney,Noah,1610612751,BKN,21.0,66,17,49,0.258,1780.0633333333333,118.3,221,0.128,0.2,50,0.185,45,0.266,710.0,566.0,675.0,1982.0,2.88,2.8839256995467406,157,334,559,482,117,485,126,245,241,176,315,73,157,497,475,523,492,269,66,414,261,153,108,4,25,58,10,15,25,0.4,0.6,2,35,37,20,37,0.054,0.946,1.0,0.541,1641730,Noah Clowney,0.3781794871794872,0.175022792022792,3547.9,20.833333333333336,62.68656716417911,24.88262910798121,36.494289117791325,30.683403068340308,44.54148471615721,38.99825205703045,18.661971830985916,13.043478260869565,13.793103448275861,15.47828198576768,9.044615593635099,31.75944515530878,20.402030374471938,21.195652173913043,21.52777777777778,21.345108695652172
438,1626181,Norman Powell,Norman,1610612748,MIA,33.0,58,29,29,0.5,1716.9366666666667,114.1,180,0.097,0.147,64,0.208,14,0.097,596.0,554.0,507.0,1914.0,4.86,4.8638154888296254,230,203,379,303,130,350,177,380,405,94,234,261,401,437,467,439,477,144,57,134,63,71,150,0,15,34,9,21,30,0.3,0.7,0,19,18,11,19,0.0,1.0,0.947,0.579,1626181,Norman Powell,0.3675723270440251,0.1558836477987421,3684.6,4.6875,66.59012629161883,44.60093896713616,36.33177894385063,3.0683403068340307,8.73362445414847,6.467510795222694,33.45070422535211,25.217391304347824,0.0,22.206368646662582,17.135468014070035,48.50781657670305,32.82164229538654,13.768115942028986,10.416666666666668,12.259963768115945
439,1628384,OG Anunoby,OG,1610612752,NYK,28.0,67,45,22,0.672,2223.8716666666664,110.2,266,0.116,0.172,104,0.283,48,0.255,788.0,564.0,669.0,1956.0,8.88,8.88096428136334,147,60,279,105,52,168,82,300,328,16,81,68,167,530,472,520,488,26,67,465,262,203,184,3,20,48,20,23,43,0.465,0.535,6,68,74,46,74,0.081,0.919,1.0,0.622,1628384,OG Anunoby,0.3060512129380054,0.173911051212938,4482.4,22.395833333333336,64.17910447761194,62.91079812206569,47.14871943101394,30.822873082287312,66.37554585152839,52.15447674383195,45.42253521126761,60.0,10.344827586206897,41.75522098105876,64.06209574625888,32.732312478412965,48.39720411233592,29.347826086956523,44.44444444444444,36.14130434782609
445,1630168,Onyeka Okongwu,Onyeka,1610612737,ATL,25.0,74,41,33,0.554,2296.9683333333332,111.3,422,0.178,0.268,82,0.175,79,0.376,850.0,651.0,757.0,2430.0,8.38,8.375985208676461,70,97,435,243,36,224,17,98,108,53,351,20,83,548,526,552,548,34,74,566,392,174,174,2,159,375,30,28,58,0.517,0.483,19,82,100,65,101,0.188,0.812,0.99,0.644,1630168,Onyeka Okongwu,0.3284207792207792,0.1619012987012987,4833.7,38.54166666666667,36.969001148105626,57.746478873239425,42.7924367868135,48.95397489539749,53.7117903930131,51.80866419396686,41.901408450704224,40.869565217391305,6.896551724137931,32.78904913740313,46.999200759128975,43.241862612384146,45.12053168575656,57.608695652173914,54.166666666666664,56.059782608695656
448,1642345,Oso Ighodaro,Oso,1610612756,PHX,23.0,82,45,37,0.549,1808.37,109.7,280,0.158,0.252,73,0.206,57,0.383,613.0,540.0,482.0,1758.0,7.38,7.375874216882334,1,60,482,251,112,141,73,141,137,69,246,45,80,449,454,423,452,60,82,434,318,116,172,0,251,622,18,13,31,0.581,0.419,19,57,76,44,76,0.25,0.75,1.0,0.579,1642345,Oso Ighodaro,0.3266927083333333,0.1211692708333333,3559.0,27.083333333333332,75.54535017221585,65.25821596244128,53.5887598842192,38.633193863319384,28.38427947598253,32.48384523091727,41.19718309859155,33.04347826086956,0.0,28.044090630740968,48.31732609558274,78.88583516900621,63.60158063229448,31.88405797101449,36.80555555555556,34.09873188405797
450,1629023,P.J. Washington,P.J.,1610612742,DAL,27.0,56,16,40,0.286,1735.62,114.4,310,0.162,0.253,55,0.198,60,0.299,606.0,544.0,535.0,2006.0,4.79,4.7927527567934645,247,348,508,454,126,359,56,131,134,142,276,42,128,442,461,456,497,148,56,373,222,151,105,1,41,89,13,17,30,0.433,0.567,6,39,45,33,45,0.133,0.867,1.0,0.733,1629023,P.J. Washington,0.3141401869158878,0.1615077881619937,3657.6,28.645833333333332,61.30884041331802,43.19248826291075,43.71454954372233,25.24407252440725,43.66812227074236,36.29850237220832,17.6056338028169,17.391304347826086,3.4482758620689653,13.991279008383131,57.89204703840708,43.58621764693327,50.739132342670175,37.31884057971014,24.305555555555554,31.46286231884058
453,1631094,Paolo Banchero,Paolo,1610612753,ORL,23.0,72,38,34,0.528,2501.685,114.1,519,0.204,0.306,51,0.117,40,0.164,895.0,689.0,875.0,2640.0,6.99,6.992079837564289,84,128,449,281,20,354,8,52,58,168,516,89,266,560,540,576,563,73,72,449,268,181,88,0,68,152,25,11,36,0.694,0.306,3,41,44,31,44,0.068,0.932,1.0,0.705,1631094,Paolo Banchero,0.3554116022099447,0.1771602209944751,5132.6,18.229166666666664,24.913892078071182,44.60093896713616,27.16176363577562,31.659693165969315,56.76855895196506,46.72501263756676,11.619718309859154,13.91304347826087,0.0,9.517452541334965,26.41133721011627,29.889013860914044,28.150175535515157,75.18115942028986,25.694444444444443,52.91213768115943
454,1627783,Pascal Siakam,Pascal,1610612754,IND,32.0,62,17,45,0.274,2056.651666666666,117.2,322,0.151,0.234,69,0.233,25,0.123,742.0,679.0,582.0,2370.0,4.0,4.00261466282935,201,334,541,467,70,457,49,159,161,78,163,167,342,513,534,483,543,191,62,360,237,123,141,0,47,114,21,14,35,0.6,0.4,6,54,59,29,60,0.1,0.9,0.983,0.483,1627783,Pascal Siakam,0.3385014084507042,0.1697323943661972,4275.4,10.416666666666668,40.41331802525832,30.046948356807473,25.823065064708945,27.33612273361227,31.4410480349345,29.799077914405608,30.28169014084507,29.565217391304348,0.0,22.460502143294548,39.30997175128459,36.38899096374589,37.849481357515245,39.492753623188406,34.72222222222222,37.346014492753625
461,1630202,Payton Pritchard,Payton,1610612738,BOS,28.0,79,54,25,0.684,2555.5233333333335,112.1,243,0.09,0.137,58,0.154,10,0.04,786.0,774.0,727.0,2158.0,8.62,8.624178277715227,25,13,326,93,16,255,100,426,445,123,424,300,505,529,569,541,521,31,76,133,41,92,109,2,22,51,25,19,44,0.568,0.432,3,28,31,9,32,0.094,0.875,1.0,0.29,1630202,Payton Pritchard,0.3332555831265508,0.1681985111662531,4935.8,2.604166666666667,52.58323765786452,53.990610328638496,32.943452429078874,0.0,17.903930131004365,10.742358078602619,19.014084507042252,20.0,6.896551724137931,16.329771733851384,43.31134421847385,37.731268614667144,40.521306416570496,25.181159420289855,16.666666666666664,21.34963768115942
463,1641796,Pelle Larsson,Pelle,1610612748,MIA,25.0,70,38,32,0.543,1849.1433333333337,113.3,175,0.088,0.132,49,0.147,16,0.1,606.0,576.0,503.0,2052.0,5.67,5.666186497686518,105,128,424,262,106,305,186,435,465,182,448,243,392,442,483,435,504,105,70,330,195,135,124,12,14,33,8,8,16,0.5,0.5,8,30,36,21,38,0.211,0.789,0.947,0.553,1641796,Pelle Larsson,0.3369857549857549,0.1447293447293447,3951.4,5.729166666666666,58.66819747416763,48.35680751173708,34.91473766055961,21.478382147838214,36.681222707423586,30.600086483589436,24.295774647887324,12.173913043478262,41.37931034482759,24.32400701057922,40.46607087195573,58.26877603059103,49.36742345127338,12.862318840579709,18.055555555555554,15.19927536231884
465,1631212,Peyton Watson,Peyton,1610612743,DEN,23.0,54,36,18,0.667,1597.7583333333334,117.6,215,0.127,0.201,50,0.219,61,0.386,541.0,502.0,505.0,1690.0,2.9,2.9046981283500655,266,151,225,106,148,471,134,251,240,176,203,40,79,404,428,437,439,264,54,331,206,125,85,3,30,76,17,18,35,0.486,0.514,3,9,12,11,12,0.25,0.75,1.0,0.917,1631212,Peyton Watson,0.3085325443786982,0.1353254437869822,3247.6,29.166666666666668,79.44890929965557,28.169014084507044,46.51603844267287,23.01255230125523,32.314410480349345,28.5936672087117,10.56338028169014,13.043478260869565,10.344827586206897,11.376776400532128,62.16940380643309,66.49798544293117,64.33369462468212,20.108695652173914,3.4722222222222223,12.622282608695654
466,1630173,Precious Achiuwa,Precious,1610612758,SAC,26.0,73,20,53,0.274,1745.185,118.1,315,0.18,0.276,65,0.238,50,0.323,633.0,566.0,596.0,1920.0,2.91,2.9076366697427996,78,302,568,469,125,483,53,93,96,92,152,60,111,466,475,494,479,263,73,407,255,152,127,3,65,151,27,10,37,0.73,0.27,35,27,62,46,62,0.565,0.435,1.0,0.742,1630173,Precious Achiuwa,0.3010129533678756,0.1292927461139896,3555.2,23.4375,66.24569460390356,25.821596244131456,39.01639217239911,29.846582984658298,44.10480349344978,38.40151528993319,25.352112676056336,26.08695652173913,10.344827586206897,21.857486749582954,67.90514271803805,71.77710660516674,69.8411246616024,38.224637681159415,15.972222222222221,28.21105072463768
467,1629656,Quentin Grimes,Quentin,1610612755,PHI,26.0,75,42,33,0.56,2205.721666666667,112.4,227,0.096,0.153,64,0.165,28,0.099,805.0,664.0,751.0,2202.0,7.28,7.279927688186182,60,87,435,233,54,268,120,390,388,94,388,140,398,534,529,549,528,65,74,268,134,134,149,1,12,26,21,20,41,0.512,0.488,0,12,12,5,12,0.0,1.0,1.0,0.417,1629656,Quentin Grimes,0.3119362244897959,0.120204081632653,4508.8,11.979166666666668,50.05740528128588,52.582159624413094,35.45729842122,12.97071129707113,36.24454148471616,26.935009409658146,33.098591549295776,25.217391304347824,3.4482758620689653,22.927592541757292,59.573169459673935,79.73045742774855,69.65181344371123,22.282608695652172,5.555555555555555,14.755434782608695
470,1629628,RJ Barrett,RJ,1610612761,TOR,26.0,57,34,23,0.596,1725.76,113.5,245,0.141,0.218,42,0.13,19,0.112,531.0,509.0,484.0,1772.0,5.2,5.204502327584985,235,168,289,184,128,315,97,189,204,219,485,217,367,394,432,424,457,127,57,269,151,118,108,3,24,57,16,13,29,0.552,0.448,7,18,25,15,25,0.28,0.72,1.0,0.6,1629628,RJ Barrett,0.3099425287356321,0.13475,3536.2,7.291666666666667,74.74167623421354,47.417840375586835,40.930713442538114,15.341701534170154,29.257641921397383,23.69126576650649,18.661971830985916,6.086956521739131,10.344827586206897,12.181430411554787,61.09390619902592,67.00154747076732,64.04772683489662,25.543478260869566,9.722222222222223,18.423913043478265
474,1642263,Reed Sheppard,Reed,1610612745,HOU,22.0,82,52,30,0.634,2146.923333333333,111.6,210,0.092,0.143,122,0.324,54,0.192,830.0,716.0,674.0,2146.0,7.59,7.592976538603757,1,24,395,145,58,234,139,416,419,6,44,49,231,544,550,522,518,54,82,311,155,156,289,0,13,28,24,23,47,0.511,0.489,0,15,15,6,15,0.0,1.0,1.0,0.4,1642263,Reed Sheppard,0.3292431077694235,0.1479498746867168,4220.4,25.520833333333332,53.27210103329506,56.33802816901409,42.938075737240126,15.899581589958158,45.851528384279476,33.87074966655095,82.3943661971831,75.65217391304347,0.0,59.43600734843845,46.371950972831534,55.45053968374243,50.91124532828698,19.202898550724637,7.638888888888889,13.99909420289855
480,1641842,Ronald Holland II,Ronald,1610612765,DET,20.0,78,56,22,0.718,1550.4483333333333,104.5,232,0.141,0.23,92,0.26,27,0.129,554.0,486.0,416.0,1384.0,8.8,8.795477677016725,28,7,279,73,155,50,115,191,174,28,109,148,325,411,422,377,382,27,75,156,78,78,164,2,16,40,18,21,39,0.462,0.538,4,7,10,7,11,0.364,0.636,0.909,0.636,1641842,Ronald Holland II,0.2589363867684478,0.1319312977099236,3159.7,11.458333333333332,97.01492537313433,89.6713615023474,60.956397589517195,5.160390516039052,11.790393013100436,9.138392014275881,38.38028169014084,49.56521739130435,6.896551724137931,34.42407669404734,100.0,69.468150591988,84.734075295994,23.18840579710145,2.083333333333333,13.691123188405799
481,1626220,Royce O'Neale,Royce,1610612756,PHX,33.0,78,43,35,0.551,2213.0533333333333,115.1,313,0.139,0.227,84,0.196,32,0.172,907.0,784.0,710.0,2326.0,5.71,5.705311740763905,28,75,459,245,53,390,55,198,183,45,285,123,254,563,571,536,538,102,78,183,87,96,172,0,41,95,17,21,38,0.447,0.553,3,35,38,22,38,0.079,0.921,1.0,0.579,1626220,Royce O'Neale,0.3456746031746031,0.1431190476190476,4431.5,14.0625,42.93915040183697,39.90610328638498,30.630228462239188,6.4156206415620645,19.65065502183406,14.35664126972526,41.19718309859155,42.608695652173914,0.0,31.39191671769749,33.8384544787135,59.67792232189512,46.758188400304306,37.86231884057971,21.52777777777778,30.511775362318843
482,203497,Rudy Gobert,Rudy,1610612750,MIN,34.0,76,46,30,0.605,2380.0466666666666,108.0,573,0.222,0.334,58,0.132,124,0.422,913.0,678.0,775.0,2384.0,10.82,10.815096035251171,54,52,395,171,27,98,6,35,36,123,482,5,68,567,532,560,545,7,76,808,620,188,137,1,307,767,18,5,23,0.783,0.217,93,99,192,151,192,0.484,0.516,1.0,0.786,203497,Rudy Gobert,0.3285824175824176,0.153032967032967,4870.9,61.979166666666664,39.60964408725603,73.23943661971829,56.964901252135846,80.75313807531381,59.82532751091703,68.19645173667574,28.87323943661972,20.0,3.4482758620689653,19.41136474016513,46.87590742587151,51.00240357129976,48.939155498585635,84.96376811594203,65.97222222222221,76.41757246376812
483,1629060,Rui Hachimura,Rui,1610612747,LAL,28.0,68,47,21,0.691,1926.565,114.4,185,0.094,0.147,39,0.115,21,0.121,714.0,615.0,570.0,2108.0,5.32,5.324052271045933,135,44,262,87,90,361,170,406,407,239,520,197,346,500,509,476,511,122,67,236,152,84,85,1,29,66,9,10,19,0.474,0.526,1,39,39,16,40,0.025,0.975,1.0,0.41,1629060,Rui Hachimura,0.3142924791086351,0.1175877437325905,3946.5,8.333333333333332,55.453501722158435,43.19248826291075,33.54018100181647,15.481171548117153,14.41048034934498,14.83875682885385,10.56338028169014,3.4782608695652173,3.4482758620689653,6.304812382541123,57.775882707844794,82.01997457653803,69.89792864219142,14.673913043478262,24.305555555555554,19.008152173913047
484,201566,Russell Westbrook,Russell,1610612758,SAC,37.0,64,16,48,0.25,1852.57,122.1,268,0.147,0.225,83,0.258,12,0.074,692.0,602.0,627.0,2154.0,0.99,0.992068260872396,180,348,552,485,104,541,79,172,190,48,116,277,450,489,501,508,520,416,60,110,49,61,137,0,10,22,25,21,46,0.543,0.457,2,7,9,7,9,0.222,0.778,1.0,0.778,201566,Russell Westbrook,0.3372162162162162,0.1321141141141141,3827.3,3.6458333333333335,52.81285878300803,7.042253521126761,21.703397287667833,1.1157601115760112,4.366812227074235,3.0663913808749452,28.87323943661972,41.73913043478261,0.0,26.157991426821802,40.29028133163752,69.30817076198814,54.799226046812834,29.71014492753623,2.083333333333333,17.27807971014493
488,1631157,Ryan Rollins,Ryan,1610612749,MIL,23.0,74,29,45,0.392,2375.483333333333,116.5,284,0.115,0.177,110,0.293,31,0.15,845.0,745.0,721.0,2252.0,5.1,5.098423240503657,70,203,541,392,28,438,69,305,309,10,64,127,282,546,560,540,532,130,74,288,154,134,299,4,9,19,22,28,50,0.44,0.56,0,18,18,8,18,0.0,1.0,1.0,0.444,1631157,Ryan Rollins,0.3381290322580645,0.1782903225806451,4824.9,13.541666666666666,47.18714121699196,33.33333333333331,30.265499425947183,15.760111576011157,36.24454148471616,28.050769521234155,85.91549295774648,65.21739130434783,13.793103448275861,60.640560001689295,39.594010153746204,28.900079304200787,34.24704472897349,32.608695652173914,9.722222222222223,22.309782608695656
489,1630180,Saddiq Bey,Saddiq,1610612740,NOP,27.0,72,24,48,0.333,2245.575,116.8,279,0.12,0.19,68,0.17,7,0.032,864.0,757.0,774.0,2578.0,4.58,4.579100194274813,84,252,552,419,47,449,74,283,268,80,363,363,516,551,562,559,557,162,71,182,97,85,97,1,19,45,19,20,39,0.487,0.513,8,32,40,26,40,0.2,0.8,1.0,0.65,1630180,Saddiq Bey,0.3360986666666666,0.144704,4658.6,1.0416666666666665,28.473019517795638,31.92488262910797,18.363444155172132,7.810320781032078,14.847161572052403,12.032425255644274,14.788732394366196,28.695652173913043,3.4482758620689653,16.821040184133285,41.14271764469934,58.29095481432716,49.71683622951325,31.70289855072464,19.444444444444446,26.186594202898554
490,1630573,Sam Hauser,Sam,1610612738,BOS,28.0,78,54,24,0.692,1934.15,111.0,244,0.118,0.178,38,0.139,23,0.124,573.0,513.0,550.0,1620.0,7.21,7.214180901901533,28,13,309,86,89,208,98,288,306,246,466,182,339,422,436,466,424,69,77,306,187,119,95,0,57,136,13,13,26,0.5,0.5,1,48,48,21,49,0.02,0.98,0.98,0.429,1630573,Sam Hauser,0.3323031914893617,0.1492952127659574,3779.5,9.375,83.46727898966705,59.15492957746476,47.75228004074965,20.362622036262206,29.694323144104807,25.961642700967765,14.084507042253522,2.608695652173913,0.0,6.546846295162278,44.03780258098989,54.273254974734755,49.15552877786232,25.36231884057971,30.555555555555557,27.699275362318843
492,1630572,Sandro Mamukelashvili,Sandro,1610612761,TOR,27.0,80,44,36,0.55,1750.6916666666666,109.7,287,0.163,0.256,64,0.189,41,0.23,554.0,535.0,447.0,1766.0,7.24,7.2397384990046625,21,67,472,248,123,143,68,129,128,94,303,85,194,411,451,403,455,67,80,458,320,138,138,0,84,188,14,17,31,0.452,0.548,12,63,73,34,75,0.16,0.84,0.973,0.453,1630572,Sandro Mamukelashvili,0.3524116161616162,0.15125,3565.6,18.75,75.08610792192881,65.25821596244128,50.094691763285404,38.912133891213394,37.99126637554585,38.35961338181286,29.225352112676056,25.217391304347824,0.0,20.516227801592162,28.69964473733476,52.5626506623222,40.63114769982848,33.15217391304348,40.97222222222222,36.671195652173914
495,1630567,Scottie Barnes,Scottie,1610612761,TOR,24.0,80,45,35,0.563,2680.776666666666,110.0,451,0.166,0.259,114,0.237,116,0.391,891.0,808.0,657.0,2658.0,10.79,10.786223059445286,21,60,459,229,7,162,13,124,124,9,155,6,77,558,573,516,564,8,80,472,325,147,254,1,83,190,24,24,48,0.5,0.5,34,71,104,84,105,0.324,0.676,0.99,0.8,1630567,Scottie Barnes,0.3656675062972291,0.1679949622166247,5441.8,57.8125,23.88059701492537,63.84976525821594,47.445650269777865,39.609483960948396,41.92139737991266,40.996632012326955,70.07042253521126,68.69565217391305,3.4482758620689653,52.93371624047131,18.588413322040314,37.90939117703998,28.248902249540144,62.86231884057971,46.52777777777778,55.51177536231884
500,1628983,Shai Gilgeous-Alexander,Shai,1610612760,OKC,27.0,68,56,12,0.824,2258.9466666666667,105.2,254,0.1,0.155,95,0.207,52,0.182,620.0,723.0,526.0,1900.0,12.21,12.205216635165424,135,7,152,15,45,57,90,369,377,26,239,56,240,452,552,452,474,2,68,294,158,136,199,1,17,38,25,29,54,0.463,0.537,0,16,16,9,16,0.0,1.0,1.0,0.563,1628983,Shai Gilgeous-Alexander,0.3116952908587257,0.1432409972299169,4665.8,24.479166666666664,67.39380022962112,86.38497652582157,54.97574087848945,16.317991631799163,37.117903930131,28.797939010798267,50.70422535211267,52.17391304347826,3.4482758620689653,39.4046286715797,59.756947061521515,59.57120608873318,59.664076575127346,27.173913043478258,8.333333333333332,18.695652173913043
504,1642883,Sion James,Sion,1610612766,CHA,23.0,82,44,38,0.537,1843.28,110.0,238,0.124,0.182,52,0.207,20,0.123,736.0,485.0,573.0,1858.0,7.48,7.481673067524034,1,67,491,268,108,156,107,265,292,161,241,209,343,510,420,481,467,57,82,281,173,108,105,1,42,98,8,11,19,0.421,0.579,4,29,33,11,33,0.121,0.879,1.0,0.333,1642883,Sion James,0.2852555831265508,0.1496451612903226,3681.3,7.8125,69.80482204362801,63.84976525821594,43.51912902982379,18.410041841004183,24.890829694323145,22.29851455299556,17.6056338028169,14.782608695652174,3.4482758620689653,13.078235530122264,79.92443492524089,53.96702039100282,66.94572765812185,24.27536231884058,17.36111111111111,21.16394927536232
509,1642264,Stephon Castle,Stephon,1610612759,SAS,21.0,68,51,17,0.75,2037.743333333333,108.4,264,0.119,0.173,78,0.245,19,0.075,700.0,577.0,560.0,1936.0,9.16,9.159257684101265,135,30,216,46,73,113,86,287,325,59,139,217,446,492,484,470,484,19,68,290,172,118,156,1,32,76,25,15,40,0.625,0.375,3,17,20,8,20,0.15,0.85,1.0,0.4,1642264,Stephon Castle,0.2896183844011142,0.1342451253481894,4190.9,7.291666666666667,65.3272101033295,71.3615023474178,43.62156578968644,18.270571827057182,29.257641921397383,24.8628138836613,35.563380281690144,37.391304347826086,3.4482758620689653,28.17437759993243,76.59660911688279,67.44335553129419,72.01998232408849,28.985507246376812,9.027777777777777,20.00452898550725
515,1631106,Tari Eason,Tari,1610612745,HOU,25.0,60,38,22,0.633,1549.105,109.6,252,0.156,0.228,72,0.257,28,0.153,604.0,461.0,523.0,1594.0,6.48,6.477120601122891,214,128,279,146,156,140,93,146,178,72,117,140,277,439,404,449,420,83,60,278,178,100,142,0,12,28,26,21,47,0.553,0.447,6,15,21,15,21,0.286,0.714,1.0,0.714,1631106,Tari Eason,0.2763676880222841,0.1296740947075209,3086.8,11.979166666666668,84.95981630309988,65.72769953051643,50.959527255380735,19.107391910739192,21.397379912663755,20.48138471189393,30.633802816901408,32.17391304347826,0.0,23.51439069197795,86.7038788761731,71.44339430273983,79.07363658945647,26.811594202898554,7.638888888888889,18.183876811594207
518,1629611,Terance Mann,Terance,1610612751,BKN,29.0,63,15,48,0.238,1529.0166666666669,117.8,130,0.089,0.141,41,0.172,15,0.101,569.0,445.0,537.0,1732.0,2.71,2.7054417850835084,194,365,552,501,159,474,254,432,431,227,357,251,391,419,396,458,447,276,63,170,97,73,124,3,27,66,10,8,18,0.556,0.444,5,15,20,9,20,0.25,0.75,1.0,0.45,1629611,Terance Mann,0.3265375375375375,0.1139159159159159,3028.2,5.208333333333334,77.03788748564868,27.230046948356794,35.85410569039957,7.810320781032078,9.606986899563319,8.888320452150822,24.295774647887324,5.217391304347826,10.344827586206897,14.130603712228393,48.435686146030925,85.23313475492245,66.83441045047668,4.710144927536232,7.638888888888889,6.028079710144929
523,203501,Tim Hardaway Jr.,Tim,1610612743,DEN,34.0,80,52,28,0.65,2127.3,114.9,189,0.082,0.128,42,0.143,10,0.055,764.0,616.0,648.0,2186.0,5.55,5.54691460061103,21,24,364,129,61,384,164,474,479,219,456,300,488,518,510,511,524,113,79,234,123,111,69,7,34,83,5,10,15,0.333,0.667,1,19,20,10,20,0.05,0.95,1.0,0.5,203501,Tim Hardaway Jr.,0.3566744791666666,0.1654244791666666,4372.3,2.604166666666667,50.97588978185993,40.845070422535166,29.09449569595143,11.436541143654114,26.200873362445414,20.295140474928893,4.929577464788732,6.086956521739131,24.137931034482758,10.136748527144878,25.44804911495076,40.15878145014313,32.80341528254694,15.39855072463768,10.416666666666668,13.156702898550726
524,202699,Tobias Harris,Tobias,1610612765,DET,33.0,63,46,17,0.73,1745.45,108.6,268,0.145,0.222,58,0.17,26,0.115,577.0,553.0,499.0,1592.0,7.68,7.676307591037775,194,52,216,67,124,119,79,179,192,123,366,157,362,427,465,433,419,51,62,244,129,115,89,0,21,45,15,16,31,0.484,0.516,6,55,60,31,61,0.098,0.902,1.0,0.517,202699,Tobias Harris,0.2814134897360704,0.1210879765395894,3537.7,10.9375,85.07462686567165,70.42253521126761,51.75675320580198,12.273361227336123,27.947598253275107,21.677903442899513,11.971830985915492,20.0,0.0,11.788732394366196,82.85507896293942,78.95697455800523,80.90602676047232,29.71014492753623,35.41666666666667,32.27807971014493
529,1641739,Toumani Camara,Toumani,1610612757,POR,26.0,82,42,40,0.512,2731.2366666666667,113.0,292,0.103,0.161,94,0.206,35,0.118,1212.0,855.0,946.0,2884.0,8.55,8.550232204537128,1,87,508,293,4,294,66,354,356,27,245,109,350,582,577,581,579,32,82,426,253,173,213,18,65,159,22,18,40,0.55,0.45,16,37,52,25,53,0.302,0.698,0.981,0.472,1641739,Toumani Camara,0.3553160621761658,0.1539766839378238,5626.0,15.625,10.907003444316878,49.76525821596242,22.50876575950151,29.567642956764296,53.275109170305676,43.79212268488912,55.633802816901415,51.30434782608696,62.06896551724138,55.727284245201346,26.484212541842844,50.176571389141436,38.33039196549214,34.05797101449276,22.916666666666664,29.04438405797102
533,1630200,Tre Jones,Tre,1610612741,CHI,26.0,65,27,38,0.415,1752.3733333333332,114.8,166,0.088,0.132,76,0.254,11,0.063,652.0,561.0,571.0,2042.0,4.71,4.705855021177458,166,225,491,376,122,374,194,440,467,61,121,284,470,471,470,477,501,156,65,160,101,59,145,8,19,45,15,12,27,0.556,0.444,0,18,18,12,18,0.0,1.0,1.0,0.667,1630200,Tre Jones,0.3257045454545454,0.1102215909090909,3738.2,3.125,59.24225028702641,41.31455399061032,32.31342609811182,8.368200836820083,3.4934497816593884,5.443350203723666,31.690140845070424,35.65217391304348,27.586206896551722,32.050868931731316,49.07106978546027,88.4659818791894,68.76852583232483,11.231884057971014,9.722222222222223,10.552536231884059
541,1630530,Trey Murphy III,Trey,1610612740,NOP,26.0,66,21,45,0.318,2340.6383333333333,117.2,314,0.131,0.207,99,0.222,24,0.109,912.0,758.0,805.0,2588.0,4.48,4.481164076430609,157,292,541,436,32,461,54,234,228,23,187,173,377,566,563,566,559,169,66,317,175,142,185,0,40,86,16,23,39,0.41,0.59,2,16,17,9,18,0.111,0.889,0.944,0.5,1630530,Trey Murphy III,0.3701699164345404,0.1644317548746518,4826.0,9.895833333333332,27.898966704936857,30.046948356807473,21.2347087692631,18.688981868898185,39.737991266375545,31.318387507384603,45.774647887323944,55.65217391304348,0.0,37.788120024494795,15.154097681281028,41.02749924478789,28.09079846303446,38.04347826086957,8.333333333333332,24.673913043478265
544,1641783,Tristan da Silva,Tristan,1610612753,ORL,25.0,77,43,34,0.558,1899.4566666666667,111.6,226,0.115,0.175,68,0.215,25,0.133,655.0,505.0,606.0,1920.0,6.66,6.663291109224503,37,75,449,234,96,232,121,304,321,80,216,167,315,473,430,499,479,79,77,301,194,107,127,0,32,67,11,14,25,0.44,0.56,2,45,47,28,47,0.043,0.957,1.0,0.596,1641783,Tristan da Silva,0.3114892473118279,0.1359193548387096,3872.0,10.416666666666668,66.24569460390356,56.33802816901409,41.437166820286436,21.338912133891213,24.45414847161572,23.208053936525914,25.352112676056336,28.695652173913043,0.0,20.1843233312921,59.9141114588572,65.97826299509558,62.94618722697639,22.10144927536232,28.47222222222222,24.968297101449277
553,1630178,Tyrese Maxey,Tyrese,1610612755,PHI,25.0,70,38,32,0.543,2661.1183333333333,113.4,266,0.096,0.155,130,0.256,55,0.185,864.0,891.0,961.0,2756.0,7.94,7.935083604943578,105,128,424,262,8,308,82,395,379,5,119,46,238,551,582,582,572,45,70,271,116,155,250,3,20,45,15,36,51,0.294,0.706,1,15,15,4,16,0.063,0.938,0.938,0.25,1630178,Tyrese Maxey,0.3460502793296089,0.1593854748603352,5404.1,26.041666666666668,18.2548794489093,47.887323943661926,28.777705459700403,10.460251046025103,45.414847161572055,31.433008715353274,68.66197183098592,82.6086956521739,10.344827586206897,58.96403910720695,33.55189895497187,45.4434214504386,39.497660202705234,29.347826086956523,7.638888888888889,19.57880434782609
557,1642845,VJ Edgecombe,VJ,1610612755,PHI,20.0,75,43,32,0.573,2623.305,113.9,301,0.111,0.177,107,0.217,39,0.125,864.0,863.0,905.0,2686.0,7.47,7.4690030235726255,60,75,424,209,11,339,60,324,310,11,212,93,330,551,579,578,568,58,75,333,196,137,244,0,20,44,39,38,77,0.506,0.494,2,21,23,12,23,0.087,0.913,1.0,0.522,1642845,VJ Edgecombe,0.3594447300771208,0.143159383033419,5318.9,17.708333333333336,22.273249138920782,45.539906103286334,26.263947057777195,21.617852161785216,37.55458515283843,31.179891956417144,66.54929577464789,62.60869565217392,0.0,48.53276178812003,23.334977284430693,59.64262541972333,41.48880135207701,35.688405797101446,11.805555555555555,24.941123188405797
558,1641705,Victor Wembanyama,Victor,1610612759,SAS,22.0,64,50,14,0.781,1865.6483333333333,103.6,606,0.285,0.415,66,0.225,197,0.701,581.0,485.0,477.0,1512.0,10.96,10.9556982007958,180,32,175,30,103,41,4,4,6,87,181,1,4,429,420,421,410,6,64,602,434,168,167,3,87,189,20,11,31,0.645,0.355,20,45,65,49,65,0.308,0.692,1.0,0.754,1641705,Victor Wembanyama,0.3218677685950413,0.1554710743801653,3840.9,100.0,89.66704936854191,93.89671361502349,94.85764568274554,54.811715481171554,51.09170305676856,52.57970802652976,39.436619718309856,26.956521739130434,10.344827586206897,27.795637392571315,51.997658518348786,48.86885324438412,50.43325588136645,90.94202898550725,28.47222222222222,62.83061594202899
564,1628976,Wendell Carter Jr.,Wendell,1610612753,ORL,27.0,78,43,35,0.551,2288.3516666666665,111.3,415,0.177,0.263,60,0.149,49,0.236,772.0,612.0,716.0,2366.0,8.29,8.294280214012938,28,75,459,245,38,225,19,100,115,112,440,62,189,525,506,539,542,36,78,595,444,151,125,2,218,497,21,22,43,0.488,0.512,39,148,187,105,187,0.209,0.791,1.0,0.561,1628976,Wendell Carter Jr.,0.32445,0.1188333333333333,4708.1,22.916666666666664,40.64293915040184,57.746478873239425,37.82831508761716,56.20641562064156,43.66812227074236,48.68343961070204,24.647887323943664,21.73913043478261,6.896551724137931,19.191988512785862,50.028002838023454,80.92997823042907,65.47899053422626,56.34057971014492,100.0,75.98731884057972
567,1642860,Will Riley,Will,1610612764,WAS,20.0,74,16,58,0.216,1632.4716666666666,121.4,156,0.097,0.159,54,0.205,9,0.058,745.0,570.0,653.0,2052.0,1.21,1.2069289758797983,70,348,579,518,142,536,214,379,363,153,248,315,484,514,479,513,504,392,68,236,157,79,83,1,14,35,6,12,18,0.333,0.667,2,16,17,8,18,0.111,0.889,0.944,0.444,1642860,Will Riley,0.2907827160493827,0.1030839506172839,3383.4,2.083333333333333,58.66819747416763,10.32863849765253,23.949362073705135,16.178521617852162,12.22707423580786,13.807653188625581,9.859154929577464,16.52173913043478,3.4482758620689653,10.588339633000402,75.70848869499082,94.71202137186827,85.21025503342955,9.420289855072465,8.333333333333332,8.931159420289855
573,1642258,Zaccharie Risacher,Zaccharie,1610612737,ATL,21.0,67,39,28,0.582,1503.253333333333,112.6,186,0.121,0.183,59,0.197,36,0.222,574.0,417.0,542.0,1668.0,4.99,4.994689675884443,147,118,364,198,164,272,167,275,290,120,278,104,199,424,379,459,437,138,67,297,191,106,135,0,9,22,10,16,26,0.385,0.615,3,13,16,10,16,0.188,0.813,1.0,0.625,1642258,Zaccharie Risacher,0.3021482479784366,0.1260485175202156,3206.9,16.145833333333336,80.71182548794489,51.64319248826291,47.61827037617977,20.920502092050206,24.017467248908297,22.77868118616506,28.169014084507044,20.869565217391305,0.0,18.571953459889773,67.03917095646776,74.61608126507645,70.8276261107721,14.855072463768115,6.25,10.982789855072465
579,1629627,Zion Williamson,Zion,1610612740,NOP,25.0,62,22,40,0.355,1841.0633333333333,114.9,228,0.116,0.185,60,0.18,34,0.152,689.0,647.0,609.0,2036.0,4.85,4.848280237439277,201,277,508,407,109,383,118,303,286,112,328,113,280,487,523,500,500,145,62,255,118,137,120,1,52,127,26,8,34,0.765,0.235,11,40,51,38,51,0.216,0.784,1.0,0.745,1629627,Zion Williamson,0.2854281690140845,0.142343661971831,3830.5,15.104166666666666,59.58668197474167,40.845070422535166,37.108272963460045,10.739191073919107,37.55458515283843,26.828427521270697,22.887323943661972,21.73913043478261,3.4482758620689653,17.625694195155944,79.79279111784547,60.35645040352602,70.07462076068575,22.463768115942027,25.0,23.605072463768117
