PLAYER_ID,PLAYER_NAME,NICKNAME,TEAM_ID,TEAM_ABBREVIATION,AGE,GP,W,L,W_PCT,MIN,DEF_RATING,DREB,DREB_PCT,PCT_DREB,STL,PCT_STL,BLK,PCT_BLK,OPP_PTS_OFF_TOV,OPP_PTS_2ND_CHANCE,OPP_PTS_FB,OPP_PTS_PAINT,DEF_WS,DEF_WS_RAW,GP_RANK,W_RANK,L_RANK,W_PCT_RANK,MIN_RANK,DEF_RATING_RANK,DREB_RANK,DREB_PCT_RANK,PCT_DREB_RANK,STL_RANK,PCT_STL_RANK,BLK_RANK,PCT_BLK_RANK,OPP_PTS_OFF_TOV_RANK,OPP_PTS_2ND_CHANCE_RANK,OPP_PTS_FB_RANK,OPP_PTS_PAINT_RANK,DEF_WS_RANK,G,CONTESTED_SHOTS,CONTESTED_SHOTS_2PT,CONTESTED_SHOTS_3PT,DEFLECTIONS,CHARGES_DRAWN,SCREEN_ASSISTS,SCREEN_AST_PTS,OFF_LOOSE_BALLS_RECOVERED,DEF_LOOSE_BALLS_RECOVERED,LOOSE_BALLS_RECOVERED,PCT_LOOSE_BALLS_RECOVERED_OFF,PCT_LOOSE_BALLS_RECOVERED_DEF,OFF_BOXOUTS,DEF_BOXOUTS,BOX_OUT_PLAYER_TEAM_REBS,BOX_OUT_PLAYER_REBS,BOX_OUTS,PCT_BOX_OUTS_OFF,PCT_BOX_OUTS_DEF,PCT_BOX_OUTS_TEAM_REB,PCT_BOX_OUTS_REB,DEF_PLAYER_ID,DEF_PLAYER_NAME,avg_fg_pct_allowed,avg_3fg_pct_allowed,total_possessions,BLK_score,OPP_PTS_PAINT_score,DEF_RATING_score,rim_protection_score,CONTESTED_SHOTS_2PT_score,CONTESTED_SHOTS_3PT_score,shot_contesting_score,DEFLECTIONS_score,STL_score,CHARGES_DRAWN_score,ball_disruption_score,avg_fg_pct_allowed_score,avg_3fg_pct_allowed_score,on_ball_matchup_def_score,DREB_score,DEF_BOXOUTS_score,def_reb_score,SEASON
203932,Aaron Gordon,Aaron,1610612753,ORL,21.0,80,29,51,0.363,2297.965,110.4,289,0.124,0.182,65,0.185,40,0.174,758.0,634.0,636.0,2318.0,4.51,4.509725084861507,38,215,463,378,62,405,81,230,243,98,251,83,214,424,436,428,458,180,80,494,317,177,113,5,39,89,0,0,60,0.0,0.0,0,0,0,0,0,0.0,0.0,0.0,0.0,203932.0,Aaron Gordon,0.3896363636363636,0.0,60.6,18.69158878504673,39.30885529157667,27.4647887323943,28.1009320491691,21.152030217186024,31.5625,27.398312086874412,30.29197080291971,36.11111111111111,13.88888888888889,28.227899432278996,29.285596436231643,100.0,64.64279821811581,26.190476190476193,,,2016-17
201143,Al Horford,Al,1610612738,BOS,31.0,68,46,22,0.676,2193.2616666666668,107.2,370,0.162,0.244,52,0.152,86,0.441,690.0,641.0,566.0,1976.0,6.35,6.354361956863408,192,62,183,50,78,270,45,131,128,138,336,25,54,390,442,393,405,90,68,884,637,247,98,0,227,526,0,0,72,0.0,0.0,0,0,0,0,0,0.0,0.0,0.0,0.0,201143.0,Al Horford,0.5509999999999999,0.2222222222222222,66.4,40.18691588785047,57.77537796976242,49.99999999999995,48.79614864455702,51.36921624173749,53.43750000000001,52.61018649669499,24.817518248175183,27.083333333333332,0.0,19.406173965936738,0.0,40.74074074074075,20.370370370370374,37.53501400560224,,,2016-17
202329,Al-Farouq Aminu,Al-Farouq,1610612757,POR,26.0,61,33,28,0.541,1772.9183333333333,107.1,374,0.204,0.299,60,0.239,44,0.228,551.0,453.0,443.0,1540.0,5.18,5.181425561132688,253,177,234,161,146,261,44,53,62,111,125,67,164,322,338,321,332,143,61,595,419,176,106,1,107,248,0,0,49,0.0,0.0,0,0,0,0,0,0.0,0.0,0.0,0.0,202329.0,Al-Farouq Aminu,0.1666315789473684,0.07894736842105263,107.5,20.5607476635514,81.31749460043196,50.70422535211269,49.36147851359992,30.7837582625118,31.25,31.063503305004723,27.73722627737226,32.63888888888889,2.7777777777777777,23.21294606650446,69.75833412933422,78.94736842105262,74.35285127519342,38.095238095238095,,,2016-17
203458,Alex Len,Alex,1610612756,PHX,24.0,77,21,56,0.273,1559.5966666666666,111.9,354,0.222,0.329,38,0.153,98,0.519,628.0,429.0,523.0,1432.0,2.33,2.3259028687541523,85,303,480,443,180,435,53,38,40,217,334,16,25,356,320,365,316,307,77,809,706,103,66,0,254,542,0,0,38,0.0,0.0,0,0,0,0,0,0.0,0.0,0.0,0.0,,,,,,45.794392523364486,87.14902807775377,16.90140845070416,53.045268949235655,57.88479697828139,8.4375,28.21641879131256,13.138686131386862,17.36111111111111,0.0,11.331863341443633,,,,35.294117647058826,,,2016-17
203459,Allen Crabbe,Allen,1610612757,POR,25.0,79,39,40,0.494,2254.108333333333,109.7,207,0.091,0.134,54,0.173,20,0.092,763.0,571.0,629.0,2070.0,4.91,4.9123375793162305,54,109,387,232,67,390,153,357,371,129,275,199,325,427,398,424,418,157,79,374,214,160,112,0,23,56,0,0,55,0.0,0.0,0,0,0,0,0,0.0,0.0,0.0,0.0,203459.0,Allen Crabbe,0.08773684210526315,0.02631578947368421,75.0,9.345794392523365,52.69978401727862,32.39436619718305,30.281833712352622,11.425873465533522,26.25,20.320349386213408,29.927007299270077,28.47222222222222,0.0,21.936080697485806,84.07679816601394,92.98245614035089,88.52962715318242,14.705882352941178,,,2016-17
101161,Amir Johnson,Amir,1610612738,BOS,30.0,80,51,29,0.638,1607.985,104.6,248,0.15,0.222,51,0.194,62,0.408,453.0,467.0,420.0,1418.0,5.91,5.90895047953651,38,21,250,84,173,150,111,161,162,143,228,44,71,265,344,303,312,105,79,602,526,76,105,5,190,454,0,0,49,0.0,0.0,0,0,0,0,0,0.0,0.0,0.0,0.0,101161.0,Amir Johnson,0.4,0.2,8.9,28.971962616822427,87.90496760259178,68.30985915492958,59.432988496368495,40.8876298394712,0.0,16.35505193578848,27.37226277372263,26.38888888888889,13.88888888888889,23.657238442822383,27.404718693284924,46.666666666666664,37.035692679975796,20.448179271708682,,,2016-17
203083,Andre Drummond,Andre,1610612765,DET,23.0,81,36,45,0.444,2409.4216666666666,109.9,770,0.341,0.466,124,0.335,89,0.461,657.0,535.0,526.0,2168.0,4.98,4.975243469504944,18,140,431,286,48,396,3,1,3,13,15,22,50,374,377,366,438,154,81,744,623,121,231,2,352,762,0,0,70,0.0,0.0,0,0,0,0,0,0.0,0.0,0.0,0.0,203083.0,Andre Drummond,0.1733,0.0333,57.9,41.58878504672897,47.40820734341253,30.985915492957684,40.97486546212539,50.04721435316336,14.0625,28.456385741265347,73.35766423357664,77.08333333333334,5.555555555555555,57.71112124898622,68.5480943738657,91.12,79.83404718693285,93.55742296918767,,,2016-17
2738,Andre Iguodala,Andre,1610612744,GSW,33.0,76,64,12,0.842,1997.5416666666667,101.7,253,0.114,0.18,76,0.192,39,0.13,662.0,602.0,562.0,1864.0,9.19,9.192604536220973,97,3,86,6,111,62,106,265,248,70,234,89,272,378,423,392,387,13,76,386,226,160,164,2,59,150,0,0,62,0.0,0.0,0,0,0,0,0,0.0,0.0,0.0,0.0,2738.0,Andre Iguodala,0.17938095238095236,0.07142857142857142,106.3,18.22429906542056,63.822894168466526,88.73239436619713,51.81083117668079,12.5590179414542,26.25,20.77360717658168,48.9051094890511,43.75,5.555555555555555,36.263432684509326,67.44447325209576,80.95238095238096,74.19842710223836,21.1484593837535,,,2016-17
203460,Andre Roberson,Andre,1610612760,OKC,25.0,79,46,33,0.582,2375.8366666666666,104.7,305,0.124,0.173,94,0.219,79,0.307,851.0,588.0,521.0,2250.0,8.77,8.77015646816965,54,62,305,136,52,156,73,233,260,28,165,28,122,462,411,362,452,17,79,785,550,235,196,0,24,61,0,0,61,0.0,0.0,0,0,0,0,0,0.0,0.0,0.0,0.0,203460.0,Andre Roberson,0.199,0.08164285714285714,109.6,36.915887850467286,42.98056155507559,67.60563380281684,46.71096013516758,43.153918791312556,49.6875,47.07406751652502,60.58394160583942,56.25,0.0,43.92107664233577,63.88384754990925,78.22857142857144,71.05620948924035,28.431372549019606,,,2016-17
203952,Andrew Wiggins,Andrew,1610612750,MIN,22.0,82,31,51,0.378,3048.3683333333333,111.3,226,0.077,0.115,82,0.169,30,0.106,1111.0,820.0,896.0,2914.0,5.09,5.092300275341406,1,196,463,353,1,426,129,409,422,54,283,131,302,486,485,483,484,145,82,759,363,396,137,0,29,68,0,0,85,0.0,0.0,0,0,0,0,0,0.0,0.0,0.0,0.0,203952.0,Andrew Wiggins,0.34210526315789475,0.17368421052631577,123.9,14.018691588785046,7.127429805615551,21.12676056338028,13.383767208324532,25.495750708215297,100.0,70.19830028328612,39.05109489051095,47.91666666666667,0.0,32.39127128953772,37.91193046136211,53.68421052631579,45.79807049383895,17.366946778711483,,,2016-17
203076,Anthony Davis,Anthony,1610612740,NOP,24.0,75,31,44,0.413,2707.661666666667,104.1,712,0.241,0.349,94,0.222,167,0.499,902.0,659.0,720.0,2394.0,10.39,10.385739542501625,111,196,419,316,15,130,6,27,30,28,155,3,38,472,447,460,465,5,75,1011,742,269,177,9,247,559,0,0,83,0.0,0.0,0,0,0,0,0,0.0,0.0,0.0,0.0,,,,,,78.03738317757009,35.20518358531318,71.83098591549296,61.49451400476089,61.28423040604344,60.3125,60.70119216241738,53.64963503649635,56.25,25.0,47.39735401459854,,,,85.43417366946778,,,2016-17
201167,Arron Afflalo,Arron,1610612758,SAC,31.0,61,23,38,0.377,1579.815,113.2,116,0.077,0.114,21,0.093,6,0.051,590.0,400.0,551.0,1408.0,1.69,1.6941617085030654,253,287,367,358,179,456,281,413,423,303,441,335,403,344,301,384,308,346,59,296,147,149,34,0,15,33,0,0,16,0.0,0.0,0,0,0,0,0,0.0,0.0,0.0,0.0,201167.0,Arron Afflalo,0.4375,0.375,41.5,2.803738317757009,88.44492440604752,7.746478873239394,34.013838587529285,5.099150141643059,22.8125,15.727160056657224,1.4598540145985401,5.555555555555555,0.0,2.5283860502838604,20.59891107078039,0.0,10.299455535390194,1.9607843137254901,,,2016-17
203085,Austin Rivers,Austin,1610612746,LAC,24.0,74,43,31,0.581,2053.6983333333333,108.1,141,0.068,0.101,48,0.159,10,0.055,639.0,549.0,627.0,1910.0,5.45,5.449675662629551,126,76,278,138,104,319,245,435,450,157,317,282,396,362,384,423,393,126,74,350,229,121,110,2,7,15,0,0,50,0.0,0.0,0,0,0,0,0,0.0,0.0,0.0,0.0,203085.0,Austin Rivers,0.33330000000000004,0.0,60.900000000000006,4.672897196261682,61.33909287257019,43.66197183098593,34.25333434165072,12.842304060434373,14.0625,13.574421624173748,29.1970802919708,24.305555555555554,5.555555555555555,21.574665450121653,39.50998185117966,100.0,69.75499092558982,5.46218487394958,,,2016-17
202340,Avery Bradley,Avery,1610612738,BOS,26.0,55,34,21,0.618,1834.49,108.7,269,0.143,0.22,68,0.231,11,0.062,584.0,565.0,491.0,1726.0,4.5,4.497822169968323,283,164,172,105,131,346,96,182,171,88,140,270,387,340,394,349,367,182,55,303,163,140,148,0,24,58,0,0,71,0.0,0.0,0,0,0,0,0,0.0,0.0,0.0,0.0,,,,,,5.14018691588785,71.2742980561555,39.436619718309814,36.861234015587016,6.610009442870633,20.0,14.644003777148253,43.06569343065693,38.19444444444444,0.0,30.594332927818325,,,,23.389355742296917,,,2016-17
202687,Bismack Biyombo,Bismack,1610612753,ORL,24.0,81,29,52,0.358,1793.415,108.9,410,0.227,0.334,25,0.105,91,0.484,613.0,495.0,463.0,1630.0,4.22,4.2187119285061145,18,215,470,384,138,362,31,33,37,289,431,21,42,349,358,331,349,200,81,713,603,110,53,0,243,549,0,0,59,0.0,0.0,0,0,0,0,0,0.0,0.0,0.0,0.0,202687.0,Bismack Biyombo,0.33330000000000004,0.1,35.3,42.523364485981304,76.45788336933045,38.02816901408444,53.27664722717928,48.1586402266289,10.625,25.63845609065156,8.394160583941606,8.333333333333332,0.0,6.274330900243308,39.50998185117966,73.33333333333334,56.4216575922565,43.13725490196079,,,2016-17
201933,Blake Griffin,Blake,1610612746,LAC,28.0,61,40,21,0.656,2076.1766666666667,106.2,385,0.181,0.26,57,0.169,22,0.122,667.0,489.0,606.0,1798.0,6.65,6.651597044220337,253,92,172,68,99,221,41,87,105,120,287,182,280,383,356,410,375,78,61,505,322,183,106,9,156,369,0,0,87,0.0,0.0,0,0,0,0,0,0.0,0.0,0.0,0.0,201933.0,Blake Griffin,0.267875,0.020875,59.8,10.2803738317757,67.3866090712743,57.04225352112671,41.95802608793796,21.624173748819643,33.4375,28.71216949952786,27.73722627737226,30.555555555555557,25.0,28.03933495539335,51.383847549909255,94.43333333333334,72.9085904416213,39.635854341736696,,,2016-17
202711,Bojan Bogdanovic,Bojan,1610612764,WAS,28.0,81,23,58,0.284,2082.855,110.9,240,0.111,0.164,34,0.108,7,0.033,843.0,640.0,623.0,1986.0,3.84,3.844743998101835,18,287,484,439,97,419,117,276,286,238,430,320,432,460,441,419,408,220,81,520,284,236,68,1,6,12,0,0,59,0.0,0.0,0,0,0,0,0,0.0,0.0,0.0,0.0,202711.0,Bojan Bogdanovic,0.29633333333333334,0.05555555555555555,53.5,3.2710280373831773,57.2354211663067,23.94366197183092,27.326724116118346,18.035882908404155,50.0,37.214353163361665,13.86861313868613,14.583333333333334,2.7777777777777777,11.346056366585564,46.21899576527525,85.18518518518518,65.70209047523022,19.327731092436977,,,2016-17
203078,Bradley Beal,Bradley,1610612764,WAS,24.0,77,48,29,0.623,2684.0133333333333,107.9,187,0.07,0.103,83,0.168,21,0.096,857.0,768.0,662.0,2444.0,7.2,7.19837025487115,85,47,250,99,18,313,182,431,445,52,289,189,320,466,478,445,468,56,77,612,273,339,192,6,18,38,0,0,97,0.0,0.0,0,0,0,0,0,0.0,0.0,0.0,0.0,203078.0,Bradley Beal,0.22727272727272727,0.11363636363636363,116.3,9.813084112149532,32.50539956803456,45.07042253521119,26.56972912747471,16.997167138810198,82.1875,56.11136685552408,59.12408759124088,48.61111111111111,16.666666666666664,44.8301905920519,58.752681075730074,69.69696969696969,64.22482538634988,11.904761904761903,,,2016-17
1627742,Brandon Ingram,Brandon,1610612747,LAL,19.0,79,26,53,0.329,2279.2616666666668,112.9,256,0.114,0.172,50,0.124,36,0.195,838.0,666.0,764.0,2302.0,2.68,2.6809546784375646,54,253,472,406,65,451,102,269,268,148,403,104,198,458,451,470,455,284,78,556,316,240,94,2,12,30,0,0,59,0.0,0.0,0,0,0,0,0,0.0,0.0,0.0,0.0,1627742.0,Brandon Ingram,0.375,0.125,54.2,16.822429906542055,40.17278617710583,9.859154929577404,23.25423585699821,21.0576015108593,51.24999999999999,39.17304060434371,23.357664233576642,25.694444444444443,5.555555555555555,19.7250101378751,31.941923774954624,66.66666666666666,49.304295220810644,21.568627450980394,,,2016-17
201943,Brandon Jennings,Brandon,1610612764,WAS,27.0,81,37,44,0.457,1801.48,108.6,167,0.089,0.134,70,0.241,4,0.019,637.0,525.0,477.0,1748.0,4.47,4.467574299564027,18,129,419,271,136,342,208,366,370,84,120,371,440,361,372,341,370,185,76,216,93,123,153,1,3,7,0,0,57,0.0,0.0,0,0,0,0,0,0.0,0.0,0.0,0.0,201943.0,Brandon Jennings,0.3125,0.125,46.5,1.8691588785046727,70.08639308855291,40.14084507042255,35.313112400001025,0.0,14.6875,8.8125,44.89051094890511,39.58333333333333,2.7777777777777777,32.50481549067315,43.28493647912885,66.66666666666666,54.97580157289775,9.103641456582633,,,2016-17
201572,Brook Lopez,Brook,1610612751,BKN,29.0,75,20,55,0.267,2222.0316666666668,108.5,282,0.116,0.168,38,0.128,124,0.517,856.0,647.0,656.0,2090.0,5.58,5.582625992521732,111,307,479,448,74,340,88,258,278,217,397,8,26,465,444,440,423,116,75,1097,936,161,82,0,162,370,0,0,62,0.0,0.0,0,0,0,0,0,0.0,0.0,0.0,0.0,201572.0,Brook Lopez,0.0333,0.05,60.8,57.943925233644855,51.61987041036718,40.84507042253519,51.455792342720244,79.60339943342775,26.5625,47.7788597733711,18.97810218978102,17.36111111111111,0.0,13.667629764801298,93.95644283121597,86.66666666666667,90.31155474894132,25.210084033613445,,,2016-17
1627741,Buddy Hield,Buddy,1610612758,SAC,24.0,82,31,51,0.378,1888.1833333333334,107.9,234,0.12,0.177,38,0.134,9,0.051,701.0,514.0,557.0,1808.0,5.24,5.2403827656139255,1,196,463,353,126,307,123,246,253,217,383,294,401,396,370,388,376,138,81,447,254,193,90,0,11,23,0,0,63,0.0,0.0,0,0,0,0,0,0.0,0.0,0.0,0.0,,,,,,4.205607476635514,66.84665226781857,45.07042253521119,36.34617691819351,15.203021718602455,36.5625,28.018708687440984,21.897810218978105,17.36111111111111,0.0,14.835512976480132,,,,18.487394957983195,,,2016-17
203468,CJ McCollum,CJ,1610612757,POR,25.0,80,40,40,0.5,2795.58,108.9,229,0.08,0.118,72,0.181,42,0.136,877.0,723.0,692.0,2458.0,6.74,6.742936061653582,38,92,387,214,9,356,127,401,414,80,260,75,269,468,467,455,471,74,80,696,420,276,122,3,26,63,0,0,88,0.0,0.0,0,0,0,0,0,0.0,0.0,0.0,0.0,203468.0,CJ McCollum,0.20372222222222222,0.07405555555555556,120.2,19.626168224299064,31.749460043196542,38.02816901408444,28.469820558359526,30.878186968838527,62.5,49.85127478753541,33.57664233576642,40.97222222222222,8.333333333333332,29.85426804541768,63.02681992337163,80.25185185185185,71.63933588761174,17.787114845938376,,,2016-17
101139,CJ Miles,CJ,1610612754,IND,30.0,76,39,37,0.513,1776.3516666666667,106.0,199,0.114,0.169,46,0.159,25,0.15,555.0,443.0,387.0,1374.0,5.8,5.795942477515192,97,109,352,199,144,211,165,267,275,169,318,159,247,326,330,283,300,110,76,389,191,198,88,9,15,36,0,0,46,0.0,0.0,0,0,0,0,0,0.0,0.0,0.0,0.0,101139.0,CJ Miles,0.0333,0.0,55.4,11.682242990654206,90.28077753779698,58.45070422535208,50.88384539082864,9.254013220018887,38.125,26.576605288007556,21.16788321167883,22.916666666666664,25.0,22.737986618004864,93.95644283121597,100.0,96.97822141560798,13.585434173669467,,,2016-17
2546,Carmelo Anthony,Carmelo,1610612752,NYK,33.0,74,29,45,0.392,2538.08,112.7,376,0.143,0.217,60,0.171,34,0.123,889.0,804.0,786.0,2506.0,3.17,3.1660028420600423,126,215,431,335,32,447,43,177,176,111,278,110,277,469,481,476,476,255,74,485,212,273,131,0,68,152,0,0,55,0.0,0.0,0,0,0,0,0,0.0,0.0,0.0,0.0,2546.0,Carmelo Anthony,0.291625,0.083375,68.1,15.887850467289718,29.15766738660907,11.267605633802773,19.377225180679755,11.237016052880074,61.5625,41.43230642115203,36.86131386861314,32.63888888888889,0.0,26.16813665855637,47.07350272232304,77.76666666666668,62.42008469449486,38.37535014005603,,,2016-17
101108,Chris Paul,Chris,1610612746,LAC,32.0,61,43,18,0.705,1920.8233333333333,102.8,264,0.132,0.188,119,0.368,8,0.05,562.0,439.0,518.0,1578.0,8.06,8.057194344171178,253,76,136,38,124,94,99,205,229,15,12,305,404,331,327,359,339,32,61,317,155,162,214,2,14,31,0,0,92,0.0,0.0,0,0,0,0,0,0.0,0.0,0.0,0.0,101108.0,Chris Paul,0.33325,0.0,53.2,3.7383177570093453,79.26565874730022,80.98591549295773,49.48478653759825,5.854579792256846,26.875,18.466831916902738,67.15328467153284,73.61111111111111,5.555555555555555,54.01409164639091,39.519056261343,100.0,69.7595281306715,22.689075630252102,,,2016-17
203991,Clint Capela,Clint,1610612745,HOU,23.0,65,44,21,0.677,1551.3016666666667,107.5,348,0.222,0.323,34,0.131,79,0.572,545.0,424.0,458.0,1602.0,4.35,4.345023062026181,220,72,172,49,182,287,58,37,43,238,390,28,19,320,317,328,344,194,65,663,543,120,59,6,165,373,0,0,62,0.0,0.0,0,0,0,0,0,0.0,0.0,0.0,0.0,203991.0,Clint Capela,0.24165,0.05,85.6,36.915887850467286,77.96976241900649,47.88732394366194,54.027602972754664,42.492917847025495,13.750000000000002,25.247167138810198,10.583941605839415,14.583333333333334,16.666666666666664,13.5044099756691,56.14337568058075,86.66666666666667,71.40502117362371,34.45378151260504,,,2016-17
203469,Cody Zeller,Cody,1610612766,CHA,24.0,62,33,29,0.532,1725.4716666666666,104.1,270,0.157,0.219,62,0.212,58,0.356,416.0,381.0,360.0,1398.0,6.62,6.621866527139181,244,177,250,167,158,129,94,145,174,104,186,49,99,248,288,270,306,79,62,565,488,77,126,2,366,848,0,0,70,0.0,0.0,0,0,0,0,0,0.0,0.0,0.0,0.0,203469.0,Cody Zeller,0.2863636363636364,0.0,53.1,27.102803738317753,88.98488120950324,71.83098591549296,59.94357639752648,37.29933899905571,0.3125,15.107235599622285,35.03649635036496,34.02777777777778,5.555555555555555,27.313209651257097,48.02837815541989,100.0,74.01418907770994,23.52941176470588,,,2016-17
202709,Cory Joseph,Cory,1610612761,TOR,25.0,80,49,31,0.613,2002.7233333333334,107.8,184,0.092,0.137,66,0.202,13,0.064,635.0,562.0,495.0,1752.0,5.53,5.528513491650096,38,43,278,111,109,300,193,354,363,93,210,253,381,359,393,351,371,121,80,508,253,255,115,4,28,64,0,0,60,0.0,0.0,0,0,0,0,0,0.0,0.0,0.0,0.0,,,,,,6.074766355140187,69.87041036717062,45.77464788732393,38.32821214239677,15.108593012275731,55.93749999999999,39.60593720491028,31.02189781021898,36.80555555555556,11.11111111111111,28.068481346309817,,,,11.484593837535014,,,2016-17
201584,Courtney Lee,Courtney,1610612752,NYK,31.0,77,29,48,0.377,2459.4133333333334,112.1,206,0.082,0.126,81,0.24,24,0.092,818.0,766.0,760.0,2466.0,3.46,3.4555436642633883,85,215,453,360,45,439,155,393,393,59,124,165,326,444,477,469,473,237,77,454,236,218,157,1,10,21,0,0,73,0.0,0.0,0,0,0,0,0,0.0,0.0,0.0,0.0,201584.0,Courtney Lee,0.2777777777777778,0.1481111111111111,65.2,11.214953271028037,31.317494600431967,15.492957746478892,19.320343855182127,13.503305004721437,44.375,32.02632200188857,46.35036496350365,47.22222222222222,2.7777777777777777,35.76236820762368,49.586610203670084,60.50370370370371,55.0451569536869,14.565826330532214,,,2016-17
1626156,D'Angelo Russell,D'Angelo,1610612747,LAL,21.0,63,21,42,0.333,1810.5783333333334,114.3,190,0.108,0.159,87,0.311,16,0.105,623.0,509.0,646.0,1856.0,1.39,1.3877838627999712,239,303,402,392,134,466,176,295,302,43,36,232,304,355,368,435,386,365,62,343,192,151,164,1,20,46,0,0,58,0.0,0.0,0,0,0,0,0,0.0,0.0,0.0,0.0,1626156.0,D'Angelo Russell,0.2727272727272727,0.18181818181818182,62.0,7.476635514018691,64.2548596112311,0.0,25.47985506953836,9.34844192634561,23.4375,17.801876770538243,48.9051094890511,51.388888888888886,2.7777777777777777,38.24259935117599,50.50321729087609,51.515151515151516,51.009184403013805,12.324929971988796,,,2016-17
201571,D.J. Augustin,D.J.,1610612753,ORL,29.0,78,29,49,0.372,1538.255,110.1,102,0.067,0.1,31,0.157,1,0.007,553.0,438.0,426.0,1422.0,3.08,3.080090961437288,69,215,458,367,185,402,302,440,452,254,322,416,446,325,326,308,314,261,75,242,103,139,57,9,27,64,0,0,51,0.0,0.0,0,0,0,0,0,0.0,0.0,0.0,0.0,201571.0,D.J. Augustin,0.4,0.2,26.1,0.46728971962616817,87.6889848812095,29.57746478873241,38.272426793456894,0.9442870632672332,19.6875,12.190214825306894,9.854014598540147,12.5,25.0,14.56660583941606,27.404718693284924,46.666666666666664,37.035692679975796,0.0,,,2016-17
203081,Damian Lillard,Damian,1610612757,POR,26.0,75,38,37,0.507,2693.075,110.4,322,0.118,0.176,68,0.174,20,0.072,851.0,718.0,740.0,2444.0,5.19,5.194307403636718,111,120,352,211,16,406,67,252,256,88,269,199,368,462,466,465,468,142,75,460,262,198,155,11,12,27,0,0,79,0.0,0.0,0,0,0,0,0,0.0,0.0,0.0,0.0,203081.0,Damian Lillard,0.23529411764705882,0.15688235294117647,122.9,9.345794392523365,32.50539956803456,27.4647887323943,21.981404788920017,15.958451369216242,38.125,29.258380547686496,45.62043795620438,38.19444444444444,30.555555555555557,39.255119626926195,57.29689334899113,58.16470588235294,57.730799615672034,30.81232492997199,,,2016-17
201568,Danilo Gallinari,Danilo,1610612743,DEN,28.0,63,31,32,0.492,2134.0066666666667,110.5,286,0.13,0.183,40,0.13,15,0.093,758.0,543.0,625.0,2120.0,4.06,4.057824420584874,239,196,295,239,89,408,85,212,240,205,394,238,323,424,380,421,430,209,63,504,288,216,72,8,20,46,0,0,50,0.0,0.0,0,0,0,0,0,0.0,0.0,0.0,0.0,201568.0,Danilo Gallinari,0.03636363636363637,0.0,56.2,7.009345794392523,50.0,26.760563380281667,26.993879162827426,18.413597733711047,43.75,33.61543909348442,15.328467153284672,18.75,22.22222222222222,18.249442416869424,93.40042897211681,100.0,96.7002144860584,25.770308123249297,,,2016-17
201980,Danny Green,Danny,1610612759,SAS,30.0,68,51,17,0.75,1806.825,101.7,193,0.104,0.151,70,0.25,57,0.237,520.0,481.0,462.0,1490.0,8.13,8.132913211693044,192,21,128,24,135,63,172,308,323,84,97,50,159,305,353,330,325,30,68,510,309,201,179,2,12,28,0,0,31,0.0,0.0,0,0,0,0,0,0.0,0.0,0.0,0.0,201980.0,Danny Green,0.3888888888888889,0.2777777777777778,55.9,26.635514018691588,84.01727861771057,88.73239436619713,62.24335171522461,20.396600566572236,39.0625,31.596140226628897,54.379562043795616,39.58333333333333,5.555555555555555,36.9948803730738,29.421254285138122,25.925925925925924,27.67359010553202,12.745098039215685,,,2016-17
201967,Dante Cunningham,Dante,1610612740,NOP,30.0,66,28,38,0.424,1648.5783333333334,106.6,221,0.129,0.186,39,0.142,28,0.149,496.0,368.0,477.0,1526.0,5.13,5.134293720856966,212,234,367,307,165,239,133,215,238,212,362,141,248,297,274,341,329,144,66,522,326,196,81,0,41,98,0,0,37,0.0,0.0,0,0,0,0,0,0.0,0.0,0.0,0.0,,,,,,13.084112149532709,82.07343412526998,54.22535211267606,47.51568483182659,22.001888574126536,37.5,31.300755429650614,18.613138686131386,18.055555555555554,0.0,13.764699918896998,,,,16.666666666666664,,,2016-17
203967,Dario Saric,Dario,1610612755,PHI,23.0,81,28,53,0.346,2129.0233333333335,106.8,401,0.183,0.273,57,0.148,30,0.144,835.0,606.0,661.0,1938.0,6.53,6.532218842642764,18,234,472,388,92,247,36,81,84,120,350,131,254,457,424,443,398,81,81,675,488,187,92,1,83,196,0,0,72,0.0,0.0,0,0,0,0,0,0.0,0.0,0.0,0.0,,,,,,14.018691588785046,59.827213822894166,52.81690140845069,39.75122682563965,37.29933899905571,34.6875,35.732235599622285,22.62773722627737,30.555555555555557,2.7777777777777777,20.43998377939984,,,,41.87675070028011,,,2016-17
201954,Darren Collison,Darren,1610612758,SAC,29.0,68,26,42,0.382,2063.32,111.2,129,0.066,0.096,67,0.198,9,0.051,682.0,500.0,612.0,1762.0,3.49,3.4923735025492295,192,253,402,351,102,422,264,444,459,90,223,294,401,387,364,414,372,236,68,298,134,164,138,2,18,38,0,0,62,0.0,0.0,0,0,0,0,0,0.0,0.0,0.0,0.0,201954.0,Darren Collison,0.19699999999999998,0.045454545454545456,59.6,4.205607476635514,69.3304535637149,21.830985915492914,31.405648216827647,3.8715769593956564,27.500000000000004,18.048630783758263,39.416058394160586,37.5,5.555555555555555,30.280312246553127,64.24682395644284,87.87878787878788,76.06280591761535,3.7815126050420167,,,2016-17
201599,DeAndre Jordan,DeAndre,1610612746,LAC,28.0,81,51,30,0.63,2570.305,105.8,816,0.305,0.437,51,0.121,134,0.588,798.0,663.0,792.0,2164.0,8.56,8.562060996742078,18,21,266,93,26,198,1,4,6,143,410,6,16,437,448,478,437,23,81,850,691,159,96,0,448,1005,0,0,47,0.0,0.0,0,0,0,0,0,0.0,0.0,0.0,0.0,201599.0,DeAndre Jordan,0.32142857142857145,0.14285714285714285,51.199999999999996,62.616822429906534,47.62419006479482,59.85915492957745,56.679984227035156,56.468366383380555,25.937500000000004,38.149846553352226,24.087591240875913,26.38888888888889,0.0,18.871147607461477,41.66450609281824,61.904761904761905,51.78463399879007,100.0,,,2016-17
201942,DeMar DeRozan,DeMar,1610612761,TOR,27.0,74,47,27,0.635,2620.241666666667,108.7,316,0.119,0.178,78,0.189,13,0.052,823.0,747.0,661.0,2346.0,6.4,6.403201852156301,126,52,221,86,23,348,69,249,251,65,242,253,400,450,472,443,461,88,74,315,140,175,138,3,6,13,0,0,87,0.0,0.0,0,0,0,0,0,0.0,0.0,0.0,0.0,,,,,,6.074766355140187,37.79697624190065,39.436619718309814,25.518003156298754,4.4381491973559966,30.9375,20.337759678942398,39.416058394160586,45.13888888888889,8.333333333333332,33.64836780210868,,,,29.971988795518207,,,2016-17
202326,DeMarcus Cousins,DeMarcus,1610612740,NOP,26.0,72,30,42,0.417,2465.3633333333332,109.5,642,0.273,0.396,100,0.245,93,0.419,825.0,577.0,774.0,2012.0,5.24,5.243354442402826,158,209,402,315,43,385,9,8,12,21,110,18,65,453,401,471,412,138,72,864,649,215,242,25,137,313,0,0,86,0.0,0.0,0,0,0,0,0,0.0,0.0,0.0,0.0,202326.0,DeMarcus Cousins,0.3533,0.125,75.0,43.45794392523364,55.83153347732181,33.80281690140842,45.374918512508195,52.50236071765817,43.4375,47.06344428706327,77.37226277372264,60.416666666666664,69.44444444444444,69.4558495539335,35.88021778584391,66.66666666666666,51.273442226255284,75.63025210084034,,,2016-17
201960,DeMarre Carroll,DeMarre,1610612761,TOR,30.0,72,44,28,0.611,1881.3833333333334,107.8,212,0.113,0.168,81,0.256,27,0.144,591.0,514.0,449.0,1676.0,5.08,5.0813809098639755,158,72,234,113,128,304,146,270,277,59,89,147,253,345,370,325,357,146,72,497,271,226,175,3,36,82,0,0,53,0.0,0.0,0,0,0,0,0,0.0,0.0,0.0,0.0,,,,,,12.616822429906541,73.97408207343412,45.77464788732393,42.38131966949554,16.80830972615675,46.875,34.8483238904627,52.919708029197075,47.22222222222222,8.333333333333332,39.77899432278994,,,,15.406162464985995,,,2016-17
203471,Dennis Schröder,Dennis,1610612737,ATL,23.0,79,42,37,0.532,2484.8233333333333,106.8,206,0.079,0.118,74,0.167,16,0.065,918.0,738.0,719.0,2074.0,7.52,7.519121893082089,54,82,352,168,39,248,155,402,418,75,291,232,379,477,470,459,419,44,79,432,232,200,130,13,25,57,0,0,92,0.0,0.0,0,0,0,0,0,0.0,0.0,0.0,0.0,203471.0,Dennis Schröder,0.1167,0.0,64.0,7.476635514018691,52.48380129589633,52.81690140845069,34.56421001128386,13.125590179414543,38.75,28.50023607176582,36.496350364963504,42.36111111111111,36.11111111111111,38.45270681265207,78.82032667876587,100.0,89.41016333938293,14.565826330532214,,,2016-17
101114,Deron Williams,Deron,1610612739,CLE,33.0,64,25,39,0.391,1657.3266666666666,107.5,133,0.086,0.123,31,0.135,8,0.065,516.0,361.0,412.0,1382.0,4.52,4.518439204049212,231,266,379,338,164,290,258,377,404,254,379,305,379,302,271,299,303,179,63,349,195,154,80,6,47,105,0,0,35,0.0,0.0,0,0,0,0,0,0.0,0.0,0.0,0.0,101114.0,Deron Williams,0.1364074074074074,0.06481481481481481,162.3,3.7383177570093453,89.8488120950324,47.88732394366194,44.914242321980566,9.631728045325778,24.375,18.47769121813031,18.248175182481752,12.5,16.666666666666664,15.840936739659368,75.24366471734892,82.71604938271605,78.97985705003248,4.341736694677871,,,2016-17
201565,Derrick Rose,Derrick,1610612752,NYK,28.0,64,26,38,0.406,2081.825,113.0,180,0.082,0.125,44,0.157,17,0.074,714.0,680.0,648.0,2062.0,2.42,2.418788118588897,231,253,367,322,98,454,195,392,395,180,320,224,364,402,455,436,417,300,64,362,198,164,88,4,24,53,0,0,78,0.0,0.0,0,0,0,0,0,0.0,0.0,0.0,0.0,201565.0,Derrick Rose,0.40625,0.208375,55.8,7.943925233644859,53.131749460043196,9.154929577464767,24.062414798839253,9.91501416430595,27.500000000000004,20.46600566572238,21.16788321167883,21.52777777777778,11.11111111111111,18.779653284671532,26.270417422867503,44.43333333333333,35.35187537810042,10.92436974789916,,,2016-17
1626164,Devin Booker,Devin,1610612756,PHX,20.0,78,24,54,0.308,2730.5533333333333,111.6,203,0.073,0.108,72,0.159,21,0.077,1073.0,781.0,940.0,2562.0,4.32,4.317388732730786,69,275,477,422,14,428,158,421,432,80,316,189,356,483,479,486,478,196,78,496,249,247,121,1,31,68,0,0,73,0.0,0.0,0,0,0,0,0,0.0,0.0,0.0,0.0,,,,,,9.813084112149532,26.13390928725702,19.01408450704227,17.825623022160336,14.730878186968837,53.43750000000001,37.954851274787536,33.21167883211679,40.97222222222222,2.7777777777777777,28.319393755068937,,,,14.145658263305322,,,2016-17
1627734,Domantas Sabonis,Domantas,1610612760,OKC,21.0,81,46,35,0.568,1631.4883333333332,102.5,242,0.146,0.208,39,0.14,32,0.196,537.0,404.0,323.0,1554.0,7.04,7.039517952441231,18,62,330,143,169,84,113,169,193,212,368,118,195,314,306,243,334,62,81,580,427,153,75,0,90,198,0,0,52,0.0,0.0,0,0,0,0,0,0.0,0.0,0.0,0.0,1627734.0,Domantas Sabonis,0.3097,0.1722,102.3,14.953271028037381,80.56155507559394,83.09859154929575,54.95250057499677,31.539187913125588,24.0625,27.053175165250238,16.423357664233578,18.055555555555554,0.0,12.888787510137874,43.79310344827586,54.080000000000005,48.93655172413793,19.607843137254903,,,2016-17
1627827,Dorian Finney-Smith,Dorian,1610612742,DAL,24.0,81,33,48,0.407,1641.8416666666667,105.5,167,0.109,0.162,52,0.192,25,0.171,469.0,412.0,443.0,1320.0,5.64,5.6418829263453345,18,177,453,321,167,191,208,286,294,138,235,159,218,279,311,321,290,112,78,479,291,188,90,0,15,37,0,0,35,0.0,0.0,0,0,0,0,0,0.0,0.0,0.0,0.0,1627827.0,Dorian Finney-Smith,0.1095,0.07142857142857142,71.0,11.682242990654206,93.19654427645789,61.97183098591547,52.7846454395008,18.69688385269122,35.0,28.478753541076486,21.897810218978105,27.083333333333332,0.0,18.23829075425791,80.12704174228675,80.95238095238096,80.53971134733385,9.103641456582633,,,2016-17
203926,Doug McDermott,Doug,1610612760,OKC,25.0,66,35,31,0.53,1507.7266666666667,109.1,159,0.105,0.15,13,0.07,5,0.038,550.0,385.0,395.0,1486.0,3.44,3.4390296074680045,212,151,278,170,192,369,223,305,327,360,458,354,424,321,294,288,323,238,64,339,191,148,30,0,12,27,0,0,18,0.0,0.0,0,0,0,0,0,0.0,0.0,0.0,0.0,203926.0,Doug McDermott,0.25922222222222224,0.12961111111111112,103.10000000000001,2.336448598130841,84.23326133909286,36.61971830985917,39.57115048539963,9.254013220018887,22.5,17.201605288007556,0.0,0.0,0.0,0.0,52.954224642064915,65.43703703703704,59.19563083955098,7.9831932773109235,,,2016-17
203110,Draymond Green,Draymond,1610612744,GSW,27.0,76,62,14,0.816,2470.8866666666668,100.9,501,0.183,0.273,154,0.294,106,0.303,818.0,712.0,668.0,2216.0,12.01,12.009401280573403,97,6,102,16,41,52,18,82,83,2,50,11,125,444,464,447,444,2,76,1040,726,314,295,13,178,432,0,0,93,0.0,0.0,0,0,0,0,0,0.0,0.0,0.0,0.0,203110.0,Draymond Green,0.3026315789473684,0.10526315789473684,124.2,49.532710280373834,44.81641468682505,94.3661971830985,59.09037854831293,59.773371104815865,74.375,68.53434844192634,96.71532846715328,97.91666666666666,36.11111111111111,81.98474249797242,45.0759384850511,71.9298245614035,58.5028815232273,55.88235294117647,,,2016-17
2730,Dwight Howard,Dwight,1610612737,ATL,31.0,74,37,37,0.5,2198.72,105.0,644,0.278,0.404,64,0.172,92,0.413,841.0,612.0,601.0,1712.0,7.87,7.8725279997742685,126,129,352,214,75,164,8,7,9,103,276,19,68,459,427,409,365,36,74,625,513,112,130,0,283,599,0,0,46,0.0,0.0,0,0,0,0,0,0.0,0.0,0.0,0.0,2730.0,Dwight Howard,0.083375,0.0,63.3,42.99065420560748,72.03023758099351,65.49295774647884,58.78008427221043,39.6600566572238,11.25,22.614022662889518,36.496350364963504,35.41666666666667,0.0,26.99437347931874,84.86842105263158,100.0,92.43421052631578,75.91036414565826,,,2016-17
2548,Dwyane Wade,Dwyane,1610612741,CHI,35.0,60,29,31,0.483,1792.1966666666667,106.1,207,0.113,0.162,86,0.291,41,0.212,555.0,431.0,481.0,1658.0,5.84,5.838113225881561,261,215,278,247,139,217,153,271,292,45,52,79,179,326,321,343,351,107,60,293,167,126,145,1,5,12,0,0,60,0.0,0.0,0,0,0,0,0,0.0,0.0,0.0,0.0,2548.0,Dwyane Wade,0.21669999999999998,0.06670000000000001,64.1,19.158878504672895,74.94600431965442,57.74647887323945,48.33127263205807,6.987724268177526,15.625,12.17008970727101,41.97080291970803,50.69444444444444,2.7777777777777777,35.22582116788321,60.671506352087114,82.21333333333334,71.44241984271022,14.705882352941178,,,2016-17
202734,E'Twaun Moore,E'Twaun,1610612740,NOP,28.0,73,32,41,0.438,1819.6833333333334,107.4,119,0.062,0.092,50,0.179,32,0.132,544.0,490.0,539.0,1628.0,5.2,5.195131780718141,145,188,395,293,133,283,278,453,466,148,265,118,270,318,357,377,348,141,73,425,257,168,110,1,7,16,0,0,48,0.0,0.0,0,0,0,0,0,0.0,0.0,0.0,0.0,,,,,,14.953271028037381,76.5658747300216,48.59154929577458,44.927251890666156,15.486307837582626,28.749999999999996,23.444523135033048,29.1970802919708,25.694444444444443,2.7777777777777777,21.366332116788318,,,,2.380952380952381,,,2016-17
203901,Elfrid Payton,Elfrid,1610612753,ORL,23.0,82,29,53,0.354,2412.1716666666666,109.2,298,0.12,0.175,88,0.238,40,0.155,735.0,663.0,637.0,2384.0,5.63,5.626010717482028,1,215,472,385,47,375,76,245,258,39,127,83,237,413,448,429,463,114,82,552,312,240,216,0,24,59,0,0,103,0.0,0.0,0,0,0,0,0,0.0,0.0,0.0,0.0,203901.0,Elfrid Payton,0.36363636363636365,0.18181818181818182,58.300000000000004,18.69158878504673,35.745140388768895,35.91549295774643,28.966307889524415,20.679886685552407,51.24999999999999,39.02195467422096,67.88321167883211,52.083333333333336,0.0,45.382451338199516,34.004289721168114,51.515151515151516,42.75972061815982,27.450980392156865,,,2016-17
202683,Enes Freedom,Enes,1610612760,OKC,25.0,72,43,29,0.597,1532.835,108.0,287,0.185,0.271,32,0.153,38,0.252,556.0,405.0,374.0,1562.0,4.07,4.07253625419499,158,76,250,125,187,314,84,78,88,249,332,97,143,328,308,279,335,208,72,529,419,110,71,0,110,241,0,0,35,0.0,0.0,0,0,0,0,0,0.0,0.0,0.0,0.0,202683.0,Enes Freedom,0.1111111111111111,0.0,25.1,17.75700934579439,80.12958963282938,44.36619718309856,46.23970940558268,30.7837582625118,10.625,18.688503305004723,14.963503649635038,13.194444444444445,0.0,10.603457015409571,79.83464408146803,100.0,89.917322040734,25.910364145658267,,,2016-17
202339,Eric Bledsoe,Eric,1610612756,PHX,27.0,66,22,44,0.333,2176.2483333333334,111.6,268,0.124,0.18,91,0.251,31,0.15,803.0,570.0,776.0,2010.0,3.41,3.411915402594388,212,301,419,392,82,429,97,231,247,33,96,126,243,440,397,472,411,239,66,466,288,178,182,11,3,6,0,0,79,0.0,0.0,0,0,0,0,0,0.0,0.0,0.0,0.0,,,,,,14.485981308411214,55.93952483801296,19.01408450704227,30.12674734342959,18.413597733711047,31.874999999999996,26.490439093484415,55.47445255474452,54.166666666666664,30.555555555555557,48.78700324412003,,,,23.249299719887954,,,2016-17
201569,Eric Gordon,Eric,1610612745,HOU,28.0,75,50,25,0.667,2323.465,106.1,172,0.068,0.105,48,0.122,41,0.186,810.0,708.0,687.0,2316.0,7.58,7.583107065651657,111,35,207,56,61,212,207,434,442,157,405,79,204,441,461,453,457,43,75,415,209,206,93,3,13,27,0,0,57,0.0,0.0,0,0,0,0,0,0.0,0.0,0.0,0.0,201569.0,Eric Gordon,0.145,0.05,111.4,19.158878504672895,39.416846652267814,57.74647887323945,35.896067448472756,10.953729933899906,40.625,28.756491973559964,22.99270072992701,24.305555555555554,8.333333333333332,19.78735806974858,73.68421052631578,86.66666666666667,80.17543859649123,9.803921568627452,,,2016-17
101141,Ersan Ilyasova,Ersan,1610612737,ATL,30.0,82,35,47,0.427,2142.3983333333335,104.3,366,0.163,0.248,58,0.16,23,0.098,776.0,617.0,637.0,1896.0,8.32,8.31722493895586,1,151,446,303,88,135,48,125,124,117,311,173,317,432,429,429,389,28,82,490,316,174,158,36,131,291,0,0,43,0.0,0.0,0,0,0,0,0,0.0,0.0,0.0,0.0,,,,,,10.74766355140187,62.09503239740821,70.42253521126759,43.63796056247052,21.0576015108593,30.625000000000004,26.79804060434372,46.715328467153284,31.25,100.0,54.62363138686132,,,,36.97478991596639,,,2016-17
203095,Evan Fournier,Evan,1610612753,ORL,24.0,68,23,45,0.338,2233.661666666667,108.8,165,0.072,0.105,66,0.205,4,0.017,741.0,597.0,590.0,2148.0,5.42,5.421369362345618,192,287,431,390,71,351,212,425,441,93,204,371,441,416,419,401,435,130,68,351,181,170,137,4,27,57,0,0,84,0.0,0.0,0,0,0,0,0,0.0,0.0,0.0,0.0,,,,,,1.8691588785046727,48.488120950323975,38.73239436619718,27.401604475564554,8.309726156751653,29.375,20.94889046270066,39.05109489051095,36.80555555555556,11.11111111111111,31.280160178426605,,,,8.823529411764707,,,2016-17
202323,Evan Turner,Evan,1610612757,POR,28.0,65,34,31,0.523,1658.56,108.8,211,0.125,0.187,53,0.215,24,0.143,523.0,459.0,430.0,1420.0,4.02,4.015305485841465,220,164,278,184,163,355,148,226,233,132,176,165,255,307,341,312,313,211,65,454,254,200,105,1,18,45,0,0,52,0.0,0.0,0,0,0,0,0,0.0,0.0,0.0,0.0,202323.0,Evan Turner,0.14036842105263156,0.0,77.9,11.214953271028037,87.79697624190065,38.73239436619718,44.89802158462574,15.203021718602455,38.75,29.331208687440984,27.37226277372263,27.77777777777778,2.7777777777777777,21.36557177615572,74.52478746776195,100.0,87.26239373388097,15.266106442577032,,,2016-17
1626163,Frank Kaminsky,Frank,1610612766,CHA,24.0,75,31,44,0.413,1954.015,108.3,279,0.141,0.201,46,0.16,34,0.181,538.0,440.0,550.0,1664.0,5.05,5.05193598058816,111,196,419,316,121,328,91,184,205,169,309,110,208,316,328,382,354,147,75,667,469,198,85,5,208,484,0,0,42,0.0,0.0,0,0,0,0,0,0.0,0.0,0.0,0.0,1626163.0,Frank Kaminsky,0.12176923076923077,0.07692307692307693,55.800000000000004,15.887850467289718,74.622030237581,42.25352112676056,43.03623105175937,35.50519357884797,38.125,37.07707743153919,20.072992700729927,22.916666666666664,13.88888888888889,19.522252635847522,77.90032109451347,79.48717948717949,78.69375029084648,24.789915966386555,,,2016-17
202066,Garrett Temple,Garrett,1610612758,SAC,31.0,65,25,40,0.385,1728.3816666666667,110.6,152,0.09,0.136,84,0.288,28,0.197,658.0,469.0,491.0,1394.0,3.25,3.250163933720344,220,266,387,345,156,413,232,363,366,49,54,141,194,375,345,349,305,250,65,471,213,258,170,3,18,41,0,0,48,0.0,0.0,0,0,0,0,0,0.0,0.0,0.0,0.0,202066.0,Garrett Temple,0.1167,0.06670000000000001,56.4,13.084112149532709,89.20086393088553,26.05633802816903,42.968031742665275,11.3314447592068,56.875,38.65757790368272,51.09489051094891,49.30555555555556,8.333333333333332,39.77823398215734,78.82032667876587,82.21333333333334,80.5168300060496,7.002801120448179,,,2016-17
203914,Gary Harris,Gary,1610612743,DEN,22.0,57,29,28,0.509,1782.2883333333334,113.9,130,0.076,0.105,71,0.261,8,0.063,644.0,448.0,553.0,1826.0,1.57,1.5685463478640784,272,215,234,204,142,463,263,415,439,83,83,305,384,366,336,387,379,352,56,268,128,140,160,0,6,13,0,0,55,0.0,0.0,0,0,0,0,0,0.0,0.0,0.0,0.0,203914.0,Gary Harris,0.2879090909090909,0.0,71.2,3.7383177570093453,65.87473002159827,2.8169014084506436,25.255707962475793,3.3050047214353167,20.0,13.322001888574126,47.44525547445255,40.27777777777778,0.0,33.07532441200324,47.74789638673486,100.0,73.87394819336743,3.9215686274509802,,,2016-17
201588,George Hill,George,1610612762,UTA,31.0,49,33,16,0.673,1543.9916666666666,101.3,144,0.095,0.129,50,0.238,11,0.071,417.0,308.0,340.0,1208.0,7.23,7.231291204538199,312,177,119,53,183,58,240,339,384,148,129,270,369,250,234,255,274,53,49,352,199,153,102,6,8,16,0,0,40,0.0,0.0,0,0,0,0,0,0.0,0.0,0.0,0.0,,,,,,5.14018691588785,99.24406047516199,91.54929577464786,59.6788198763238,10.009442870632672,24.0625,18.441277148253068,26.277372262773724,25.694444444444443,16.666666666666664,23.67067112733171,,,,5.88235294117647,,,2016-17
201945,Gerald Henderson,Gerald,1610612755,PHI,29.0,72,24,48,0.333,1667.1233333333332,108.8,151,0.092,0.137,40,0.132,15,0.087,661.0,444.0,532.0,1542.0,4.08,4.083691782082261,158,275,453,392,162,349,234,353,362,205,389,238,334,377,332,372,333,207,71,333,166,167,85,7,8,18,0,0,50,0.0,0.0,0,0,0,0,0,0.0,0.0,0.0,0.0,,,,,,7.009345794392523,81.20950323974083,38.73239436619718,40.91016304321559,6.8932955618508025,28.4375,19.81981822474032,20.072992700729927,18.75,19.444444444444446,19.452808191403083,,,,6.862745098039216,,,2016-17
203507,Giannis Antetokounmpo,Giannis,1610612749,MIL,22.0,80,42,38,0.525,2845.036666666667,107.5,558,0.199,0.301,131,0.266,151,0.445,914.0,749.0,619.0,2502.0,8.0,7.996304730312397,38,82,367,182,4,288,13,60,61,9,78,5,53,474,474,418,474,34,80,798,528,270,218,2,90,215,0,0,115,0.0,0.0,0,0,0,0,0,0.0,0.0,0.0,0.0,203507.0,Giannis Antetokounmpo,0.29633333333333334,0.05555555555555555,68.3,70.56074766355141,29.373650107991363,47.88732394366194,50.476907589133035,41.07648725212464,60.62499999999999,52.805594900849854,68.61313868613139,81.94444444444444,5.555555555555555,57.514699918896994,46.21899576527525,85.18518518518518,65.70209047523022,63.86554621848739,,,2016-17
201609,Goran Dragic,Goran,1610612748,MIA,31.0,73,40,33,0.548,2459.4383333333335,107.3,217,0.087,0.13,89,0.251,13,0.045,738.0,704.0,561.0,2308.0,7.1,7.104322031179576,145,92,305,154,44,274,137,373,381,36,95,253,413,414,459,390,456,60,73,447,282,165,149,4,31,67,0,0,79,0.0,0.0,0,0,0,0,0,0.0,0.0,0.0,0.0,201609.0,Goran Dragic,0.18181818181818182,0.0,64.9,6.074766355140187,39.8488120950324,49.29577464788731,28.70093443728924,17.847025495750707,27.8125,23.826310198300284,43.43065693430657,52.77777777777778,11.11111111111111,38.62226277372263,67.00214486058405,100.0,83.50107243029203,16.106442577030812,,,2016-17
202330,Gordon Hayward,Gordon,1610612762,UTA,27.0,73,46,27,0.63,2515.535,103.8,345,0.136,0.194,73,0.212,20,0.074,750.0,578.0,546.0,2126.0,9.87,9.867808818480194,145,62,221,92,36,120,59,194,213,78,188,199,365,420,402,379,432,7,73,410,279,131,127,1,25,55,0,0,83,0.0,0.0,0,0,0,0,0,0.0,0.0,0.0,0.0,,,,,,9.345794392523365,49.676025917926566,73.94366197183098,39.610842321241385,17.56373937677054,17.1875,17.337995750708217,35.4014598540146,41.66666666666667,2.7777777777777777,29.438361719383614,,,,34.03361344537815,,,2016-17
203476,Gorgui Dieng,Gorgui,1610612750,MIN,27.0,82,31,51,0.378,2653.215,109.3,459,0.181,0.265,88,0.204,95,0.391,916.0,703.0,784.0,2520.0,5.99,5.989523550044654,1,196,463,353,20,377,21,88,100,39,207,17,79,475,458,475,477,101,82,1087,854,233,213,21,269,605,0,0,79,0.0,0.0,0,0,0,0,0,0.0,0.0,0.0,0.0,203476.0,Gorgui Dieng,0.36,0.175,125.2,44.39252336448598,28.401727861771057,35.21126760563379,36.50043099882271,71.86024551463645,49.0625,58.181598205854584,66.78832116788321,52.083333333333336,58.333333333333336,59.52782846715329,34.66424682395643,53.333333333333336,43.99879007864489,50.0,,,2016-17
202328,Greg Monroe,Greg,1610612749,MIL,27.0,81,42,39,0.519,1822.6933333333334,107.0,365,0.208,0.309,92,0.271,38,0.226,640.0,445.0,463.0,1660.0,5.44,5.439836315988865,18,82,379,189,132,256,49,50,51,30,72,97,167,363,333,331,353,127,80,548,445,103,175,18,127,281,0,0,67,0.0,0.0,0,0,0,0,0,0.0,0.0,0.0,0.0,202328.0,Greg Monroe,0.46299999999999997,0.0,40.0,17.75700934579439,74.83801295896329,51.40845070422532,46.148220950011236,33.23890462700661,8.4375,18.358061850802645,52.919708029197075,54.861111111111114,50.0,52.86927210056772,15.970961887477312,100.0,57.98548094373866,36.83473389355743,,,2016-17
203084,Harrison Barnes,Harrison,1610612742,DAL,25.0,79,32,47,0.405,2803.51,106.2,301,0.117,0.169,65,0.146,15,0.074,823.0,628.0,788.0,2256.0,9.0,9.001787901372369,54,188,446,323,7,219,74,254,274,98,354,238,362,450,433,477,454,15,79,677,429,248,135,0,127,308,0,0,72,0.0,0.0,0,0,0,0,0,0.0,0.0,0.0,0.0,203084.0,Harrison Barnes,0.21052631578947367,0.0,127.5,7.009345794392523,42.65658747300216,57.04225352112671,31.994107313589442,31.728045325779036,53.75,44.94121813031161,38.32116788321168,36.11111111111111,0.0,27.96735604217356,61.791957206992066,100.0,80.89597860349603,27.871148459383754,,,2016-17
202355,Hassan Whiteside,Hassan,1610612748,MIA,28.0,77,39,38,0.506,2513.3766666666666,106.6,795,0.313,0.451,57,0.165,161,0.526,731.0,657.0,581.0,2244.0,7.69,7.689006054486169,85,109,367,213,37,241,2,2,4,120,298,4,23,410,446,396,447,41,77,858,754,104,117,1,249,535,0,0,64,0.0,0.0,0,0,0,0,0,0.0,0.0,0.0,0.0,202355.0,Hassan Whiteside,0.27573684210526317,0.05263157894736842,125.1,75.23364485981308,43.30453563714903,54.22535211267606,58.80638344509641,62.417374881964115,8.75,30.216949952785647,31.751824817518248,30.555555555555557,2.7777777777777777,24.089618815896188,49.957015951857855,85.96491228070175,67.9609641162798,97.05882352941177,,,2016-17
202697,Iman Shumpert,Iman,1610612739,CLE,27.0,76,48,28,0.632,1937.2416666666666,109.0,179,0.088,0.129,62,0.249,27,0.172,665.0,578.0,538.0,1704.0,4.58,4.5801586827358465,97,47,234,90,123,366,196,371,386,104,105,147,217,381,402,376,364,175,76,415,213,202,144,0,33,80,0,0,40,0.0,0.0,0,0,0,0,0,0.0,0.0,0.0,0.0,202697.0,Iman Shumpert,0.27915,0.14165,116.3,12.616822429906541,72.4622030237581,37.3239436619718,39.7394859457709,11.3314447592068,39.375,28.15757790368272,41.605839416058394,34.02777777777778,0.0,28.55205798864558,49.33756805807622,62.22666666666667,55.782117362371444,10.784313725490197,,,2016-17
202738,Isaiah Thomas,Isaiah,1610612738,BOS,28.0,76,51,25,0.671,2569.451666666667,110.5,162,0.061,0.095,70,0.181,13,0.058,816.0,804.0,674.0,2394.0,4.9,4.895499846638746,97,21,207,55,27,409,217,454,461,84,258,253,392,442,481,448,465,158,76,378,195,183,117,4,32,71,0,0,85,0.0,0.0,0,0,0,0,0,0.0,0.0,0.0,0.0,202738.0,Isaiah Thomas,0.2777777777777778,0.05555555555555555,72.0,6.074766355140187,35.20518358531318,26.760563380281667,21.441861641986105,9.631728045325778,33.4375,23.91519121813031,31.751824817518248,39.58333333333333,11.11111111111111,29.332674371451745,49.586610203670084,85.18518518518518,67.38589769442763,8.403361344537815,,,2016-17
1627785,Isaiah Whitehead,Isaiah,1610612751,BKN,22.0,73,17,56,0.233,1643.4716666666666,107.0,152,0.084,0.124,42,0.189,36,0.234,631.0,505.0,441.0,1380.0,4.83,4.834641697186265,145,338,480,460,166,257,232,385,399,189,241,104,161,358,366,317,302,163,73,440,272,168,112,12,10,22,0,0,41,0.0,0.0,0,0,0,0,0,0.0,0.0,0.0,0.0,1627785.0,Isaiah Whitehead,0.32727272727272727,0.18181818181818182,56.0,16.822429906542055,89.95680345572354,51.40845070422532,51.06596584817639,16.902738432483474,28.749999999999996,24.01109537299339,29.927007299270077,20.13888888888889,33.33333333333333,27.352747364152474,40.60386074905131,51.515151515151516,46.05950613210141,7.002801120448179,,,2016-17
202397,Ish Smith,Ish,1610612765,DET,28.0,81,37,44,0.457,1955.215,104.6,214,0.109,0.152,61,0.208,33,0.202,464.0,428.0,441.0,1680.0,7.29,7.291521630761882,18,129,419,271,119,148,141,284,320,106,199,114,189,274,319,317,361,51,80,424,265,159,123,8,23,55,0,0,71,0.0,0.0,0,0,0,0,0,0.0,0.0,0.0,0.0,202397.0,Ish Smith,0.18181818181818182,0.0,39.199999999999996,15.42056074766355,73.75809935205183,68.30985915492958,49.061023861015954,16.24173748819641,25.937500000000004,22.059194995278567,33.941605839416056,33.33333333333333,22.22222222222222,30.798864557988644,67.00214486058405,100.0,83.50107243029203,15.686274509803921,,,2016-17
200755,JJ Redick,JJ,1610612746,LAC,33.0,78,50,28,0.641,2198.1316666666667,106.2,160,0.07,0.102,54,0.149,13,0.067,682.0,597.0,651.0,1844.0,7.04,7.041644091903436,69,35,234,79,76,220,221,430,448,129,345,253,374,387,419,439,382,62,77,335,214,121,108,6,30,66,0,0,45,0.0,0.0,0,0,0,0,0,0.0,0.0,0.0,0.0,200755.0,JJ Redick,0.0,0.0,38.1,6.074766355140187,64.90280777537797,57.04225352112671,39.40645264372004,11.425873465533522,14.0625,13.007849386213408,28.467153284671532,28.47222222222222,16.666666666666664,25.518805758313057,100.0,100.0,100.0,8.123249299719888,,,2016-17
203210,JaMychal Green,JaMychal,1610612763,MEM,27.0,77,40,37,0.519,2101.1033333333335,105.2,377,0.186,0.272,47,0.133,34,0.204,681.0,497.0,608.0,1620.0,7.39,7.392073571724041,85,92,352,188,95,176,42,72,87,164,385,110,187,386,360,411,347,49,77,574,335,239,113,12,77,187,0,0,41,0.0,0.0,0,0,0,0,0,0.0,0.0,0.0,0.0,203210.0,JaMychal Green,0.2,0.1,40.1,15.887850467289718,76.99784017278618,64.08450704225346,49.32551100795442,22.851746931067044,50.9375,39.703198772426816,30.29197080291971,23.61111111111111,33.33333333333333,28.714010543390106,63.70235934664245,73.33333333333334,68.5178463399879,38.51540616246499,,,2016-17
203953,Jabari Parker,Jabari,1610612749,MIL,22.0,51,22,29,0.431,1727.8816666666667,110.6,235,0.134,0.203,50,0.174,22,0.103,608.0,499.0,441.0,1596.0,3.3,3.302232057212362,304,301,250,299,157,411,122,200,199,148,270,182,306,348,363,317,343,245,51,473,235,238,104,0,30,66,0,0,61,0.0,0.0,0,0,0,0,0,0.0,0.0,0.0,0.0,203953.0,Jabari Parker,0.3125,0.0,38.6,10.2803738317757,78.29373650107992,26.05633802816903,38.029041815130505,13.408876298394713,50.625,35.73855051935789,27.00729927007299,25.694444444444443,0.0,19.79597526358475,43.28493647912885,100.0,71.64246823956442,18.627450980392158,,,2016-17
203109,Jae Crowder,Jae,1610612738,BOS,26.0,72,48,24,0.667,2335.3783333333336,106.3,367,0.149,0.227,73,0.19,23,0.106,716.0,687.0,593.0,2118.0,7.43,7.433828852802233,158,47,198,56,59,228,46,162,158,78,239,173,300,406,456,404,429,48,72,512,253,259,178,4,55,134,0,0,66,0.0,0.0,0,0,0,0,0,0.0,0.0,0.0,0.0,203109.0,Jae Crowder,0.42857142857142855,0.14285714285714285,69.5,10.74766355140187,50.10799136069114,56.33802816901407,35.921369439056164,15.108593012275731,57.1875,40.35593720491029,54.01459854014598,41.66666666666667,11.11111111111111,38.96695052716951,22.219341457090998,61.904761904761905,42.06205168092645,37.11484593837535,,,2016-17
2037,Jamal Crawford,Jamal,1610612746,LAC,37.0,82,51,31,0.622,2157.068333333333,107.9,112,0.051,0.076,61,0.201,14,0.079,715.0,591.0,643.0,2008.0,5.82,5.823933683574004,1,21,278,100,85,312,289,461,475,106,214,246,353,404,414,432,410,108,79,211,115,96,121,0,8,17,0,0,44,0.0,0.0,0,0,0,0,0,0.0,0.0,0.0,0.0,2037.0,Jamal Crawford,0.35,0.0,54.0,6.5420560747663545,56.04751619870411,45.07042253521119,33.501058733255775,2.0774315391879132,6.25,4.580972615675165,33.21167883211679,33.33333333333333,0.0,24.95133819951338,36.479128856624314,100.0,68.23956442831215,1.400560224089636,,,2016-17
1627750,Jamal Murray,Jamal,1610612743,DEN,20.0,82,40,42,0.488,1764.6433333333334,108.0,173,0.095,0.133,51,0.203,24,0.156,648.0,435.0,507.0,1744.0,4.75,4.745453029482581,1,92,402,242,147,315,206,340,375,143,208,165,235,368,325,354,369,169,82,459,274,185,94,5,8,17,0,0,61,0.0,0.0,0,0,0,0,0,0.0,0.0,0.0,0.0,1627750.0,Jamal Murray,0.356,0.045454545454545456,67.4,11.214953271028037,70.3023758099352,44.36619718309856,40.183362137663174,17.091595845136922,34.0625,27.27413833805477,23.357664233576642,26.38888888888889,13.88888888888889,22.05139902676399,35.39019963702359,87.87878787878788,61.63449375790573,9.943977591036415,,,2016-17
2749,Jameer Nelson,Jameer,1610612743,DEN,35.0,75,34,41,0.453,2044.8116666666667,109.6,164,0.08,0.111,54,0.184,8,0.048,715.0,497.0,552.0,1836.0,4.43,4.434300694861862,111,164,395,279,106,388,214,400,430,129,252,305,406,404,360,386,380,190,75,351,189,162,91,5,18,38,0,0,57,0.0,0.0,0,0,0,0,0,0.0,0.0,0.0,0.0,2749.0,Jameer Nelson,0.175,0.1,60.4,3.7383177570093453,65.33477321814254,33.09859154929578,32.637145616477575,9.06515580736544,26.875,19.751062322946176,22.26277372262774,28.47222222222222,13.88888888888889,22.342609489051092,68.23956442831216,73.33333333333334,70.78644888082275,8.683473389355742,,,2016-17
203516,James Ennis III,James,1610612763,MEM,26.0,64,32,32,0.5,1500.5583333333334,103.8,190,0.126,0.186,46,0.198,19,0.139,478.0,372.0,490.0,1194.0,5.96,5.959082414463888,231,188,295,214,193,122,176,223,237,169,222,216,265,287,283,348,268,103,63,353,199,154,95,2,24,57,0,0,52,0.0,0.0,0,0,0,0,0,0.0,0.0,0.0,0.0,203516.0,James Ennis III,0.0571,0.0333,41.2,8.878504672897195,100.0,73.94366197183098,57.037317362116625,10.009442870632672,24.375,18.628777148253068,23.722627737226276,22.916666666666664,5.555555555555555,18.89877331711273,89.63702359346642,91.12,90.37851179673322,12.324929971988796,,,2016-17
201935,James Harden,James,1610612745,HOU,27.0,81,54,27,0.667,2946.72,108.9,564,0.185,0.276,121,0.243,38,0.154,1078.0,819.0,897.0,3046.0,7.04,7.038503711286022,18,15,221,56,3,361,12,77,77,14,113,97,240,484,484,484,486,62,81,666,368,298,237,9,44,107,0,0,93,0.0,0.0,0,0,0,0,0,0.0,0.0,0.0,0.0,201935.0,James Harden,0.27380952380952384,0.08333333333333333,147.2,17.75700934579439,0.0,38.02816901408444,16.609845991838867,25.967894239848917,69.375,52.012157695939564,75.54744525547446,75.0,25.0,62.71897810218978,50.3068014864748,77.77777777777779,64.04228963212628,64.70588235294117,,,2016-17
201949,James Johnson,James,1610612748,MIA,30.0,76,40,36,0.526,2084.9166666666665,102.8,310,0.145,0.21,76,0.224,86,0.314,622.0,501.0,394.0,1850.0,8.97,8.970673419960345,97,92,341,177,96,93,72,173,189,70,152,25,119,354,365,287,383,16,76,705,462,243,165,4,155,354,0,0,60,0.0,0.0,0,0,0,0,0,0.0,0.0,0.0,0.0,201949.0,James Johnson,0.35,0.1,116.9,40.18691588785047,64.57883369330453,80.98591549295773,58.923837021036206,34.844192634560905,52.1875,45.25017705382436,49.27007299270073,43.75,11.11111111111111,37.79830697485807,36.479128856624314,73.33333333333334,54.90623109497883,29.13165266106443,,,2016-17
201145,Jeff Green,Jeff,1610612753,ORL,30.0,69,26,43,0.377,1533.745,107.8,175,0.109,0.162,37,0.183,13,0.079,480.0,474.0,407.0,1370.0,4.21,4.208790031584286,183,253,413,359,186,301,202,282,291,225,253,253,351,288,349,295,297,201,69,439,260,179,71,6,45,106,0,0,35,0.0,0.0,0,0,0,0,0,0.0,0.0,0.0,0.0,201145.0,Jeff Green,0.175,0.2,53.3,6.074766355140187,90.49676025917927,45.77464788732393,45.5474346045998,15.769593956562794,32.1875,25.62033758262512,14.963503649635038,16.666666666666664,16.666666666666664,15.985401459854014,68.23956442831216,46.666666666666664,57.45311554748942,10.224089635854341,,,2016-17
201952,Jeff Teague,Jeff,1610612754,IND,29.0,82,42,40,0.512,2657.025,107.9,297,0.111,0.165,100,0.209,32,0.106,933.0,746.0,561.0,2244.0,7.23,7.230104428860461,1,82,387,202,19,309,78,277,283,21,196,118,303,479,471,390,447,53,82,485,245,240,214,13,43,96,0,0,90,0.0,0.0,0,0,0,0,0,0.0,0.0,0.0,0.0,201952.0,Jeff Teague,0.25,0.0,57.2,14.953271028037381,43.30453563714903,45.07042253521119,32.40550151801991,14.353163361661943,51.24999999999999,36.49126534466477,67.15328467153284,60.416666666666664,36.11111111111111,57.034924979724245,54.62794918330308,100.0,77.31397459165154,27.310924369747898,,,2016-17
203924,Jerami Grant,Jerami,1610612760,OKC,23.0,80,43,37,0.538,1531.0016666666668,108.4,167,0.106,0.157,33,0.145,79,0.418,527.0,401.0,411.0,1574.0,3.93,3.934420333234716,38,76,352,164,188,335,208,301,307,245,359,28,67,308,303,298,337,215,78,463,323,140,77,5,31,71,0,0,26,0.0,0.0,0,0,0,0,0,0.0,0.0,0.0,0.0,203924.0,Jerami Grant,0.2048,0.1,96.4,36.915887850467286,79.48164146868251,41.549295774647824,52.97225359788775,21.718602455146367,20.0,20.687440982058547,17.153284671532848,13.88888888888889,13.88888888888889,15.194647201946474,62.831215970961885,73.33333333333334,68.08227465214762,9.103641456582633,,,2016-17
202710,Jimmy Butler III,Jimmy,1610612741,CHI,27.0,76,40,36,0.526,2808.9566666666665,104.7,341,0.118,0.17,143,0.306,32,0.107,853.0,700.0,802.0,2602.0,10.28,10.279855213117976,97,92,341,177,6,152,61,251,270,4,38,118,298,464,457,481,480,6,76,421,222,199,273,7,33,70,0,0,103,0.0,0.0,0,0,0,0,0,0.0,0.0,0.0,0.0,202710.0,Jimmy Butler III,0.3958125,0.0833125,150.6,14.953271028037381,23.974082073434126,67.60563380281684,31.273645587621107,12.181303116147308,38.4375,27.935021246458923,88.6861313868613,90.27777777777779,19.444444444444446,71.93278588807786,28.164700544464598,77.78333333333333,52.97401693889896,33.47338935574229,,,2016-17
204060,Joe Ingles,Joe,1610612762,UTA,29.0,82,51,31,0.622,1972.1583333333333,104.4,238,0.123,0.177,96,0.313,8,0.04,650.0,423.0,417.0,1664.0,7.51,7.514774779304833,1,21,278,100,116,143,118,236,252,26,34,305,421,369,316,302,354,45,80,351,165,186,186,0,21,47,0,0,69,0.0,0.0,0,0,0,0,0,0.0,0.0,0.0,0.0,,,,,,3.7383177570093453,74.622030237581,69.71830985915486,45.0426151507458,6.79886685552408,34.375,23.344546742209634,56.934306569343065,57.638888888888886,0.0,42.947333738848336,,,,19.047619047619047,,,2016-17
2207,Joe Johnson,Joe,1610612762,UTA,36.0,78,47,31,0.603,1842.9283333333333,104.3,210,0.115,0.164,36,0.141,18,0.103,569.0,411.0,378.0,1592.0,7.01,7.0102018132382495,69,52,278,118,129,141,150,262,285,230,367,220,308,334,310,280,342,66,78,338,152,186,70,0,21,49,0,0,38,0.0,0.0,0,0,0,0,0,0.0,0.0,0.0,0.0,,,,,,8.411214953271028,78.50971922246221,70.42253521126759,48.44852151198708,5.571293673276676,34.375,22.85351746931067,14.5985401459854,15.972222222222221,0.0,11.429693836171937,,,,15.126050420168067,,,2016-17
202322,John Wall,John,1610612764,WAS,26.0,78,48,30,0.615,2835.483333333333,108.8,267,0.094,0.14,157,0.302,49,0.203,925.0,804.0,690.0,2598.0,6.93,6.931413839278664,69,47,266,108,5,352,98,342,358,1,44,60,188,478,481,454,479,68,78,430,281,149,304,5,8,18,0,0,130,0.0,0.0,0,0,0,0,0,0.0,0.0,0.0,0.0,202322.0,John Wall,0.1225909090909091,0.045454545454545456,141.7,22.897196261682243,24.190064794816415,38.73239436619718,27.308499774407935,17.752596789423986,22.8125,20.788538715769594,100.0,100.0,13.88888888888889,78.47222222222223,77.75119617224881,87.87878787878788,82.81499202551834,23.10924369747899,,,2016-17
202720,Jon Leuer,Jon,1610612765,DET,28.0,75,34,41,0.453,1943.7383333333332,104.5,300,0.156,0.212,31,0.114,26,0.167,532.0,400.0,415.0,1638.0,7.28,7.2805997006846175,111,164,395,279,122,144,75,146,188,254,419,154,220,311,301,301,350,52,74,622,460,162,60,1,128,282,0,0,44,0.0,0.0,0,0,0,0,0,0.0,0.0,0.0,0.0,202720.0,Jon Leuer,0.12990909090909092,0.045454545454545456,55.2,12.149532710280374,76.02591792656588,69.01408450704221,48.72240548517076,34.65533522190746,26.875,29.987134088762986,10.948905109489052,12.5,2.7777777777777777,9.449006488240066,76.42303250288731,87.87878787878788,82.15091019083759,27.73109243697479,,,2016-17
202685,Jonas Valanciunas,Jonas,1610612761,TOR,25.0,80,50,30,0.625,2065.475,109.1,533,0.264,0.387,37,0.112,63,0.32,660.0,544.0,530.0,1822.0,4.78,4.778966327745493,38,35,266,96,101,370,15,12,15,225,420,43,116,376,381,370,378,166,80,799,714,85,69,2,291,620,0,0,54,0.0,0.0,0,0,0,0,0,0.0,0.0,0.0,0.0,,,,,,29.439252336448597,66.09071274298056,36.61971830985917,44.06237997208742,58.640226628895185,2.8125,25.143590651558075,14.233576642335766,16.666666666666664,5.555555555555555,12.915652879156529,,,,60.364145658263304,,,2016-17
203903,Jordan Clarkson,Jordan,1610612747,LAL,25.0,82,26,56,0.317,2396.555,112.6,197,0.083,0.125,88,0.213,8,0.039,948.0,711.0,782.0,2446.0,3.09,3.085711333199588,1,253,480,417,50,445,169,387,396,39,185,305,423,480,463,474,470,260,81,469,232,237,160,1,13,30,0,0,90,0.0,0.0,0,0,0,0,0,0.0,0.0,0.0,0.0,203903.0,Jordan Clarkson,0.25,0.125,67.0,3.7383177570093453,32.39740820734342,11.97183098591551,15.82737772185281,13.125590179414543,50.31250000000001,35.43773607176582,47.44525547445255,52.083333333333336,2.7777777777777777,37.90171330089213,54.62794918330308,66.66666666666666,60.64730792498487,13.305322128851541,,,2016-17
1626196,Josh Richardson,Josh,1610612748,MIA,23.0,53,23,30,0.434,1614.355,105.3,133,0.082,0.122,60,0.243,39,0.196,449.0,427.0,301.0,1464.0,5.64,5.636056339744416,294,287,266,297,171,177,258,390,406,111,115,89,197,264,318,229,321,112,53,398,266,132,130,0,18,43,0,0,55,0.0,0.0,0,0,0,0,0,0.0,0.0,0.0,0.0,1626196.0,Josh Richardson,0.3433,0.0,69.0,18.22429906542056,85.42116630669547,63.380281690140826,53.03219825604685,16.336166194523134,17.5,17.034466477809254,36.496350364963504,32.63888888888889,0.0,26.022151257096517,37.69509981851179,100.0,68.84754990925589,4.341736694677871,,,2016-17
201950,Jrue Holiday,Jrue,1610612740,NOP,27.0,67,32,35,0.478,2189.903333333333,103.7,218,0.092,0.133,100,0.28,44,0.174,717.0,536.0,585.0,1906.0,8.69,8.691545610158755,202,188,330,251,79,118,135,352,374,21,62,67,214,407,378,398,391,19,67,508,241,267,214,3,12,24,0,0,81,0.0,0.0,0,0,0,0,0,0.0,0.0,0.0,0.0,,,,,,20.5607476635514,61.55507559395248,74.6478873239436,48.43054735428983,13.975448536355051,59.68750000000001,41.40267941454202,67.15328467153284,60.416666666666664,8.333333333333332,50.0904805352798,,,,16.246498599439775,,,2016-17
203944,Julius Randle,Julius,1610612747,LAL,22.0,74,24,50,0.324,2132.1066666666666,114.0,486,0.231,0.337,49,0.155,37,0.22,830.0,576.0,794.0,2154.0,1.79,1.788780429769351,126,275,460,408,91,464,19,30,35,153,326,101,174,456,400,479,436,334,74,698,488,210,99,0,225,556,0,0,75,0.0,0.0,0,0,0,0,0,0.0,0.0,0.0,0.0,203944.0,Julius Randle,0.3888888888888889,0.05555555555555555,51.300000000000004,17.289719626168225,48.16414686825054,2.1126760563380076,24.301508268439477,37.29933899905571,41.875,40.044735599622285,25.18248175182482,25.0,0.0,18.822992700729927,29.421254285138122,85.18518518518518,57.30321973516165,53.78151260504202,,,2016-17
203200,Justin Holiday,Justin,1610612752,NYK,28.0,82,31,51,0.378,1639.1233333333332,105.3,198,0.114,0.172,65,0.252,31,0.166,516.0,470.0,365.0,1370.0,5.77,5.765410029554829,1,196,463,353,168,179,167,268,264,98,94,126,224,302,346,273,297,111,82,422,241,181,124,2,12,26,0,0,62,0.0,0.0,0,0,0,0,0,0.0,0.0,0.0,0.0,203200.0,Justin Holiday,0.05,0.0,27.7,14.485981308411214,90.49676025917927,63.380281690140826,53.31332903661244,13.975448536355051,32.8125,25.27767941454202,34.306569343065696,36.11111111111111,5.555555555555555,27.750405515004058,90.9255898366606,100.0,95.4627949183303,13.445378151260504,,,2016-17
1626157,Karl-Anthony Towns,Karl-Anthony,1610612750,MIN,21.0,82,31,51,0.378,3030.33,112.1,711,0.247,0.365,56,0.116,103,0.36,1078.0,844.0,899.0,2924.0,4.29,4.290477150085114,1,196,463,353,2,438,7,21,21,123,418,13,94,484,486,485,485,199,82,1094,831,263,94,0,237,516,0,0,82,0.0,0.0,0,0,0,0,0,0.0,0.0,0.0,0.0,1626157.0,Karl-Anthony Towns,0.375,0.2,118.7,48.13084112149533,6.587473002159827,15.492957746478892,25.431191435973794,69.68838526912181,58.4375,62.937854107648725,23.357664233576642,29.86111111111111,0.0,19.794454582319545,31.941923774954624,46.666666666666664,39.304295220810644,85.29411764705883,,,2016-17
202695,Kawhi Leonard,Kawhi,1610612759,SAS,26.0,74,54,20,0.73,2474.48,105.1,350,0.143,0.206,133,0.326,55,0.182,703.0,634.0,650.0,2104.0,8.67,8.668457236399865,126,15,161,34,40,170,57,178,194,7,22,51,207,398,436,438,425,20,74,495,318,177,251,0,29,65,0,0,103,0.0,0.0,0,0,0,0,0,0.0,0.0,0.0,0.0,202695.0,Kawhi Leonard,0.28700000000000003,0.07405555555555556,121.6,25.70093457943925,50.863930885529165,64.7887323943662,44.279932740302456,21.246458923512748,31.5625,27.4360835694051,80.65693430656934,83.33333333333334,0.0,61.4294403892944,47.91288566243193,80.25185185185185,64.0823687571419,34.73389355742297,,,2016-17
203482,Kelly Olynyk,Kelly,1610612738,BOS,26.0,75,49,26,0.653,1538.33,105.2,288,0.181,0.274,44,0.186,29,0.264,517.0,472.0,372.0,1346.0,5.43,5.429544525090649,111,43,215,71,184,172,83,86,79,180,249,136,134,304,348,276,294,129,75,639,434,205,100,14,113,265,0,0,45,0.0,0.0,0,0,0,0,0,0.0,0.0,0.0,0.0,203482.0,Kelly Olynyk,0.3417,0.05,47.1,13.551401869158877,91.792656587473,64.08450704225346,53.56911731384247,32.200188857412655,40.3125,37.06757554296506,25.547445255474454,21.52777777777778,38.88888888888889,27.47592254663423,37.98548094373865,86.66666666666667,62.32607380520266,26.05042016806723,,,2016-17
1626162,Kelly Oubre Jr.,Kelly,1610612764,WAS,21.0,79,47,32,0.595,1605.255,106.0,200,0.122,0.183,58,0.217,17,0.117,620.0,496.0,373.0,1456.0,5.34,5.34043315360961,54,52,295,128,174,209,164,242,242,117,168,224,285,353,359,277,320,132,78,365,193,172,196,6,19,43,0,0,64,0.0,0.0,0,0,0,0,0,0.0,0.0,0.0,0.0,1626162.0,Kelly Oubre Jr.,0.1590909090909091,0.09090909090909091,85.9,7.943925233644859,85.85313174946005,58.45070422535208,47.83884226210697,9.442870632672333,30.0,21.777148253068933,60.58394160583942,31.25,16.666666666666664,39.337743309002434,71.12687675301106,75.75757575757575,73.4422262552934,13.725490196078432,,,2016-17
202689,Kemba Walker,Kemba,1610612766,CHA,27.0,79,36,43,0.456,2739.3083333333334,107.4,263,0.095,0.134,85,0.215,22,0.077,679.0,669.0,718.0,2252.0,7.78,7.775334246412815,54,140,413,273,13,284,100,338,372,47,174,182,355,385,452,458,453,39,79,584,291,293,173,28,21,50,0,0,92,0.0,0.0,0,0,0,0,0,0.0,0.0,0.0,0.0,202689.0,Kemba Walker,0.10992307692307693,0.05130769230769231,71.3,10.2803738317757,42.87257019438445,48.59154929577458,31.26543642468848,18.69688385269122,67.8125,48.166253541076486,52.18978102189781,50.0,77.77777777777779,57.82035685320356,80.05025827167388,86.31794871794871,83.1841034948113,22.54901960784314,,,2016-17
203145,Kent Bazemore,Kent,1610612737,ATL,27.0,73,39,34,0.534,1962.7816666666668,106.0,186,0.089,0.135,91,0.266,52,0.243,730.0,588.0,535.0,1590.0,6.51,6.509530260727148,145,109,315,165,118,210,188,368,369,33,77,58,153,408,411,374,341,83,73,452,270,182,197,7,23,53,0,0,48,0.0,0.0,0,0,0,0,0,0.0,0.0,0.0,0.0,203145.0,Kent Bazemore,0.1111111111111111,0.0,37.9,24.299065420560748,78.61771058315334,58.45070422535208,51.848500928665985,16.71388101983003,33.125,26.56055240793201,60.94890510948905,54.166666666666664,19.444444444444446,48.199006488240066,79.83464408146803,100.0,89.917322040734,11.76470588235294,,,2016-17
203484,Kentavious Caldwell-Pope,Kentavious,1610612765,DET,24.0,76,33,43,0.434,2528.4933333333333,108.6,193,0.079,0.11,89,0.237,12,0.063,646.0,569.0,534.0,2232.0,6.25,6.254129038947952,97,177,413,296,34,344,172,403,431,36,133,265,383,367,396,373,445,94,76,343,181,162,173,5,5,11,0,0,77,0.0,0.0,0,0,0,0,0,0.0,0.0,0.0,0.0,203484.0,Kentavious Caldwell-Pope,0.1345,0.1,79.8,5.607476635514018,43.95248380129589,40.14084507042255,27.661571252264807,8.309726156751653,26.875,19.44889046270066,52.18978102189781,52.77777777777778,13.88888888888889,42.82035685320357,75.58983666061707,73.33333333333334,74.4615849969752,12.745098039215685,,,2016-17
201142,Kevin Durant,Kevin,1610612744,GSW,28.0,62,51,11,0.823,2070.36,102.3,474,0.207,0.303,66,0.161,99,0.346,666.0,596.0,575.0,1940.0,9.23,9.227797795909225,244,21,79,14,100,76,20,51,57,93,304,14,104,382,418,394,399,11,61,599,387,212,136,3,63,144,0,0,56,0.0,0.0,0,0,0,0,0,0.0,0.0,0.0,0.0,201142.0,Kevin Durant,0.3167,0.1,75.0,46.26168224299065,59.71922246220303,84.50704225352112,60.5331613223476,27.762039660056658,42.5,36.60481586402266,38.68613138686132,36.80555555555556,8.333333333333332,30.439730332522306,42.52268602540835,73.33333333333334,57.928009679370845,52.10084033613446,,,2016-17
201567,Kevin Love,Kevin,1610612739,CLE,28.0,60,40,20,0.667,1884.645,107.1,518,0.267,0.383,53,0.181,21,0.147,614.0,512.0,558.0,1788.0,5.54,5.539054630153736,261,92,161,56,127,265,16,10,17,132,261,189,250,350,369,389,373,120,60,472,322,150,94,7,68,164,0,0,70,0.0,0.0,0,0,0,0,0,0.0,0.0,0.0,0.0,201567.0,Kevin Love,0.1875,0.145875,53.0,9.813084112149532,67.92656587473002,50.70422535211269,40.37558803904349,21.624173748819643,23.125,22.52466949952786,23.357664233576642,27.77777777777778,19.444444444444446,23.926399026763992,65.9709618874773,61.1,63.53548094373865,58.26330532212886,,,2016-17
202691,Klay Thompson,Klay,1610612744,GSW,27.0,78,66,12,0.846,2649.04,102.4,236,0.081,0.122,66,0.123,40,0.112,829.0,789.0,778.0,2502.0,11.52,11.518042185243031,69,1,86,5,21,80,121,396,405,93,404,83,289,455,480,473,474,3,78,556,347,209,113,0,42,95,0,0,76,0.0,0.0,0,0,0,0,0,0.0,0.0,0.0,0.0,202691.0,Klay Thompson,0.16033333333333333,0.047619047619047616,136.9,18.69158878504673,29.373650107991363,83.80281690140838,38.70811727716776,23.984891406987725,41.5625,34.53145656279509,30.29197080291971,36.80555555555556,0.0,24.99873276561233,70.90139140955839,87.3015873015873,79.10148935557285,18.76750700280112,,,2016-17
204001,Kristaps Porziņģis,Kristaps,1610612752,NYK,21.0,66,26,40,0.394,2164.4133333333334,108.7,364,0.159,0.239,47,0.149,129,0.492,709.0,644.0,667.0,1984.0,5.32,5.315664936735903,212,253,387,334,83,347,50,137,135,164,346,7,40,399,443,446,407,134,66,1017,750,267,97,0,137,286,0,0,61,0.0,0.0,0,0,0,0,0,0.0,0.0,0.0,0.0,,,,,,60.280373831775705,57.34341252699784,39.436619718309814,54.041498846736985,62.03966005665722,59.68750000000001,60.62836402266289,24.45255474452555,23.61111111111111,0.0,18.044910786699106,,,,36.69467787114846,,,2016-17
2594,Kyle Korver,Kyle,1610612739,CLE,36.0,67,33,34,0.493,1753.0666666666666,110.8,179,0.1,0.152,34,0.132,21,0.119,701.0,478.0,469.0,1574.0,3.2,3.199975920219924,202,177,315,237,152,416,196,322,319,238,388,189,282,396,352,336,337,253,67,376,230,146,76,11,35,79,0,0,37,0.0,0.0,0,0,0,0,0,0.0,0.0,0.0,0.0,2594.0,Kyle Korver,0.3181818181818182,0.13636363636363635,71.0,9.813084112149532,79.48164146868251,24.647887323943657,37.90577998988461,12.936732766761095,21.875,18.29969310670444,16.78832116788321,14.583333333333334,30.555555555555557,19.45838402270884,42.2537535060221,63.63636363636363,52.94505857119287,10.784313725490197,,,2016-17
200768,Kyle Lowry,Kyle,1610612761,TOR,31.0,60,36,24,0.6,2244.025,106.4,238,0.109,0.16,88,0.219,19,0.091,663.0,617.0,509.0,1948.0,6.98,6.982720293184376,261,140,198,119,68,234,118,291,298,39,164,216,327,379,429,355,401,67,60,354,184,170,223,15,45,96,0,0,72,0.0,0.0,0,0,0,0,0,0.0,0.0,0.0,0.0,,,,,,8.878504672897195,59.28725701943844,55.63380281690134,38.21039253018766,8.593012275731821,29.375,21.062204910292728,70.43795620437956,52.083333333333336,41.66666666666667,56.82101581508516,,,,19.047619047619047,,,2016-17
202681,Kyrie Irving,Kyrie,1610612739,CLE,25.0,72,47,25,0.653,2524.63,110.3,178,0.068,0.099,83,0.233,24,0.112,799.0,727.0,752.0,2422.0,5.01,5.005104910441722,158,52,207,72,35,404,199,437,455,52,136,165,290,438,468,467,467,152,72,363,210,153,184,3,42,97,0,0,93,0.0,0.0,0,0,0,0,0,0.0,0.0,0.0,0.0,202681.0,Kyrie Irving,0.34375,0.125,58.900000000000006,11.214953271028037,33.69330453563715,28.169014084507037,23.320891417010976,11.048158640226628,24.0625,18.85676345609065,56.20437956204379,48.61111111111111,8.333333333333332,41.57897404703974,37.61343012704174,66.66666666666666,52.1400483968542,10.644257703081232,,,2016-17
200746,LaMarcus Aldridge,LaMarcus,1610612759,SAS,31.0,72,52,20,0.722,2335.0116666666668,104.4,351,0.153,0.22,46,0.125,88,0.311,641.0,611.0,632.0,1980.0,8.59,8.59018026491504,158,19,161,36,60,142,56,152,169,169,401,24,120,365,426,425,406,22,72,818,643,175,94,0,184,404,0,0,51,0.0,0.0,0,0,0,0,0,0.0,0.0,0.0,0.0,200746.0,LaMarcus Aldridge,0.25670000000000004,0.08335000000000001,151.2,41.1214953271028,57.55939524838013,69.71830985915486,54.02396393256288,51.935788479697834,30.9375,39.336815391879135,23.357664233576642,22.916666666666664,0.0,17.36389902676399,53.41197822141559,77.77333333333333,65.59265577737446,34.87394957983193,,,2016-17
2544,LeBron James,LeBron,1610612739,CLE,32.0,74,51,23,0.689,2794.575,108.5,542,0.189,0.273,92,0.231,44,0.193,916.0,751.0,741.0,2606.0,7.02,7.017169628613243,126,21,190,45,10,336,14,67,80,30,144,67,199,475,475,466,481,65,74,513,275,238,167,8,52,126,0,0,83,0.0,0.0,0,0,0,0,0,0.0,0.0,0.0,0.0,,,,,,20.5607476635514,23.758099352051836,40.84507042253519,26.750901444272497,17.186024551463642,50.625,37.249409820585456,50.0,54.861111111111114,22.22222222222222,44.75694444444444,,,,61.62464985994398,,,2016-17
101150,Lou Williams,Lou,1610612745,HOU,30.0,81,34,47,0.42,1993.4133333333334,109.1,176,0.084,0.13,80,0.224,20,0.113,731.0,629.0,598.0,2060.0,4.69,4.6857893684602185,18,164,446,312,112,372,200,381,380,63,151,199,288,410,434,407,416,171,80,341,182,159,141,3,7,16,0,0,72,0.0,0.0,0,0,0,0,0,0.0,0.0,0.0,0.0,,,,,,9.345794392523365,53.23974082073434,36.61971830985917,31.52715662173116,8.404154863078375,25.937500000000004,18.92416194523135,40.51094890510949,46.52777777777778,8.333333333333332,34.57243511759935,,,,10.364145658263306,,,2016-17
201601,Luc Mbah a Moute,Luc,1610612746,LAC,30.0,80,49,31,0.613,1787.185,103.6,126,0.067,0.096,81,0.256,35,0.201,576.0,454.0,528.0,1494.0,7.2,7.201089688603452,38,43,278,111,140,116,269,442,457,59,89,109,191,337,339,368,326,56,80,532,370,162,155,2,46,106,0,0,56,0.0,0.0,0,0,0,0,0,0.0,0.0,0.0,0.0,201601.0,Luc Mbah a Moute,0.0,0.0,26.0,16.355140186915886,83.8012958963283,75.35211267605634,54.71053780749534,26.156751652502358,26.875,26.587700661000945,45.62043795620438,47.22222222222222,5.555555555555555,36.16484184914842,100.0,100.0,100.0,3.361344537815126,,,2016-17
1627763,Malcolm Brogdon,Malcolm,1610612749,MIL,24.0,75,38,37,0.507,1982.39,107.5,166,0.086,0.129,84,0.252,12,0.059,618.0,533.0,483.0,1940.0,5.57,5.569987582431556,111,120,352,211,115,292,211,379,383,49,93,265,390,351,375,346,399,117,75,417,223,194,135,0,38,82,0,0,64,0.0,0.0,0,0,0,0,0,0.0,0.0,0.0,0.0,1627763.0,Malcolm Brogdon,0.4444444444444444,0.2222222222222222,60.1,5.607476635514018,59.71922246220303,47.88732394366194,35.11654950189215,12.275731822474032,36.875,27.035292728989614,38.32116788321168,49.30555555555556,0.0,32.58541159772911,19.338576325872147,40.74074074074075,30.039658533306447,8.96358543417367,,,2016-17
201188,Marc Gasol,Marc,1610612763,MEM,32.0,74,40,34,0.541,2531.0333333333333,106.7,404,0.167,0.242,67,0.166,99,0.452,730.0,578.0,736.0,1924.0,7.73,7.7329695581098505,126,92,315,162,33,242,34,117,130,90,297,14,51,408,402,464,396,40,74,721,591,130,124,4,224,521,0,0,52,0.0,0.0,0,0,0,0,0,0.0,0.0,0.0,0.0,201188.0,Marc Gasol,0.225,0.0,79.5,46.26168224299065,60.58315334773218,53.521126760563334,53.089058259043355,47.02549575070821,16.875,28.935198300283286,34.306569343065696,37.5,11.11111111111111,29.625405515004058,59.16515426497278,100.0,79.58257713248639,42.296918767507,,,2016-17
101162,Marcin Gortat,Marcin,1610612764,WAS,33.0,82,49,33,0.598,2555.4783333333335,108.6,611,0.243,0.353,40,0.088,61,0.302,818.0,676.0,645.0,2346.0,6.31,6.307099647446396,1,43,305,124,30,343,10,26,27,205,446,46,126,444,454,433,461,91,82,906,779,127,83,16,506,1118,0,0,45,0.0,0.0,0,0,0,0,0,0.0,0.0,0.0,0.0,101162.0,Marcin Gortat,0.19968181818181818,0.045454545454545456,119.1,28.504672897196258,37.79697624190065,40.14084507042255,34.66602211114937,64.7780925401322,15.937499999999998,35.47373701605288,19.34306569343066,18.75,44.44444444444444,25.410837388483376,63.76010559313644,87.87878787878788,75.81944673596216,71.28851540616246,,,2016-17
201158,Marco Belinelli,Marco,1610612766,CHA,31.0,74,34,40,0.459,1777.5633333333333,107.5,164,0.093,0.131,44,0.181,9,0.054,482.0,396.0,506.0,1566.0,5.02,5.021744542632049,126,164,387,268,143,293,214,346,378,180,259,294,398,290,299,353,336,150,74,376,146,230,91,1,8,16,0,0,31,0.0,0.0,0,0,0,0,0,0.0,0.0,0.0,0.0,201158.0,Marco Belinelli,0.1333,0.05,51.4,4.205607476635514,79.91360691144709,47.88732394366194,41.62383639557617,5.004721435316336,48.125,30.876888574126536,22.26277372262774,21.52777777777778,2.7777777777777777,17.13427615571776,75.8076225045372,86.66666666666667,81.23714458560194,8.683473389355742,,,2016-17
202694,Marcus Morris Sr.,Marcus,1610612765,DET,27.0,79,36,43,0.456,2565.09,106.3,289,0.116,0.158,52,0.141,25,0.128,670.0,553.0,543.0,2248.0,8.11,8.114298356926358,54,140,413,273,29,227,81,259,306,138,366,159,274,384,389,378,450,31,79,538,314,224,114,6,49,111,0,0,61,0.0,0.0,0,0,0,0,0,0.0,0.0,0.0,0.0,202694.0,Marcus Morris Sr.,0.39390909090909093,0.2727272727272727,75.1,11.682242990654206,43.08855291576673,56.33802816901407,33.838397759033555,20.868744098205855,46.25,36.097497639282345,30.656934306569344,27.083333333333332,16.666666666666664,25.90860705596107,28.51014684045536,27.272727272727277,27.891437056591318,26.190476190476193,,,2016-17
203935,Marcus Smart,Marcus,1610612738,BOS,23.0,79,51,28,0.646,2399.2883333333334,105.3,227,0.092,0.141,125,0.33,34,0.189,770.0,663.0,608.0,2114.0,8.5,8.498043350473942,54,21,234,75,49,180,128,351,353,12,20,110,201,430,448,411,426,24,79,517,255,262,234,23,28,66,0,0,75,0.0,0.0,0,0,0,0,0,0.0,0.0,0.0,0.0,203935.0,Marcus Smart,0.2777777777777778,0.0,64.5,15.887850467289718,50.323974082073434,63.380281690140826,39.8136015381768,15.29745042492918,58.12500000000001,40.99398016997167,74.45255474452554,77.77777777777779,63.888888888888886,72.97546634225466,49.586610203670084,100.0,74.79330510183505,17.507002801120446,,,2016-17
202693,Markieff Morris,Markieff,1610612764,WAS,27.0,76,45,31,0.592,2374.3333333333335,106.9,386,0.162,0.236,82,0.191,42,0.213,771.0,595.0,632.0,2114.0,7.14,7.136317727738182,97,69,278,130,53,250,39,129,138,54,237,75,178,431,416,425,426,58,76,698,492,206,160,3,120,263,0,0,64,0.0,0.0,0,0,0,0,0,0.0,0.0,0.0,0.0,202693.0,Markieff Morris,0.36230434782608695,0.043478260869565216,134.6,19.626168224299064,50.323974082073434,52.11267605633796,38.492027232529814,37.6770538243626,40.625,39.44582152974504,47.44525547445255,47.91666666666667,8.333333333333332,37.83226885644769,34.246034877298186,88.40579710144928,61.32591598937373,39.77591036414566,,,2016-17
1627737,Marquese Chriss,Marquese,1610612756,PHX,19.0,82,24,58,0.293,1743.36,113.8,252,0.148,0.217,67,0.21,70,0.378,695.0,476.0,608.0,1678.0,1.58,1.5814424975078119,1,275,484,434,154,462,108,164,175,90,193,37,85,393,351,411,359,351,79,564,387,177,135,4,97,207,0,0,40,0.0,0.0,0,0,0,0,0,0.0,0.0,0.0,0.0,,,,,,32.71028037383177,73.86609071274299,3.5211267605633796,39.8175255891336,27.762039660056658,31.5625,30.04231586402266,38.32116788321168,37.5,11.11111111111111,31.23124493106245,,,,21.008403361344538,,,2016-17
101107,Marvin Williams,Marvin,1610612766,CHA,31.0,76,32,44,0.421,2294.5433333333335,107.9,411,0.18,0.252,58,0.173,53,0.239,593.0,581.0,625.0,1932.0,6.19,6.188216178475184,97,188,419,309,63,308,30,89,115,117,273,57,157,346,406,421,397,97,76,720,472,248,126,2,133,315,0,0,43,0.0,0.0,0,0,0,0,0,0.0,0.0,0.0,0.0,101107.0,Marvin Williams,0.303,0.0,46.9,24.766355140186917,60.15118790496761,45.07042253521119,42.22706345661622,35.78847969782814,53.75,46.565391879131255,35.03649635036496,31.25,5.555555555555555,26.340987429034875,45.009074410163336,100.0,72.50453720508168,43.27731092436975,,,2016-17
203486,Mason Plumlee,Mason,1610612743,DEN,27.0,81,38,43,0.469,2147.58,111.9,435,0.2,0.296,69,0.225,92,0.426,744.0,593.0,615.0,1994.0,3.11,3.113296036346464,18,120,413,260,87,436,23,59,64,87,150,19,61,418,415,417,409,259,81,801,668,133,156,9,346,784,0,0,54,0.0,0.0,0,0,0,0,0,0.0,0.0,0.0,0.0,203486.0,Mason Plumlee,0.33645,0.075,132.4,42.99065420560748,56.803455723542115,16.90140845070416,41.30282329815877,54.296506137865904,17.8125,32.40610245514637,45.98540145985402,38.88888888888889,25.0,38.25527169505272,38.93829401088928,80.0,59.46914700544464,46.63865546218487,,,2016-17
2440,Matt Barnes,Matt,1610612744,GSW,37.0,74,38,36,0.514,1775.9133333333334,107.4,314,0.176,0.265,48,0.159,26,0.147,618.0,421.0,551.0,1424.0,4.84,4.844436129362188,126,120,341,197,145,286,70,102,101,157,314,154,249,351,314,384,315,162,74,478,243,235,120,1,48,110,0,0,38,0.0,0.0,0,0,0,0,0,0.0,0.0,0.0,0.0,2440.0,Matt Barnes,0.2857142857142857,0.047619047619047616,93.9,12.149532710280374,87.58099352051836,48.59154929577458,47.66104814023721,14.164305949008499,49.6875,35.4782223796034,32.846715328467155,24.305555555555554,2.7777777777777777,22.340075020275748,48.146227638060665,87.3015873015873,67.72390746982398,29.69187675070028,,,2016-17
203521,Matthew Dellavedova,Matthew,1610612749,MIL,26.0,76,39,37,0.513,1986.0016666666668,108.1,123,0.063,0.095,53,0.16,0,0.0,686.0,497.0,470.0,1690.0,5.33,5.325988556781206,97,109,352,199,114,317,274,452,460,132,310,447,447,389,360,337,362,133,76,440,205,235,90,5,65,140,0,0,45,0.0,0.0,0,0,0,0,0,0.0,0.0,0.0,0.0,203521.0,Matthew Dellavedova,0.083375,0.0,30.0,0.0,73.2181425485961,43.66197183098593,36.54184284975512,10.576015108593012,49.6875,34.042906043437206,21.897810218978105,27.77777777777778,13.88888888888889,21.953568532035685,84.86842105263158,100.0,92.43421052631578,2.941176470588235,,,2016-17
203090,Maurice Harkless,Maurice,1610612757,POR,24.0,77,38,39,0.494,2223.0633333333335,110.6,216,0.093,0.14,85,0.262,70,0.285,749.0,595.0,612.0,2030.0,4.18,4.177884802064605,85,120,379,233,72,412,139,345,356,47,81,37,130,419,416,414,413,202,77,614,418,196,183,1,45,100,0,0,62,0.0,0.0,0,0,0,0,0,0.0,0.0,0.0,0.0,203090.0,Maurice Harkless,0.20446666666666669,0.06666666666666667,103.0,32.71028037383177,54.85961123110151,26.05633802816903,38.799060587460495,30.68932955618508,37.5,34.77573182247403,55.839416058394164,50.0,2.7777777777777777,40.53021086780211,62.89171203871747,82.22222222222223,72.55696713046984,15.966386554621847,,,2016-17
203077,Michael Kidd-Gilchrist,Michael,1610612766,CHA,23.0,81,36,45,0.444,2349.4083333333333,105.8,409,0.171,0.241,81,0.223,77,0.316,594.0,533.0,595.0,1850.0,7.82,7.8239234819719545,18,140,431,286,55,199,32,110,132,59,154,33,118,347,375,406,383,37,81,845,479,366,135,8,21,48,0,0,80,0.0,0.0,0,0,0,0,0,0.0,0.0,0.0,0.0,203077.0,Michael Kidd-Gilchrist,0.0733,0.025,60.9,35.981308411214954,64.57883369330453,59.85915492957745,51.959903889536925,36.4494806421152,90.625,68.95479225684608,38.32116788321168,47.22222222222222,22.22222222222222,37.411800486618006,86.69691470054445,93.33333333333333,90.0151240169389,42.997198879551824,,,2016-17
201144,Mike Conley,Mike,1610612763,MEM,29.0,69,35,34,0.507,2291.8633333333332,106.2,210,0.095,0.14,92,0.255,19,0.102,650.0,550.0,683.0,1808.0,7.35,7.350595067065019,183,151,315,206,64,222,150,337,359,30,91,216,310,369,385,451,376,50,69,467,220,247,171,7,20,43,0,0,101,0.0,0.0,0,0,0,0,0,0.0,0.0,0.0,0.0,201144.0,Mike Conley,0.2933,0.0,72.0,8.878504672897195,66.84665226781857,57.04225352112671,41.20829354317705,11.992445703493862,53.43750000000001,36.85947828139754,51.45985401459854,54.861111111111114,19.444444444444446,44.64644160583942,46.76950998185117,100.0,73.38475499092559,15.126050420168067,,,2016-17
101145,Monta Ellis,Monta,1610612754,IND,31.0,74,39,35,0.527,1997.7083333333333,108.5,185,0.092,0.138,78,0.225,27,0.131,656.0,584.0,432.0,1702.0,5.02,5.019877322231762,126,109,330,176,110,338,191,350,360,65,149,147,271,373,408,313,363,150,74,349,166,183,163,8,6,13,0,0,71,0.0,0.0,0,0,0,0,0,0.0,0.0,0.0,0.0,101145.0,Monta Ellis,0.125,0.0,36.7,12.616822429906541,72.57019438444925,40.84507042253519,40.65756461215365,6.8932955618508025,33.4375,22.81981822474032,48.54014598540146,45.13888888888889,22.22222222222222,40.77022506082726,77.31397459165153,100.0,88.65698729582576,11.624649859943977,,,2016-17
1626167,Myles Turner,Myles,1610612754,IND,21.0,81,42,39,0.519,2541.005,106.4,450,0.172,0.257,74,0.164,172,0.575,901.0,705.0,518.0,2124.0,8.05,8.054886204222292,18,82,379,189,31,229,22,105,107,75,301,2,18,471,460,359,431,33,81,965,798,167,148,1,293,663,0,0,47,0.0,0.0,0,0,0,0,0,0.0,0.0,0.0,0.0,1626167.0,Myles Turner,0.12544444444444444,0.0,55.0,80.37383177570094,49.78401727861771,55.63380281690134,63.4823894620219,66.57223796033995,28.4375,43.691395184135985,43.06569343065693,42.36111111111111,2.7777777777777777,32.7471107055961,77.2333131679774,100.0,88.6166565839887,48.739495798319325,,,2016-17
201156,Nick Young,Nick,1610612747,LAL,32.0,60,19,41,0.317,1556.2666666666667,112.6,113,0.074,0.107,37,0.159,14,0.128,543.0,432.0,519.0,1536.0,2.0,2.0009273119997704,261,317,395,418,181,443,286,419,434,225,313,246,273,317,322,361,330,324,60,291,153,138,96,2,25,58,0,0,29,0.0,0.0,0,0,0,0,0,0.0,0.0,0.0,0.0,,,,,,6.5420560747663545,81.53347732181425,11.97183098591551,34.146497239020405,5.6657223796034,19.375,13.89128895184136,24.087591240875913,16.666666666666664,5.555555555555555,16.857258718572588,,,,1.5406162464985995,,,2016-17
201587,Nicolas Batum,Nicolas,1610612766,CHA,28.0,77,35,42,0.455,2617.2483333333334,108.2,435,0.164,0.231,86,0.214,29,0.111,712.0,651.0,698.0,2248.0,6.88,6.876401947357533,85,151,402,275,24,320,23,123,145,45,177,136,291,401,445,456,450,69,77,570,309,261,160,1,15,37,0,0,54,0.0,0.0,0,0,0,0,0,0.0,0.0,0.0,0.0,201587.0,Nicolas Batum,0.29545454545454547,0.13636363636363635,69.1,13.551401869158877,43.08855291576673,42.95774647887319,31.240990887900203,20.396600566572236,57.8125,42.8461402266289,47.44525547445255,50.69444444444444,2.7777777777777777,37.41560218978102,46.378485398449094,63.63636363636363,55.00742451740636,46.63865546218487,,,2016-17
203917,Nik Stauskas,Nik,1610612755,PHI,23.0,80,27,53,0.338,2187.7116666666666,107.4,205,0.091,0.138,45,0.125,32,0.145,820.0,610.0,658.0,2134.0,6.24,6.244634395399163,38,243,472,391,80,280,157,360,361,176,401,118,252,448,425,441,433,95,80,469,272,197,88,0,13,32,0,0,57,0.0,0.0,0,0,0,0,0,0.0,0.0,0.0,0.0,,,,,,14.953271028037381,49.24406047516199,48.59154929577458,35.36461690146529,16.902738432483474,37.8125,29.44859537299339,21.16788321167883,22.22222222222222,0.0,16.24493106244931,,,,14.425770308123248,,,2016-17
203999,Nikola Jokić,Nikola,1610612743,DEN,22.0,73,37,36,0.507,2037.7283333333332,109.7,506,0.248,0.339,61,0.219,55,0.374,714.0,474.0,583.0,1964.0,4.37,4.369229506809293,145,129,341,209,107,391,17,20,32,106,166,51,86,402,349,397,404,192,73,821,685,136,130,0,255,579,0,0,63,0.0,0.0,0,0,0,0,0,0.0,0.0,0.0,0.0,203999.0,Nikola Jokić,0.2857,0.1,51.2,25.70093457943925,58.42332613390929,32.39436619718305,38.82712952793971,55.901794145420205,18.75,33.610717658168085,36.496350364963504,33.33333333333333,0.0,26.265206812652067,48.14882032667876,73.33333333333334,60.74107683000605,56.582633053221286,,,2016-17
202703,Nikola Mirotic,Nikola,1610612741,CHI,26.0,70,37,33,0.529,1678.9116666666666,102.7,323,0.186,0.273,53,0.188,55,0.353,571.0,441.0,421.0,1610.0,7.23,7.227104077016649,176,129,305,173,161,91,66,75,85,132,243,51,101,336,329,304,345,53,70,568,386,182,103,3,58,126,0,0,50,0.0,0.0,0,0,0,0,0,0.0,0.0,0.0,0.0,202703.0,Nikola Mirotic,0.20414285714285715,0.07142857142857142,39.0,25.70093457943925,77.5377969762419,81.69014084507037,57.84113798472796,27.66761095372993,33.125,30.942044381491975,26.642335766423358,27.77777777777778,8.333333333333332,22.462489862124897,62.95047964739434,80.95238095238096,71.95143029988765,30.952380952380953,,,2016-17
202696,Nikola Vučević,Nikola,1610612753,ORL,26.0,75,27,48,0.36,2162.735,107.8,603,0.272,0.39,76,0.22,74,0.351,691.0,580.0,612.0,2114.0,5.99,5.987179569568844,111,243,453,381,84,302,11,9,13,70,161,35,102,391,405,414,426,101,75,676,587,89,143,0,248,552,0,0,54,0.0,0.0,0,0,0,0,0,0.0,0.0,0.0,0.0,202696.0,Nikola Vučević,0.29,0.0,60.6,34.57943925233645,50.323974082073434,45.77464788732393,42.88882860149126,46.64778092540132,4.0625,21.09661237016053,41.24087591240876,43.75,0.0,31.808850364963504,47.368421052631575,100.0,73.68421052631578,70.16806722689076,,,2016-17
203490,Otto Porter Jr.,Otto,1610612764,WAS,24.0,80,48,32,0.6,2605.0716666666667,108.4,396,0.154,0.226,116,0.238,42,0.196,818.0,712.0,641.0,2388.0,6.67,6.668345580203437,38,47,295,119,25,333,37,150,159,17,128,75,196,444,464,431,464,77,80,611,349,262,234,4,51,121,0,0,99,0.0,0.0,0,0,0,0,0,0.0,0.0,0.0,0.0,203490.0,Otto Porter Jr.,0.2196818181818182,0.06818181818181818,133.0,19.626168224299064,35.529157667386606,41.549295774647824,30.672996416966896,24.173748819641173,58.12500000000001,44.54449952785647,74.45255474452554,71.52777777777779,11.11111111111111,57.59352189781023,60.13034152780069,81.81818181818183,70.97426167299126,41.17647058823529,,,2016-17
200782,P.J. Tucker,P.J.,1610612761,TOR,32.0,81,35,46,0.432,2235.895,107.2,354,0.16,0.234,116,0.302,19,0.094,754.0,601.0,674.0,1906.0,6.7,6.6966167020871,18,151,439,298,70,268,53,135,140,17,43,216,322,421,422,448,391,76,79,471,267,204,217,8,67,151,0,0,87,0.0,0.0,0,0,0,0,0,0.0,0.0,0.0,0.0,,,,,,8.878504672897195,61.55507559395248,49.99999999999995,37.59567832704223,16.43059490084986,40.0,30.572237960339944,68.24817518248175,71.52777777777779,22.22222222222222,57.889547850770484,,,,35.294117647058826,,,2016-17
201976,Patrick Beverley,Patrick,1610612745,HOU,28.0,67,46,21,0.687,2057.963333333333,106.3,298,0.144,0.21,99,0.273,25,0.14,709.0,556.0,592.0,2086.0,6.5,6.503010213524459,202,62,172,46,103,226,76,175,192,24,69,159,261,399,392,402,421,84,67,445,220,225,209,22,48,125,0,0,111,0.0,0.0,0,0,0,0,0,0.0,0.0,0.0,0.0,201976.0,Patrick Beverley,0.1958,0.0,113.60000000000001,11.682242990654206,51.83585313174947,56.33802816901407,36.89995283462751,11.992445703493862,46.5625,32.73447828139754,65.32846715328468,59.72222222222222,61.111111111111114,62.31194241686942,64.46460980036298,100.0,82.23230490018149,27.450980392156865,,,2016-17
202335,Patrick Patterson,Patrick,1610612761,TOR,28.0,65,42,23,0.646,1598.5316666666668,103.6,231,0.143,0.212,40,0.138,23,0.154,466.0,457.0,337.0,1330.0,6.38,6.376661697955375,220,82,190,74,175,117,126,179,187,205,369,173,239,276,340,252,292,89,65,493,296,197,82,6,120,268,0,0,24,0.0,0.0,0,0,0,0,0,0.0,0.0,0.0,0.0,,,,,,10.74766355140187,92.65658747300216,75.35211267605634,55.56689920512558,19.169027384324835,37.8125,30.355110953729934,18.97810218978102,18.75,16.666666666666664,18.320407542579076,,,,18.067226890756302,,,2016-17
201988,Patty Mills,Patty,1610612759,SAS,28.0,80,60,20,0.75,1754.4133333333334,100.1,117,0.065,0.096,65,0.213,3,0.015,530.0,433.0,486.0,1516.0,9.19,9.185655692343598,38,8,161,24,149,43,280,447,458,98,184,384,443,310,323,347,328,13,80,231,119,112,116,9,10,24,0,0,61,0.0,0.0,0,0,0,0,0,0.0,0.0,0.0,0.0,201988.0,Patty Mills,0.17457142857142857,0.0,78.4,1.4018691588785046,82.6133909287257,100.0,54.4754344886054,2.4551463644948064,11.25,7.732058545797923,31.386861313868614,36.11111111111111,25.0,31.443633414436334,68.31734508685507,100.0,84.15867254342754,2.100840336134454,,,2016-17
2200,Pau Gasol,Pau,1610612759,SAS,36.0,64,47,17,0.734,1626.735,104.0,394,0.245,0.352,24,0.098,70,0.361,483.0,445.0,468.0,1412.0,6.27,6.274842427191883,231,52,128,31,170,127,38,24,28,296,437,37,93,292,333,334,310,93,64,722,621,101,53,0,169,361,0,0,24,0.0,0.0,0,0,0,0,0,0.0,0.0,0.0,0.0,2200.0,Pau Gasol,0.3148333333333333,0.1111111111111111,107.0,32.71028037383177,88.22894168466523,72.5352112676056,62.09804455606694,49.858356940509914,7.8125,24.630842776203966,8.394160583941606,7.638888888888889,0.0,6.031275344687753,42.86146400483968,70.37037037037037,56.61591718760502,40.896358543417364,,,2016-17
202331,Paul George,Paul,1610612754,IND,27.0,75,39,36,0.52,2689.346666666667,107.2,434,0.161,0.236,119,0.249,27,0.091,913.0,709.0,529.0,2206.0,7.79,7.794569809795983,111,109,341,187,17,267,25,133,139,15,104,147,328,473,462,369,443,38,75,640,322,318,241,7,42,103,0,0,105,0.0,0.0,0,0,0,0,0,0.0,0.0,0.0,0.0,202331.0,Paul George,0.13999999999999999,0.15,69.2,12.616822429906541,45.35637149028078,49.99999999999995,33.421458993560876,21.624173748819643,75.625,54.02466949952786,77.00729927007299,73.61111111111111,19.444444444444446,61.4279197080292,74.59165154264971,60.0,67.29582577132486,46.49859943977591,,,2016-17
200794,Paul Millsap,Paul,1610612737,ATL,32.0,69,40,29,0.58,2342.83,103.5,422,0.171,0.253,90,0.214,62,0.258,816.0,637.0,624.0,1838.0,9.51,9.511559531765133,183,92,250,139,56,112,28,108,114,35,178,44,139,442,439,420,381,9,69,875,572,303,210,5,196,427,0,0,74,0.0,0.0,0,0,0,0,0,0.0,0.0,0.0,0.0,200794.0,Paul Millsap,0.3821,0.2,89.9,28.971962616822427,65.2267818574514,76.05633802816898,53.43224320387921,45.23135033050047,70.9375,60.655040132200185,65.69343065693431,53.47222222222222,13.88888888888889,48.46487226277372,30.653357531760427,46.666666666666664,38.660012099213546,44.81792717086835,,,2016-17
200765,Rajon Rondo,Rajon,1610612741,CHI,31.0,69,34,35,0.493,1842.7016666666666,107.4,282,0.151,0.221,99,0.328,11,0.059,640.0,470.0,531.0,1790.0,5.24,5.241633484196935,183,164,330,236,130,282,88,156,164,24,21,270,388,363,346,371,374,138,68,247,118,129,197,5,21,48,0,0,77,0.0,0.0,0,0,0,0,0,0.0,0.0,0.0,0.0,200765.0,Rajon Rondo,0.22777777777777775,0.16666666666666666,82.9,5.14018691588785,67.81857451403887,48.59154929577458,37.94046317021239,2.3607176581680833,16.5625,10.881787063267232,60.94890510948905,59.72222222222222,13.88888888888889,48.754562043795616,58.66102036700948,55.55555555555556,57.108287961282514,25.210084033613445,,,2016-17
101109,Raymond Felton,Raymond,1610612746,LAC,33.0,80,50,30,0.625,1699.8283333333334,108.2,185,0.106,0.157,66,0.273,22,0.138,558.0,507.0,535.0,1612.0,4.49,4.4912367023196635,38,35,266,96,160,324,191,303,308,93,70,182,266,329,367,374,346,183,80,416,227,189,144,1,8,19,0,0,65,0.0,0.0,0,0,0,0,0,0.0,0.0,0.0,0.0,101109.0,Raymond Felton,0.037000000000000005,0.0,46.8,10.2803738317757,77.42980561555075,42.95774647887319,41.95201811787133,12.653446647780925,35.3125,26.24887865911237,41.605839416058394,36.80555555555556,2.7777777777777777,30.218724655312243,93.28493647912886,100.0,96.64246823956444,11.624649859943977,,,2016-17
2210,Richard Jefferson,Richard,1610612739,CLE,37.0,79,50,29,0.633,1613.61,106.5,175,0.103,0.152,26,0.135,10,0.077,579.0,446.0,425.0,1408.0,5.05,5.048246006994536,54,35,250,89,172,237,202,314,321,283,378,282,356,339,335,307,308,147,79,422,229,193,66,7,24,58,0,0,40,0.0,0.0,0,0,0,0,0,0.0,0.0,0.0,0.0,2210.0,Richard Jefferson,0.20173684210526316,0.10526315789473684,99.5,4.672897196261682,88.44492440604752,54.92957746478871,46.55727678681848,12.842304060434373,36.5625,27.07442162417375,13.138686131386862,9.027777777777777,19.444444444444446,13.27630778588808,63.38714299360014,71.9298245614035,67.65848377750183,10.224089635854341,,,2016-17
201937,Ricky Rubio,Ricky,1610612750,MIN,26.0,75,28,47,0.373,2469.11,111.3,237,0.1,0.147,128,0.332,10,0.046,860.0,675.0,755.0,2336.0,4.11,4.110216405051856,111,234,446,366,42,425,120,321,336,10,19,282,411,467,453,468,460,206,75,361,167,194,287,9,21,48,0,0,93,0.0,0.0,0,0,0,0,0,0.0,0.0,0.0,0.0,201937.0,Ricky Rubio,0.28152941176470586,0.058823529411764705,110.2,4.672897196261682,38.33693304535637,21.12676056338028,20.568775585224472,6.987724268177526,36.875,24.92008970727101,93.7956204379562,79.86111111111111,25.0,71.71963706407138,48.905732892067896,84.31372549019608,66.60972919113199,18.907563025210084,,,2016-17
203496,Robert Covington,Robert,1610612755,PHI,26.0,67,27,40,0.403,2118.57,104.1,344,0.158,0.231,127,0.32,69,0.267,769.0,565.0,675.0,1920.0,8.22,8.21929822744524,202,243,387,324,93,131,60,142,144,11,30,40,132,429,394,450,395,29,67,469,272,197,283,3,30,71,0,0,62,0.0,0.0,0,0,0,0,0,0.0,0.0,0.0,0.0,,,,,,32.242990654205606,60.79913606911447,71.83098591549296,52.13464036474554,16.902738432483474,37.8125,29.44859537299339,92.33576642335767,79.16666666666666,8.333333333333332,66.72597323600972,,,,33.89355742296919,,,2016-17
201577,Robin Lopez,Robin,1610612741,CHI,29.0,81,40,41,0.494,2270.7566666666667,105.9,276,0.12,0.169,18,0.053,117,0.468,691.0,554.0,686.0,2082.0,7.46,7.458780983886183,18,92,395,231,66,202,93,248,273,322,461,10,45,391,390,452,420,47,81,1306,1152,154,42,0,222,472,0,0,47,0.0,0.0,0,0,0,0,0,0.0,0.0,0.0,0.0,201577.0,Robin Lopez,0.1932222222222222,0.1481111111111111,139.3,54.67289719626168,52.05183585313174,59.15492957746472,54.87603382146696,100.0,24.375,54.625,4.37956204379562,3.4722222222222223,0.0,2.967102595296026,64.93244605767292,60.50370370370371,62.71807488068831,24.369747899159663,,,2016-17
203918,Rodney Hood,Rodney,1610612762,UTA,24.0,59,40,19,0.678,1593.2733333333333,103.2,186,0.117,0.165,38,0.19,11,0.066,492.0,380.0,338.0,1388.0,6.55,6.552886156521468,267,92,149,48,177,104,188,255,284,217,240,270,378,295,287,254,304,80,59,308,196,112,59,0,11,27,0,0,42,0.0,0.0,0,0,0,0,0,0.0,0.0,0.0,0.0,,,,,,5.14018691588785,89.52483801295897,78.16901408450698,52.93202159201752,9.726156751652502,11.25,10.640462700661,10.583941605839415,17.36111111111111,0.0,10.309965531224655,,,,11.76470588235294,,,2016-17
203585,Rodney McGruder,Rodney,1610612748,MIA,25.0,78,40,38,0.513,1965.8866666666668,106.8,162,0.083,0.123,46,0.17,18,0.078,564.0,547.0,440.0,1852.0,5.94,5.940059014939243,69,92,367,201,117,245,217,388,403,169,279,220,354,332,382,316,385,104,78,463,287,176,100,0,24,56,0,0,77,0.0,0.0,0,0,0,0,0,0.0,0.0,0.0,0.0,203585.0,Rodney McGruder,0.26825,0.125,103.7,8.411214953271028,64.47084233261339,52.81690140845069,39.13350614983577,18.319169027384323,31.25,26.07766761095373,25.547445255474454,22.916666666666664,0.0,18.239811435523116,51.315789473684205,66.66666666666666,58.99122807017543,8.403361344537815,,,2016-17
1626178,Rondae Hollis-Jefferson,Rondae,1610612751,BKN,22.0,78,19,59,0.244,1761.4083333333333,107.7,356,0.186,0.272,82,0.283,44,0.244,700.0,529.0,549.0,1726.0,5.0,4.995467082124012,69,317,486,457,148,296,52,76,86,54,59,67,151,395,374,381,367,153,78,593,403,190,166,0,56,130,0,0,81,0.0,0.0,0,0,0,0,0,0.0,0.0,0.0,0.0,,,,,,20.5607476635514,71.2742980561555,46.47887323943657,44.790021694934126,29.272898961284234,35.625,33.08415958451369,49.63503649635037,47.91666666666667,0.0,36.62484793187348,,,,35.57422969187675,,,2016-17
203497,Rudy Gobert,Rudy,1610612762,UTA,25.0,81,51,30,0.63,2743.7466666666664,102.0,721,0.259,0.365,49,0.132,214,0.711,822.0,624.0,592.0,2236.0,12.14,12.138308825086993,18,21,266,93,12,70,5,14,20,153,387,1,7,449,432,402,446,1,81,1149,1027,122,133,2,499,1150,0,0,50,0.0,0.0,0,0,0,0,0,0.0,0.0,0.0,0.0,,,,,,100.0,43.73650107991361,86.61971830985912,76.96270495543455,88.19641170915958,14.374999999999998,43.90356468366383,37.591240875912405,25.0,5.555555555555555,25.175385239253853,,,,86.69467787114846,,,2016-17
201566,Russell Westbrook,Russell,1610612760,OKC,28.0,81,46,35,0.568,2801.7483333333334,106.1,727,0.251,0.352,132,0.27,31,0.103,987.0,727.0,659.0,2760.0,9.23,9.232396686381975,18,62,330,143,8,215,4,19,29,8,73,126,307,481,468,442,482,11,81,296,169,127,231,3,1,3,0,0,113,0.0,0.0,0,0,0,0,0,0.0,0.0,0.0,0.0,201566.0,Russell Westbrook,0.17542105263157895,0.05263157894736842,129.1,14.485981308411214,15.442764578833692,57.74647887323945,25.63597984426614,7.176581680830972,15.937499999999998,12.433132672332388,73.35766423357664,82.63888888888889,8.333333333333332,60.3500101378751,68.16314834272615,85.96491228070175,77.06403031171395,87.53501400560224,,,2016-17
201583,Ryan Anderson,Ryan,1610612745,HOU,29.0,72,50,22,0.694,2116.391666666667,107.0,218,0.103,0.148,31,0.085,14,0.077,756.0,575.0,598.0,2180.0,6.21,6.213345636903092,158,35,183,44,94,255,135,313,335,254,448,246,359,423,399,407,439,96,72,576,413,163,63,14,83,206,0,0,40,0.0,0.0,0,0,0,0,0,0.0,0.0,0.0,0.0,201583.0,Ryan Anderson,0.15789473684210525,0.07894736842105263,122.5,6.5420560747663545,46.76025917926566,51.40845070422532,31.83502581870585,30.217186024551463,27.187499999999996,28.39937440982058,12.043795620437956,12.5,38.88888888888889,18.914740470397405,71.34396790524406,78.94736842105262,75.14566816314834,16.246498599439775,,,2016-17
203930,Sean Kilpatrick,Sean,1610612751,BKN,27.0,70,14,56,0.2,1753.5566666666666,109.6,258,0.136,0.201,45,0.186,6,0.036,734.0,527.0,476.0,1666.0,3.85,3.848288876147675,176,371,480,468,151,386,101,195,204,176,247,335,430,412,373,340,356,219,69,292,144,148,85,6,10,23,0,0,42,0.0,0.0,0,0,0,0,0,0.0,0.0,0.0,0.0,203930.0,Sean Kilpatrick,0.35,0.0,58.699999999999996,2.803738317757009,74.51403887688986,33.09859154929578,35.4760568213382,4.815864022662889,22.5,15.426345609065155,20.072992700729927,22.22222222222222,16.666666666666664,19.973641524736415,36.479128856624314,100.0,68.23956442831215,21.84873949579832,,,2016-17
201586,Serge Ibaka,Serge,1610612761,TOR,27.0,79,37,42,0.468,2422.08,108.9,409,0.169,0.241,41,0.122,124,0.471,828.0,635.0,635.0,2322.0,5.82,5.820698487564055,54,129,402,263,46,360,32,113,132,197,406,8,44,454,438,427,459,108,79,925,692,233,71,0,161,363,0,0,42,0.0,0.0,0,0,0,0,0,0.0,0.0,0.0,0.0,201586.0,Serge Ibaka,0.1833,0.0,58.5,57.943925233644855,39.09287257019439,38.02816901408444,46.367117746547095,56.56279508970727,49.0625,52.062618035882906,14.963503649635038,19.444444444444446,0.0,12.790957015409571,66.73321234119781,100.0,83.36660617059891,42.997198879551824,,,2016-17
200771,Sergio Rodriguez,Sergio,1610612755,PHI,31.0,68,24,44,0.353,1517.4116666666666,107.0,136,0.088,0.133,49,0.206,4,0.024,569.0,404.0,472.0,1370.0,4.46,4.4590775347618905,192,275,419,386,190,253,253,370,376,153,203,371,435,334,306,339,297,187,67,184,98,86,86,1,14,32,0,0,50,0.0,0.0,0,0,0,0,0,0.0,0.0,0.0,0.0,,,,,,1.8691588785046727,90.49676025917927,51.40845070422532,45.27364231817094,0.4721435316336166,3.125,2.0638574126534466,20.437956204379564,25.0,2.7777777777777777,17.61962692619627,,,,4.761904761904762,,,2016-17
203552,Seth Curry,Seth,1610612742,DAL,26.0,70,30,40,0.429,2029.03,105.2,154,0.084,0.122,79,0.239,7,0.047,578.0,465.0,547.0,1658.0,7.11,7.113539140941873,176,209,387,301,108,174,228,384,408,64,126,320,410,338,343,380,351,59,70,319,141,178,164,8,24,53,0,0,58,0.0,0.0,0,0,0,0,0,0.0,0.0,0.0,0.0,203552.0,Seth Curry,0.2772105263157895,0.15789473684210525,101.4,3.2710280373831773,74.94600431965442,64.08450704225346,43.56063948739568,4.53257790368272,31.874999999999996,20.938031161473084,48.9051094890511,45.83333333333333,22.22222222222222,41.15926601784266,49.6895596523068,57.89473684210527,53.79214824720603,7.282913165266107,,,2016-17
203498,Shabazz Muhammad,Shabazz,1610612750,MIN,24.0,78,29,49,0.372,1515.5216666666668,107.9,136,0.094,0.141,22,0.081,6,0.044,544.0,409.0,464.0,1494.0,4.13,4.130961190151183,69,215,458,367,191,311,253,343,354,300,451,335,419,318,309,333,326,205,76,250,127,123,37,0,7,15,0,0,39,0.0,0.0,0,0,0,0,0,0.0,0.0,0.0,0.0,203498.0,Shabazz Muhammad,0.047619047619047616,0.0,101.6,2.803738317757009,83.8012958963283,45.07042253521119,41.719554524620506,3.210576015108593,14.6875,10.096730406043438,2.5547445255474455,6.25,0.0,3.209397810218978,91.35770460634343,100.0,95.67885230317171,4.761904761904762,,,2016-17
203524,Solomon Hill,Solomon,1610612740,NOP,26.0,80,34,46,0.425,2374.3016666666667,104.0,256,0.101,0.147,72,0.187,32,0.122,777.0,600.0,645.0,2182.0,9.3,9.30030611099796,38,164,439,305,54,126,102,318,337,80,245,118,279,433,421,433,440,10,80,583,334,249,181,1,38,97,0,0,63,0.0,0.0,0,0,0,0,0,0.0,0.0,0.0,0.0,,,,,,14.953271028037381,46.652267818574515,72.5352112676056,40.443404964617436,22.757318224740324,54.0625,41.54042728989613,55.1094890510949,40.97222222222222,2.7777777777777777,37.07851784266018,,,,21.568627450980394,,,2016-17
201939,Stephen Curry,Stephen,1610612744,GSW,29.0,79,65,14,0.823,2638.555,102.7,292,0.101,0.15,142,0.241,17,0.045,900.0,747.0,801.0,2458.0,11.49,11.49369616431043,54,2,102,13,22,89,79,320,326,5,119,224,412,470,472,480,471,4,79,444,221,223,261,8,109,240,0,0,119,0.0,0.0,0,0,0,0,0,0.0,0.0,0.0,0.0,201939.0,Stephen Curry,0.23773684210526314,0.10526315789473684,136.3,7.943925233644859,31.749460043196542,81.69014084507037,34.71241631984432,12.086874409820586,45.9375,32.39724976392824,84.30656934306569,89.58333333333334,22.22222222222222,70.6323499594485,56.8535676759958,71.9298245614035,64.39169611869966,26.610644257703083,,,2016-17
203500,Steven Adams,Steven,1610612760,OKC,23.0,80,47,33,0.588,2389.365,104.9,332,0.136,0.189,89,0.212,78,0.304,824.0,584.0,526.0,2246.0,8.64,8.636096165055687,38,52,305,132,51,163,62,196,227,36,187,31,124,452,408,366,449,21,80,1004,791,213,152,0,274,604,0,0,82,0.0,0.0,0,0,0,0,0,0.0,0.0,0.0,0.0,203500.0,Steven Adams,0.4078235294117647,0.11764705882352941,102.7,36.44859813084112,43.196544276457885,66.19718309859147,46.24752552374457,65.91123701605288,42.8125,52.05199480642115,44.52554744525548,52.77777777777778,0.0,36.28244120032441,25.984840397138885,68.62745098039214,47.30614568876551,32.212885154061624,,,2016-17
204456,T.J. McConnell,T.J.,1610612755,PHI,25.0,81,27,54,0.333,2133.3966666666665,107.1,212,0.097,0.145,134,0.324,10,0.044,850.0,615.0,701.0,2032.0,6.44,6.44101468723688,18,243,477,392,90,260,146,333,338,6,23,282,416,461,428,457,414,86,81,341,195,146,279,4,18,44,0,0,102,0.0,0.0,0,0,0,0,0,0.0,0.0,0.0,0.0,,,,,,4.672897196261682,54.75161987041036,50.70422535211269,33.70828217117647,9.631728045325778,21.875,16.97769121813031,90.87591240875912,84.02777777777779,11.11111111111111,68.53786496350364,,,,15.406162464985995,,,2016-17
203933,T.J. Warren,T.J.,1610612756,PHX,23.0,66,20,46,0.303,2048.03,113.4,214,0.103,0.153,76,0.217,39,0.188,777.0,585.0,730.0,1954.0,2.09,2.0943588971439606,212,307,439,426,105,459,141,311,317,70,169,89,202,433,410,463,403,317,64,334,184,150,146,0,5,12,0,0,65,0.0,0.0,0,0,0,0,0,0.0,0.0,0.0,0.0,,,,,,18.22429906542056,58.963282937365015,6.338028169014024,29.511375696499485,8.593012275731821,23.125,17.312204910292728,42.33576642335766,43.75,0.0,32.246806569343065,,,,15.686274509803921,,,2016-17
201959,Taj Gibson,Taj,1610612760,OKC,32.0,78,41,37,0.526,1988.5583333333334,105.9,327,0.163,0.229,41,0.125,65,0.273,655.0,452.0,578.0,1902.0,6.45,6.449341778058662,69,90,352,181,113,207,65,128,151,197,400,42,131,372,337,395,390,85,78,699,495,204,72,2,102,220,0,0,50,0.0,0.0,0,0,0,0,0,0.0,0.0,0.0,0.0,201959.0,Taj Gibson,0.24757142857142858,0.0,64.9,30.373831775700932,61.77105831533477,59.15492957746472,48.55813551501372,37.960339943342774,40.0,39.18413597733711,15.328467153284672,19.444444444444446,5.555555555555555,14.325831305758314,55.06870624837957,100.0,77.53435312418978,31.512605042016805,,,2016-17
203082,Terrence Ross,Terrence,1610612753,ORL,26.0,78,39,39,0.5,1954.9666666666667,108.9,188,0.096,0.142,87,0.244,33,0.166,585.0,547.0,481.0,1868.0,4.71,4.711217164087864,69,109,379,214,120,364,181,336,347,43,111,114,223,342,382,343,388,170,78,401,223,178,173,0,11,23,0,0,50,0.0,0.0,0,0,0,0,0,0.0,0.0,0.0,0.0,,,,,,15.42056074766355,63.60691144708424,38.02816901408444,37.93768555906601,12.275731822474032,31.874999999999996,24.03529272898961,52.18978102189781,51.388888888888886,0.0,38.862023519870235,,,,12.044817927170868,,,2016-17
200757,Thabo Sefolosha,Thabo,1610612737,ATL,33.0,62,32,30,0.516,1595.565,104.3,216,0.131,0.192,96,0.312,31,0.209,564.0,401.0,426.0,1254.0,6.08,6.082761133337004,244,188,266,192,176,140,139,210,218,26,35,126,180,332,303,308,283,100,62,422,241,181,176,1,30,68,0,0,54,0.0,0.0,0,0,0,0,0,0.0,0.0,0.0,0.0,200757.0,Thabo Sefolosha,0.1388888888888889,0.0,35.0,14.485981308411214,96.76025917926566,70.42253521126759,57.266117038924364,13.975448536355051,32.8125,25.27767941454202,53.284671532846716,57.638888888888886,2.7777777777777777,42.18192416869424,74.79330510183505,100.0,87.39665255091752,15.966386554621847,,,2016-17
201152,Thaddeus Young,Thaddeus,1610612754,IND,29.0,74,40,34,0.541,2236.5916666666667,105.8,317,0.138,0.205,113,0.281,29,0.108,743.0,618.0,443.0,1918.0,7.5,7.5029960539682765,126,92,315,162,69,200,68,191,195,20,61,136,295,417,431,321,394,46,74,705,426,279,215,9,117,276,0,0,86,0.0,0.0,0,0,0,0,0,0.0,0.0,0.0,0.0,201152.0,Thaddeus Young,0.2125,0.125,72.0,13.551401869158877,60.90712742980562,59.85915492957745,41.70284408048988,31.444759206798867,63.4375,50.64040368271955,67.51824817518248,69.44444444444444,25.0,57.56285482562855,61.43375680580762,66.66666666666666,64.05021173623715,30.11204481792717,,,2016-17
204025,Tim Frazier,Tim,1610612740,NOP,26.0,65,26,39,0.4,1524.6516666666666,107.1,139,0.087,0.125,56,0.229,6,0.037,457.0,370.0,438.0,1314.0,4.47,4.470409722705725,220,253,379,325,189,262,249,374,394,123,145,335,427,269,278,315,289,185,65,298,130,168,110,11,13,28,0,0,53,0.0,0.0,0,0,0,0,0,0.0,0.0,0.0,0.0,,,,,,2.803738317757009,93.52051835853132,50.70422535211269,46.52973309061694,3.493862134088763,28.749999999999996,18.6475448536355,29.1970802919708,29.86111111111111,30.555555555555557,29.769109894566096,,,,5.182072829131653,,,2016-17
203501,Tim Hardaway Jr.,Tim,1610612737,ATL,25.0,79,42,37,0.532,2153.475,103.9,189,0.083,0.123,55,0.151,15,0.075,762.0,590.0,515.0,1714.0,8.48,8.48374442452094,54,82,352,168,86,125,179,386,400,127,339,238,360,426,413,358,366,25,78,503,227,276,99,9,33,81,0,0,49,0.0,0.0,0,0,0,0,0,0.0,0.0,0.0,0.0,203501.0,Tim Hardaway Jr.,0.22727272727272727,0.0,61.0,7.009345794392523,71.92224622030238,73.23943661971823,46.2863836497924,12.653446647780925,62.5,42.56137865911237,25.18248175182482,29.166666666666668,25.0,26.531326034063262,58.752681075730074,100.0,79.37634053786503,12.184873949579831,,,2016-17
202699,Tobias Harris,Tobias,1610612765,DET,24.0,82,37,45,0.451,2566.443333333333,106.1,353,0.14,0.191,60,0.161,39,0.18,699.0,551.0,593.0,2188.0,8.34,8.341068703207956,1,129,431,282,28,213,55,185,223,111,306,89,210,394,386,404,441,27,82,768,478,290,128,0,90,203,0,0,56,0.0,0.0,0,0,0,0,0,0.0,0.0,0.0,0.0,202699.0,Tobias Harris,0.2333,0.0,61.800000000000004,18.22429906542056,46.32829373650108,57.74647887323945,37.941242152253466,36.35505193578848,66.875,54.66702077431539,35.76642335766424,32.63888888888889,0.0,25.73018045417681,57.65880217785843,100.0,78.82940108892922,35.154061624649856,,,2016-17
2754,Tony Allen,Tony,1610612763,MEM,35.0,71,36,35,0.507,1913.7383333333332,105.1,225,0.123,0.181,115,0.321,29,0.188,529.0,461.0,589.0,1486.0,6.79,6.793838042544039,169,140,330,208,125,169,131,235,245,19,27,136,203,309,342,400,323,73,71,430,227,203,234,0,40,103,0,0,83,0.0,0.0,0,0,0,0,0,0.0,0.0,0.0,0.0,2754.0,Tony Allen,0.125,0.0,66.9,13.551401869158877,84.23326133909286,64.7887323943662,51.09938531493761,12.653446647780925,39.6875,28.87387865911237,74.45255474452554,70.83333333333334,0.0,54.57268856447689,77.31397459165153,100.0,88.65698729582576,17.22689075630252,,,2016-17
2225,Tony Parker,Tony,1610612759,SAS,35.0,63,46,17,0.73,1587.0266666666666,103.1,104,0.066,0.093,34,0.138,2,0.009,468.0,434.0,433.0,1328.0,6.41,6.408484269902843,239,62,128,33,178,100,299,445,465,238,373,398,444,278,324,314,291,87,62,235,118,117,58,0,5,10,0,0,39,0.0,0.0,0,0,0,0,0,0.0,0.0,0.0,0.0,2225.0,Tony Parker,0.2629444444444445,0.07405555555555556,109.5,0.9345794392523363,92.7645788336933,78.87323943661973,52.55974422664852,2.3607176581680833,12.812499999999998,8.631787063267232,10.218978102189782,14.583333333333334,0.0,9.19175790754258,52.278685218794095,80.25185185185185,66.26526853532297,0.2801120448179272,,,2016-17
203503,Tony Snell,Tony,1610612749,MIL,25.0,80,42,38,0.525,2335.655,109.8,226,0.098,0.149,55,0.15,14,0.052,767.0,631.0,586.0,2142.0,4.98,4.983792109624619,38,82,367,182,58,394,129,328,333,127,343,246,399,428,435,399,434,154,79,493,244,249,139,2,13,29,0,0,53,0.0,0.0,0,0,0,0,0,0.0,0.0,0.0,0.0,203503.0,Tony Snell,0.41512499999999997,0.145875,62.4,6.5420560747663545,48.81209503239741,31.690140845070413,27.623590902513236,14.258734655335223,54.0625,38.14099386213409,39.78102189781022,29.166666666666668,5.555555555555555,27.509630981346312,24.65970961887477,61.1,42.87985480943739,17.366946778711483,,,2016-17
2772,Trevor Ariza,Trevor,1610612745,HOU,32.0,80,53,27,0.663,2772.61,108.6,404,0.143,0.21,147,0.304,20,0.086,1006.0,757.0,845.0,2848.0,6.84,6.839739544424423,38,17,221,66,11,345,34,181,190,3,40,199,337,482,476,482,483,72,80,482,264,218,251,8,28,71,0,0,83,0.0,0.0,0,0,0,0,0,0.0,0.0,0.0,0.0,2772.0,Trevor Ariza,0.12278947368421053,0.07894736842105263,132.2,9.345794392523365,10.691144708423327,40.14084507042255,17.515429672563148,16.147308781869686,44.375,33.08392351274787,80.65693430656934,93.05555555555556,22.22222222222222,70.38777372262773,77.71515904097812,78.94736842105262,78.33126373101537,42.296918767507,,,2016-17
202344,Trevor Booker,Trevor,1610612751,BKN,29.0,71,18,53,0.254,1754.315,108.2,428,0.223,0.339,75,0.269,28,0.163,738.0,555.0,522.0,1588.0,4.59,4.592141984794464,169,327,472,452,150,322,27,36,34,74,74,141,227,414,391,364,340,173,71,466,275,191,128,2,150,343,0,0,67,0.0,0.0,0,0,0,0,0,0.0,0.0,0.0,0.0,202344.0,Trevor Booker,0.375,0.25,53.1,13.084112149532709,78.7257019438445,42.95774647887319,43.52707715987695,17.186024551463642,35.9375,28.436909820585456,35.76642335766424,43.05555555555556,5.555555555555555,30.76490267639903,31.941923774954624,33.33333333333333,32.63762855414397,45.65826330532213,,,2016-17
202684,Tristan Thompson,Tristan,1610612739,CLE,26.0,78,50,28,0.641,2336.3816666666667,109.0,429,0.177,0.256,39,0.118,84,0.424,800.0,637.0,721.0,2204.0,5.48,5.475784172141634,69,35,234,79,57,367,26,99,108,212,414,27,63,439,439,461,442,125,78,978,757,221,73,0,375,869,0,0,69,0.0,0.0,0,0,0,0,0,0.0,0.0,0.0,0.0,202684.0,Tristan Thompson,0.3042222222222222,0.1111111111111111,111.2,39.25233644859813,45.46436285097192,37.3239436619718,40.944447492772376,62.700661000944294,45.3125,52.267764400377715,15.693430656934307,18.055555555555554,0.0,12.596816707218167,44.78725549505948,70.37037037037037,57.578812932714925,45.79831932773109,,,2016-17
201951,Ty Lawson,Ty,1610612758,SAC,29.0,69,25,44,0.362,1732.1233333333332,109.4,135,0.077,0.116,74,0.277,6,0.044,654.0,481.0,471.0,1440.0,3.92,3.9183611886925562,183,266,419,379,155,382,255,412,421,75,65,335,416,371,353,338,318,216,69,244,124,120,129,1,15,33,0,0,77,0.0,0.0,0,0,0,0,0,0.0,0.0,0.0,0.0,201951.0,Ty Lawson,0.2334,0.25,44.7,2.803738317757009,86.7170626349892,34.50704225352106,40.09922781272929,2.927289896128423,13.750000000000002,9.420915958451369,36.13138686131387,42.36111111111111,2.7777777777777777,29.97338807785888,57.640653357531754,33.33333333333333,45.48699334543254,4.621848739495799,,,2016-17
204020,Tyler Johnson,Tyler,1610612748,MIA,25.0,73,35,38,0.479,2177.483333333333,104.3,243,0.111,0.162,84,0.238,44,0.167,630.0,538.0,414.0,1952.0,8.35,8.350432996540514,145,151,367,249,81,137,112,279,296,49,130,67,220,357,379,300,402,26,73,537,339,198,152,6,23,53,0,0,79,0.0,0.0,0,0,0,0,0,0.0,0.0,0.0,0.0,204020.0,Tyler Johnson,0.26665,0.1,100.6,20.5607476635514,59.07127429805615,70.42253521126759,46.50487887255711,23.229461756373937,38.125,32.16678470254958,44.52554744525548,49.30555555555556,16.666666666666664,39.2338300892133,51.60617059891106,73.33333333333334,62.4697519661222,19.747899159663866,,,2016-17
203506,Victor Oladipo,Victor,1610612760,OKC,25.0,67,39,28,0.582,2222.6383333333333,102.6,252,0.109,0.154,78,0.199,21,0.09,780.0,552.0,521.0,2100.0,9.62,9.624778476228729,202,109,234,137,73,87,108,283,315,65,220,189,329,435,388,362,424,8,67,512,265,247,157,8,13,30,0,0,85,0.0,0.0,0,0,0,0,0,0.0,0.0,0.0,0.0,203506.0,Victor Oladipo,0.24165,0.1,115.9,9.813084112149532,51.07991360691144,82.3943661971831,42.40179495657459,16.24173748819641,53.43750000000001,38.55919499527857,46.35036496350365,45.13888888888889,22.22222222222222,39.89431265206813,56.14337568058075,73.33333333333334,64.73835450695705,21.008403361344538,,,2016-17
1713,Vince Carter,Vince,1610612763,MEM,40.0,73,36,37,0.493,1799.56,104.5,191,0.109,0.16,60,0.214,36,0.231,534.0,397.0,499.0,1360.0,6.71,6.706092885870474,145,140,352,234,137,146,174,285,300,111,178,104,162,312,300,352,296,75,73,396,214,182,113,3,36,81,0,0,39,0.0,0.0,0,0,0,0,0,0.0,0.0,0.0,0.0,1713.0,Vince Carter,0.1481111111111111,0.05555555555555555,60.0,16.822429906542055,91.03671706263499,69.01408450704221,55.84534406129962,11.425873465533522,33.125,24.445349386213408,30.29197080291971,32.63888888888889,8.333333333333332,25.623732765612328,73.1195805605969,85.18518518518518,79.15238287289104,12.46498599439776,,,2016-17
202083,Wesley Matthews,Wesley,1610612742,DAL,30.0,73,29,44,0.397,2494.805,107.7,241,0.105,0.151,77,0.199,15,0.087,754.0,582.0,726.0,2044.0,6.88,6.8751567277735415,145,215,419,332,38,297,114,304,322,69,221,238,334,421,407,462,415,69,72,523,258,265,190,14,26,57,0,0,72,0.0,0.0,0,0,0,0,0,0.0,0.0,0.0,0.0,202083.0,Wesley Matthews,0.34868421052631576,0.24563157894736842,136.2,7.009345794392523,54.1036717062635,46.47887323943657,33.35974172480837,15.58073654390935,59.06249999999999,41.66979461756373,58.3941605839416,44.44444444444444,38.88888888888889,48.63544201135442,36.71792912408062,34.49824561403509,35.608087369057856,19.46778711484594,,,2016-17
203115,Will Barton,Will,1610612743,DEN,26.0,60,31,29,0.517,1705.0566666666666,111.0,201,0.12,0.17,48,0.188,28,0.201,663.0,443.0,511.0,1678.0,3.0,2.9960163282536536,261,196,250,191,159,420,162,247,271,157,244,141,190,379,330,357,359,270,60,330,202,128,96,0,4,9,0,0,38,0.0,0.0,0,0,0,0,0,0.0,0.0,0.0,0.0,203115.0,Will Barton,0.2650909090909091,0.045454545454545456,67.4,13.084112149532709,73.86609071274299,23.239436619718283,36.8966357642027,10.292728989612844,16.25,13.867091595845139,24.087591240875913,24.305555555555554,0.0,18.14198094079481,51.88912720673156,87.87878787878788,69.88395754275972,13.865546218487395,,,2016-17
201163,Wilson Chandler,Wilson,1610612743,DEN,30.0,71,35,36,0.493,2196.6833333333334,112.1,357,0.162,0.228,51,0.161,30,0.18,782.0,551.0,648.0,2086.0,3.13,3.1262956865454963,169,151,341,235,77,437,51,130,153,143,303,131,211,436,386,436,421,258,71,581,339,242,103,0,34,77,0,0,43,0.0,0.0,0,0,0,0,0,0.0,0.0,0.0,0.0,,,,,,14.018691588785046,51.83585313174947,15.492957746478892,27.623264668246055,23.229461756373937,51.87500000000001,40.41678470254958,26.642335766423358,26.38888888888889,0.0,19.893045417680455,,,,35.714285714285715,,,2016-17
203897,Zach LaVine,Zach,1610612750,MIN,22.0,47,16,31,0.34,1748.8033333333333,111.2,141,0.087,0.128,41,0.15,10,0.058,636.0,486.0,468.0,1676.0,2.92,2.9220845163724865,319,345,278,389,153,424,245,376,390,197,341,282,391,360,355,334,357,275,47,274,120,154,80,0,11,26,0,0,41,0.0,0.0,0,0,0,0,0,0.0,0.0,0.0,0.0,,,,,,4.672897196261682,73.97408207343412,21.830985915492914,33.21783408307984,2.5495750708215295,24.375,15.644830028328611,18.248175182481752,19.444444444444446,0.0,14.104825628548259,,,,5.46218487394958,,,2016-17
2216,Zach Randolph,Zach,1610612763,MEM,35.0,73,38,35,0.521,1786.235,105.8,416,0.246,0.363,38,0.137,10,0.073,552.0,413.0,550.0,1450.0,5.85,5.847995520643738,145,120,330,186,141,201,29,23,24,217,374,282,367,324,312,382,319,106,73,488,328,160,105,1,136,341,0,0,57,0.0,0.0,0,0,0,0,0,0.0,0.0,0.0,0.0,2216.0,Zach Randolph,0.24077777777777776,0.0,63.5,4.672897196261682,86.17710583153347,59.85915492957745,46.99593465193574,22.19074598677998,26.25,24.626298394711995,27.37226277372263,17.36111111111111,2.7777777777777777,17.719738442822383,56.30167372454123,100.0,78.15083686227061,43.977591036414566,,,2016-17
