PLAYER_ID,PLAYER_NAME,NICKNAME,TEAM_ID,TEAM_ABBREVIATION,AGE,GP,W,L,W_PCT,MIN,DEF_RATING,DREB,DREB_PCT,PCT_DREB,STL,PCT_STL,BLK,PCT_BLK,OPP_PTS_OFF_TOV,OPP_PTS_2ND_CHANCE,OPP_PTS_FB,OPP_PTS_PAINT,DEF_WS,DEF_WS_RAW,GP_RANK,W_RANK,L_RANK,W_PCT_RANK,MIN_RANK,DEF_RATING_RANK,DREB_RANK,DREB_PCT_RANK,PCT_DREB_RANK,STL_RANK,PCT_STL_RANK,BLK_RANK,PCT_BLK_RANK,OPP_PTS_OFF_TOV_RANK,OPP_PTS_2ND_CHANCE_RANK,OPP_PTS_FB_RANK,OPP_PTS_PAINT_RANK,DEF_WS_RANK,G,CONTESTED_SHOTS,CONTESTED_SHOTS_2PT,CONTESTED_SHOTS_3PT,DEFLECTIONS,CHARGES_DRAWN,SCREEN_ASSISTS,SCREEN_AST_PTS,OFF_LOOSE_BALLS_RECOVERED,DEF_LOOSE_BALLS_RECOVERED,LOOSE_BALLS_RECOVERED,PCT_LOOSE_BALLS_RECOVERED_OFF,PCT_LOOSE_BALLS_RECOVERED_DEF,OFF_BOXOUTS,DEF_BOXOUTS,BOX_OUT_PLAYER_TEAM_REBS,BOX_OUT_PLAYER_REBS,BOX_OUTS,PCT_BOX_OUTS_OFF,PCT_BOX_OUTS_DEF,PCT_BOX_OUTS_TEAM_REB,PCT_BOX_OUTS_REB,DEF_PLAYER_ID,DEF_PLAYER_NAME,avg_fg_pct_allowed,avg_3fg_pct_allowed,total_possessions,BLK_score,OPP_PTS_PAINT_score,DEF_RATING_score,rim_protection_score,CONTESTED_SHOTS_2PT_score,CONTESTED_SHOTS_3PT_score,shot_contesting_score,DEFLECTIONS_score,STL_score,CHARGES_DRAWN_score,ball_disruption_score,avg_fg_pct_allowed_score,avg_3fg_pct_allowed_score,on_ball_matchup_def_score,DREB_score,DEF_BOXOUTS_score,def_reb_score,SEASON
203932,Aaron Gordon,Aaron,1610612753,ORL,24.0,62,30,32,0.484,2017.1433333333334,109.7,368,0.181,0.252,51,0.162,39,0.183,574.0,464.0,472.0,1938.0,5.43,5.42959517236233,123,152,397,247,50,334,26,106,124,114,336,77,217,418,423,422,466,90,62,330,209,121,63,1,55,119,33,34,67,0.493,0.507,14,53,39,21,67,0.209,0.791,0.929,0.5,203932,Aaron Gordon,0.30218475073313783,0.10468328445747802,4096.1,19.897959183673468,50.15151515151515,39.10891089108909,35.28944169927196,13.519091847265221,14.342629482071715,14.013214428149118,11.594202898550725,29.523809523809526,2.941176470588235,15.706308610400683,58.11768215226692,82.66997990699325,70.39383102963009,44.936708860759495,10.875331564986737,29.609089077661757,2019-20
1628988,Aaron Holiday,Aaron,1610612754,IND,23.0,66,42,24,0.636,1617.3316666666667,106.9,134,0.077,0.115,55,0.228,16,0.09,476.0,469.0,475.0,1580.0,5.69,5.689696820679334,70,51,299,103,132,203,229,453,448,93,158,213,376,357,427,423,396,78,66,412,195,217,111,3,13,31,22,24,46,0.478,0.522,2,66,41,5,68,0.029,0.971,0.719,0.088,1628988,Aaron Holiday,0.3066416184971098,0.14263294797687862,3283.0,8.16326530612245,77.27272727272727,52.97029702970294,43.55333492532926,12.074303405572756,52.589641434262944,36.38350622278687,34.78260869565217,33.33333333333333,8.823529411764707,27.78559249786871,55.735816502395366,36.56378384072475,46.14980017156006,7.9113924050632916,14.323607427055704,10.796889164959877,2019-20
201143,Al Horford,Al,1610612755,PHI,34.0,67,39,28,0.582,2025.5433333333333,106.8,353,0.171,0.235,52,0.155,61,0.298,673.0,470.0,564.0,2056.0,7.23,7.229999608941655,59,74,354,178,47,197,31,131,151,111,357,31,128,472,429,481,488,28,67,674,483,191,102,0,173,392,41,26,67,0.612,0.388,28,285,156,76,313,0.089,0.911,0.813,0.396,201143,Al Horford,0.3846,0.1549323076923077,4099.3,31.122448979591837,41.21212121212121,53.46534653465348,40.23955864974253,41.795665634674926,42.23107569721115,42.05691167219666,30.434782608695656,30.476190476190478,0.0,22.84057971014493,14.072836837090536,21.620919057767267,17.8468779474289,42.563291139240505,72.41379310344827,55.996017023134,2019-20
202692,Alec Burks,Alec,1610612755,PHI,28.0,66,21,45,0.318,1754.2516666666668,109.8,234,0.131,0.194,62,0.218,17,0.099,640.0,459.0,547.0,1762.0,4.74,4.738134429225621,70,235,520,426,103,338,107,252,247,66,187,195,351,457,419,475,436,119,66,340,179,161,108,3,8,21,21,29,50,0.42,0.58,2,25,16,7,27,0.074,0.926,0.762,0.333,202692,Alec Burks,0.2924760563380282,0.11971549295774649,3596.7,8.673469387755102,63.48484848484849,38.61386138613862,35.34255007133367,10.42311661506708,30.278884462151396,22.33657732331767,33.33333333333333,40.0,8.823529411764707,29.53921568627451,63.30626007502838,64.40689433133086,63.856577203179626,23.734177215189874,3.4482758620689653,14.605521606285466,2019-20
203083,Andre Drummond,Andre,1610612739,CLE,26.0,57,21,36,0.368,1878.2016666666666,112.0,614,0.336,0.486,109,0.372,93,0.511,729.0,491.0,549.0,2052.0,3.75,3.7544833159907194,190,235,437,372,76,414,4,4,6,6,20,10,37,491,452,476,487,179,57,743,586,157,201,1,239,529,44,37,81,0.543,0.457,64,85,110,93,149,0.43,0.57,0.948,0.802,203083,Andre Drummond,0.36715625,0.15702083333333333,3692.1,47.44897959183674,41.515151515151516,27.72277227722771,40.44058793634465,52.42518059855521,28.68525896414343,38.18122761790814,78.26086956521739,84.76190476190476,2.941176470588235,61.70630861040068,23.395228958708874,19.083505975163003,21.23936746693594,83.86075949367088,19.363395225464192,54.836945572977875,2019-20
203952,Andrew Wiggins,Andrew,1610612744,GSW,25.0,54,15,39,0.278,1858.8816666666667,112.8,208,0.11,0.16,45,0.15,53,0.229,731.0,513.0,539.0,1862.0,3.34,3.3377394561255405,232,321,477,467,80,431,139,328,335,143,386,44,166,492,465,472,454,206,54,470,242,228,74,1,9,24,28,25,53,0.528,0.472,7,33,29,11,40,0.175,0.825,0.853,0.324,203952,Andrew Wiggins,0.3315566343042071,0.1588770226537217,3873.1,27.040816326530614,55.90909090909091,23.762376237623762,36.3251024082,16.92466460268318,56.97211155378486,40.953132773344194,16.908212560386474,23.809523809523807,2.941176470588235,15.831912475134981,42.420586286984076,16.828365328179707,29.62447580758189,19.62025316455696,5.570291777188329,13.297770540241077,2019-20
203076,Anthony Davis,Anthony,1610612747,LAL,27.0,62,46,16,0.742,2131.193333333333,106.4,435,0.197,0.279,91,0.228,143,0.47,796.0,514.0,784.0,2044.0,7.88,7.880347989106097,123,21,194,42,26,186,17,80,88,20,159,3,57,513,467,527,486,20,62,772,482,290,170,13,151,339,54,54,108,0.5,0.5,28,88,70,38,116,0.241,0.759,0.909,0.494,203076,Anthony Davis,0.2793939393939394,0.13994545454545454,4438.8,72.95918367346938,42.12121212121212,55.44554455445542,57.78748385042585,41.69246646026832,81.67330677290838,65.68097064785235,63.28502415458937,67.61904761904762,38.23529411764706,58.53949985791418,70.29768244313519,39.82890104032,55.063291741727596,55.5379746835443,20.159151193633953,39.61750411308464,2019-20
203085,Austin Rivers,Austin,1610612745,HOU,27.0,68,43,25,0.632,1593.94,110.4,148,0.089,0.134,49,0.173,10,0.067,568.0,445.0,470.0,1752.0,4.03,4.026907669256322,48,42,307,108,133,359,209,425,412,123,301,271,414,414,411,419,434,154,67,229,134,95,94,3,14,37,16,19,35,0.457,0.543,2,64,41,7,66,0.03,0.97,0.788,0.135,203085,Austin Rivers,0.3109513513513514,0.10274324324324324,3403.6,5.1020408163265305,64.24242424242425,35.64356435643561,33.436555900488,5.779153766769865,3.9840637450199203,4.7020997537198985,26.570048309178745,27.61904761904762,8.823529411764707,22.500568343279344,53.432583561848666,85.0269947604826,69.22978916116563,10.126582278481013,13.793103448275861,11.776516804888697,2019-20
1628389,Bam Adebayo,Bam,1610612748,MIA,22.0,72,44,28,0.611,2416.9616666666666,107.7,559,0.224,0.31,82,0.231,93,0.415,842.0,604.0,536.0,2174.0,7.91,7.910596909956264,9,32,354,147,9,234,7,41,58,30,154,10,78,522,517,469,504,19,72,788,523,265,179,1,366,874,57,38,95,0.6,0.4,26,389,221,105,415,0.063,0.937,0.87,0.413,1628389,Bam Adebayo,0.31861307901907354,0.13156948228882834,4761.7,47.44897959183674,32.27272727272727,49.009900990099,42.52752162971399,45.923632610939116,71.71314741035857,61.39734149059079,67.6328502415459,59.04761904761905,2.941176470588235,48.455100880932086,49.33795771318892,50.00512352282524,49.67154061800708,75.15822784810126,100.0,86.3370253164557,2019-20
203463,Ben McLemore,Ben,1610612745,HOU,27.0,71,44,27,0.62,1619.485,109.2,136,0.079,0.121,45,0.153,16,0.098,599.0,472.0,484.0,1778.0,4.64,4.637645835026012,21,32,339,133,131,297,226,445,437,143,369,213,353,441,433,433,439,126,71,314,176,138,80,3,28,71,19,22,41,0.463,0.537,1,68,39,7,69,0.014,0.986,0.709,0.127,203463,Ben McLemore,0.33724033149171273,0.09852762430939227,3417.9,8.16326530612245,62.272727272727266,41.584158415841564,35.45680027186391,10.113519091847266,21.115537848605577,16.714730345902254,19.806763285024154,23.809523809523807,8.823529411764707,18.46192100028417,39.38307119519093,90.14867793444388,64.76587456481741,8.227848101265822,14.854111405835543,11.209666588322197,2019-20
1627732,Ben Simmons,Ben,1610612755,PHI,23.0,57,35,22,0.614,2016.8633333333332,107.3,331,0.159,0.221,119,0.335,33,0.147,688.0,498.0,600.0,1968.0,6.93,6.934150404408247,190,107,270,144,51,224,42,158,182,2,27,97,268,479,456,493,473,33,57,308,189,119,222,4,74,172,39,59,98,0.398,0.602,18,25,18,12,43,0.419,0.581,0.75,0.5,1627732,Ben Simmons,0.35858881578947366,0.12264144736842106,4122.2,16.83673469387755,47.878787878787875,50.990099009901,36.239794387602025,11.455108359133128,13.545816733067728,12.709533383493888,88.40579710144928,94.28571428571428,11.76470588235294,71.30349531116794,27.97388785869852,60.85206366279123,44.41297576074488,39.08227848101266,3.4482758620689653,23.046977302488,2019-20
203992,Bogdan Bogdanović,Bogdan,1610612758,SAC,27.0,61,29,32,0.475,1765.8266666666666,110.8,181,0.105,0.152,64,0.24,15,0.102,586.0,399.0,387.0,1642.0,4.14,4.139866609775914,140,162,397,261,97,373,169,355,362,62,133,227,347,430,381,365,413,149,61,428,201,227,126,0,20,44,16,25,41,0.39,0.61,3,70,45,9,73,0.041,0.959,0.833,0.167,203992,Bogdan Bogdanović,0.2940593471810089,0.13472403560830862,3537.5,7.653061224489796,72.57575757575758,33.663366336633665,36.87858122546949,12.693498452012383,56.573705179282875,39.02162248837468,42.028985507246375,41.904761904761905,0.0,31.47826086956522,62.4601084114908,46.17256111354058,54.316334762515694,15.348101265822786,15.384615384615385,15.364532619279457,2019-20
202711,Bojan Bogdanovic,Bojan,1610612762,UTA,31.0,63,41,22,0.651,2082.81,108.0,220,0.1,0.138,34,0.139,7,0.042,758.0,515.0,583.0,1990.0,6.64,6.642771574726009,107,60,270,98,37,245,123,378,402,203,419,323,454,505,468,487,478,42,63,373,183,190,57,3,30,69,29,24,53,0.547,0.453,3,93,36,9,96,0.031,0.969,0.9,0.225,202711,Bojan Bogdanovic,0.3322639751552795,0.15069875776397515,4211.8,3.571428571428571,46.21212121212121,47.524752475247524,29.48400197162573,10.8359133126935,41.832669322709165,29.433966918702897,8.695652173913043,13.333333333333334,8.823529411764707,10.35080988917306,42.042565002722604,26.764387140224738,34.40347607147367,21.518987341772153,21.485411140583555,21.503878051237287,2019-20
203078,Bradley Beal,Bradley,1610612764,WAS,27.0,57,20,37,0.351,2053.096666666667,117.6,190,0.095,0.142,71,0.218,23,0.133,739.0,636.0,589.0,2196.0,0.71,0.7092022070379994,190,250,452,383,42,507,155,399,393,43,184,146,301,495,521,490,505,407,57,327,137,190,111,13,15,36,32,31,63,0.508,0.492,1,29,24,6,30,0.033,0.967,0.96,0.24,203078,Bradley Beal,0.32261635220125784,0.15594968553459118,4323.7,11.73469387755102,30.606060606060602,0.0,15.405998763141618,6.0887512899896805,41.832669322709165,27.53510210962137,34.78260869565217,48.57142857142857,38.23529411764706,40.47186700767263,47.19850476446626,20.38487589111786,33.79169032779206,16.77215189873418,4.509283819628647,11.25386126313669,2019-20
1627742,Brandon Ingram,Brandon,1610612740,NOP,22.0,62,25,37,0.403,2103.44,111.3,329,0.144,0.212,61,0.185,38,0.166,849.0,598.0,729.0,2262.0,4.69,4.685537714408905,123,203,452,338,33,391,45,205,204,71,274,80,244,524,515,523,513,123,62,512,271,241,117,4,34,81,26,27,53,0.491,0.509,0,40,26,10,40,0.0,1.0,0.929,0.357,1627742,Brandon Ingram,0.32753172205438064,0.14122054380664653,4489.4,19.387755102040817,25.606060606060606,31.188118811881193,24.514252955907835,19.917440660474718,62.15139442231076,45.257812917576345,37.68115942028986,39.04761904761905,11.76470588235294,31.68030690537085,44.571603714314065,38.27975646230662,41.425680088310344,38.765822784810126,7.427055702917771,24.66337759795857,2019-20
201572,Brook Lopez,Brook,1610612749,MIL,32.0,68,53,15,0.779,1816.9366666666667,100.1,254,0.118,0.155,46,0.167,163,0.62,569.0,397.0,475.0,1450.0,10.06,10.05557291229787,48,1,179,21,90,51,87,301,350,138,312,2,15,415,377,423,383,4,68,1294,1047,247,86,0,125,294,26,22,48,0.542,0.458,11,275,175,45,286,0.038,0.962,0.884,0.227,201572,Brook Lopez,0.3421402985074627,0.16138507462686566,3858.6,83.16326530612244,87.12121212121212,86.63366336633668,85.41614620645738,100.0,64.5418326693227,78.72509960159363,22.705314009661837,24.761904761904763,0.0,17.748792270531403,36.764401820554326,13.78125699323883,25.272829406896577,26.89873417721519,69.76127320954907,46.18687674176544,2019-20
1628971,Bruce Brown,Bruce,1610612765,DET,23.0,58,18,40,0.31,1634.0416666666667,110.4,213,0.131,0.194,63,0.253,29,0.171,623.0,469.0,390.0,1754.0,4.07,4.065967806801613,173,282,484,432,128,358,130,256,248,63,113,117,235,450,427,366,435,153,58,371,218,153,146,1,14,35,21,25,46,0.457,0.543,0,40,26,8,40,0.0,1.0,0.929,0.286,1628971,Bruce Brown,0.3315063694267516,0.11247133757961784,3201.1,14.795918367346939,64.0909090909091,35.64356435643561,37.26107661786586,14.447884416924664,27.091633466135455,22.034133846451137,51.690821256038646,40.95238095238095,2.941176470588235,35.744955953395845,42.44744914030319,73.20803819464247,57.82774366747283,20.411392405063292,7.427055702917771,14.56844088909781,2019-20
1627854,Bryn Forbes,Bryn,1610612759,SAS,26.0,63,27,36,0.429,1579.215,114.8,114,0.071,0.1,33,0.151,0,0.0,492.0,445.0,486.0,1644.0,1.83,1.8309393105978689,107,181,437,319,137,483,260,469,479,212,375,480,480,364,411,434,415,316,63,228,112,116,61,0,16,32,18,34,52,0.346,0.654,0,47,32,1,47,0.0,1.0,0.889,0.028,1627854,Bryn Forbes,0.3274249201277955,0.162370607028754,3192.3,0.0,72.42424242424242,13.861386138613854,28.81383138313831,3.508771929824561,12.350597609561753,8.813867337666876,10.628019323671497,12.380952380952381,0.0,8.584541062801932,44.62868143206231,12.583903817027005,28.606292624544658,4.746835443037975,9.283819628647215,6.788478326562133,2019-20
1627741,Buddy Hield,Buddy,1610612758,SAC,27.0,72,31,41,0.431,2216.0616666666665,111.9,271,0.124,0.182,66,0.186,17,0.092,787.0,595.0,604.0,2196.0,4.52,4.521118149287184,9,144,494,315,16,412,74,273,279,57,270,195,363,510,513,497,505,134,72,510,279,231,135,1,18,38,38,30,68,0.559,0.441,4,33,22,7,37,0.108,0.892,0.88,0.28,1627741,Buddy Hield,0.34847075208913647,0.15393036211699165,4496.0,8.673469387755102,30.606060606060602,28.217821782178177,21.235964412767792,20.743034055727556,58.16733067729084,43.19761202866553,46.3768115942029,43.80952380952381,2.941176470588235,34.61935208866155,33.38124334854766,22.838213095687674,28.109728222117667,29.58860759493671,5.570291777188329,18.780365476949942,2019-20
203468,CJ McCollum,CJ,1610612757,POR,28.0,70,34,36,0.486,2556.5916666666667,113.6,251,0.09,0.135,54,0.162,42,0.128,741.0,855.0,780.0,2564.0,3.95,3.9513724016077285,29,109,437,243,1,453,92,417,411,98,337,66,307,496,529,525,527,164,70,546,285,261,107,1,14,30,35,51,86,0.407,0.593,1,42,21,8,43,0.023,0.977,0.75,0.286,203468,CJ McCollum,0.34560693641618495,0.17272832369942198,5196.9,21.428571428571427,2.727272727272727,19.801980198019812,14.47646907547898,21.36222910216718,70.1195219123506,50.616604788277236,32.850241545893724,32.38095238095238,2.941176470588235,25.20872406933788,34.911740670929056,0.0,17.455870335464528,26.424050632911396,7.957559681697612,18.114129704865196,2019-20
1629629,Cam Reddish,Cam,1610612737,ATL,20.0,58,17,41,0.293,1550.745,113.2,181,0.11,0.167,62,0.256,28,0.157,600.0,498.0,499.0,1830.0,2.61,2.6054581210733705,173,295,494,455,142,440,169,326,317,66,108,121,251,442,456,442,447,245,58,309,161,148,139,0,9,21,25,36,61,0.41,0.59,0,28,18,6,28,0.0,1.0,0.947,0.316,1629629,Cam Reddish,0.29510280373831776,0.1133177570093458,3308.6,14.285714285714285,58.333333333333336,21.782178217821752,31.57649693540782,8.565531475748193,25.099601593625497,18.485973546474575,48.309178743961354,40.0,0.0,33.32367149758454,61.90245818209017,72.17969758336443,67.04107788272731,15.348101265822786,4.244031830238726,10.35127001980996,2019-20
2546,Carmelo Anthony,Carmelo,1610612757,POR,36.0,58,28,30,0.483,1902.0466666666666,113.0,297,0.145,0.213,49,0.201,27,0.111,514.0,557.0,585.0,1886.0,3.22,3.217131108577272,173,172,383,250,72,435,57,202,197,123,227,126,336,385,492,489,458,215,58,303,116,187,86,1,86,211,33,13,46,0.717,0.283,21,132,84,43,153,0.137,0.863,0.857,0.439,2546,Carmelo Anthony,0.2866141975308642,0.14641666666666667,3817.7,13.77551020408163,54.090909090909086,22.772277227722757,30.13509157038152,3.9215686274509802,40.63745019920319,25.951097570502306,22.705314009661837,27.61904761904762,2.941176470588235,19.48408638817846,66.43898935410797,31.966829359645132,49.20290935687655,33.70253164556962,31.830238726790448,32.859999832118994,2019-20
1626224,Cedi Osman,Cedi,1610612739,CLE,25.0,65,19,46,0.292,1910.3683333333333,115.2,192,0.103,0.147,54,0.213,16,0.15,838.0,513.0,616.0,2246.0,2.01,2.0138129676041188,85,264,526,456,70,489,153,360,373,98,199,213,259,520,465,503,512,299,65,424,255,169,120,8,16,33,18,23,41,0.439,0.561,6,61,43,15,67,0.09,0.91,0.915,0.319,1626224,Cedi Osman,0.31701577287066246,0.10418927444794952,3877.0,8.16326530612245,26.81818181818182,11.881188118811846,15.621966788515579,18.26625386996904,33.46613545816733,27.386182822888017,39.130434782608695,32.38095238095238,23.52941176470588,32.86786018755328,50.19159951920884,83.27016763583505,66.73088357752195,17.088607594936708,12.9973474801061,15.247540543262936,2019-20
101108,Chris Paul,Chris,1610612760,OKC,35.0,70,44,26,0.629,2207.8533333333335,107.1,323,0.143,0.208,111,0.287,11,0.056,667.0,550.0,486.0,2162.0,7.69,7.688649406887516,29,32,328,116,18,211,46,210,214,4,60,262,433,470,490,434,502,22,70,184,78,106,234,4,41,91,27,59,86,0.314,0.686,0,39,27,7,39,0.0,1.0,0.818,0.212,101108,Chris Paul,0.35598873239436624,0.13790704225352113,4451.6,5.612244897959184,33.18181818181819,51.980198019802,26.85358382777054,0.0,8.366533864541832,5.0199203187251,94.20289855072464,86.66666666666667,11.76470588235294,70.95566922421142,29.363439816167535,42.30542989670176,35.83443485643465,37.81645569620253,7.161803713527852,24.02186230399893,2019-20
1629632,Coby White,Coby,1610612741,CHI,20.0,65,22,43,0.338,1674.0,108.8,202,0.128,0.191,49,0.14,6,0.042,583.0,432.0,463.0,1742.0,5.03,5.029516003903932,85,221,509,393,119,276,146,260,255,123,415,338,455,427,402,415,432,107,65,295,141,154,86,4,4,9,28,33,61,0.459,0.541,0,13,11,4,13,0.0,1.0,1.0,0.364,1629632,Coby White,0.3517787610619469,0.1336755162241888,3465.7,3.061224489795918,65.0,43.564356435643575,34.86557890482926,6.5015479876160995,27.490039840637447,19.094643099428907,22.705314009661837,27.61904761904762,11.76470588235294,21.68996874111964,31.61335761375035,47.446439082940685,39.52989834834552,18.670886075949365,0.2652519893899204,10.388350736997616,2019-20
1629012,Collin Sexton,Collin,1610612739,CLE,21.0,65,19,46,0.292,2142.615,117.0,143,0.069,0.1,65,0.216,7,0.054,926.0,566.0,695.0,2522.0,1.13,1.1297945448564677,85,264,526,456,23,504,214,477,481,58,193,323,437,529,498,520,524,366,65,395,167,228,110,1,14,34,41,24,65,0.631,0.369,2,22,17,3,24,0.083,0.917,1.0,0.176,1629012,Collin Sexton,0.3617168674698795,0.144960843373494,4359.0,3.571428571428571,5.909090909090909,2.9702970297029436,4.239327504178982,9.184726522187821,56.97211155378486,37.857157541146044,34.29951690821256,42.857142857142854,2.941176470588235,29.45510088093208,26.30217596524495,33.735553189266064,30.018864577255506,9.335443037974683,2.6525198938992043,6.328127623140718,2019-20
202709,Cory Joseph,Cory,1610612758,SAC,28.0,72,31,41,0.431,1759.3966666666668,107.6,144,0.082,0.118,53,0.191,21,0.148,601.0,420.0,397.0,1684.0,5.82,5.8236107270448665,9,144,494,315,100,232,212,435,445,105,257,168,266,443,391,368,421,69,72,372,174,198,106,5,17,40,29,30,59,0.492,0.508,4,55,28,5,59,0.068,0.932,0.651,0.116,202709,Cory Joseph,0.29562011173184355,0.12763128491620113,3565.4,10.714285714285714,69.39393939393939,49.504950495049535,40.94983069735545,9.907120743034056,45.0199203187251,30.97480048844868,32.367149758454104,31.428571428571427,14.705882352941178,27.623330491616937,61.62599538233123,54.789758836315926,58.207877109323576,9.49367088607595,11.405835543766578,10.354144982036733,2019-20
203081,Damian Lillard,Damian,1610612757,POR,29.0,66,33,33,0.5,2473.655,114.3,251,0.092,0.139,70,0.219,22,0.067,718.0,822.0,741.0,2410.0,3.31,3.3111824826316374,70,125,410,217,5,474,92,409,399,46,182,155,413,487,528,524,520,212,65,310,118,192,136,6,13,29,33,33,66,0.5,0.5,2,23,17,8,25,0.08,0.92,0.85,0.4,203081,Damian Lillard,0.32649698795180726,0.14688253012048194,5072.1,11.224489795918368,14.393939393939394,16.33663366336633,13.611833122087717,4.12796697626419,42.62948207171315,27.228876033533563,46.85990338164252,47.61904761904761,17.647058823529413,39.82239272520602,45.12459243782821,31.40083773416641,38.262715085997314,26.424050632911396,2.9177718832891246,15.846225195581376,2019-20
1628464,Daniel Theis,Daniel,1610612738,BOS,28.0,65,42,23,0.646,1566.135,104.0,286,0.172,0.249,37,0.134,84,0.433,463.0,407.0,425.0,1360.0,6.85,6.8495488638914885,85,51,282,100,140,104,65,126,132,186,428,18,72,344,382,384,367,37,65,711,528,183,117,7,276,648,26,7,33,0.788,0.212,45,222,147,58,267,0.169,0.831,0.855,0.337,1628464,Daniel Theis,0.305278125,0.132728125,3155.2,42.857142857142854,93.93939393939394,67.32673267326733,66.85332818996184,46.43962848297213,39.04382470119522,42.00214621390599,37.68115942028986,16.19047619047619,20.588235294117645,25.886189258312022,56.464502767409144,48.597453386706,52.53097807705757,31.962025316455694,55.702917771883286,42.64542692139811,2019-20
201568,Danilo Gallinari,Danilo,1610612760,OKC,31.0,62,37,25,0.597,1833.9283333333333,111.2,288,0.157,0.227,42,0.144,5,0.031,592.0,478.0,411.0,1888.0,4.08,4.083851675941333,123,91,307,161,86,387,64,167,172,160,398,359,470,435,439,377,459,152,62,346,205,141,65,10,77,165,19,18,37,0.514,0.486,3,97,43,14,100,0.03,0.97,0.896,0.292,201568,Danilo Gallinari,0.3051322580645161,0.11186451612903225,3665.7,2.5510204081632653,53.939393939393945,31.68316831683166,27.819988121261098,13.106295149638802,22.31075697211155,18.62897224312245,12.560386473429952,20.952380952380953,29.411764705882355,19.710429099175904,56.542457838432284,73.94528396135694,65.2438708998946,32.278481012658226,22.546419098143236,27.89905315112648,2019-20
201980,Danny Green,Danny,1610612747,LAL,33.0,68,51,17,0.75,1686.72,106.0,174,0.1,0.141,85,0.258,32,0.131,653.0,424.0,665.0,1624.0,6.45,6.446468251007305,48,7,202,32,116,173,178,376,394,25,105,104,303,462,393,512,407,46,68,484,252,232,181,5,36,83,20,29,49,0.408,0.592,10,61,46,10,71,0.141,0.859,0.852,0.185,201980,Danny Green,0.32632727272727274,0.1492939393939394,3505.2,16.3265306122449,73.93939393939394,57.425742574257434,46.765835767250195,17.956656346749224,58.56573705179283,42.322104769775386,68.59903381642512,61.904761904761905,14.705882352941178,52.78275078147201,45.215292652639775,28.471143543301984,36.843218097970876,14.240506329113925,12.9973474801061,13.681084847060404,2019-20
1627863,Danuel House Jr.,Danuel,1610612745,HOU,27.0,63,40,23,0.635,1912.6516666666666,108.7,210,0.101,0.152,67,0.205,34,0.153,693.0,534.0,583.0,2032.0,5.71,5.711121917941906,107,66,282,105,69,273,133,366,363,55,220,95,257,480,478,487,483,76,63,545,317,228,99,6,33,81,39,31,70,0.557,0.443,3,102,60,11,105,0.029,0.971,0.857,0.157,1627863,Danuel House Jr.,0.3422068965517241,0.15478735632183907,4058.7,17.346938775510203,43.03030303030303,44.05940594059404,33.014233055958655,24.664602683178536,56.97211155378486,44.04910800554234,28.985507246376812,44.761904761904766,17.647058823529413,31.672634271099746,36.72881009955754,21.7970248697064,29.26291748463197,19.936708860759495,23.872679045092838,21.7078954437095,2019-20
203967,Dario Saric,Dario,1610612756,PHX,26.0,66,32,34,0.485,1631.7816666666668,112.0,306,0.186,0.266,37,0.159,16,0.129,607.0,446.0,454.0,1738.0,3.32,3.3168768679140226,70,133,420,245,129,413,52,98,104,186,340,213,305,444,413,410,430,208,66,562,377,185,78,3,61,128,31,18,49,0.633,0.367,18,151,71,27,169,0.107,0.893,0.755,0.287,203967,Dario Saric,0.28676204819277107,0.1251234939759036,3318.0,8.16326530612245,65.30303030303031,27.72277227722771,33.05205979781652,30.856553147574818,39.8406374501992,36.24700372914945,18.84057971014493,16.19047619047619,8.823529411764707,15.408780903665814,66.35997412826855,57.836550034542476,62.09826208140551,35.12658227848101,36.87002652519894,35.91113218950408,2019-20
1629636,Darius Garland,Darius,1610612739,CLE,20.0,59,17,42,0.288,1823.9683333333332,113.8,84,0.046,0.066,42,0.176,4,0.034,770.0,485.0,573.0,2088.0,2.68,2.6751664111369533,162,295,503,459,89,466,308,517,518,160,292,378,466,507,446,483,493,240,59,355,186,169,70,5,21,49,25,33,58,0.431,0.569,0,34,24,2,34,0.0,1.0,0.96,0.08,1629636,Darius Garland,0.3592117263843648,0.13335504885993485,3687.2,2.0408163265306123,38.78787878787879,18.81188118811881,19.095054403399523,11.145510835913312,33.46613545816733,24.53788560926572,14.975845410628018,20.952380952380953,14.705882352941178,17.000142085819835,27.640988291673878,47.835784593779785,37.738386442726835,0.0,5.835543766578249,2.6259946949602124,2019-20
202722,Davis Bertans,Davis,1610612764,WAS,27.0,54,20,34,0.37,1583.0116666666668,113.9,210,0.13,0.198,37,0.154,33,0.231,510.0,536.0,367.0,1710.0,2.34,2.336244606235325,232,250,420,371,135,468,133,258,239,186,365,97,165,379,481,350,425,267,54,470,332,138,83,10,33,75,18,21,39,0.462,0.538,4,103,50,15,107,0.037,0.963,0.877,0.263,202722,Davis Bertans,0.35204037267080746,0.14233540372670808,3381.5,16.83673469387755,67.42424242424242,18.31683168316827,34.91238664682793,26.212590299277604,21.115537848605577,23.154358828874386,21.256038647342994,16.19047619047619,29.411764705882355,21.52202330207445,31.47354558930803,36.925279365704576,34.1994124775063,19.936708860759495,24.137931034482758,21.827258838934966,2019-20
1628368,De'Aaron Fox,De'Aaron,1610612758,SAC,22.0,51,20,31,0.392,1634.3966666666668,114.6,161,0.099,0.143,74,0.285,25,0.189,540.0,409.0,452.0,1624.0,2.05,2.048566586896749,249,250,391,355,127,480,191,381,385,40,65,134,206,400,384,409,407,292,51,313,104,209,149,1,16,41,29,37,66,0.439,0.561,0,13,9,1,13,0.0,1.0,0.818,0.091,1628368,De'Aaron Fox,0.30840776699029127,0.1461359223300971,3369.7,12.755102040816327,73.93939393939394,14.85148514851486,34.693699982243125,2.683178534571723,49.40239043824701,30.714705676776894,53.14009661835749,51.42857142857142,2.941176470588235,39.99133276499005,54.79194097113385,32.30791416056186,43.54992756584785,12.183544303797468,0.2652519893899204,6.820312762314072,2019-20
1629631,De'Andre Hunter,De'Andre,1610612737,ATL,22.0,63,19,44,0.302,2017.935,113.6,242,0.116,0.173,44,0.136,18,0.089,798.0,593.0,667.0,2262.0,3.12,3.1176266228198672,107,264,515,443,49,454,103,309,303,151,425,189,382,514,511,513,513,218,63,470,252,218,94,4,12,30,30,25,55,0.545,0.455,5,87,52,19,92,0.054,0.946,0.912,0.333,1629631,De'Andre Hunter,0.33261746987951807,0.1064789156626506,4262.9,9.183673469387756,25.606060606060606,19.801980198019812,17.586085649381268,17.956656346749224,52.98804780876494,38.97549122395865,26.570048309178745,22.857142857142858,11.76470588235294,21.569195794259734,41.8536482599193,80.48841314906736,61.171030704493326,25.0,19.893899204244033,22.702254641909818,2019-20
201942,DeMar DeRozan,DeMar,1610612759,SAS,30.0,68,31,37,0.456,2316.2833333333333,113.7,331,0.139,0.201,70,0.206,20,0.078,701.0,697.0,668.0,2350.0,3.49,3.493204775436156,48,144,452,284,13,458,42,225,231,46,215,174,397,482,525,515,519,199,68,284,156,128,119,3,17,39,36,32,68,0.529,0.471,0,98,55,12,98,0.0,1.0,0.821,0.179,201942,DeMar DeRozan,0.3425357142857143,0.14405952380952383,4691.8,10.204081632653061,18.939393939393938,19.306930693069276,15.537153205116422,8.04953560371517,17.131474103585656,13.498698703637462,38.64734299516908,47.61904761904761,8.823529411764707,34.331486217675476,36.55308137994172,34.830593637082615,35.691837508512165,39.08227848101266,22.811671087533156,31.760505153946884,2019-20
1627749,Dejounte Murray,Dejounte,1610612759,SAS,23.0,66,29,37,0.439,1686.7633333333333,113.5,314,0.184,0.257,111,0.407,17,0.09,533.0,462.0,482.0,1738.0,2.68,2.6773291707370808,70,162,452,306,115,449,48,101,117,4,14,195,375,396,421,430,430,240,66,415,202,213,204,0,13,28,38,45,83,0.458,0.542,1,24,15,5,25,0.04,0.96,0.833,0.278,1627749,Dejounte Murray,0.30217737003058104,0.12752905198776757,3436.8,8.673469387755102,65.30303030303031,20.297029702970278,31.39970578690522,12.796697626418988,50.99601593625498,35.71628861232058,79.71014492753623,86.66666666666667,0.0,62.21739130434783,58.12162659101246,54.91396471867841,56.51779565484543,36.392405063291136,3.183023872679045,21.448183527515695,2019-20
1626153,Delon Wright,Delon,1610612742,DAL,28.0,73,42,31,0.575,1569.7166666666667,109.5,210,0.124,0.182,85,0.395,22,0.138,483.0,437.0,512.0,1620.0,4.39,4.385549095581174,2,51,391,185,139,318,133,274,282,25,17,155,284,361,405,451,405,142,72,305,200,105,172,3,5,13,33,26,59,0.559,0.441,6,42,20,5,48,0.125,0.875,0.571,0.143,1626153,Delon Wright,0.3158742857142857,0.1023542857142857,3215.6,11.224489795918368,74.24242424242425,40.0990099009901,40.49939687846336,12.59029927760578,7.968127490039841,9.816996205066218,64.25120772946859,61.904761904761905,8.823529411764707,49.57303211139528,50.80163984158993,85.49955104763913,68.15059544461454,19.936708860759495,7.957559681697612,14.546091730181647,2019-20
203471,Dennis Schröder,Dennis,1610612760,OKC,26.0,65,40,25,0.615,1998.8966666666668,103.0,217,0.099,0.15,45,0.144,14,0.06,676.0,531.0,438.0,1972.0,9.51,9.510972638547285,85,66,307,140,55,73,125,383,369,143,400,234,423,473,477,395,475,8,65,343,166,177,90,12,8,19,27,37,64,0.422,0.578,0,25,14,3,25,0.0,1.0,0.824,0.176,203471,Dennis Schröder,0.3009914285714286,0.13457714285714287,4086.5,7.142857142857142,47.57575757575758,72.27722772277228,37.57796493935108,9.081527347781218,36.65338645418327,25.62464281162245,24.637681159420293,23.809523809523807,35.294117647058826,27.011935208866156,58.75542444500048,46.351025567711545,52.553225006356016,21.044303797468356,3.4482758620689653,13.12609122653863,2019-20
1628401,Derrick White,Derrick,1610612759,SAS,25.0,68,32,36,0.471,1676.735,109.2,188,0.105,0.15,44,0.184,59,0.303,515.0,465.0,409.0,1594.0,4.85,4.849621378841131,48,133,437,267,118,298,162,354,367,151,276,35,123,386,425,375,400,115,68,574,313,261,97,30,25,52,19,29,48,0.396,0.604,0,37,18,3,37,0.0,1.0,0.75,0.125,1628401,Derrick White,0.36113702623906707,0.15433819241982508,3437.6,30.102040816326532,76.2121212121212,41.584158415841564,49.11109835473342,24.251805985552117,70.1195219123506,51.77243554163121,28.019323671497588,22.857142857142858,88.23529411764706,41.266552998010795,26.61205814779833,22.34272770371336,24.477392925755844,16.455696202531644,6.631299734748011,12.03471779202901,2019-20
1626164,Devin Booker,Devin,1610612756,PHX,23.0,70,34,36,0.486,2511.66,112.2,268,0.106,0.153,49,0.129,18,0.085,856.0,656.0,673.0,2600.0,4.91,4.913197296087298,29,109,437,243,2,420,75,351,356,123,433,189,389,525,523,516,529,112,70,411,213,198,94,4,44,98,38,29,67,0.567,0.433,3,78,48,9,81,0.037,0.963,0.814,0.153,1626164,Devin Booker,0.3516203966005666,0.14720679886685553,5207.0,9.183673469387756,0.0,26.732673267326707,10.35663770458678,13.93188854489164,45.0199203187251,32.58470760919171,26.570048309178745,27.61904761904762,11.76470588235294,23.235862460926402,31.697991686533776,31.00687380901011,31.352432747771942,29.11392405063291,17.50663129973475,23.89064231272874,2019-20
1628984,Devonte' Graham,Devonte',1610612766,CHA,25.0,63,23,40,0.365,2211.2316666666666,111.8,170,0.078,0.119,62,0.201,15,0.081,745.0,623.0,520.0,2312.0,4.57,4.570123879165145,107,213,484,375,17,405,182,449,444,66,229,227,394,498,519,458,518,129,63,304,106,198,129,13,4,9,30,28,58,0.517,0.483,0,53,32,8,53,0.0,1.0,0.889,0.222,1628984,Devonte' Graham,0.33047777777777776,0.16032222222222223,4281.6,7.653061224489796,21.818181818181817,28.712871287128717,17.875805947941732,2.8895768833849327,45.0199203187251,28.16778294458903,43.47826086956522,40.0,38.23529411764706,40.950127877237854,42.99715517740853,15.072548583556705,29.034851880482616,13.60759493670886,10.875331564986737,12.378076419433906,2019-20
1628415,Dillon Brooks,Dillon,1610612763,MEM,24.0,73,34,39,0.466,2111.9883333333332,108.9,175,0.076,0.108,63,0.193,27,0.115,747.0,580.0,606.0,1972.0,6.19,6.194603885825364,2,109,477,276,31,282,177,455,461,63,250,126,327,500,504,499,475,58,73,549,255,294,163,3,10,25,28,38,66,0.424,0.576,3,85,59,13,88,0.034,0.966,0.922,0.203,1628415,Dillon Brooks,0.29715384615384616,0.16223646723646723,4439.6,13.77551020408163,47.57575757575758,43.06930693069304,32.92904596582107,18.26625386996904,83.26693227091634,57.26666091053742,59.90338164251207,40.95238095238095,8.823529411764707,40.50056834327933,60.806327954608875,12.74687431504738,36.77660113482813,14.39873417721519,19.363395225464192,16.63283164892724,2019-20
1627734,Domantas Sabonis,Domantas,1610612754,IND,24.0,62,37,25,0.597,2158.65,106.8,582,0.262,0.383,47,0.144,30,0.149,635.0,529.0,601.0,2074.0,7.6,7.596166424753561,123,91,307,161,22,195,5,22,19,134,401,111,264,456,475,494,491,25,62,698,473,225,87,0,437,977,30,22,52,0.577,0.423,48,175,158,89,223,0.215,0.785,0.935,0.527,1627734,Domantas Sabonis,0.33137982195845694,0.14049554896142433,4338.2,15.306122448979592,39.84848484848485,53.46534653465348,33.435755310224906,40.76367389060888,55.77689243027888,49.77160501441087,23.18840579710145,25.71428571428571,0.0,18.27536231884058,42.51507938732238,39.16057466676213,40.83782702704225,78.79746835443038,43.236074270557026,62.79484101668737,2019-20
1628378,Donovan Mitchell,Donovan,1610612762,UTA,23.0,69,43,26,0.623,2363.9666666666667,108.6,251,0.101,0.144,70,0.236,14,0.074,820.0,587.0,624.0,2296.0,7.18,7.177670170708585,37,42,328,124,10,271,92,367,384,46,141,234,400,518,507,506,516,29,68,346,175,171,131,3,24,52,41,29,70,0.586,0.414,0,131,72,17,131,0.0,1.0,0.758,0.179,1628378,Donovan Mitchell,0.36938260869565215,0.15845797101449274,4803.8,7.142857142857142,23.03030303030303,44.554455445544576,22.056362779135064,10.010319917440661,34.26294820717131,24.561896891279055,44.44444444444444,47.61904761904761,8.823529411764707,36.65032679738562,22.205405167136306,17.33748386174204,19.771444514439175,26.424050632911396,31.56498673740053,28.73747187993151,2019-20
1628978,Donte DiVincenzo,Donte,1610612749,MIL,23.0,66,53,13,0.803,1520.4066666666668,99.6,252,0.14,0.192,85,0.331,20,0.109,545.0,361.0,483.0,1298.0,8.72,8.715912099842203,70,1,153,12,145,44,90,219,254,25,37,174,338,405,355,432,349,12,66,315,158,157,148,1,21,54,39,32,71,0.549,0.451,4,20,15,6,24,0.167,0.833,0.789,0.316,1628978,Donte DiVincenzo,0.2735787965616046,0.12034383954154727,3233.0,10.204081632653061,98.63636363636363,89.10891089108915,60.88158764856078,8.25593395252838,28.68525896414343,20.51352895949741,52.65700483091788,61.904761904761905,2.941176470588235,43.46476271668087,73.40544549444259,63.64349702807207,68.52447126125733,26.582278481012654,2.122015915119363,15.575160326360676,2019-20
1627827,Dorian Finney-Smith,Dorian,1610612742,DAL,27.0,71,40,31,0.563,2119.5383333333334,109.5,260,0.113,0.162,45,0.171,39,0.196,629.0,594.0,703.0,2128.0,5.82,5.8201803997700035,21,66,391,197,29,319,82,319,328,143,306,77,197,453,512,521,498,69,71,607,349,258,110,2,29,73,32,35,67,0.478,0.522,4,133,65,26,137,0.029,0.971,0.823,0.329,1627827,Dorian Finney-Smith,0.29561467889908255,0.1495474006116208,4254.4,19.897959183673468,35.75757575757576,40.0990099009901,30.499087663868426,27.966976264189885,68.92430278884463,52.541372178982726,34.29951690821256,23.809523809523807,5.88235294117647,23.523728331912473,61.62889882897139,28.163205830187877,44.89605232957963,27.848101265822784,32.09549071618037,29.7594265184837,2019-20
1629130,Duncan Robinson,Duncan,1610612748,MIA,26.0,73,44,29,0.603,2165.63,106.2,222,0.099,0.138,35,0.111,19,0.093,782.0,497.0,527.0,1922.0,8.06,8.05810380454035,2,32,365,152,20,181,119,380,404,198,454,182,361,509,454,462,464,18,73,462,210,252,81,9,58,132,11,25,36,0.306,0.694,1,81,54,7,82,0.012,0.988,0.806,0.104,1629130,Duncan Robinson,0.2996594005449591,0.1518174386920981,4279.4,9.693877551020408,51.36363636363637,56.43564356435643,35.96373463877,13.622291021671826,66.53386454183267,45.36923513376833,20.28985507246377,14.285714285714285,26.47058823529412,19.733589087809037,59.467294746955844,25.40526778515419,42.43628126605502,21.835443037974684,18.30238726790451,20.245567941443106,2019-20
202339,Eric Bledsoe,Eric,1610612749,MIL,30.0,61,48,13,0.787,1646.2833333333333,100.8,239,0.121,0.162,57,0.242,26,0.116,535.0,371.0,436.0,1358.0,8.96,8.959667624411995,140,15,153,19,123,56,106,284,331,86,128,129,326,398,364,391,363,10,61,374,176,198,99,3,29,72,31,39,70,0.443,0.557,3,38,29,7,41,0.073,0.927,0.906,0.219,202339,Eric Bledsoe,0.29128901734104046,0.12920520231213872,3551.1,13.26530612244898,94.0909090909091,83.1683168316832,59.03001983871857,10.113519091847266,45.0199203187251,31.057359827973965,28.985507246376812,35.23809523809524,8.823529411764707,26.13341858482524,63.940644481682476,52.877558903051394,58.40910169236693,24.525316455696203,6.896551724137931,16.59237232649498,2019-20
1629672,Eric Paschall,Eric,1610612744,GSW,23.0,60,14,46,0.233,1653.795,114.2,193,0.116,0.176,32,0.116,13,0.091,653.0,471.0,575.0,1712.0,2.27,2.268956552748888,151,339,526,490,122,472,150,308,298,221,446,244,368,462,432,484,426,274,60,354,202,152,69,3,52,128,20,19,39,0.513,0.487,1,102,49,21,103,0.01,0.99,0.961,0.412,1629672,Eric Paschall,0.2734744318181818,0.1257556818181818,3400.6,6.63265306122449,67.27272727272727,16.8316831683168,30.40643656202354,12.796697626418988,26.693227091633464,21.134615305547673,14.492753623188406,11.428571428571429,8.823529411764707,12.00298380221654,73.46122071833993,57.0684858699712,65.26485329415556,17.246835443037973,23.872679045092838,20.228465063962663,2019-20
203095,Evan Fournier,Evan,1610612753,ORL,27.0,66,28,38,0.424,2075.64,109.5,153,0.074,0.104,71,0.2,15,0.067,557.0,467.0,449.0,1998.0,5.72,5.719764948017697,70,172,467,327,39,322,201,461,471,43,230,227,412,408,426,405,480,74,66,343,151,192,134,5,9,21,33,33,66,0.5,0.5,1,57,34,8,58,0.017,0.983,0.739,0.174,203095,Evan Fournier,0.3105382262996942,0.12294495412844038,4207.0,7.653061224489796,45.60606060606061,40.0990099009901,29.048098177164654,7.533539731682147,42.62948207171315,28.591105135700747,45.893719806763286,48.57142857142857,14.705882352941178,39.03395851094061,53.6533682971729,60.48332410393494,57.06834620055392,10.917721518987342,11.936339522546419,11.376099620588928,2019-20
1627832,Fred VanVleet,Fred,1610612761,TOR,26.0,54,40,14,0.741,1928.1533333333334,104.3,185,0.088,0.13,100,0.289,17,0.089,648.0,537.0,500.0,1604.0,8.21,8.207790814803758,232,66,168,45,65,112,165,426,420,12,55,195,380,459,482,443,402,16,54,361,129,232,226,1,20,51,29,47,76,0.382,0.618,0,70,49,9,70,0.0,1.0,0.803,0.148,1627832,Fred VanVleet,0.32128104575163396,0.16260457516339868,3950.7,8.673469387755102,75.45454545454545,65.84158415841587,46.33887470379692,5.263157894736842,58.56573705179283,37.24470538897044,90.33816425120773,76.19047619047619,2.941176470588235,63.53722648479682,47.91212714072823,12.29964884112525,30.10588799092674,15.981012658227847,15.384615384615385,15.71263388510224,2019-20
1627788,Furkan Korkmaz,Furkan,1610612755,PHI,22.0,72,42,30,0.583,1558.9133333333334,106.6,150,0.093,0.133,41,0.162,16,0.091,526.0,371.0,482.0,1622.0,5.75,5.753603448640101,9,51,383,175,141,188,208,404,413,163,334,213,367,392,364,430,406,73,72,295,169,126,72,6,8,18,8,20,28,0.286,0.714,0,17,7,3,17,0.0,1.0,0.7,0.3,1627788,Furkan Korkmaz,0.27343785310734464,0.10998022598870057,3194.5,8.16326530612245,74.0909090909091,54.45544554455448,42.81098569040578,9.39112487100103,16.334661354581673,13.557246761149417,15.942028985507244,20.0,17.647058823529413,17.788576300085253,73.48076932948877,76.2345651459307,74.85766723770973,10.443037974683545,1.3262599469496021,6.340487862203271,2019-20
202066,Garrett Temple,Garrett,1610612751,BKN,34.0,62,30,32,0.484,1729.7716666666668,106.9,189,0.096,0.139,49,0.225,29,0.18,630.0,476.0,447.0,1604.0,6.1,6.0993857551750015,123,152,397,247,108,204,157,394,398,123,168,117,224,454,436,403,402,62,62,388,200,188,101,2,16,36,26,29,55,0.473,0.527,1,38,25,6,39,0.026,0.974,0.758,0.182,202066,Garrett Temple,0.2827202380952381,0.1191220238095238,3600.6,14.795918367346939,75.45454545454545,52.97029702970294,45.57003251345542,12.59029927760578,41.03585657370518,29.65763365526542,29.951690821256037,27.61904761904762,5.88235294117647,23.1179312304632,68.52002220338535,65.12791798133631,66.82397009236084,16.61392405063291,6.896551724137931,12.24110650371017,2019-20
203914,Gary Harris,Gary,1610612743,DEN,25.0,56,37,19,0.661,1780.2,107.1,137,0.077,0.113,76,0.246,14,0.093,581.0,441.0,460.0,1762.0,6.13,6.130892350248751,206,91,226,88,95,213,224,450,451,39,122,234,362,425,407,412,436,61,56,253,88,165,146,3,14,34,19,39,58,0.328,0.672,0,28,20,3,28,0.0,1.0,0.87,0.13,203914,Gary Harris,0.2810526315789474,0.12419504643962849,3525.6,7.142857142857142,63.48484848484849,51.980198019802,38.07188933179033,1.0319917440660475,31.872509960159363,19.536302673722037,51.690821256038646,53.333333333333336,8.823529411764707,41.548877522023304,69.41123434810355,58.96454907787684,64.1878917129902,8.38607594936709,4.244031830238726,6.5221560957593265,2019-20
203507,Giannis Antetokounmpo,Giannis,1610612749,MIL,25.0,63,51,12,0.81,1916.88,97.4,716,0.307,0.409,61,0.207,66,0.25,579.0,413.0,487.0,1444.0,12.3,12.298735432074572,107,7,141,11,67,29,1,9,11,71,212,26,147,422,386,437,382,1,63,589,350,239,131,2,149,344,65,32,97,0.67,0.33,20,102,58,34,122,0.164,0.836,0.935,0.548,203507,Giannis Antetokounmpo,0.23934911242603552,0.12417455621301776,4067.0,33.6734693877551,87.57575757575758,100.0,69.12090290661719,28.07017543859649,61.354581673306775,48.04081917942266,44.44444444444444,39.04761904761905,5.88235294117647,32.915032679738566,91.69867588990881,58.98944327503022,75.34405958246951,100.0,23.872679045092838,65.74270557029179,2019-20
203922,Glenn Robinson III,Glenn,1610612755,PHI,26.0,62,17,45,0.274,1786.4316666666666,114.3,189,0.106,0.158,54,0.176,16,0.092,677.0,516.0,520.0,1850.0,2.4,2.397319631083651,123,295,520,472,93,475,157,352,343,98,294,213,364,474,469,458,451,262,62,475,265,210,95,0,27,72,30,26,56,0.536,0.464,2,35,18,4,37,0.054,0.946,0.818,0.182,203922,Glenn Robinson III,0.31382215743440234,0.13774927113702623,3654.7,8.16326530612245,56.81818181818182,16.33663366336633,27.2358281746542,19.298245614035086,49.800796812749006,37.599776333263435,27.053140096618357,32.38095238095238,0.0,22.154589371980677,51.89835038312687,42.49711080652034,47.197730594823604,16.61392405063291,6.10079575596817,11.883016318033778,2019-20
201609,Goran Dragic,Goran,1610612748,MIA,34.0,59,37,22,0.627,1662.8666666666666,108.2,158,0.09,0.131,40,0.155,10,0.06,627.0,486.0,379.0,1524.0,5.25,5.252669543265547,162,91,270,118,121,260,195,421,418,169,356,271,424,452,447,359,388,97,59,315,167,148,76,7,22,53,26,25,51,0.51,0.49,1,25,19,8,26,0.038,0.962,0.864,0.364,201609,Goran Dragic,0.2886278409090909,0.10572727272727273,3298.8,5.1020408163265305,81.51515151515152,46.53465346534652,42.20478272317027,9.184726522187821,25.099601593625497,18.733651565050426,17.874396135265698,19.047619047619047,20.588235294117645,18.963483944302357,65.36284614150006,81.4016069256773,73.38222653358868,11.708860759493671,3.4482758620689653,7.991597555652555,2019-20
202330,Gordon Hayward,Gordon,1610612738,BOS,30.0,52,34,18,0.654,1739.9883333333332,105.4,293,0.159,0.231,38,0.125,22,0.111,523.0,508.0,467.0,1612.0,7.0,7.000210550798514,245,109,216,97,107,152,59,160,168,183,439,155,332,390,461,416,404,32,52,320,178,142,68,0,30,77,26,25,51,0.51,0.49,7,69,45,13,76,0.092,0.908,0.918,0.265,202330,Gordon Hayward,0.274317880794702,0.12472185430463575,3581.8,11.224489795918368,74.84848484848486,60.396039603960375,45.785775516327135,10.319917440660474,22.709163346613543,17.753464984232316,14.009661835748794,17.142857142857142,0.0,11.603864734299517,73.01045972407559,58.32451424065462,65.6674869823651,33.06962025316456,15.119363395225463,24.99200466709197,2019-20
203084,Harrison Barnes,Harrison,1610612758,SAC,28.0,72,31,41,0.431,2481.615,111.4,278,0.111,0.162,43,0.111,12,0.058,842.0,607.0,640.0,2426.0,5.5,5.500112683235539,9,144,494,315,4,392,71,323,329,156,455,248,428,522,518,509,521,88,72,584,299,285,99,3,52,124,30,25,55,0.545,0.455,14,142,74,22,156,0.09,0.91,0.771,0.229,203084,Harrison Barnes,0.3315416666666667,0.17180277777777778,5063.9,6.122448979591836,13.18181818181818,30.693069306930653,14.73588328220576,22.807017543859647,79.6812749003984,56.93157195778291,28.985507246376812,21.904761904761905,8.823529411764707,21.466751918158568,42.42858538042936,1.124473783801731,21.776529582115547,30.69620253164557,34.48275862068966,32.40015277171541,2019-20
202355,Hassan Whiteside,Hassan,1610612757,POR,31.0,67,34,33,0.507,2008.0833333333333,112.0,647,0.294,0.435,26,0.106,196,0.647,576.0,625.0,631.0,1882.0,4.0,3.9959481298598347,59,109,410,216,54,415,3,11,9,250,463,1,9,420,520,508,457,158,67,938,798,140,76,4,294,683,32,18,50,0.64,0.36,63,126,107,72,189,0.333,0.667,0.899,0.605,202355,Hassan Whiteside,0.339421568627451,0.15200653594771243,4058.9,100.0,54.39393939393939,27.72277227722771,65.96857185718571,74.30340557275542,21.91235059760956,42.868772587667905,17.874396135265698,5.714285714285714,11.76470588235294,12.090934924694515,38.21736153473445,25.175527799752455,31.696444667243455,89.08227848101265,30.238726790450926,62.602680220259884,2019-20
202397,Ish Smith,Ish,1610612764,WAS,31.0,68,23,45,0.338,1786.92,113.1,189,0.103,0.156,59,0.198,30,0.175,557.0,549.0,398.0,1920.0,3.02,3.0191605095460394,48,213,520,395,92,436,157,358,346,78,243,111,230,408,489,369,463,223,68,279,155,124,98,6,12,32,25,47,72,0.347,0.653,1,30,16,3,31,0.032,0.968,0.762,0.143,202397,Ish Smith,0.37442406876790835,0.14278510028653296,3783.0,15.306122448979592,51.515151515151516,22.277227722772288,29.722058940587935,7.946336429308566,15.53784860557769,12.501243735070041,28.502415458937197,37.142857142857146,17.647058823529413,28.812730889457235,19.51111823576807,36.378929389583895,27.945023812675984,16.61392405063291,4.774535809018567,11.286199341906457,2019-20
200755,JJ Redick,JJ,1610612740,NOP,36.0,60,26,34,0.433,1580.9666666666667,112.7,141,0.083,0.125,20,0.079,10,0.062,685.0,478.0,521.0,1718.0,2.88,2.876855849736702,151,193,420,312,136,429,218,433,433,297,479,271,421,478,439,460,428,228,59,222,120,102,44,14,42,100,13,19,32,0.406,0.594,3,62,37,4,65,0.046,0.954,0.804,0.087,200755,JJ Redick,0.3476810631229236,0.16522259136212625,3394.7,5.1020408163265305,66.81818181818183,24.257425742574227,31.491536398537807,4.3343653250774,6.772908366533864,5.797491149951278,2.4154589371980677,0.0,41.17647058823529,11.26030122193805,33.80327359990715,9.118941636659725,21.46110761828344,9.018987341772151,13.262599469496022,10.928612799247894,2019-20
1629630,Ja Morant,Ja,1610612763,MEM,20.0,67,33,34,0.493,2074.3233333333333,108.1,208,0.09,0.13,58,0.188,18,0.079,764.0,588.0,552.0,1914.0,6.53,6.530015791375287,59,125,420,235,40,255,139,418,422,83,267,189,395,506,508,478,462,44,67,352,167,185,99,3,12,26,29,38,67,0.433,0.567,1,52,36,6,53,0.019,0.981,0.818,0.136,1629630,Ja Morant,0.30808450704225354,0.1300985915492958,4352.4,9.183673469387756,51.96969696969697,47.02970297029705,33.6202890697233,9.184726522187821,39.8406374501992,27.578273078994652,28.985507246376812,36.19047619047619,8.823529411764707,26.466751918158568,54.96469946588536,51.79215324956515,53.37842635772526,19.62025316455696,10.610079575596817,15.565675049524897,2019-20
203109,Jae Crowder,Jae,1610612748,MIA,29.0,65,29,36,0.446,1874.7316666666666,111.9,332,0.169,0.242,72,0.233,24,0.117,711.0,547.0,538.0,1820.0,3.97,3.9741099613585753,85,162,437,296,78,410,41,135,143,42,150,140,324,484,486,471,444,162,65,429,207,222,127,5,22,52,18,33,51,0.353,0.647,3,77,34,14,80,0.038,0.963,0.708,0.292,203109,Jae Crowder,0.3181948051948052,0.1579512987012987,3870.0,12.244897959183673,59.09090909090909,28.217821782178177,32.6342328110362,13.312693498452013,54.581673306772906,38.07408138344455,42.51207729468599,49.523809523809526,14.705882352941178,38.014634839443026,49.56149408604673,17.95305540696883,33.757274746507775,39.24050632911392,17.24137931034483,29.340899170667832,2019-20
1627750,Jamal Murray,Jamal,1610612743,DEN,23.0,59,38,21,0.644,1903.4816666666666,107.7,191,0.101,0.145,67,0.225,17,0.108,620.0,438.0,486.0,1880.0,6.18,6.17542883069243,162,81,256,101,71,237,154,369,382,55,167,195,341,449,406,434,456,59,59,390,174,216,123,5,39,84,34,39,73,0.466,0.534,5,43,28,5,48,0.104,0.896,0.933,0.167,1627750,Jamal Murray,0.37278507462686566,0.1381044776119403,3746.5,8.673469387755102,54.54545454545454,49.009900990099,34.81277209353588,9.907120743034056,52.191235059760956,35.277589333070196,40.57971014492754,44.761904761904766,14.705882352941178,35.57502131287298,20.387039185554382,42.06555969756191,31.226299441558147,16.930379746835442,8.222811671087534,13.011974112748884,2019-20
201935,James Harden,James,1610612745,HOU,30.0,68,43,25,0.632,2482.55,108.2,376,0.139,0.209,125,0.278,60,0.216,894.0,741.0,818.0,2562.0,7.68,7.684975006419958,48,42,307,108,3,258,22,227,212,1,75,34,176,528,527,529,526,23,68,549,341,208,220,8,28,62,57,43,100,0.57,0.43,2,106,65,15,108,0.019,0.981,0.915,0.211,201935,James Harden,0.35556948228882834,0.15846594005449594,5210.1,30.612244897959183,2.878787878787879,46.53465346534652,24.886137083096063,27.141382868937047,49.00398406374502,40.25894358582183,87.43961352657004,100.0,23.52941176470588,75.85819835180448,29.58749793903986,17.327802033584085,23.45764998631197,46.20253164556962,24.93368700265252,36.63155155625692,2019-20
1628991,Jaren Jackson Jr.,Jaren,1610612763,MEM,20.0,57,28,29,0.491,1621.9933333333333,110.9,207,0.12,0.172,40,0.156,92,0.467,594.0,457.0,479.0,1552.0,3.81,3.8069319261851726,190,172,365,239,130,379,142,292,306,169,353,13,60,437,418,426,391,174,57,716,507,209,106,0,97,213,30,22,52,0.577,0.423,2,105,52,12,108,0.019,0.972,0.897,0.207,1628991,Jaren Jackson Jr.,0.3317019230769231,0.13974038461538463,3446.6,46.93877551020408,79.39393939393939,33.16831683168313,54.8554681998812,44.27244582043344,49.40239043824701,47.35041259112158,32.367149758454104,19.047619047619047,0.0,19.613526570048307,42.34294020112943,40.078046711882166,41.2104934565058,19.462025316455698,24.6684350132626,21.804909680018802,2019-20
1628386,Jarrett Allen,Jarrett,1610612751,BKN,22.0,70,33,37,0.471,1851.8633333333332,109.6,455,0.226,0.33,40,0.165,92,0.511,580.0,487.0,503.0,1844.0,4.99,4.985731251752586,29,125,452,266,83,325,14,38,42,169,324,13,36,424,448,445,450,109,70,1008,856,152,86,1,307,724,39,24,63,0.619,0.381,28,227,114,69,255,0.11,0.89,0.809,0.489,1628386,Jarrett Allen,0.315242774566474,0.1190028901734104,3820.9,46.93877551020408,57.27272727272727,39.603960396039625,48.721954848546076,80.28895768833848,26.693227091633464,48.13151933031547,22.705314009661837,19.047619047619047,2.941176470588235,16.48408638817846,51.1391357670116,65.27265704554235,58.20589640627698,58.70253164556962,57.02917771883289,57.9495223785381,2019-20
1629633,Jarrett Culver,Jarrett,1610612750,MIN,21.0,63,19,44,0.302,1505.6066666666666,109.3,142,0.092,0.133,57,0.211,38,0.197,509.0,407.0,394.0,1588.0,4.25,4.252846897999103,107,264,515,443,148,308,215,408,415,86,202,80,193,378,382,367,399,147,63,310,179,131,105,1,7,16,33,22,55,0.6,0.4,3,25,16,7,28,0.107,0.893,0.842,0.368,1629633,Jarrett Culver,0.2585441176470588,0.10368529411764706,3202.7,19.387755102040817,76.66666666666667,41.0891089108911,44.860712601872436,10.42311661506708,18.326693227091635,15.165262582281812,31.88405797101449,35.23809523809524,2.941176470588235,25.82225063938619,81.4403675876865,83.88246860948108,82.6614180985838,9.177215189873419,3.4482758620689653,6.599192492361415,2019-20
1627759,Jaylen Brown,Jaylen,1610612738,BOS,23.0,57,38,19,0.667,1933.665,106.8,302,0.149,0.216,65,0.201,20,0.096,584.0,509.0,510.0,1772.0,6.86,6.856556885194397,190,81,226,78,63,196,54,187,192,58,224,174,357,429,462,450,438,36,57,436,191,245,127,0,22,50,35,29,64,0.547,0.453,4,93,56,15,97,0.041,0.959,0.903,0.242,1627759,Jaylen Brown,0.31753592814371256,0.14127245508982036,3928.6,10.204081632653061,62.727272727272734,53.46534653465348,39.40251474127005,11.661506707946337,63.745019920318725,42.91161463536977,42.51207729468599,42.857142857142854,0.0,32.00483091787439,49.91361505947395,38.21668787149183,44.065151465482884,34.49367088607595,21.485411140583555,28.63995400060437,2019-20
1628369,Jayson Tatum,Jayson,1610612738,BOS,22.0,66,46,20,0.697,2265.085,103.5,396,0.165,0.238,93,0.23,57,0.209,653.0,599.0,606.0,1972.0,10.28,10.279784529716999,70,21,242,65,15,86,21,143,148,16,156,38,180,462,516,499,475,3,66,449,230,219,190,0,28,64,40,51,91,0.44,0.56,3,86,44,18,89,0.034,0.966,0.88,0.36,1628369,Jayson Tatum,0.32072463768115944,0.14021739130434782,4598.9,29.081632653061224,47.57575757575758,69.8019801980198,45.734663262244595,15.686274509803921,53.38645418326693,38.30638231388172,72.94685990338165,69.52380952380952,0.0,53.512077294685994,48.20948603503689,39.49851683238757,43.85400143371223,49.36708860759494,19.628647214854112,35.984789980861564,2019-20
203924,Jerami Grant,Jerami,1610612743,DEN,26.0,71,45,26,0.634,1891.945,112.3,190,0.099,0.15,50,0.175,57,0.292,650.0,499.0,481.0,1950.0,3.66,3.662824515954805,21,29,328,107,73,422,155,379,368,121,296,38,131,461,458,427,470,183,71,485,285,200,93,5,40,95,21,16,37,0.568,0.432,12,138,58,12,150,0.08,0.92,0.795,0.164,203924,Jerami Grant,0.2805331491712707,0.10833977900552487,3790.1,29.081632653061224,49.24242424242424,26.237623762376238,35.426907486667034,21.36222910216718,45.81673306772908,36.034931481504316,26.08695652173913,28.57142857142857,14.705882352941178,24.111253196930942,69.68885921114301,78.2275938905453,73.95822655084416,16.77215189873418,33.42175066312997,24.264471342712284,2019-20
202710,Jimmy Butler III,Jimmy,1610612748,MIA,30.0,58,38,20,0.655,1959.1033333333332,108.0,280,0.139,0.193,103,0.323,32,0.188,631.0,479.0,446.0,1782.0,6.14,6.139957022247271,173,81,242,92,61,247,70,223,251,7,39,104,208,455,442,402,440,60,58,368,164,204,197,1,45,104,51,32,83,0.614,0.386,17,83,63,17,100,0.17,0.83,0.887,0.239,202710,Jimmy Butler III,0.27608256880733945,0.13378593272171252,3892.2,16.3265306122449,61.969696969696976,47.524752475247524,40.10119430310378,8.875128998968009,47.410358565737056,31.996266739029437,76.32850241545893,79.04761904761905,2.941176470588235,58.9333617504973,72.06736471147074,47.31229073453236,59.68982772300156,31.0126582278481,18.83289124668435,25.531763086324414,2019-20
203925,Joe Harris,Joe,1610612751,BKN,28.0,69,33,36,0.478,2123.015,109.9,234,0.102,0.145,41,0.147,17,0.085,658.0,526.0,605.0,2168.0,5.54,5.543468284353275,37,125,437,255,27,341,107,361,383,163,390,195,388,466,473,498,503,85,69,549,339,210,64,2,39,94,35,34,69,0.507,0.493,6,107,70,14,113,0.053,0.947,0.854,0.171,203925,Joe Harris,0.3417994186046512,0.13447093023255816,4396.9,8.673469387755102,32.72727272727273,38.11881188118809,24.453636179944517,26.93498452012384,49.800796812749006,40.65447189569894,12.077294685990339,20.0,5.88235294117647,13.301506109690253,36.946576875825585,46.48006650351094,41.71332168966826,23.734177215189874,25.198938992042443,24.39332001477353,2019-20
204060,Joe Ingles,Joe,1610612762,UTA,32.0,72,44,28,0.611,2136.576666666667,105.6,251,0.112,0.159,65,0.223,11,0.056,738.0,544.0,527.0,2118.0,8.39,8.385627575851224,9,32,354,147,25,162,92,321,339,58,173,262,431,494,485,462,497,13,72,328,133,195,164,7,47,113,31,29,60,0.517,0.483,0,104,48,7,104,0.0,1.0,0.842,0.123,204060,Joe Ingles,0.3285606936416185,0.09041907514450867,4326.8,5.612244897959184,36.515151515151516,59.40594059405944,29.87668613800156,5.675954592363261,43.82470119521912,28.565202554076777,60.38647342995169,42.857142857142854,20.588235294117645,44.30164819551009,44.02169462835289,100.0,72.01084731417644,26.424050632911396,24.40318302387268,25.514660208843974,2019-20
203954,Joel Embiid,Joel,1610612755,PHI,26.0,51,32,19,0.627,1505.815,102.0,452,0.279,0.39,45,0.188,65,0.401,498.0,350.0,407.0,1328.0,7.64,7.641910766105757,249,133,226,117,147,64,15,15,14,143,264,29,83,368,347,374,357,24,51,499,414,85,86,5,148,322,47,32,79,0.595,0.405,32,198,130,69,230,0.139,0.861,0.861,0.457,203954,Joel Embiid,0.3327291666666667,0.11654513888888889,3058.8,33.16326530612245,96.36363636363636,77.22772277227725,66.29950954279101,34.6749226006192,0.0,13.86996904024768,22.705314009661837,23.809523809523807,14.705882352941178,21.09192952543336,41.79395460181686,68.25865354978914,55.026304075803,58.22784810126582,49.3368700265252,54.22690796763254,2019-20
202685,Jonas Valanciunas,Jonas,1610612763,MEM,28.0,70,32,38,0.457,1845.1033333333332,107.3,575,0.279,0.386,30,0.116,76,0.386,655.0,464.0,535.0,1688.0,6.28,6.279392162069115,29,133,467,281,85,220,6,14,15,232,445,22,89,465,423,468,423,52,70,817,678,139,58,1,269,600,36,16,52,0.692,0.308,101,315,232,124,417,0.242,0.755,0.829,0.443,202685,Jonas Valanciunas,0.32185344827586204,0.1316522988505747,3879.4,38.775510204081634,69.0909090909091,50.990099009901,52.43954701592609,61.91950464396285,21.51394422310757,37.67616839144968,9.178743961352657,9.523809523809524,2.941176470588235,7.740125035521455,47.60622039577613,49.9045071726576,48.75536378421687,77.68987341772153,80.37135278514589,78.8965391330625,2019-20
203903,Jordan Clarkson,Jordan,1610612762,UTA,28.0,71,34,37,0.479,1704.7283333333332,111.0,137,0.078,0.112,46,0.201,16,0.124,576.0,425.0,451.0,1716.0,3.94,3.944890996692293,21,109,452,254,110,380,224,447,455,138,226,213,316,420,396,407,427,165,71,319,178,141,78,0,21,49,36,23,59,0.61,0.39,2,72,42,13,74,0.027,0.973,0.875,0.271,203903,Jordan Clarkson,0.2735,0.10433233532934132,3428.8,8.16326530612245,66.96969696969697,32.67326732673266,34.873016893526085,10.319917440660474,22.31075697211155,17.51442115953112,18.84057971014493,24.761904761904763,0.0,16.20289855072464,73.4475564192789,83.09635863635629,78.27195752781759,8.38607594936709,15.915119363395224,11.77414548567975,2019-20
1628404,Josh Hart,Josh,1610612740,NOP,25.0,65,26,39,0.4,1755.215,111.2,364,0.195,0.282,63,0.232,23,0.145,721.0,479.0,518.0,1902.0,3.94,3.9395583675256134,85,193,477,339,102,389,28,83,84,63,151,146,271,488,442,456,461,165,65,494,289,205,108,2,9,21,30,33,63,0.476,0.524,0,68,28,11,68,0.0,1.0,0.966,0.379,1628404,Josh Hart,0.33122190201729107,0.10671181556195966,3723.7,11.73469387755102,52.87878787878788,31.68316831683166,31.122245387804078,21.775025799793603,47.808764940239044,37.395269284060866,33.33333333333333,40.95238095238095,5.88235294117647,29.13725490196078,42.59947589698178,80.20545600464187,61.40246595081183,44.303797468354425,14.854111405835543,31.05143874022093,2019-20
1629006,Josh Okogie,Josh,1610612750,MIN,21.0,62,19,43,0.306,1547.2933333333333,111.0,181,0.114,0.17,68,0.227,26,0.16,593.0,454.0,432.0,1648.0,3.62,3.6234121535994315,123,264,509,437,143,381,169,316,313,53,161,129,248,436,416,388,416,186,62,324,195,129,135,3,10,26,24,39,63,0.381,0.619,10,17,17,9,27,0.37,0.63,0.895,0.474,1629006,Josh Okogie,0.3053033033033033,0.10602702702702703,3301.3,13.26530612244898,72.12121212121212,32.67326732673266,38.716863523087,12.074303405572756,17.52988047808765,15.347649649081694,46.3768115942029,45.714285714285715,8.823529411764707,36.75660699062233,56.45104682953166,81.03742634449472,68.74423658701319,15.348101265822786,1.3262599469496021,9.038272672329855,2019-20
1626196,Josh Richardson,Josh,1610612755,PHI,26.0,55,33,22,0.6,1693.185,106.0,133,0.075,0.109,52,0.194,36,0.176,519.0,426.0,442.0,1642.0,6.42,6.423602281083731,220,125,270,153,113,175,231,457,459,111,248,88,228,389,397,398,413,47,54,334,209,125,114,1,12,25,22,39,61,0.361,0.639,4,26,21,5,30,0.133,0.867,0.913,0.217,1626196,Josh Richardson,0.2847820512820513,0.11399358974358975,3396.2,18.367346938775512,72.57575757575758,57.425742574257434,47.10488957058972,13.519091847265221,15.936254980079681,14.969389726953898,36.231884057971016,30.476190476190478,2.941176470588235,25.89471440750213,67.41813579656365,71.35860791712471,69.38837185684417,7.753164556962025,3.7135278514588856,5.935328039485612,2019-20
201950,Jrue Holiday,Jrue,1610612740,NOP,30.0,61,26,35,0.426,2116.8166666666666,109.5,216,0.095,0.137,99,0.286,48,0.215,817.0,573.0,694.0,2154.0,5.82,5.819128655973228,140,193,433,324,30,317,126,397,405,13,61,50,178,516,501,519,500,69,61,456,239,217,246,2,23,56,42,45,87,0.483,0.517,4,94,51,8,98,0.041,0.959,0.927,0.145,201950,Jrue Holiday,0.34124159021406725,0.134565749235474,4492.2,24.489795918367346,33.78787878787879,40.0990099009901,31.646428418352038,16.615067079463365,52.589641434262944,38.19981169234311,100.0,75.23809523809524,5.88235294117647,67.80392156862744,37.24469482601375,46.36486802389829,41.80478142495602,20.88607594936709,21.750663129973475,21.275140180639966,2019-20
203944,Julius Randle,Julius,1610612752,NYK,25.0,64,21,43,0.328,2080.4,111.6,471,0.223,0.316,51,0.151,22,0.116,746.0,519.0,601.0,1856.0,4.45,4.4549312612949405,100,235,509,416,38,398,12,43,53,114,378,155,325,499,471,494,452,138,64,497,281,216,84,0,98,232,54,39,93,0.581,0.419,35,140,115,64,175,0.2,0.8,0.95,0.529,203944,Julius Randle,0.30914848484848484,0.15789090909090908,4207.1,11.224489795918368,56.36363636363636,29.70297029702972,31.6428112198975,20.94943240454076,52.191235059760956,39.69451399767288,21.73913043478261,29.523809523809526,0.0,19.02898550724638,54.396082149173786,18.026424574407326,36.211253361790554,61.23417721518988,33.95225464190981,48.957312057213855,2019-20
203200,Justin Holiday,Justin,1610612754,IND,31.0,73,45,28,0.616,1825.7016666666666,106.4,206,0.104,0.163,87,0.296,46,0.24,572.0,583.0,488.0,1858.0,6.9,6.903766603876344,2,29,354,139,88,185,145,357,327,24,50,57,159,417,505,439,453,34,73,509,296,213,148,3,40,90,17,23,40,0.425,0.575,1,126,69,20,127,0.008,0.992,0.821,0.238,203200,Justin Holiday,0.30841525423728816,0.11910169491525424,3762.4,23.46938775510204,56.21212121212121,55.44554455445542,42.923383664897095,22.497420020639836,50.99601593625498,39.59657757000892,52.65700483091788,63.8095238095238,8.823529411764707,45.60201761864165,54.787939592278015,65.15261617094012,59.970277881609064,19.303797468354432,30.238726790450926,24.224515663297858,2019-20
202695,Kawhi Leonard,Kawhi,1610612746,LAC,29.0,57,41,16,0.719,1848.1083333333333,104.7,348,0.175,0.244,103,0.363,33,0.185,569.0,424.0,512.0,1582.0,7.53,7.532923685311391,190,60,194,57,84,133,34,119,136,7,23,97,213,415,393,451,397,26,57,411,190,221,201,0,23,53,39,39,78,0.5,0.5,0,88,47,17,88,0.0,1.0,0.797,0.288,202695,Kawhi Leonard,0.29380272108843536,0.12829591836734694,3794.9,16.83673469387755,77.12121212121212,63.86138613861385,49.69246465462872,11.55830753353973,54.18326693227091,37.133283172778434,78.26086956521739,79.04761904761905,0.0,58.971014492753625,62.59725604681057,53.982275518445036,58.2897657826278,41.77215189873418,20.159151193633953,32.04630158143908,2019-20
1626162,Kelly Oubre Jr.,Kelly,1610612756,PHX,24.0,56,22,34,0.393,1933.3716666666667,110.4,294,0.151,0.22,71,0.223,40,0.248,680.0,497.0,532.0,2040.0,4.81,4.80515201845629,206,221,420,353,64,365,58,183,183,43,170,72,153,475,454,465,485,117,56,330,182,148,173,3,7,14,28,29,57,0.491,0.509,4,46,33,13,50,0.08,0.92,0.971,0.382,1626162,Kelly Oubre Jr.,0.27462229102167185,0.11303405572755418,3941.0,20.408163265306122,42.42424242424242,35.64356435643561,31.9226412437162,10.732714138286893,25.099601593625497,19.352846611490055,64.73429951690821,48.57142857142857,8.823529411764707,45.09960215970446,72.8477750088255,72.52437486662544,72.68607493772546,33.22784810126582,9.018567639257293,22.333671893361984,2019-20
202689,Kemba Walker,Kemba,1610612738,BOS,30.0,56,37,19,0.661,1742.405,108.1,181,0.1,0.146,48,0.167,28,0.137,508.0,477.0,504.0,1556.0,5.5,5.502167765063967,206,91,226,88,106,253,169,377,378,130,313,121,287,377,438,446,392,88,56,396,195,201,91,18,13,29,29,34,63,0.46,0.54,0,27,15,3,27,0.0,1.0,0.833,0.167,202689,Kemba Walker,0.3475641025641026,0.15208653846153847,3542.5,14.285714285714285,79.0909090909091,47.02970297029705,45.15352963867816,12.074303405572756,46.21513944223107,32.55880502756774,25.120772946859905,26.666666666666668,52.94117647058824,32.61693662972436,33.865780354022114,25.078330321667526,29.47205533784482,15.348101265822786,3.978779840848806,10.231906624584497,2019-20
1629134,Kendrick Nunn,Kendrick,1610612748,MIA,24.0,67,42,25,0.627,1962.4683333333332,109.1,159,0.079,0.109,56,0.182,15,0.09,725.0,519.0,441.0,1784.0,5.62,5.619322497118562,59,51,307,119,60,295,194,444,458,90,280,227,377,489,471,397,441,81,67,419,177,242,99,1,16,39,23,26,49,0.469,0.531,1,72,49,9,73,0.014,0.986,0.875,0.161,1629134,Kendrick Nunn,0.3213743016759777,0.14507262569832402,3899.1,7.653061224489796,61.81818181818181,42.07920792079211,35.21739010635758,10.21671826625387,62.54980079681275,41.61656778458919,28.985507246376812,34.285714285714285,2.941176470588235,24.329497016197784,47.86228875767435,33.59974545587939,40.731017106776875,11.867088607594937,15.915119363395224,13.688702447705067,2019-20
203145,Kent Bazemore,Kent,1610612758,SAC,30.0,68,32,36,0.471,1687.7166666666667,106.6,267,0.144,0.212,74,0.288,40,0.197,524.0,488.0,462.0,1546.0,6.27,6.2667333357456,48,133,437,267,114,189,77,208,201,40,58,72,192,391,451,413,390,53,68,426,244,182,186,6,20,51,25,36,61,0.41,0.59,1,32,16,8,33,0.03,0.97,0.889,0.444,203145,Kent Bazemore,0.3121623188405797,0.1322927536231884,3507.1,20.408163265306122,79.84848484848484,54.45544554455448,49.724096389230766,17.131062951496386,38.645418326693225,30.03967617661449,71.01449275362319,51.42857142857142,17.647058823529413,50.81756180733163,52.78541114874265,49.12639926393769,50.95590520634017,28.955696202531644,5.305039787798409,18.31290081590169,2019-20
203484,Kentavious Caldwell-Pope,Kentavious,1610612747,LAL,27.0,69,51,18,0.739,1761.9616666666666,107.2,104,0.056,0.082,57,0.189,14,0.058,624.0,431.0,595.0,1684.0,6.1,6.09912736904939,37,7,216,46,98,216,275,503,503,86,263,234,427,451,401,491,421,62,69,219,90,129,107,3,16,35,22,32,54,0.407,0.593,9,63,34,10,72,0.125,0.875,0.81,0.238,203484,Kentavious Caldwell-Pope,0.29762253521126764,0.11069577464788731,3654.1,7.142857142857142,69.39393939393939,51.485148514851474,40.01630877373451,1.238390092879257,17.52988047808765,11.013284324004294,32.850241545893724,35.23809523809524,8.823529411764707,27.679312304632003,60.55584837445009,75.36522339910458,67.96053588677734,3.1645569620253164,13.527851458885943,7.8280394856125985,2019-20
1628989,Kevin Huerter,Kevin,1610612737,ATL,21.0,56,19,37,0.339,1760.375,113.6,193,0.106,0.158,51,0.195,27,0.141,728.0,530.0,577.0,2010.0,2.71,2.7142865093028288,206,264,452,391,99,456,150,348,344,114,247,126,281,490,476,486,481,237,56,354,178,176,115,0,15,38,16,23,39,0.41,0.59,5,53,41,9,58,0.086,0.914,0.953,0.209,1628989,Kevin Huerter,0.3379365079365079,0.13283492063492064,3714.0,13.77551020408163,44.696969696969695,19.801980198019812,26.104638525077,10.319917440660474,36.254980079681275,25.880955024072954,36.71497584541063,29.523809523809526,0.0,25.019323671497588,39.01101645901235,48.467704133984554,43.739360296498454,17.246835443037973,10.875331564986737,14.379658697914916,2019-20
201567,Kevin Love,Kevin,1610612739,CLE,31.0,56,16,40,0.286,1779.87,115.4,493,0.286,0.407,33,0.139,19,0.188,741.0,432.0,620.0,2068.0,1.78,1.7751058741881662,206,304,484,460,96,492,11,13,12,212,420,182,209,496,402,504,490,321,56,356,210,146,41,9,102,229,17,25,42,0.405,0.595,21,193,128,77,214,0.098,0.902,0.914,0.55,201567,Kevin Love,0.41093262411347514,0.15900709219858158,3583.4,9.693877551020408,40.303030303030305,10.89108910891084,20.706383903696477,13.622291021671826,24.302788844621514,20.03058971544164,0.966183574879227,12.380952380952381,26.47058823529412,11.337453822108554,0.0,16.670339897084787,8.335169948542394,64.71518987341773,48.01061007957559,57.198128966188776,2019-20
203114,Khris Middleton,Khris,1610612749,MIL,28.0,62,46,16,0.742,1852.6716666666666,100.9,338,0.157,0.208,53,0.181,7,0.031,588.0,397.0,506.0,1362.0,9.89,9.8882667579501,123,21,194,42,82,57,37,170,215,105,283,323,471,431,377,447,369,6,62,355,149,206,113,6,33,74,23,28,51,0.451,0.549,5,73,44,16,78,0.064,0.936,0.786,0.286,203114,Khris Middleton,0.240312865497076,0.12705555555555556,3920.6,3.571428571428571,93.78787878787878,82.67326732673267,54.922645836012165,7.327141382868938,48.20717131474104,31.855159341992195,35.748792270531396,31.428571428571427,17.647058823529413,29.711281614094915,91.18362126939124,55.489229880886896,73.33642557513906,40.189873417721515,16.180371352785148,29.38559748850015,2019-20
204001,Kristaps Porziņģis,Kristaps,1610612742,DAL,24.0,57,32,25,0.561,1813.7766666666666,109.3,440,0.221,0.312,41,0.169,115,0.561,516.0,473.0,614.0,1652.0,5.18,5.177070860966912,190,133,307,198,91,305,16,44,56,163,309,7,29,387,435,501,417,99,57,729,559,170,84,0,130,307,26,31,57,0.456,0.544,8,152,95,49,160,0.05,0.95,0.905,0.467,204001,Kristaps Porziņģis,0.3351314878892733,0.16693771626297577,3661.4,58.673469387755105,71.81818181818181,41.0891089108911,58.87802861918845,49.63880288957688,33.86454183266932,40.174246255432344,21.73913043478261,20.0,0.0,15.695652173913045,40.510091875096705,7.035184427158223,23.772638151127463,56.32911392405063,37.13527851458886,47.69188798979284,2019-20
1628398,Kyle Kuzma,Kyle,1610612747,LAL,24.0,61,46,15,0.754,1526.185,105.2,221,0.135,0.201,28,0.106,26,0.124,513.0,381.0,462.0,1478.0,6.23,6.232551205044016,140,21,179,30,144,146,120,241,232,237,462,129,315,384,369,413,385,56,61,403,269,134,39,6,22,54,16,21,37,0.432,0.568,9,105,54,23,114,0.079,0.921,0.9,0.383,1628398,Kyle Kuzma,0.2988563049853372,0.1300058651026393,3166.1,13.26530612244898,85.0,61.38613861386138,50.402657102444934,19.711042311661505,19.52191235059761,19.59756433502317,0.0,7.6190476190476195,17.647058823529413,7.078431372549019,59.89648982931632,51.90480941917484,55.90064962424558,21.677215189873415,24.6684350132626,23.02326411039855,2019-20
200768,Kyle Lowry,Kyle,1610612761,TOR,34.0,58,41,17,0.707,2098.3216666666667,104.0,260,0.115,0.168,82,0.208,26,0.127,702.0,558.0,559.0,1826.0,9.24,9.236211386360239,173,60,202,61,34,103,82,314,316,30,210,129,309,483,493,480,446,9,58,332,140,192,173,34,23,54,33,34,67,0.493,0.507,10,99,77,14,109,0.092,0.908,0.828,0.151,200768,Kyle Lowry,0.33467673716012086,0.16406948640483385,4351.7,13.26530612244898,58.63636363636363,67.32673267326733,42.660532890023696,6.398348813209494,42.62948207171315,28.137028768311684,64.73429951690821,59.04761904761905,100.0,71.56038647342996,40.75312245136334,10.519883787799762,25.63650311958155,27.848101265822784,23.076923076923077,25.70107108081792,2019-20
200746,LaMarcus Aldridge,LaMarcus,1610612759,SAS,34.0,53,23,30,0.434,1753.9383333333333,113.4,289,0.162,0.224,36,0.15,87,0.524,540.0,453.0,514.0,1724.0,2.76,2.7589710409827295,240,213,383,311,104,445,61,154,176,192,382,16,32,400,415,454,429,233,53,661,513,148,79,0,231,511,25,17,42,0.595,0.405,26,266,169,73,292,0.089,0.911,0.929,0.401,200746,LaMarcus Aldridge,0.302411149825784,0.12994076655052264,3491.9,44.38775510204081,66.36363636363637,20.792079207920747,46.18039457006925,44.89164086687307,25.099601593625497,33.01641730292452,19.32367149758454,15.238095238095239,0.0,13.062801932367151,57.99668860915686,51.983899622596184,54.99029411587652,32.436708860759495,67.37400530503979,48.158492260685634,2019-20
204038,Langston Galloway,Langston,1610612765,DET,28.0,66,20,46,0.303,1702.225,112.1,116,0.068,0.103,48,0.188,11,0.07,648.0,479.0,448.0,1822.0,3.43,3.4293949041841683,70,250,526,442,112,418,254,481,473,130,265,262,408,459,442,404,445,202,66,330,171,159,86,7,8,18,26,36,62,0.419,0.581,1,36,25,5,37,0.027,0.973,0.862,0.172,204038,Langston Galloway,0.3042168674698795,0.12956626506024096,3376.7,5.612244897959184,58.93939393939394,27.22772277227724,29.68061653104086,9.597523219814242,29.482071713147413,21.528252315814147,22.705314009661837,26.666666666666668,20.588235294117645,23.56251776072748,57.03166629806071,52.4388928303544,54.73527956420756,5.063291139240507,6.36604774535809,5.649531611993419,2019-20
2544,LeBron James,LeBron,1610612747,LAL,35.0,67,50,17,0.746,2316.266666666667,103.6,459,0.191,0.269,78,0.191,36,0.106,818.0,543.0,780.0,2150.0,10.35,10.348574653036856,59,12,202,40,14,90,13,92,100,34,256,88,343,517,484,525,499,2,67,274,151,123,129,10,31,70,30,48,78,0.385,0.615,11,94,57,34,105,0.105,0.895,0.814,0.486,2544,LeBron James,0.2856051873198847,0.11301729106628242,4750.8,18.367346938775512,34.090909090909086,69.30693069306935,36.60548963059572,7.533539731682147,15.139442231075698,12.097081231318278,43.47826086956522,55.23809523809524,29.411764705882355,44.07757885763001,66.97823056322115,72.54474276156566,69.7614866623934,59.33544303797469,21.750663129973475,42.422292079374145,2019-20
1628366,Lonzo Ball,Lonzo,1610612740,NOP,22.0,63,26,37,0.413,2025.215,110.3,312,0.142,0.204,88,0.278,38,0.166,841.0,564.0,667.0,2218.0,5.11,5.112322518337574,107,193,452,335,48,357,49,212,224,22,79,80,244,521,497,513,508,105,63,459,252,207,186,1,21,52,33,35,68,0.485,0.515,3,29,18,7,32,0.094,0.906,0.818,0.318,1628366,Lonzo Ball,0.3386906906906907,0.14628528528528528,4315.4,19.387755102040817,28.939393939393938,36.13861386138614,26.918543384950738,17.956656346749224,48.60557768924303,36.34600915224551,71.01449275362319,64.76190476190476,2.941176470588235,51.807757885762996,38.607961647641304,32.12644858067803,35.36720511415967,36.075949367088604,4.509283819628647,21.870949870731625,2019-20
101150,Lou Williams,Lou,1610612746,LAC,33.0,65,44,21,0.677,1863.7083333333333,107.4,170,0.081,0.12,43,0.172,12,0.067,643.0,534.0,556.0,1806.0,6.38,6.380764017950719,85,32,256,74,79,227,182,439,439,156,302,248,411,458,478,479,443,48,65,257,93,164,86,6,26,55,24,26,50,0.48,0.52,0,35,18,2,35,0.0,1.0,0.783,0.087,101150,Lou Williams,0.30090746268656715,0.1163134328358209,3923.1,6.122448979591836,60.151515151515156,50.495049504950465,36.12577227110466,1.5479876160990713,31.47410358565737,19.503657197834052,22.705314009661837,21.904761904761905,17.647058823529413,21.16055697641376,58.80029799016805,68.54016025424336,63.670229122205704,13.60759493670886,6.10079575596817,10.22953530537555,2019-20
1629029,Luka Dončić,Luka,1610612742,DAL,21.0,61,36,25,0.59,2047.245,111.4,495,0.224,0.32,62,0.238,14,0.072,611.0,562.0,647.0,2082.0,4.52,4.522851777310806,140,99,307,168,45,394,10,42,49,66,136,234,402,446,495,511,492,134,60,323,186,137,94,2,3,6,39,33,72,0.542,0.458,1,18,11,4,19,0.053,0.947,0.917,0.333,1629029,Luka Dončić,0.3691954397394137,0.14078827361563517,4126.2,7.142857142857142,39.24242424242424,30.693069306930653,24.265258668724005,11.145510835913312,20.717131474103585,16.888483218827474,26.570048309178745,40.0,5.88235294117647,26.098607558965615,22.305433108550783,38.80493461494516,30.55518386174797,65.03164556962025,1.5915119363395225,36.48358543464393,2019-20
1627763,Malcolm Brogdon,Malcolm,1610612754,IND,27.0,54,34,20,0.63,1666.2683333333334,105.7,216,0.124,0.182,35,0.14,10,0.055,536.0,413.0,458.0,1626.0,6.36,6.362122279641128,232,109,242,113,120,167,126,275,281,198,413,271,434,399,386,411,409,49,53,269,149,120,79,0,10,21,34,31,65,0.523,0.477,7,18,14,6,25,0.28,0.72,0.737,0.316,1627763,Malcolm Brogdon,0.2857443365695793,0.12732362459546925,3341.7,5.1020408163265305,73.7878787878788,58.910891089108894,42.59429667456541,7.327141382868938,13.94422310756972,11.297390417689407,19.32367149758454,14.285714285714285,0.0,12.729468599033815,66.90386559759838,55.1635446819328,61.03370513976559,20.88607594936709,1.5915119363395225,12.203522143504685,2019-20
202694,Marcus Morris Sr.,Marcus,1610612746,LAC,30.0,62,26,36,0.419,1936.2733333333333,109.9,252,0.128,0.182,47,0.159,30,0.168,610.0,470.0,533.0,1638.0,4.94,4.941608325055469,123,193,437,331,62,339,90,263,278,134,342,111,237,445,429,467,412,111,62,351,181,170,89,6,37,94,30,29,59,0.508,0.492,11,124,65,24,135,0.081,0.919,0.765,0.282,202694,Marcus Morris Sr.,0.28276323987538937,0.15718068535825544,3895.2,15.306122448979592,72.87878787878788,38.11881188118809,41.15972770746461,10.62951496388029,33.86454183266932,24.570531085153707,24.154589371980677,25.71428571428571,17.647058823529413,23.073600454674626,68.49704093751662,18.88929690664568,43.69316892208115,26.582278481012654,29.708222811671085,27.98895342980895,2019-20
203935,Marcus Smart,Marcus,1610612738,BOS,26.0,60,39,21,0.65,1919.27,104.6,183,0.089,0.13,101,0.277,29,0.133,589.0,534.0,502.0,1662.0,8.19,8.189780783245558,151,74,256,99,66,120,167,424,421,10,80,117,300,433,478,444,418,17,60,403,185,218,192,12,23,51,26,50,76,0.342,0.658,3,92,59,17,95,0.032,0.968,0.831,0.239,203935,Marcus Smart,0.2725072463768116,0.12848115942028987,3944.5,14.795918367346939,71.06060606060606,64.3564356435644,46.878688379041996,11.042311661506709,52.98804780876494,36.20975334986164,73.91304347826086,77.14285714285715,35.294117647058826,65.38874680306905,73.97810968652473,53.75722055050988,63.86766511851731,15.664556962025317,21.220159151193634,18.16457794715106,2019-20
1628365,Markelle Fultz,Markelle,1610612753,ORL,22.0,72,33,39,0.458,1995.945,110.5,197,0.1,0.138,90,0.26,11,0.057,562.0,424.0,451.0,1944.0,4.95,4.953947209371728,9,125,477,278,57,366,148,373,401,21,102,262,430,413,393,407,467,110,72,453,241,212,156,2,26,65,25,36,61,0.41,0.59,2,55,39,3,57,0.035,0.965,0.813,0.063,1628365,Markelle Fultz,0.318864161849711,0.13678612716763006,4075.7,5.612244897959184,49.696969696969695,35.14851485148514,28.425966065994352,16.821465428276575,50.59760956175299,37.08715190836242,56.52173913043478,66.66666666666666,5.88235294117647,47.41261722080136,49.20377254072266,43.667263597738696,46.43551806923068,17.87974683544304,11.405835543766578,14.966486754188633,2019-20
1628467,Maxi Kleber,Maxi,1610612742,DAL,28.0,74,42,32,0.568,1889.7033333333334,109.2,276,0.136,0.196,25,0.111,83,0.437,541.0,548.0,615.0,1934.0,5.43,5.430312303797602,1,51,397,194,74,303,72,238,244,259,449,19,70,402,487,502,465,90,74,738,541,197,64,7,167,389,20,16,36,0.556,0.444,21,247,147,46,268,0.078,0.922,0.855,0.267,1628467,Maxi Kleber,0.34772988505747127,0.12651149425287359,3816.7,42.3469387755102,50.45454545454545,41.584158415841564,44.99390602325538,47.781217750258,44.6215139442231,45.885395466637064,12.077294685990339,4.761904761904762,20.588235294117645,11.644643364592213,33.77718189267736,56.15022644231097,44.963704167494164,30.37974683544304,62.3342175066313,44.75925863747776,2019-20
1628969,Mikal Bridges,Mikal,1610612756,PHX,23.0,73,34,39,0.466,2042.1283333333333,108.1,226,0.107,0.155,102,0.295,46,0.258,681.0,512.0,514.0,2102.0,6.54,6.538652028539494,2,109,477,276,46,249,115,345,348,9,51,57,145,476,463,454,495,43,73,488,317,171,203,1,12,28,26,36,62,0.419,0.581,3,104,47,11,107,0.028,0.972,0.855,0.2,1628969,Mikal Bridges,0.3163791208791209,0.11701098901098901,4178.4,23.46938775510204,37.72727272727273,47.02970297029705,34.34972629916054,24.664602683178536,34.26294820717131,30.423609997574204,79.22705314009661,78.0952380952381,2.941176470588235,59.75944870701904,50.5318428447644,67.6926781214151,59.11226048308975,22.468354430379748,24.40318302387268,23.339027297451565,2019-20
1628970,Miles Bridges,Miles,1610612766,CHA,22.0,65,23,42,0.354,1995.5766666666666,114.0,274,0.138,0.206,40,0.157,48,0.304,714.0,566.0,509.0,2158.0,2.83,2.826789681710615,85,213,503,382,58,470,73,230,218,169,348,50,122,486,498,449,501,230,65,560,324,236,84,2,10,28,40,18,58,0.69,0.31,4,72,44,14,76,0.053,0.947,0.936,0.298,1628970,Miles Bridges,0.32994214876033057,0.1536776859504132,3897.4,24.489795918367346,33.484848484848484,17.821782178217806,25.97106088159836,25.386996904024766,60.1593625498008,46.25041629149038,21.73913043478261,19.047619047619047,5.88235294117647,16.832907075873827,43.283409207210596,23.145197026430132,33.21430311682036,30.063291139240505,15.915119363395224,23.696613840110132,2019-20
1628420,Monte Morris,Monte,1610612743,DEN,25.0,73,46,27,0.63,1636.5516666666667,109.3,113,0.067,0.101,55,0.2,17,0.092,529.0,444.0,411.0,1628.0,4.66,4.660001312365739,2,21,339,111,125,310,261,486,478,93,230,195,365,393,408,377,410,125,72,219,113,106,89,4,22,46,22,21,43,0.512,0.488,0,36,17,2,36,0.0,1.0,0.654,0.077,1628420,Monte Morris,0.25718852459016395,0.1002295081967213,3272.6,8.673469387755102,73.63636363636363,41.0891089108911,39.51439225555208,3.611971104231166,8.366533864541832,6.464708760417566,24.154589371980677,33.33333333333333,11.76470588235294,24.26967888604717,82.16483165267924,88.08100763346476,85.12291964307201,4.588607594936709,6.36604774535809,5.388455662626331,2019-20
1626149,Montrezl Harrell,Montrezl,1610612746,LAC,26.0,63,44,19,0.698,1749.1266666666668,105.8,282,0.141,0.211,39,0.165,72,0.398,613.0,487.0,487.0,1662.0,6.85,6.854398356174938,107,32,226,64,105,170,69,213,206,178,325,23,86,448,448,437,418,37,63,776,548,228,56,30,202,473,24,22,46,0.522,0.478,26,337,209,70,363,0.072,0.928,0.917,0.307,1626149,Montrezl Harrell,0.33394674556213017,0.15038165680473373,3692.1,36.734693877551024,71.06060606060606,58.415841584158436,54.16905006827214,48.503611971104235,56.97211155378486,53.58471172071261,8.212560386473431,18.095238095238095,88.23529411764706,31.67718101733447,41.14324888185885,27.149642703613665,34.14644579273626,31.329113924050635,86.20689655172413,56.02411610650371,2019-20
1626167,Myles Turner,Myles,1610612754,IND,24.0,62,37,25,0.597,1825.8016666666667,106.7,321,0.168,0.248,46,0.164,132,0.574,559.0,470.0,542.0,1704.0,6.47,6.470445788820362,123,91,307,161,87,192,47,136,134,138,328,5,25,411,429,473,424,45,62,688,542,146,98,3,163,365,18,13,31,0.581,0.419,13,177,108,31,190,0.068,0.932,0.844,0.242,1626167,Myles Turner,0.31190092879256964,0.13219504643962848,3662.3,67.3469387755102,67.87878787878789,53.96039603960395,64.18645027768083,47.8844169246646,24.302788844621514,33.735440076638746,28.502415458937197,24.761904761904763,8.823529411764707,22.273515203182722,52.92510476532385,49.2451066817253,51.08510572352458,37.5,43.76657824933687,40.31996021220159,2019-20
202357,Nemanja Bjelica,Nemanja,1610612758,SAC,32.0,72,31,41,0.431,2011.1883333333333,111.1,347,0.177,0.255,62,0.204,40,0.235,668.0,478.0,536.0,1970.0,4.54,4.541952508212217,9,144,494,315,53,382,35,114,119,66,222,72,163,471,439,469,474,131,72,688,383,305,145,0,70,167,20,23,43,0.465,0.535,16,132,73,34,148,0.108,0.892,0.793,0.37,202357,Nemanja Bjelica,0.38513714285714284,0.16383142857142857,4029.5,20.408163265306122,47.72727272727273,32.1782178217822,32.91236521611345,31.475748194014447,87.64940239043824,65.17994071186872,51.20772946859904,40.0,0.0,34.48309178743962,13.785773772118148,10.809107462641663,12.297440617379905,41.61392405063291,31.830238726790448,37.211265654903805,2019-20
203999,Nikola Jokić,Nikola,1610612743,DEN,25.0,73,46,27,0.63,2335.405,108.9,545,0.237,0.341,85,0.219,44,0.216,747.0,573.0,598.0,2278.0,6.76,6.756602584248709,2,21,339,111,11,280,8,35,35,25,183,63,177,500,501,492,515,40,73,643,455,188,204,5,296,659,37,38,75,0.493,0.507,45,257,179,100,302,0.149,0.851,0.886,0.495,203999,Nikola Jokić,0.3479405099150142,0.15605099150141644,4572.1,22.448979591836736,24.393939393939394,43.06930693069304,28.28479735728674,38.90608875128999,41.03585657370518,40.183949444739106,79.71014492753623,61.904761904761905,14.705882352941178,57.227195225916454,33.66461850965622,20.2617962024998,26.96320735607801,72.94303797468355,64.9867374005305,69.36270271631469,2019-20
202696,Nikola Vučević,Nikola,1610612753,ORL,29.0,62,28,34,0.452,1998.1783333333333,109.2,533,0.27,0.366,54,0.158,47,0.27,541.0,421.0,442.0,1944.0,5.69,5.693042879172252,123,172,420,291,56,300,9,17,23,98,344,54,139,402,392,398,467,78,62,627,492,135,108,0,312,710,35,19,54,0.648,0.352,27,304,177,76,331,0.082,0.918,0.827,0.355,202696,Nikola Vučević,0.3733820895522388,0.1373910447761194,4059.6,23.97959183673469,49.696969696969695,41.584158415841564,37.38181573259366,42.72445820433436,19.9203187250996,29.041974516793506,33.33333333333333,32.38095238095238,0.0,24.666666666666664,20.067978935505685,42.93233086647245,31.500154900989067,71.04430379746836,77.45358090185677,73.92847849444314,2019-20
1628384,OG Anunoby,OG,1610612761,TOR,22.0,69,50,19,0.725,2065.6766666666667,104.2,284,0.129,0.187,96,0.238,45,0.246,695.0,577.0,543.0,1830.0,8.95,8.948161188628552,37,12,226,54,41,109,67,259,269,14,134,61,155,481,503,474,447,11,68,499,272,227,172,4,32,81,31,40,71,0.437,0.563,12,152,98,39,164,0.073,0.927,0.899,0.358,1628384,OG Anunoby,0.2897764705882353,0.1633294117647059,4279.4,22.95918367346939,58.333333333333336,66.33663366336633,46.184498551896006,20.020639834881322,56.573705179282875,41.95247904152225,64.25120772946859,72.38095238095238,11.76470588235294,53.974992895709,64.74898866982609,11.419022891996795,38.08400578091144,31.645569620253166,37.13527851458886,34.115938622704235,2019-20
200782,P.J. Tucker,P.J.,1610612745,HOU,35.0,72,44,28,0.611,2467.233333333333,108.9,364,0.137,0.206,77,0.177,36,0.133,893.0,723.0,810.0,2580.0,7.16,7.162718743664736,9,32,354,147,7,283,28,235,219,36,291,88,302,527,526,528,528,30,71,661,335,326,154,24,92,233,49,57,106,0.462,0.538,26,251,141,53,278,0.094,0.903,0.806,0.303,200782,P.J. Tucker,0.33192370572207086,0.15565395095367848,5186.8,18.367346938775512,1.5151515151515151,43.06930693069304,18.644568538486496,26.522187822497422,96.01593625498009,68.21843688198702,55.55555555555556,54.285714285714285,70.58823529411765,58.86928104575164,42.224413807215434,20.744172794084236,31.484293300649835,44.303797468354425,63.395225464190986,52.894940066480885,2019-20
1629023,P.J. Washington,P.J.,1610612766,CHA,21.0,58,22,36,0.379,1758.9916666666666,110.1,258,0.145,0.214,51,0.212,44,0.301,611.0,482.0,437.0,1890.0,4.53,4.530885360393962,173,221,437,365,101,349,84,201,195,114,200,63,124,446,445,392,460,133,58,534,324,210,131,0,56,136,25,29,54,0.463,0.537,6,131,71,30,137,0.044,0.956,0.899,0.38,1629023,P.J. Washington,0.3232464183381089,0.13951862464183382,3422.8,22.448979591836736,53.78787878787878,37.12871287128715,37.08752763031406,25.386996904024766,49.800796812749006,40.035276849259304,44.44444444444444,29.523809523809526,0.0,28.111111111111114,46.86178109035497,40.34746962296957,43.60462535666227,27.531645569620256,31.56498673740053,29.34664909512138,2019-20
1627783,Pascal Siakam,Pascal,1610612761,TOR,26.0,60,46,14,0.767,2110.161666666667,103.0,375,0.162,0.236,61,0.151,53,0.265,665.0,541.0,508.0,1830.0,9.87,9.866705249216535,151,21,168,26,32,76,24,151,150,71,380,44,141,469,483,448,447,7,60,620,284,336,99,1,55,144,37,40,77,0.481,0.519,3,161,78,27,164,0.018,0.982,0.804,0.278,1627783,Pascal Siakam,0.339665671641791,0.16211641791044776,4373.7,27.040816326530614,58.333333333333336,72.27722772277228,49.30230012797199,21.25902992776058,100.0,68.50361197110423,28.985507246376812,39.04761904761905,2.941176470588235,25.996163682864452,38.08690655700622,12.892725878665265,25.489816217835745,46.04430379746836,39.52254641909814,43.10951297720176,2019-20
1629628,RJ Barrett,RJ,1610612752,NYK,20.0,56,17,39,0.304,1704.4216666666666,114.5,229,0.134,0.194,55,0.193,17,0.11,595.0,487.0,481.0,1560.0,2.17,2.166529787336885,206,295,477,440,111,478,113,243,250,93,251,195,337,438,448,427,393,284,56,333,167,166,76,2,2,4,24,31,55,0.436,0.564,2,27,19,9,29,0.069,0.931,0.864,0.409,1629628,RJ Barrett,0.31270245398773006,0.14815337423312883,3482.2,8.673469387755102,78.78787878787878,15.346534653465326,34.88177899422594,9.184726522187821,32.27091633466135,23.03644040967194,17.874396135265698,33.33333333333333,5.88235294117647,20.28701335606706,52.49674892643359,29.856850715746447,41.176799821090015,22.943037974683545,3.978779840848806,14.409121814457913,2019-20
201937,Ricky Rubio,Ricky,1610612756,PHX,29.0,65,32,33,0.492,2016.3616666666667,108.4,258,0.128,0.179,94,0.292,11,0.064,661.0,505.0,527.0,2096.0,6.3,6.304570995857811,85,133,410,236,52,265,84,268,290,15,53,262,417,468,460,462,494,51,65,338,137,201,175,8,16,39,33,39,72,0.458,0.542,0,47,32,9,47,0.0,1.0,0.821,0.231,201937,Ricky Rubio,0.34604941860465116,0.1251918604651163,4126.7,5.612244897959184,38.18181818181819,45.544554455445514,26.994672936681418,6.0887512899896805,46.21513944223107,30.164584181334515,65.70048309178745,70.47619047619048,23.52941176470588,56.82921284455812,34.67526672079139,57.75348951532625,46.21437811805882,27.531645569620256,9.283819628647215,19.320123896182388,2019-20
203496,Robert Covington,Robert,1610612745,HOU,29.0,70,27,43,0.386,2136.8083333333334,108.8,400,0.18,0.263,115,0.283,93,0.337,753.0,562.0,575.0,2104.0,6.26,6.2607466972769155,29,181,509,360,24,278,20,109,109,3,69,10,102,503,495,484,496,54,70,520,287,233,237,6,48,117,28,45,73,0.384,0.616,7,164,81,35,171,0.041,0.959,0.764,0.33,203496,Robert Covington,0.3564094707520891,0.1374874651810585,4488.3,47.44897959183674,37.57575757575757,43.564356435643575,43.02219609716073,21.568627450980394,58.964143426294825,44.00593703616906,95.65217391304348,90.47619047619048,17.647058823529413,74.33930093776641,29.13858633275379,42.81518679502005,35.97688656388692,50.0,40.318302387267906,45.64323607427056,2019-20
1626220,Royce O'Neale,Royce,1610612762,UTA,27.0,71,44,27,0.62,2049.4683333333332,107.3,362,0.165,0.231,59,0.227,32,0.189,713.0,516.0,532.0,1990.0,7.04,7.038905640113774,21,32,339,133,43,219,30,142,167,78,160,104,207,485,469,465,478,31,71,434,226,208,102,1,53,127,17,35,52,0.327,0.673,3,102,59,21,105,0.029,0.971,0.843,0.3,1626220,Royce O'Neale,0.30590379008746355,0.1377463556851312,4167.8,16.3265306122449,46.21212121212121,50.990099009901,35.45237942161563,15.273477812177502,49.00398406374502,35.511781563118014,30.434782608695656,37.142857142857146,2.941176470588235,25.909207161125323,56.1301311281606,42.500652877364416,49.31539200276251,43.9873417721519,23.872679045092838,34.935743544975324,2019-20
203497,Rudy Gobert,Rudy,1610612762,UTA,28.0,68,42,26,0.618,2332.7066666666665,106.6,686,0.276,0.386,51,0.174,135,0.685,825.0,586.0,621.0,2222.0,8.37,8.373029442621622,48,51,328,137,12,190,2,16,16,114,298,4,5,519,506,505,509,15,68,1117,910,207,107,0,471,1089,30,13,43,0.698,0.302,72,273,209,131,345,0.209,0.791,0.909,0.57,203497,Rudy Gobert,0.3221160714285714,0.13171130952380952,4723.3,68.87755102040816,28.636363636363637,54.45544554455448,51.18760906702916,85.86171310629514,48.60557768924303,63.50803185606388,32.850241545893724,29.523809523809526,0.0,23.473429951690825,47.46586777608298,49.8328133177496,48.64934054691629,95.25316455696202,69.23076923076923,83.54308666017528,2019-20
201566,Russell Westbrook,Russell,1610612745,HOU,31.0,57,36,21,0.632,2049.1683333333335,107.1,351,0.157,0.238,93,0.232,20,0.093,732.0,595.0,645.0,2222.0,7.27,7.267543215630275,190,99,256,110,44,215,32,171,147,16,152,174,360,493,513,510,509,27,57,248,119,129,150,2,9,20,40,44,84,0.476,0.524,4,36,24,14,40,0.1,0.9,0.8,0.467,201566,Russell Westbrook,0.34330937499999997,0.16328125,4419.8,10.204081632653061,28.636363636363637,51.980198019802,27.099409430738998,4.231166150670795,17.52988047808765,12.210394747120908,53.62318840579711,69.52380952380952,5.88235294117647,47.25319693094629,36.139617041845696,11.477536079216295,23.808576560530994,42.24683544303797,6.36604774535809,26.10048097908203,2019-20
203552,Seth Curry,Seth,1610612742,DAL,29.0,64,38,26,0.594,1575.7133333333334,110.6,118,0.07,0.101,38,0.205,9,0.054,473.0,456.0,523.0,1598.0,3.84,3.8379999533931737,100,81,328,165,138,368,251,475,477,183,216,289,436,355,417,461,401,173,64,238,97,141,90,4,12,25,20,23,43,0.465,0.535,0,20,13,5,20,0.0,1.0,0.765,0.294,203552,Seth Curry,0.30661370716510905,0.12620249221183802,3125.7,4.591836734693878,75.9090909090909,34.653465346534674,37.06828284869304,1.9607843137254901,22.31075697211155,14.170767908757128,24.637681159420293,17.142857142857142,11.76470588235294,18.796248934356353,55.750733041645674,56.525642384578276,56.138187713111975,5.379746835443038,2.122015915119363,3.9137679212973846,2019-20
1628983,Shai Gilgeous-Alexander,Shai,1610612760,OKC,21.0,70,43,27,0.614,2428.335,109.2,365,0.146,0.212,79,0.202,47,0.201,790.0,642.0,518.0,2552.0,6.9,6.900991627274451,29,42,339,143,8,301,27,193,198,33,223,54,184,511,522,456,525,34,70,553,326,227,144,2,13,28,37,47,84,0.44,0.56,1,44,26,11,45,0.022,0.978,0.867,0.367,1628983,Shai Gilgeous-Alexander,0.34560112359550565,0.13804494382022472,4912.2,23.97959183673469,3.6363636363636362,41.584158415841564,21.26060361138154,25.593395252837976,56.573705179282875,44.18158120870492,50.72463768115942,56.19047619047619,5.88235294117647,41.42710997442455,34.91484719296159,42.137889104962426,38.52636814896201,44.462025316455694,8.488063660477453,28.273742571265487,2019-20
203915,Spencer Dinwiddie,Spencer,1610612751,BKN,27.0,64,30,34,0.469,1994.15,109.4,189,0.085,0.123,40,0.17,21,0.115,658.0,528.0,565.0,1944.0,5.53,5.529182705746815,100,152,420,271,59,313,157,431,435,169,307,168,327,466,474,482,467,86,64,399,204,195,71,2,37,91,22,40,62,0.355,0.645,1,61,39,7,62,0.016,0.984,0.886,0.159,203915,Spencer Dinwiddie,0.2896685878962536,0.14265129682997119,4125.5,10.714285714285714,49.696969696969695,40.594059405940556,31.828168531138815,13.003095975232199,43.82470119521912,31.49605910722435,15.458937198067632,19.047619047619047,5.88235294117647,14.320829781187838,64.80664397661442,36.54149126314117,50.674067619877796,16.61392405063291,12.9973474801061,14.986464593895846,2019-20
203500,Steven Adams,Steven,1610612760,OKC,26.0,63,40,23,0.635,1680.51,106.7,376,0.214,0.308,51,0.21,67,0.444,556.0,397.0,342.0,1672.0,6.06,6.059897387233408,107,66,282,105,117,194,22,55,60,114,208,25,66,407,377,329,420,64,63,723,566,157,90,3,302,643,43,24,67,0.642,0.358,75,245,183,89,320,0.234,0.766,0.867,0.422,203500,Steven Adams,0.3070401234567901,0.1314598765432099,3396.3,34.183673469387756,70.3030303030303,53.96039603960395,51.769629003716695,50.36119711042312,28.68525896414343,37.35563422265531,24.637681159420293,29.523809523809526,8.823529411764707,22.39428815004263,55.52284512315927,50.13828686417844,52.830565993668856,46.20253164556962,61.80371352785146,53.22306349259645,2019-20
203933,T.J. Warren,T.J.,1610612754,IND,26.0,67,42,25,0.627,2202.3516666666665,106.9,212,0.092,0.137,78,0.23,34,0.138,681.0,559.0,625.0,2202.0,7.7,7.698118398497221,59,51,307,119,19,201,131,407,409,34,155,95,286,476,494,507,507,21,67,326,163,163,195,4,12,28,32,41,73,0.438,0.562,4,58,31,10,62,0.065,0.935,0.912,0.294,203933,T.J. Warren,0.29482582582582584,0.11309009009009009,4442.3,17.346938775510203,30.151515151515152,52.97029702970294,30.734380070660123,8.771929824561402,31.07569721115538,22.15419025651779,75.36231884057972,55.23809523809524,11.76470588235294,52.41943734015345,62.050482357469726,72.45629702176632,67.25338968961802,20.253164556962027,12.20159151193634,16.629956686700467,2019-20
1627752,Taurean Prince,Taurean,1610612751,BKN,26.0,64,30,34,0.469,1857.435,108.4,331,0.162,0.234,57,0.234,25,0.146,581.0,472.0,488.0,1866.0,5.72,5.721955183019835,100,152,420,271,81,264,42,153,154,86,147,134,269,425,433,439,455,74,64,381,180,201,120,10,43,107,22,30,52,0.423,0.577,2,116,67,22,118,0.017,0.983,0.931,0.306,1627752,Taurean Prince,0.2799287833827893,0.10891691394658753,3859.2,12.755102040816327,55.6060606060606,45.544554455445514,35.950300642309124,10.526315789473683,46.21513944223107,31.939609981128115,39.130434782608695,35.23809523809524,29.411764705882355,35.3384484228474,70.01184795296254,77.5264151637372,73.76913155834987,39.08227848101266,27.586206896551722,33.90904626800524,2019-20
203082,Terrence Ross,Terrence,1610612753,ORL,29.0,69,31,38,0.449,1889.0833333333333,108.0,209,0.108,0.159,77,0.245,24,0.103,590.0,447.0,476.0,1748.0,6.05,6.054996841267467,37,144,467,293,75,246,136,340,338,36,126,140,345,434,414,425,433,65,69,261,108,153,133,0,9,18,16,33,49,0.327,0.673,0,57,30,8,57,0.0,1.0,0.682,0.182,203082,Terrence Ross,0.2958795518207283,0.1414593837535014,3806.0,12.244897959183673,64.54545454545455,47.524752475247524,39.370056393394435,3.0959752321981426,27.091633466135455,17.493370172560528,45.410628019323674,54.285714285714285,0.0,37.16425120772947,61.48734387444726,37.98958257413716,49.73846322429221,19.77848101265823,11.936339522546419,16.249517342107914,2019-20
1626179,Terry Rozier,Terry,1610612766,CHA,26.0,63,21,42,0.333,2164.46,113.4,226,0.107,0.159,61,0.216,10,0.052,757.0,572.0,512.0,2296.0,3.44,3.4405885688703126,107,235,503,396,21,447,115,343,342,71,191,271,440,504,500,451,516,200,63,347,103,244,96,0,15,36,42,51,93,0.452,0.548,2,26,15,3,28,0.071,0.929,0.75,0.15,1626179,Terry Rozier,0.3548184438040346,0.1442449567723343,4165.2,5.1020408163265305,23.03030303030303,20.792079207920747,15.29944218911686,2.5799793601651184,63.34661354581673,39.039959871556086,27.536231884057973,39.04761904761905,0.0,24.68115942028986,29.98887237135363,34.605305512034626,32.29708894169413,22.468354430379748,3.7135278514588856,14.02868246986536,2019-20
201152,Thaddeus Young,Thaddeus,1610612741,CHI,32.0,64,22,42,0.344,1590.6616666666666,108.1,221,0.145,0.214,92,0.264,23,0.173,598.0,416.0,437.0,1630.0,5.12,5.117655688931215,100,221,503,388,134,248,120,197,196,19,93,146,233,440,388,392,411,104,64,468,241,227,175,13,40,91,34,28,62,0.548,0.452,25,104,60,29,129,0.194,0.806,0.882,0.426,201152,Thaddeus Young,0.31843465045592706,0.14038601823708205,3278.7,11.73469387755102,73.48484848484848,47.02970297029705,42.17100026329164,16.821465428276575,56.573705179282875,40.67280927888036,65.70048309178745,68.57142857142857,38.23529411764706,59.83901676612675,49.43331456199428,39.29364686249382,44.363480712244055,21.677215189873415,24.40318302387268,22.903900715173084,2019-20
203501,Tim Hardaway Jr.,Tim,1610612742,DAL,28.0,71,41,30,0.577,2091.3533333333335,110.1,207,0.09,0.129,41,0.154,5,0.024,579.0,588.0,707.0,2056.0,5.42,5.415364560576086,21,60,383,180,35,351,142,420,426,163,361,359,474,422,508,522,488,92,71,419,172,247,79,7,17,38,12,21,33,0.364,0.636,3,44,25,8,47,0.064,0.936,0.806,0.258,203501,Tim Hardaway Jr.,0.31169461077844307,0.1426766467065868,4234.0,2.5510204081632653,41.21212121212121,37.12871287128715,24.726828805329518,9.700722394220847,64.5418326693227,42.605388559281955,19.32367149758454,20.0,20.588235294117645,19.87652742256323,53.035366459594954,36.51069292995178,44.77302969477337,19.462025316455698,8.488063660477453,14.523742571265489,2019-20
202699,Tobias Harris,Tobias,1610612755,PHI,27.0,72,43,29,0.597,2469.1783333333333,107.2,426,0.172,0.234,53,0.132,40,0.153,780.0,548.0,692.0,2434.0,8.38,8.381752264991913,9,42,365,160,6,218,18,128,155,105,430,72,258,508,487,518,522,14,72,461,279,182,76,0,24,52,25,27,52,0.481,0.519,27,129,86,37,156,0.173,0.827,0.878,0.378,202699,Tobias Harris,0.33679941002949854,0.13666666666666666,4972.3,20.408163265306122,12.575757575757576,51.485148514851474,25.436067586350468,20.743034055727556,38.645418326693225,31.48446461830696,17.874396135265698,31.428571428571427,0.0,18.149758454106276,39.61871105276732,43.812399779954845,41.715555416361084,54.11392405063291,31.03448275862069,43.728175469227416,2019-20
203107,Tomas Satoransky,Tomas,1610612741,CHI,28.0,65,22,43,0.338,1877.9383333333333,108.8,178,0.101,0.145,80,0.21,7,0.047,747.0,512.0,481.0,2018.0,5.55,5.549181712067368,85,221,509,393,77,277,173,370,381,32,207,323,449,500,463,427,482,84,65,290,151,139,132,7,22,59,43,35,78,0.551,0.449,7,63,35,9,70,0.1,0.9,0.897,0.231,203107,Tomas Satoransky,0.3449776357827476,0.12517891373801915,3838.4,3.571428571428571,44.09090909090909,43.564356435643575,27.751478719300504,7.533539731682147,21.51394422310757,15.9217824265374,44.927536231884055,57.14285714285714,20.588235294117645,43.11807331628303,35.248055240175105,57.76921888635618,46.50863706326564,14.873417721518987,13.527851458885943,14.267912903334118,2019-20
203503,Tony Snell,Tony,1610612765,DET,28.0,59,18,41,0.305,1641.0766666666666,111.4,102,0.064,0.095,32,0.126,15,0.103,595.0,444.0,426.0,1804.0,3.57,3.572318987083652,162,282,494,439,124,395,277,495,489,221,438,227,345,438,408,385,442,191,59,383,220,163,94,0,17,41,10,18,28,0.357,0.643,0,93,38,6,93,0.0,1.0,0.844,0.133,203503,Tony Snell,0.29047572815533984,0.09816504854368932,3183.5,7.653061224489796,60.303030303030305,30.693069306930653,31.840552422589187,14.654282765737875,31.07569721115538,24.50713143298838,26.570048309178745,11.428571428571429,0.0,14.628019323671499,64.37528730202631,90.58918221806769,77.48223476004699,2.848101265822785,21.485411140583555,11.234890709465132,2019-20
1629027,Trae Young,Trae,1610612737,ATL,21.0,60,18,42,0.3,2120.2083333333335,116.1,223,0.1,0.153,65,0.198,8,0.036,875.0,675.0,686.0,2512.0,1.74,1.737918985015157,151,282,503,445,28,496,118,372,359,58,245,305,464,526,524,517,523,325,60,252,119,133,105,13,10,21,35,36,71,0.493,0.507,1,12,10,5,13,0.077,0.923,1.0,0.5,1629027,Trae Young,0.36098470948012235,0.1308256880733945,4516.0,4.081632653061225,6.666666666666667,7.42574257425743,5.8224220381221805,4.231166150670795,19.12350597609562,13.166570045925688,31.88405797101449,42.857142857142854,38.23529411764706,37.312446717817565,26.693460171650813,50.908781651762716,38.80112091170676,21.99367088607595,0.0,12.096518987341774,2019-20
202684,Tristan Thompson,Tristan,1610612739,CLE,29.0,57,19,38,0.333,1721.525,115.2,351,0.207,0.294,33,0.15,50,0.515,792.0,419.0,601.0,2034.0,1.83,1.8306970791046313,190,264,467,396,109,488,32,66,75,212,382,47,34,512,390,494,484,316,57,603,432,171,60,0,264,593,43,22,65,0.662,0.338,62,213,162,81,275,0.225,0.775,0.89,0.445,202684,Tristan Thompson,0.2845844594594594,0.11642567567567569,3492.0,25.510204081632654,42.878787878787875,11.881188118811846,28.18195441993178,36.53250773993808,34.26294820717131,35.17077202027802,10.144927536231885,12.380952380952381,0.0,8.391304347826086,67.52373398790593,68.40379302719974,67.96376350755284,42.24683544303797,53.315649867374006,47.22780193398919,2019-20
1628972,Troy Brown Jr.,Troy,1610612764,WAS,20.0,69,24,45,0.348,1782.0183333333334,113.7,307,0.171,0.265,85,0.279,7,0.045,560.0,553.0,432.0,1960.0,2.71,2.711941902129558,37,207,520,387,94,459,51,129,105,25,73,323,451,412,491,388,472,237,69,358,178,180,135,2,8,21,29,35,64,0.453,0.547,6,56,33,14,62,0.097,0.903,0.786,0.333,1628972,Troy Brown Jr.,0.3480969529085873,0.15461772853185596,3764.4,3.571428571428571,48.484848484848484,19.306930693069276,23.225001071535715,10.319917440660474,37.84860557768924,26.837130322877734,46.3768115942029,61.904761904761905,5.88235294117647,41.687979539641944,33.58101131907116,22.00311081139732,27.79206106523424,35.28481012658228,11.671087533156498,24.65863495954068,2019-20
1629639,Tyler Herro,Tyler,1610612748,MIA,20.0,55,34,21,0.618,1508.08,109.6,208,0.131,0.188,34,0.153,9,0.068,575.0,428.0,367.0,1462.0,4.12,4.123275116811027,220,109,256,136,146,324,139,254,263,203,366,289,410,419,398,350,384,151,55,322,166,156,57,0,7,15,17,23,40,0.425,0.575,0,38,18,2,38,0.0,1.0,0.783,0.087,1629639,Tyler Herro,0.3019047619047619,0.11388988095238096,3055.7,4.591836734693878,86.2121212121212,39.603960396039625,41.91196721712987,9.081527347781218,28.286852589641438,20.604722492897352,8.695652173913043,13.333333333333334,0.0,8.144927536231885,58.26731543913431,71.48460686989075,64.87596115451254,19.62025316455696,6.896551724137931,13.894587516368398,2019-20
202083,Wesley Matthews,Wesley,1610612749,MIL,33.0,67,52,15,0.776,1634.865,98.3,144,0.073,0.096,38,0.147,9,0.049,502.0,358.0,467.0,1280.0,10.01,10.01454917141177,59,5,179,22,126,32,212,465,488,183,389,289,445,371,354,416,347,5,66,325,136,189,92,6,23,56,12,22,34,0.353,0.647,7,88,60,15,95,0.074,0.926,0.857,0.214,202083,Wesley Matthews,0.2238159509202454,0.13510736196319018,3516.5,4.591836734693878,100.0,95.54455445544559,60.72287330773895,5.985552115583075,41.43426294820717,27.254778615157534,25.60386473429952,17.142857142857142,17.647058823529413,20.653310599602165,100.0,45.70684631039082,72.85342315519542,9.49367088607595,20.159151193633953,14.293137024477051,2019-20
203115,Will Barton,Will,1610612743,DEN,29.0,58,38,20,0.655,1915.8383333333334,106.9,289,0.147,0.217,61,0.182,29,0.159,588.0,503.0,469.0,1956.0,6.7,6.69673479506806,173,81,242,92,68,205,61,192,189,71,281,117,249,431,459,418,471,41,58,394,196,198,90,1,11,23,24,35,59,0.407,0.593,0,19,16,7,19,0.0,1.0,1.0,0.438,203115,Will Barton,0.3204848484848485,0.13907878787878789,3802.4,14.795918367346939,48.78787878787879,52.97029702970294,36.23669918012209,12.177502579979361,45.0199203187251,31.882953223226803,24.637681159420293,39.04761904761905,2.941176470588235,24.257033248081843,48.33763559660125,40.88184063323641,44.60973811491883,32.436708860759495,1.8567639257294428,18.675733639995975,2019-20
203897,Zach LaVine,Zach,1610612741,CHI,25.0,60,20,40,0.333,2085.41,111.2,248,0.125,0.182,88,0.208,28,0.172,813.0,592.0,549.0,2234.0,4.68,4.677245927500247,151,250,484,396,36,388,98,272,277,22,211,121,234,515,510,476,511,124,60,369,159,210,124,0,21,46,25,28,53,0.472,0.528,4,48,30,9,52,0.077,0.923,0.882,0.265,203897,Zach LaVine,0.31144516129032257,0.13996451612903227,4264.1,14.285714285714285,27.727272727272727,31.68316831683166,23.339623248039082,8.359133126934983,49.800796812749006,33.22413133842339,41.06280193236715,64.76190476190476,0.0,39.091787439613526,53.16867873148582,39.805742544874605,46.487210638180215,25.949367088607595,9.549071618037134,18.569234126850887,2019-20
