PLAYER_ID,PLAYER_NAME,NICKNAME,TEAM_ID,TEAM_ABBREVIATION,AGE,GP,W,L,W_PCT,MIN,DEF_RATING,DREB,DREB_PCT,PCT_DREB,STL,PCT_STL,BLK,PCT_BLK,OPP_PTS_OFF_TOV,OPP_PTS_2ND_CHANCE,OPP_PTS_FB,OPP_PTS_PAINT,DEF_WS,DEF_WS_RAW,GP_RANK,W_RANK,L_RANK,W_PCT_RANK,MIN_RANK,DEF_RATING_RANK,DREB_RANK,DREB_PCT_RANK,PCT_DREB_RANK,STL_RANK,PCT_STL_RANK,BLK_RANK,PCT_BLK_RANK,OPP_PTS_OFF_TOV_RANK,OPP_PTS_2ND_CHANCE_RANK,OPP_PTS_FB_RANK,OPP_PTS_PAINT_RANK,DEF_WS_RANK,G,CONTESTED_SHOTS,CONTESTED_SHOTS_2PT,CONTESTED_SHOTS_3PT,DEFLECTIONS,CHARGES_DRAWN,SCREEN_ASSISTS,SCREEN_AST_PTS,OFF_LOOSE_BALLS_RECOVERED,DEF_LOOSE_BALLS_RECOVERED,LOOSE_BALLS_RECOVERED,PCT_LOOSE_BALLS_RECOVERED_OFF,PCT_LOOSE_BALLS_RECOVERED_DEF,OFF_BOXOUTS,DEF_BOXOUTS,BOX_OUT_PLAYER_TEAM_REBS,BOX_OUT_PLAYER_REBS,BOX_OUTS,PCT_BOX_OUTS_OFF,PCT_BOX_OUTS_DEF,PCT_BOX_OUTS_TEAM_REB,PCT_BOX_OUTS_REB,DEF_PLAYER_ID,DEF_PLAYER_NAME,avg_fg_pct_allowed,avg_3fg_pct_allowed,total_possessions,BLK_score,OPP_PTS_PAINT_score,DEF_RATING_score,rim_protection_score,CONTESTED_SHOTS_2PT_score,CONTESTED_SHOTS_3PT_score,shot_contesting_score,DEFLECTIONS_score,STL_score,CHARGES_DRAWN_score,ball_disruption_score,avg_fg_pct_allowed_score,avg_3fg_pct_allowed_score,on_ball_matchup_def_score,DREB_score,DEF_BOXOUTS_score,def_reb_score,SEASON
1631100,AJ Griffin,AJ,1610612737,ATL,19.0,72,34,38,0.472,1401.435,112.0,116,0.08,0.119,42,0.211,12,0.082,468.0,429.0,430.0,1488.0,4.49,4.4867721632919215,102,149,459,326,200,262,274,467,468,181,202,278,407,322,357,352,343,170,67,207,102,105,64,0,12,28,15,16,31,0.484,0.516,0,6,6,2,6,0.0,1.0,1.0,0.333,1631100,AJ Griffin,0.3087361111111111,0.109275,2907.0,6.217616580310881,61.019490254872565,52.94117647058826,37.079162338976815,6.882255389718077,30.980392156862745,21.341137450004876,20.481927710843372,28.92561983471074,0.0,18.316738026486107,49.55517584511789,57.13364717216615,53.34441150864202,11.299435028248588,3.5211267605633805,7.799196307790245,2022-23
203932,Aaron Gordon,Aaron,1610612743,DEN,27.0,68,45,23,0.662,2055.1066666666666,110.9,282,0.136,0.197,54,0.16,51,0.273,683.0,543.0,582.0,2250.0,7.3,7.3014627478501435,133,35,226,64,96,191,80,210,227,121,367,51,136,435,423,434,459,47,68,374,267,107,79,1,59,144,28,23,51,0.549,0.451,12,20,31,22,32,0.375,0.625,0.969,0.688,203932,Aaron Gordon,0.26981065088757394,0.12198816568047337,4181.9,26.42487046632124,32.458770614692654,58.823529411764696,36.6364002546121,20.563847429519072,31.76470588235294,27.28436250121939,26.506024096385545,38.84297520661157,2.3255813953488373,24.778846309705475,65.37880088892452,48.43532654893845,56.90706371893148,34.74576271186441,13.380281690140844,25.131296252088806,2022-23
1628988,Aaron Holiday,Aaron,1610612737,ATL,26.0,63,32,31,0.508,845.2566666666667,110.0,49,0.059,0.09,37,0.257,12,0.143,307.0,267.0,226.0,900.0,3.24,3.2374263117602333,189,178,357,255,295,156,384,515,517,208,104,278,292,240,261,231,247,249,51,116,59,57,70,0,2,4,8,10,18,0.444,0.556,0,9,9,2,9,0.0,1.0,1.0,0.222,1628988,Aaron Holiday,0.2523615635179153,0.1020228013029316,1762.3,6.217616580310881,83.05847076461768,63.636363636363654,47.466602308831455,3.316749585406302,12.156862745098039,8.620817481221344,22.89156626506024,24.793388429752067,0.0,17.834312456437317,72.4720456266488,62.09558592730602,67.2838157769774,1.8361581920903955,5.633802816901409,3.5450982732553515,2022-23
1630174,Aaron Nesmith,Aaron,1610612754,IND,23.0,73,30,43,0.411,1816.4033333333334,118.5,215,0.119,0.184,55,0.204,34,0.147,679.0,563.0,559.0,2014.0,2.44,2.441571566481779,92,207,499,402,143,501,146,276,258,119,226,95,283,431,439,421,417,302,73,396,246,150,109,12,29,71,11,23,34,0.324,0.676,5,37,29,13,42,0.119,0.881,0.906,0.406,1630174,Aaron Nesmith,0.326413407821229,0.1550586592178771,3765.7,17.616580310880828,41.30434782608695,18.18181818181821,26.04860840893732,18.822553897180764,48.627450980392155,36.7054921471076,38.55421686746988,39.66942148760331,27.906976744186046,36.28272845369562,42.36916151612393,25.80856597753008,34.088863746827,25.28248587570621,25.352112676056336,25.313817935863767,2022-23
1630598,Aaron Wiggins,Aaron,1610612760,OKC,24.0,70,37,33,0.529,1297.4366666666667,111.2,143,0.109,0.166,39,0.173,15,0.146,419.0,401.0,336.0,1324.0,4.47,4.465662469067625,116,110,385,220,213,207,238,314,308,199,328,238,288,302,338,301,317,173,69,331,201,130,85,1,40,92,20,13,33,0.606,0.394,3,25,26,11,28,0.107,0.893,0.929,0.393,1630598,Aaron Wiggins,0.336873595505618,0.15075,2692.5,7.772020725388601,67.1664167916042,57.2192513368984,40.92186700144151,15.091210613598674,40.78431372549019,30.507072480733587,28.915662650602407,26.446280991735538,2.3255813953488373,21.40385875618561,38.11698089051038,28.756541350090863,33.43676112030062,15.112994350282486,16.901408450704224,15.91778069547227,2022-23
201143,Al Horford,Al,1610612738,BOS,37.0,63,44,19,0.698,1921.375,111.1,317,0.159,0.22,30,0.12,61,0.286,597.0,478.0,483.0,1972.0,6.63,6.626101033639162,189,40,176,33,123,204,60,143,175,252,465,37,127,384,382,380,409,67,63,636,407,229,75,0,117,280,19,10,29,0.655,0.345,15,73,81,38,88,0.17,0.83,0.953,0.447,201143,Al Horford,0.3242333333333333,0.17607,3897.6,31.606217616580313,42.87856071964018,57.75401069518722,42.08848597230299,32.172470978441126,79.6078431372549,60.63369427372939,24.899598393574294,19.00826446280992,0.0,16.61273191941319,43.25538562409661,11.432651792165698,27.344018708131156,39.68926553672316,50.70422535211267,44.64599745364845,2022-23
202692,Alec Burks,Alec,1610612765,DET,31.0,51,12,39,0.235,1122.4433333333334,113.9,139,0.124,0.189,38,0.218,8,0.087,376.0,353.0,247.0,1262.0,3.05,3.054007767540547,292,404,472,495,246,366,250,253,245,203,176,333,398,277,312,247,305,255,51,153,70,83,60,3,9,20,13,15,28,0.464,0.536,0,8,8,5,8,0.0,1.0,1.0,0.625,202692,Alec Burks,0.29846333333333336,0.11416333333333334,2321.8,4.145077720207254,69.49025487256371,42.7807486631016,36.6748074592556,4.228855721393035,22.35294117647059,15.103306994439567,18.87550200803213,25.6198347107438,6.976744186046512,18.26132899848481,53.7311722952668,53.78906001620284,53.76011615573482,14.548022598870055,4.929577464788732,10.219722288533461,2022-23
1627936,Alex Caruso,Alex,1610612741,CHI,29.0,67,33,34,0.493,1575.3766666666668,106.5,154,0.099,0.143,98,0.35,46,0.28,499.0,354.0,367.0,1364.0,7.51,7.512243147872922,145,162,403,292,174,68,220,373,392,14,28,65,130,340,313,319,328,43,67,354,163,191,227,14,56,127,14,25,39,0.359,0.641,0,21,17,4,21,0.0,1.0,1.0,0.235,1627936,Alex Caruso,0.3071358024691358,0.1438858024691358,3172.4,23.83419689119171,65.6671664167916,82.35294117647061,53.105422296471396,11.940298507462686,64.70588235294117,43.59964881474978,85.94377510040161,75.20661157024794,32.55813953488372,68.83935897346835,50.20571879976916,33.453010541578784,41.82936467067397,16.666666666666664,14.084507042253522,15.504694835680752,2022-23
1630578,Alperen Sengun,Alperen,1610612745,HOU,20.0,75,18,57,0.24,2170.6566666666668,120.3,436,0.204,0.293,70,0.232,70,0.366,893.0,608.0,855.0,2222.0,1.81,1.8070077758993786,70,339,534,492,73,521,27,66,76,63,142,29,81,526,467,534,455,345,75,628,499,129,133,9,253,580,25,17,42,0.595,0.405,37,102,132,81,139,0.266,0.734,0.992,0.609,1630578,Alperen Sengun,0.368432664756447,0.14667908309455588,4372.9,36.26943005181347,33.50824587706147,8.556149732620364,28.374695510851996,39.800995024875625,40.3921568627451,40.155692127597305,48.19277108433735,52.066115702479344,20.930232558139537,42.73280706913759,25.287874293212298,31.541853943669235,28.414864118440768,56.49717514124294,71.12676056338029,63.08048858120475,2022-23
1629599,Amir Coffey,Amir,1610612746,LAC,26.0,50,26,24,0.52,625.2766666666666,113.1,36,0.055,0.085,7,0.084,5,0.068,249.0,198.0,194.0,656.0,1.84,1.8447708637781284,294,253,238,234,345,315,405,521,520,410,495,385,440,206,204,205,198,341,37,76,43,33,25,3,2,4,4,2,6,0.667,0.333,1,8,7,1,9,0.111,0.889,1.0,0.143,1629599,Amir Coffey,0.2127680608365019,0.07034220532319392,1272.9,2.5906735751295336,92.20389805097452,47.05882352941182,45.07233963024584,1.9900497512437811,2.7450980392156863,2.443078724026924,4.819277108433735,0.0,6.976744186046512,3.6718968898851223,88.56723723141761,83.77138157826272,86.16930940484016,0.0,4.929577464788732,2.2183098591549295,2022-23
203083,Andre Drummond,Andre,1610612741,CHI,29.0,67,32,35,0.478,849.1383333333333,106.0,306,0.353,0.529,45,0.268,27,0.333,265.0,256.0,193.0,788.0,4.28,4.279397103893287,145,178,420,319,294,61,64,2,1,159,92,140,97,213,251,204,224,187,67,252,184,68,81,2,107,226,11,11,22,0.5,0.5,42,36,74,58,78,0.538,0.462,0.949,0.744,203083,Andre Drummond,0.30236050156739813,0.08908150470219436,1743.1,13.989637305699482,87.25637181409296,85.02673796791446,57.39226954919094,13.681592039800993,16.470588235294116,15.354989757096867,27.309236947791167,31.40495867768595,4.651162790697675,23.078221013980965,52.14693081130392,70.94999323566006,61.54846202348199,38.13559322033898,24.647887323943664,32.06612556696109,2022-23
1629614,Andrew Nembhard,Andrew,1610612754,IND,23.0,75,32,43,0.427,2073.5316666666668,118.2,164,0.078,0.121,70,0.226,13,0.051,786.0,680.0,663.0,2354.0,2.99,2.985792484036291,70,178,499,382,94,493,208,472,463,63,157,262,464,487,511,478,475,260,75,269,156,113,138,15,16,40,18,24,42,0.429,0.571,0,19,16,4,19,0.0,1.0,0.941,0.235,1629614,Andrew Nembhard,0.3114097035040431,0.11875741239892183,4301.0,6.7357512953367875,28.56071964017991,19.786096256684505,17.63707645636881,11.359867330016584,34.11764705882353,25.01453516730075,50.20080321285141,52.066115702479344,34.883720930232556,47.02439201356648,48.46833131450014,50.64580099753652,49.55706615601833,18.07909604519774,12.676056338028168,15.647728176971434,2022-23
1629014,Anfernee Simons,Anfernee,1610612757,POR,24.0,62,27,35,0.435,2170.66,115.7,143,0.067,0.1,42,0.145,14,0.07,745.0,609.0,640.0,2368.0,4.66,4.656906422690617,203,238,420,374,72,426,238,508,508,181,402,248,434,466,468,466,477,161,62,283,146,137,101,2,15,34,11,16,27,0.407,0.593,0,5,5,3,5,0.0,1.0,1.0,0.6,1629014,Anfernee Simons,0.3689382352941177,0.12585000000000002,4369.5,7.253886010362693,28.035982008995504,33.15508021390375,21.00291816076944,10.53067993366501,43.529411764705884,30.32991903228953,35.34136546184739,28.92561983471074,4.651162790697675,25.423303824562133,25.082354343663717,45.7930678110836,35.43771107737366,15.112994350282486,2.8169014084507045,9.579752526458186,2022-23
203076,Anthony Davis,Anthony,1610612747,LAL,30.0,56,31,25,0.554,1904.51,109.5,507,0.248,0.357,59,0.208,114,0.591,638.0,498.0,632.0,1996.0,7.46,7.456244374169742,253,191,256,178,127,143,15,23,23,102,210,7,17,408,393,463,413,45,55,592,453,139,116,2,178,397,26,31,57,0.456,0.544,39,72,108,83,111,0.351,0.649,1.0,0.769,203076,Anthony Davis,0.3260408163265306,0.1150952380952381,3955.9,59.067357512953365,41.97901049475262,66.3101604278075,54.89713678529664,35.98673300165838,44.31372549019608,40.982928494781,41.365461847389554,42.97520661157025,4.651162790697675,32.75029775067983,42.52062403121719,53.15145278185282,47.836038406535,66.52542372881356,50.0,59.08898305084746,2022-23
1630162,Anthony Edwards,Anthony,1610612750,MIN,21.0,79,40,39,0.506,2841.455,111.9,411,0.139,0.21,125,0.259,58,0.172,1049.0,819.0,839.0,2994.0,9.17,9.165744824637706,27,74,472,261,2,257,34,207,195,3,101,44,235,538,537,533,534,13,79,358,176,182,204,0,2,5,25,24,49,0.51,0.49,2,14,15,9,16,0.125,0.875,0.938,0.563,1630162,Anthony Edwards,0.35962500000000003,0.17286141304347827,5866.9,30.05181347150259,4.572713643178411,53.475935828877,26.99015912093273,13.018242122719734,61.1764705882353,41.91317920202907,76.70682730923694,97.52066115702479,0.0,64.81496232865345,28.868286286216666,13.627960088839544,21.248123187528105,52.96610169491526,9.15492957746479,33.25107424206255,2022-23
1630264,Anthony Gill,Anthony,1610612764,WAS,30.0,59,21,38,0.356,624.5933333333334,110.4,62,0.1,0.14,7,0.082,12,0.176,220.0,164.0,150.0,638.0,2.34,2.3370548004987737,230,303,459,434,346,177,361,362,409,410,497,278,227,190,184,180,193,307,47,133,72,61,21,4,31,76,7,4,11,0.636,0.364,3,29,24,7,32,0.094,0.906,0.923,0.269,1630264,Anthony Gill,0.2221036789297659,0.08723411371237458,1284.9,6.217616580310881,92.87856071964018,61.497326203208544,50.368874434800546,4.39469320066335,13.725490196078432,9.9931713979124,3.2128514056224895,0.0,9.30232558139535,3.6107219575978333,84.77220643636326,72.21397417870682,78.49309030753504,3.672316384180791,19.718309859154928,10.893013447919152,2022-23
1630237,Anthony Lamb,Anthony,1610612744,GSW,25.0,62,36,26,0.581,1195.0183333333334,110.8,159,0.129,0.194,28,0.178,20,0.23,542.0,325.0,311.0,1188.0,4.21,4.213575404738323,203,126,273,140,233,189,214,237,231,264,311,191,168,358,290,294,292,189,62,335,223,112,57,6,42,113,16,11,27,0.593,0.407,6,38,39,17,44,0.136,0.864,0.929,0.405,1630237,Anthony Lamb,0.3149252873563218,0.12719827586206897,2465.5,10.362694300518134,72.26386806596702,59.35828877005351,44.27700373580909,16.91542288557214,33.72549019607843,27.001463271875913,17.670682730923694,17.355371900826448,13.953488372093023,16.63102535068199,47.039208052525666,44.87058036526611,45.95489420889589,17.372881355932204,26.056338028169012,21.28043685843877,2022-23
1630559,Austin Reaves,Austin,1610612747,LAL,25.0,64,35,29,0.547,1843.2266666666667,110.5,160,0.079,0.118,33,0.14,19,0.099,649.0,533.0,592.0,1990.0,6.74,6.7425347580559345,181,137,327,193,136,181,213,470,470,231,417,198,368,416,415,443,412,64,64,337,181,156,67,19,18,41,13,14,27,0.481,0.519,0,17,17,2,17,0.0,1.0,1.0,0.118,1630559,Austin Reaves,0.3415907780979827,0.1359077809798271,3845.0,9.844559585492227,42.203898050974516,60.962566844919806,33.94982986326792,13.432835820895523,50.98039215686274,35.96136962247586,21.686746987951807,21.487603305785125,44.18604651162791,27.24187158011249,36.1993946069803,38.91155569053367,37.55547514875698,17.51412429378531,11.267605633802818,14.70319089679319,2022-23
203085,Austin Rivers,Austin,1610612750,MIN,30.0,52,25,27,0.481,1016.33,114.8,78,0.078,0.124,28,0.165,4,0.039,397.0,313.0,313.0,1136.0,2.47,2.473251547512713,283,262,291,315,263,393,332,473,456,264,348,412,480,291,286,296,288,298,43,107,66,41,48,1,10,23,3,7,10,0.3,0.7,0,7,7,0,7,0.0,1.0,1.0,0.0,203085,Austin Rivers,0.2580140845070422,0.09997887323943662,2103.0,2.072538860103627,74.2128935532234,37.96791443850272,36.29550689729531,3.897180762852405,5.88235294117647,5.088284069846844,14.056224899598394,17.355371900826448,2.3255813953488373,12.278265473965824,70.17423406140215,63.49403711357501,66.83413558748857,5.932203389830509,4.225352112676056,5.164120315111005,2022-23
1630245,Ayo Dosunmu,Ayo,1610612741,CHI,23.0,80,40,40,0.5,2097.616666666667,110.1,175,0.081,0.115,62,0.188,26,0.138,710.0,535.0,619.0,2082.0,7.97,7.967028574883144,15,74,481,264,90,163,187,465,476,92,282,144,308,446,418,456,437,33,80,417,218,199,110,1,18,38,18,27,45,0.4,0.6,0,8,7,2,8,0.0,1.0,0.875,0.25,1630245,Ayo Dosunmu,0.30844132653061224,0.14556377551020408,4317.7,13.471502590673575,38.75562218890555,63.101604278074916,34.728469871905105,16.500829187396352,67.84313725490196,47.30621402789971,38.95582329317269,45.45454545454545,2.3255813953488373,32.0728155751972,49.67500899914414,32.30494499479194,40.98997699696804,19.63276836158192,4.929577464788732,13.016332458024987,2022-23
1628389,Bam Adebayo,Bam,1610612748,MIA,25.0,75,40,35,0.533,2597.9933333333333,111.2,504,0.206,0.296,88,0.205,61,0.401,793.0,625.0,643.0,2466.0,8.9,8.896611822370092,70,74,420,217,18,205,16,62,70,26,225,37,68,492,482,467,496,16,75,556,386,170,134,2,331,778,33,18,51,0.647,0.353,24,143,139,57,167,0.144,0.856,0.946,0.388,1628389,Bam Adebayo,0.32107267441860465,0.12620348837209303,5113.0,31.606217616580313,24.36281859070465,57.2192513368984,35.47428638760335,30.43117744610282,56.470588235294116,46.0548239196176,48.59437751004016,66.94214876033058,4.651162790697675,44.030293767806185,44.5402280195576,45.55121182695446,45.04571992325603,66.10169491525424,100.0,81.35593220338984,2022-23
1627732,Ben Simmons,Ben,1610612751,BKN,26.0,42,24,18,0.571,1105.0166666666667,112.5,223,0.186,0.301,54,0.348,24,0.145,392.0,344.0,331.0,1114.0,3.41,3.407932398750003,335,271,165,149,251,286,141,95,63,121,29,160,290,288,303,299,284,237,42,163,109,54,110,3,117,289,10,14,24,0.417,0.583,4,29,28,18,33,0.121,0.879,0.933,0.6,1627732,Ben Simmons,0.2924609375,0.0966171875,2245.3,12.435233160621761,75.03748125937032,50.26737967914441,43.80405662481442,7.462686567164178,10.980392156862745,9.573309920983318,38.95582329317269,38.84297520661157,6.976744186046512,30.921556686094757,56.17121180888422,65.7940952683322,60.98265353860821,26.412429378531073,19.718309859154928,23.40007559481181,2022-23
1631097,Bennedict Mathurin,Bennedict,1610612754,IND,21.0,78,33,45,0.423,2222.38,115.8,231,0.103,0.163,48,0.137,13,0.049,879.0,726.0,681.0,2508.0,4.73,4.732211556342568,38,162,511,386,66,431,130,351,321,149,428,262,468,522,528,496,503,157,77,233,111,122,92,2,21,49,24,22,46,0.522,0.478,6,37,36,10,43,0.14,0.86,0.947,0.263,1631097,Bennedict Mathurin,0.34999457994579947,0.16239837398373982,4589.6,6.7357512953367875,22.788605697151425,32.62032085561501,18.825392726041464,7.628524046434494,37.64705882352941,25.639644912691445,31.72690763052209,33.88429752066116,4.651162790697675,25.713057882114658,32.78315730063516,20.786748916294755,26.784953108464958,27.54237288135593,25.352112676056336,26.556755788971117,2022-23
202687,Bismack Biyombo,Bismack,1610612756,PHX,30.0,61,33,28,0.541,874.085,109.7,171,0.184,0.286,18,0.135,88,0.615,275.0,277.0,230.0,850.0,3.39,3.3894885517285944,214,162,312,203,290,149,196,99,80,327,430,17,12,225,267,235,238,238,60,349,299,50,44,0,142,311,11,7,18,0.611,0.389,11,64,69,39,75,0.147,0.853,0.986,0.557,202687,Bismack Biyombo,0.262327868852459,0.09163934426229509,1760.8,45.59585492227979,84.93253373313343,65.24064171122996,64.2748892033161,23.217247097844112,9.411764705882353,14.933957662667058,12.449799196787147,9.090909090909092,0.0,8.16173786053304,68.4206335744786,69.19992490840585,68.81027924144223,19.06779661016949,44.36619718309859,30.45207686798759,2022-23
201933,Blake Griffin,Blake,1610612738,BOS,34.0,41,27,14,0.659,568.885,106.6,108,0.195,0.268,14,0.171,9,0.2,167.0,126.0,177.0,532.0,2.72,2.724500149082996,346,238,134,67,353,69,290,79,109,361,333,321,190,161,160,195,173,277,40,154,92,62,35,15,60,145,11,4,15,0.733,0.267,7,35,37,17,42,0.167,0.833,0.902,0.415,201933,Blake Griffin,0.2851302325581395,0.11581395348837209,1152.8,4.66321243523316,96.85157421289355,81.81818181818187,56.21788140315147,6.053067993366501,14.117647058823529,10.891815432640719,8.835341365461847,5.785123966942149,34.883720930232556,14.27986016717263,59.15122349379784,52.6597092552243,55.90546637451107,10.16949152542373,23.943661971830984,16.367868226306996,2022-23
1626171,Bobby Portis Jr.,Bobby,1610612749,MIL,28.0,70,47,23,0.671,1818.4316666666666,112.0,518,0.263,0.378,29,0.129,16,0.092,680.0,542.0,518.0,1910.0,5.84,5.843389949486165,116,22,226,54,141,259,12,14,15,259,447,228,384,432,422,399,399,100,69,388,226,162,58,0,89,212,23,14,37,0.622,0.378,24,57,71,57,81,0.296,0.704,0.922,0.74,1626171,Bobby Portis Jr.,0.3571949860724234,0.13848189415041784,3743.6,8.290155440414509,45.2023988005997,52.94117647058826,32.372195874022765,17.16417910447761,53.333333333333336,38.865671641791046,18.072289156626507,18.181818181818183,0.0,13.592552026286967,29.856113508306905,37.15035299397305,33.503233251139974,68.07909604519774,39.436619718309856,55.189981698098194,2022-23
203992,Bogdan Bogdanović,Bogdan,1610612737,ATL,30.0,54,27,27,0.5,1508.6083333333333,116.1,142,0.093,0.137,43,0.21,18,0.107,500.0,452.0,479.0,1600.0,3.03,3.031773981874791,270,238,291,264,188,442,245,407,419,172,207,207,354,341,364,376,357,257,54,329,151,178,103,1,31,70,6,8,14,0.429,0.571,1,8,7,6,9,0.111,0.889,1.0,0.857,203992,Bogdan Bogdanović,0.370453947368421,0.16326644736842105,3095.3,9.32642487046632,56.8215892053973,31.01604278074872,31.37213686526276,10.945273631840797,59.6078431372549,40.14281533508926,36.144578313253014,29.75206611570248,2.3255813953488373,25.45244981463428,24.46620081842822,20.192814972993336,22.329507895710776,14.971751412429379,4.929577464788732,10.45277313599109,2022-23
202711,Bojan Bogdanovic,Bojan,1610612765,DET,34.0,59,15,44,0.254,1892.8666666666666,119.5,187,0.099,0.152,34,0.131,8,0.057,738.0,627.0,535.0,2198.0,2.03,2.025913746973743,230,369,504,483,129,513,174,370,357,226,442,333,457,462,483,408,452,323,59,277,151,126,56,0,23,52,17,11,28,0.607,0.393,2,34,31,5,36,0.056,0.944,1.0,0.161,202711,Bojan Bogdanovic,0.3181345029239766,0.13541520467836257,3872.7,4.145077720207254,34.407796101949025,12.834224598930511,16.90931587349769,10.945273631840797,39.21568627450981,27.907521217442202,17.269076305220885,22.31404958677686,0.0,14.717547877460255,45.73462684691643,39.248575336877366,42.4916010918969,21.32768361581921,23.239436619718308,22.187972467573807,2022-23
1629626,Bol Bol,Bol,1610612753,ORL,23.0,70,26,44,0.371,1505.4183333333333,112.0,336,0.22,0.319,30,0.135,85,0.48,608.0,451.0,526.0,1460.0,4.85,4.853607585604729,116,253,504,424,190,261,50,45,47,252,433,19,49,390,363,403,340,147,70,419,219,200,51,0,37,80,13,9,22,0.591,0.409,5,32,34,25,37,0.135,0.865,0.971,0.714,1629626,Bol Bol,0.3374240687679083,0.14527507163323783,3094.8,44.04145077720207,62.06896551724138,52.94117647058826,52.57601235956238,16.58374792703151,68.23529411764706,47.57467564140084,15.261044176706829,19.00826446280992,0.0,12.757310232666203,37.89320749260832,32.50247556665245,35.19784152963038,42.3728813559322,21.830985915492956,33.129028407734545,2022-23
1630538,Bones Hyland,Bones,1610612746,LAC,22.0,56,36,20,0.643,1085.4883333333332,118.0,115,0.111,0.167,39,0.258,15,0.163,448.0,296.0,310.0,1196.0,1.61,1.6102479717118936,253,126,195,84,254,492,276,307,302,199,102,238,253,317,277,293,293,357,55,136,55,81,62,0,8,17,12,13,25,0.48,0.52,0,2,2,1,2,0.0,1.0,1.0,0.5,1630538,Bones Hyland,0.3002671009771987,0.11824429967426711,2185.2,7.772020725388601,71.9640179910045,20.85561497326206,33.51011833032253,2.9850746268656714,21.568627450980394,14.135206321334504,19.67871485943775,26.446280991735538,0.0,17.127684290882538,52.997921032500294,50.996871620470344,51.997396326485315,11.158192090395481,0.7042253521126761,6.453907058168219,2022-23
203078,Bradley Beal,Bradley,1610612764,WAS,30.0,50,24,26,0.48,1672.9333333333334,115.9,155,0.091,0.131,45,0.198,33,0.173,554.0,490.0,464.0,1730.0,3.42,3.4185089671408884,294,271,273,317,164,437,219,420,437,159,244,102,232,362,389,367,377,235,49,221,103,118,96,4,18,42,13,9,22,0.591,0.409,0,5,5,3,5,0.0,1.0,1.0,0.6,203078,Bradley Beal,0.30466666666666664,0.15585144927536232,3331.9,17.098445595854923,51.94902548725637,32.085561497326196,33.042927533213245,6.965174129353234,36.07843137254902,24.433128475270703,33.33333333333333,31.40495867768595,9.30232558139535,26.650650265872255,51.20944949161299,25.266140724824897,38.23779510821895,16.807909604519775,2.8169014084507045,10.511955916288695,2022-23
1629634,Brandon Clarke,Brandon,1610612763,MEM,26.0,56,32,24,0.571,1090.1383333333333,108.3,218,0.177,0.277,34,0.186,37,0.259,388.0,349.0,300.0,1022.0,4.75,4.751717390625825,253,178,238,149,253,108,144,113,99,226,287,85,148,285,306,288,270,154,55,269,205,64,74,1,134,308,9,7,16,0.563,0.438,15,55,60,33,70,0.214,0.786,0.923,0.508,1629634,Brandon Clarke,0.28239743589743593,0.11912179487179486,2294.0,19.170984455958546,78.48575712143928,72.72727272727276,53.320226956705355,15.422885572139302,14.901960784313726,15.110330699443956,24.497991967871485,22.31404958677686,2.3255813953488373,18.190509491357705,60.26213520637902,50.39649129307775,55.329313249728386,25.70621468926554,38.028169014084504,31.251094135434077,2022-23
1627742,Brandon Ingram,Brandon,1610612740,NOP,25.0,45,23,22,0.511,1538.0766666666666,112.5,223,0.145,0.214,32,0.126,19,0.143,573.0,441.0,423.0,1532.0,4.63,4.630385315275813,321,281,214,253,182,288,141,191,191,239,454,198,292,373,361,348,349,163,45,264,129,135,76,2,30,66,12,9,21,0.571,0.429,0,11,10,2,11,0.0,1.0,0.909,0.182,1627742,Brandon Ingram,0.3314214559386973,0.14591954022988507,3091.9,9.844559585492227,59.37031484257871,50.26737967914441,37.28427894888554,9.12106135986733,42.745098039215684,29.295483367476344,25.301204819277107,20.66115702479339,4.651162790697675,18.514677584062945,40.33333521742182,32.06153153853761,36.19743337797971,26.412429378531073,7.042253521126761,17.695850242699134,2022-23
201572,Brook Lopez,Brook,1610612749,MIL,35.0,78,57,21,0.731,2372.4766666666665,106.6,363,0.135,0.186,37,0.128,193,0.668,791.0,591.0,583.0,2316.0,11.31,11.306201509297255,38,1,200,23,42,72,44,213,253,208,450,1,6,490,450,435,468,1,78,1360,1225,135,77,0,222,517,16,13,29,0.552,0.448,31,111,134,69,142,0.218,0.782,0.957,0.493,201572,Brook Lopez,0.36724932975871316,0.17665415549597854,4931.7,100.0,29.985007496251875,81.81818181818187,70.94929807823362,100.0,42.745098039215684,65.6470588235294,25.702811244979916,24.793388429752067,0.0,18.95881044840519,25.76891290387544,11.032973857845507,18.400943380860472,46.186440677966104,77.46478873239437,60.26169730245883,2022-23
1628971,Bruce Brown,Bruce,1610612743,DEN,26.0,80,53,27,0.663,2279.485,113.0,265,0.116,0.174,87,0.248,51,0.217,861.0,652.0,600.0,2398.0,6.64,6.643156053624746,15,6,291,63,55,312,94,287,287,28,120,51,178,516,496,447,484,66,80,402,211,191,165,0,19,42,18,21,39,0.462,0.538,1,14,15,5,15,0.067,0.933,1.0,0.333,1628971,Bruce Brown,0.31280205655526994,0.12590231362467866,4599.1,26.42487046632124,26.911544227886058,47.593582887700556,31.88738438821376,15.92039800995025,64.70588235294117,45.1916886157448,61.044176706827315,66.11570247933885,0.0,47.55816655049952,47.90232458048364,45.757274941561185,46.829799761022414,32.34463276836158,9.15492957746479,21.909266332458024,2022-23
1631121,Bryce McGowens,Bryce,1610612766,CHA,20.0,46,16,30,0.348,786.9966666666667,112.3,73,0.088,0.131,15,0.128,6,0.056,325.0,222.0,227.0,866.0,2.47,2.469256627410083,315,357,342,440,316,273,343,433,436,351,451,365,458,252,222,232,242,298,37,85,35,50,28,2,0,0,5,10,15,0.333,0.667,0,9,8,3,9,0.0,1.0,0.889,0.333,1631121,Bryce McGowens,0.23608088235294117,0.09375,1633.0,3.1088082901554404,84.3328335832084,51.33689839572197,43.59423966911561,1.3266998341625207,9.411764705882353,6.177738757194421,6.024096385542169,6.6115702479338845,4.651162790697675,5.886478838668146,79.0903204712591,67.75581879091764,73.42306963108837,5.2259887005649714,5.633802816901409,5.409505052916368,2022-23
1627741,Buddy Hield,Buddy,1610612754,IND,30.0,80,35,45,0.438,2481.875,116.3,333,0.132,0.203,92,0.226,26,0.086,918.0,830.0,746.0,2736.0,4.88,4.880053933341024,15,137,511,372,21,453,53,229,213,18,156,144,402,529,538,520,529,145,80,443,222,221,170,0,39,81,34,33,67,0.507,0.493,4,13,17,10,17,0.235,0.765,1.0,0.588,1627741,Buddy Hield,0.39211878453038673,0.17486187845303866,5114.8,13.471502590673575,14.24287856071964,29.946524064171165,17.860239548564095,16.832504145936984,76.47058823529412,52.61535459955127,63.05220883534136,70.24793388429752,0.0,49.807660393640674,15.65920771115645,12.259245956940894,13.959226834048671,41.94915254237288,8.450704225352112,26.87485079971354,2022-23
203468,CJ McCollum,CJ,1610612740,NOP,31.0,75,38,37,0.507,2649.1683333333335,113.5,273,0.104,0.151,70,0.172,38,0.163,953.0,731.0,798.0,2816.0,7.34,7.3390664886264245,70,95,450,260,15,344,88,348,358,63,330,82,252,533,529,529,532,46,75,394,178,216,112,2,29,62,26,24,50,0.52,0.48,0,17,16,6,17,0.0,1.0,0.941,0.353,203468,CJ McCollum,0.3787703081232493,0.15952380952380954,5338.3,19.689119170984455,11.244377811094452,44.91978609625671,23.041126426341016,13.184079601990051,74.50980392156863,49.9795141937372,39.75903614457831,52.066115702479344,4.651162790697675,35.28954565137351,21.08550927213124,22.75351973900285,21.919514505567044,33.47457627118644,11.267605633802818,23.481439484363815,2022-23
1631216,Caleb Houstan,Caleb,1610612753,ORL,20.0,51,20,31,0.392,812.19,112.9,65,0.083,0.122,12,0.112,7,0.109,338.0,236.0,296.0,802.0,2.39,2.3898052625857686,292,310,357,413,307,310,356,457,459,376,474,345,350,257,232,283,227,304,46,135,79,56,32,0,16,39,5,6,11,0.455,0.545,7,21,24,9,28,0.25,0.75,0.96,0.36,1631216,Caleb Houstan,0.22847682119205298,0.08636754966887417,1644.3,3.6269430051813467,86.73163418290855,48.128342245989295,43.838934727587855,4.975124378109453,11.76470588235294,9.048873280655545,7.630522088353414,4.132231404958678,0.0,4.498489827076903,82.18145444704473,72.80687543401766,77.49416494053119,4.096045197740112,14.084507042253522,8.590853027771146,2022-23
1628997,Caleb Martin,Caleb,1610612748,MIA,27.0,71,38,33,0.535,2077.7383333333332,110.7,256,0.13,0.194,71,0.214,31,0.228,692.0,519.0,517.0,2032.0,7.49,7.492789159611156,109,95,385,214,93,185,102,233,230,61,188,111,171,438,408,397,424,44,71,315,136,179,139,16,24,59,23,20,43,0.535,0.465,1,40,35,12,41,0.024,0.976,0.972,0.333,1628997,Caleb Martin,0.38096883852691216,0.15505949008498582,4133.1,16.06217616580311,40.62968515742129,59.89304812834225,35.61852230350426,9.701492537313433,60.0,39.88059701492537,50.602409638554214,52.892561983471076,37.2093023255814,48.05568613103191,20.19178263267242,25.80799750004079,22.999890066356606,31.07344632768362,27.464788732394368,29.449550409803457,2022-23
1629629,Cam Reddish,Cam,1610612757,POR,23.0,40,14,26,0.35,989.6066666666667,117.8,70,0.07,0.111,39,0.247,14,0.154,348.0,303.0,357.0,1102.0,1.55,1.5460394309117527,350,386,273,439,267,488,347,490,485,199,122,248,269,261,281,316,283,364,40,198,90,108,81,0,2,4,7,14,21,0.333,0.667,0,13,12,2,13,0.0,1.0,1.0,0.167,1629629,Cam Reddish,0.30513178294573645,0.1397093023255814,2038.1,7.253886010362693,75.4872563718141,21.925133689839615,34.80337755673992,5.887230514096186,32.15686274509804,21.649009852697297,27.309236947791167,26.446280991735538,0.0,20.179893126223902,51.02037464035868,36.31056295965125,43.665468800004966,4.80225988700565,8.450704225352112,6.444059839261558,2022-23
1630560,Cam Thomas,Cam,1610612751,BKN,21.0,57,30,27,0.526,947.5533333333333,113.7,87,0.089,0.138,20,0.146,7,0.073,331.0,301.0,253.0,1018.0,2.61,2.6056727482769073,246,207,291,222,278,352,316,428,415,311,400,345,428,256,280,252,269,282,48,138,72,66,27,0,11,25,10,7,17,0.588,0.412,0,9,9,4,9,0.0,1.0,1.0,0.444,1630560,Cam Thomas,0.2584983498349835,0.08746204620462046,1924.0,3.6269430051813467,78.63568215892055,43.85026737967915,39.93583280261451,4.39469320066335,15.686274509803921,11.169641986147692,5.622489959839357,10.743801652892563,0.0,6.009326562448139,69.97737491247872,72.05802325760372,71.01769908504122,7.203389830508475,5.633802816901409,6.497075674385295,2022-23
1629661,Cameron Johnson,Cameron,1610612751,BKN,27.0,42,25,17,0.595,1199.815,108.7,151,0.12,0.184,50,0.267,14,0.099,385.0,349.0,337.0,1258.0,4.98,4.979414745845779,335,262,162,121,231,121,226,270,257,138,93,248,371,284,306,302,303,143,42,217,123,94,106,5,24,57,11,9,20,0.55,0.45,2,14,14,4,16,0.125,0.875,0.933,0.267,1629661,Cameron Johnson,0.299931654676259,0.12289928057553956,2402.3,7.253886010362693,69.64017991004498,70.58823529411765,44.92267619619023,8.623548922056385,26.666666666666668,19.449419568822556,37.34939759036144,35.53719008264463,11.627906976744185,30.28475230925624,53.13428362032637,47.81194369677782,50.473113658552094,16.242937853107346,9.15492957746479,13.053334129068197,2022-23
1626166,Cameron Payne,Cameron,1610612756,PHX,28.0,48,27,21,0.563,968.3116666666666,111.4,94,0.1,0.149,33,0.239,8,0.077,321.0,300.0,245.0,1036.0,3.33,3.326491213728561,302,238,200,164,273,222,307,366,367,231,131,333,416,251,279,246,273,241,45,98,39,59,77,4,2,4,10,6,16,0.625,0.375,1,8,7,2,9,0.111,0.889,0.778,0.222,1626166,Cameron Payne,0.250969465648855,0.07728625954198473,1962.3,4.145077720207254,77.96101949025487,56.14973262032085,42.98182106475231,1.658374792703151,12.941176470588237,8.428055799434203,25.702811244979916,21.487603305785125,9.30232558139535,20.1273670503656,73.03794862632542,79.02027461260013,76.02911161946278,8.192090395480225,4.929577464788732,6.723959576669053,2022-23
1627747,Caris LeVert,Caris,1610612739,CLE,28.0,74,45,29,0.608,2237.34,108.5,229,0.105,0.158,72,0.229,24,0.105,713.0,583.0,593.0,2176.0,9.49,9.491273025921943,79,35,327,112,65,118,136,342,340,58,148,160,358,448,447,445,450,10,74,294,166,128,146,6,18,44,28,33,61,0.459,0.541,0,22,21,7,22,0.0,1.0,0.955,0.318,1627747,Caris LeVert,0.3159222520107239,0.1433941018766756,4407.9,12.435233160621761,35.23238380809595,71.65775401069521,35.21986609975609,12.189054726368159,40.0,28.875621890547265,53.41365461847389,53.71900826446281,13.953488372093023,43.6554868329748,46.6339310234914,33.789431029704645,40.21168102659802,27.25988700564972,14.788732394366196,21.647867430572134,2022-23
1626224,Cedi Osman,Cedi,1610612739,CLE,28.0,77,48,29,0.623,1548.3133333333333,108.0,151,0.1,0.155,35,0.156,11,0.077,474.0,414.0,401.0,1534.0,6.81,6.8063479999335765,46,16,327,104,179,103,226,367,347,223,374,298,414,329,349,337,350,61,68,190,108,82,61,5,20,46,8,8,16,0.5,0.5,0,9,8,6,9,0.0,1.0,1.0,0.75,1626224,Cedi Osman,0.22992307692307692,0.08116710875331565,3045.7,5.699481865284974,59.29535232383808,74.33155080213906,41.616053759992084,7.3797678275290215,21.96078431372549,16.128377719246902,19.27710843373494,23.140495867768596,11.627906976744185,18.71699367139903,81.59353568452381,76.36500592665789,78.97927080559086,16.242937853107346,5.633802816901409,11.468827086814676,2022-23
1629002,Chimezie Metu,Chimezie,1610612758,SAC,26.0,66,41,25,0.621,689.0166666666667,107.3,151,0.206,0.304,22,0.22,21,0.362,187.0,170.0,149.0,728.0,3.29,3.2917100750329653,162,65,256,106,335,81,226,61,58,299,172,178,86,177,189,179,207,243,61,221,154,67,47,0,61,141,8,5,13,0.615,0.385,5,18,22,12,23,0.217,0.783,1.0,0.545,1629002,Chimezie Metu,0.28708709677419353,0.09483548387096774,1466.0,10.880829015544041,89.50524737631184,78.07486631016046,55.19788476546687,11.194029850746269,16.07843137254902,14.124670763827918,13.654618473895583,12.396694214876034,0.0,9.800690364764844,58.355736801061,67.01313306036654,62.68443493071377,16.242937853107346,11.971830985915492,14.320939762871014,2022-23
1628449,Chris Boucher,Chris,1610612761,TOR,30.0,76,39,37,0.513,1523.47,111.6,264,0.19,0.278,47,0.163,64,0.37,432.0,366.0,471.0,1496.0,5.02,5.0224495250751175,55,89,450,249,186,238,96,89,94,152,357,33,79,312,322,372,345,140,76,353,224,129,74,10,37,89,13,14,27,0.481,0.519,21,19,38,26,40,0.525,0.475,0.974,0.667,1628449,Chris Boucher,0.339103825136612,0.11998907103825136,3036.5,33.160621761658035,60.71964017991005,55.08021390374337,48.28617624356758,16.998341625207296,40.3921568627451,31.034630767729976,24.497991967871485,33.057851239669425,23.25581395348837,27.183398209404984,37.21036816866266,49.80310280477154,43.506735486717105,32.20338983050847,12.676056338028168,23.416089758892337,2022-23
1630537,Chris Duarte,Chris,1610612754,IND,26.0,46,19,27,0.413,897.2266666666667,115.6,96,0.106,0.162,25,0.171,9,0.09,360.0,275.0,295.0,988.0,1.97,1.9673700550788895,315,324,291,398,285,419,300,339,324,284,332,321,391,270,265,281,259,328,45,172,82,90,43,2,9,19,7,12,19,0.368,0.632,1,17,16,5,18,0.056,0.944,0.889,0.278,1630537,Chris Duarte,0.3393813229571985,0.14357587548638132,1860.7,4.66321243523316,79.76011994002998,33.68983957219257,38.2037868461519,5.223880597014925,25.098039215686274,17.148375768217733,12.048192771084338,14.87603305785124,4.651162790697675,11.188679376356088,37.09756227148849,33.665061916786506,35.3813120941375,8.47457627118644,11.267605633802818,9.731439484363811,2022-23
101108,Chris Paul,Chris,1610612756,PHX,38.0,59,33,26,0.559,1888.635,112.5,224,0.118,0.18,91,0.326,22,0.104,578.0,550.0,538.0,1796.0,5.66,5.663204635122493,230,162,273,168,130,289,140,279,269,20,38,174,360,375,428,409,384,113,59,163,66,97,142,3,20,44,17,29,46,0.37,0.63,1,11,12,4,12,0.083,0.917,1.0,0.333,101108,Chris Paul,0.3257798165137615,0.1589480122324159,3730.8,11.398963730569948,49.47526236881559,50.26737967914441,34.44277224109953,3.897180762852405,27.84313725490196,18.26475465808214,51.80722891566265,69.42148760330579,6.976744186046512,46.764598273933714,42.62672330788713,23.147479007717546,32.88710115780234,26.55367231638418,7.042253521126761,17.77353385851834,2022-23
1631128,Christian Braun,Christian,1610612743,DEN,22.0,76,49,27,0.645,1181.14,111.3,133,0.112,0.166,41,0.218,17,0.143,428.0,330.0,330.0,1294.0,4.04,4.036934100432881,55,15,291,83,240,218,256,304,312,192,177,216,292,307,294,298,311,200,64,239,142,97,56,2,5,14,6,3,9,0.667,0.333,0,5,4,1,5,0.0,1.0,1.0,0.25,1631128,Christian Braun,0.28377260273972604,0.07625205479452055,2391.4,8.808290155440414,68.29085457271364,56.684491978609664,41.59623815727835,10.199004975124378,27.84313725490196,20.78548434299093,17.269076305220885,28.09917355371901,4.651162790697675,17.905131963564422,59.70311485414395,79.7278752771085,69.71549506562621,13.700564971751412,2.8169014084507045,8.802916368266093,2022-23
1631132,Christian Koloko,Christian,1610612761,TOR,23.0,58,29,29,0.5,801.7933333333333,103.7,87,0.11,0.158,21,0.131,57,0.496,229.0,167.0,254.0,688.0,4.56,4.563615826244911,240,220,327,264,312,39,316,309,338,306,443,45,43,196,188,254,202,167,57,310,248,62,41,0,99,225,5,9,14,0.357,0.643,11,32,41,21,43,0.256,0.744,1.0,0.512,1631132,Christian Koloko,0.26651923076923073,0.08568589743589744,1627.3,29.533678756476682,91.00449775112443,97.32620320855615,67.99659651762326,18.988391376451077,14.117647058823529,16.06594478587455,11.244979919678714,11.570247933884298,0.0,8.547578744730991,66.71679914290051,73.27326042615832,69.99502978452941,7.203389830508475,21.830985915492956,13.785808068751491,2022-23
1626174,Christian Wood,Christian,1610612742,DAL,27.0,67,33,34,0.493,1738.3583333333333,116.7,404,0.238,0.365,30,0.144,72,0.434,542.0,552.0,431.0,1782.0,3.21,3.2060180280517487,145,162,403,292,154,468,36,27,21,252,407,27,58,358,430,353,382,250,67,514,387,127,41,0,114,261,14,19,33,0.424,0.576,13,67,76,40,80,0.163,0.838,0.962,0.506,1626174,Christian Wood,0.35061309523809525,0.14332440476190478,3429.0,37.30569948186528,50.0,27.807486631016054,39.37415145050012,30.514096185737976,39.6078431372549,35.970344356648134,11.244979919678714,19.00826446280992,0.0,11.150884529854956,32.531724073823085,33.837117645770824,33.18442085979696,51.9774011299435,46.478873239436616,49.50306357921541,2022-23
203991,Clint Capela,Clint,1610612737,ATL,29.0,65,35,30,0.538,1730.0833333333333,116.4,459,0.268,0.386,45,0.188,79,0.485,527.0,469.0,569.0,2004.0,3.37,3.3727816425049104,171,137,342,207,156,458,20,13,11,159,283,21,47,352,376,424,415,240,65,597,492,105,69,16,294,628,21,13,34,0.618,0.382,27,73,91,66,100,0.27,0.73,0.978,0.71,203991,Clint Capela,0.3479073482428115,0.12070607028753993,3611.3,40.932642487046635,41.67916041979011,29.411764705882348,38.31370431821578,39.22056384742952,30.980392156862745,34.27646083308945,22.48995983935743,31.40495867768595,37.2093023255814,29.290045054328402,33.63163980175295,49.312533460072075,41.472086630912514,59.7457627118644,50.70422535211267,55.67707089997613,2022-23
1629632,Coby White,Coby,1610612741,CHI,23.0,74,37,37,0.5,1730.2283333333332,110.1,196,0.11,0.163,54,0.182,6,0.041,560.0,487.0,453.0,1620.0,6.58,6.57539683571139,79,110,450,264,155,162,162,312,320,121,298,365,477,368,387,365,361,69,73,332,159,173,69,8,12,25,11,29,40,0.275,0.725,0,13,13,8,13,0.0,1.0,1.0,0.615,1629632,Coby White,0.322307901907357,0.16721798365122617,3527.7,3.1088082901554404,56.07196401799101,63.101604278074916,36.64411179187776,11.608623548922056,57.647058823529406,39.23168471368647,22.48995983935743,38.84297520661157,18.6046511627907,27.2421880487547,44.0380945441003,17.489182344737017,30.76363844441866,22.598870056497177,8.450704225352112,16.232195432481898,2022-23
1630175,Cole Anthony,Cole,1610612753,ORL,23.0,60,28,32,0.467,1551.76,112.5,241,0.152,0.223,37,0.174,31,0.187,583.0,463.0,428.0,1444.0,4.74,4.7368074212776206,222,230,377,338,177,287,118,161,166,208,326,111,207,378,371,351,335,156,60,213,106,107,68,2,11,26,18,20,38,0.474,0.526,1,3,4,2,4,0.25,0.75,1.0,0.5,1630175,Cole Anthony,0.3226468926553672,0.1245,3132.0,16.06217616580311,62.668665667166415,50.26737967914441,40.92574836961559,7.213930348258707,31.76470588235294,21.944395668715245,22.08835341365462,24.793388429752067,4.651162790697675,18.67581801354949,43.900291099798565,46.716734908366355,45.30851300408246,28.954802259887007,1.4084507042253522,16.558944059839263,2022-23
1629012,Collin Sexton,Collin,1610612762,UTA,24.0,48,24,24,0.5,1145.1533333333334,116.3,68,0.056,0.088,27,0.206,6,0.054,471.0,386.0,446.0,1336.0,2.29,2.2895936918526196,302,271,238,264,243,451,352,520,518,274,220,365,460,326,331,361,321,313,47,127,71,56,44,1,15,40,14,5,19,0.737,0.263,1,2,3,1,3,0.333,0.667,1.0,0.333,1629012,Collin Sexton,0.25513148788927337,0.0930795847750865,2382.4,3.1088082901554404,66.71664167916042,29.946524064171165,32.080978919811116,4.311774461028192,11.76470588235294,8.78353331382304,12.449799196787147,16.528925619834713,2.3255813953488373,11.346438994494218,71.34604109387337,68.21451544630284,69.7802782700881,4.519774011299435,0.7042253521126761,2.8027771146653935,2022-23
1630557,Corey Kispert,Corey,1610612764,WAS,24.0,74,31,43,0.419,2093.29,115.6,174,0.082,0.117,32,0.11,9,0.045,749.0,603.0,613.0,2338.0,4.57,4.565176568260316,79,191,499,389,91,423,189,464,472,239,480,321,473,467,458,453,472,164,73,337,211,126,57,0,38,84,10,13,23,0.435,0.565,2,18,20,4,20,0.1,0.9,1.0,0.2,1630557,Corey Kispert,0.3618243626062323,0.15443626062322946,4265.2,4.66321243523316,29.160419790104946,33.68983957219257,20.493891793678138,15.92039800995025,39.21568627450981,29.897570968685983,17.670682730923694,20.66115702479339,0.0,14.299678051047163,27.97422134731724,26.234409757730848,27.104315552524042,19.491525423728813,11.971830985915492,16.10766292671282,2022-23
202709,Cory Joseph,Cory,1610612765,DET,31.0,62,12,50,0.194,1227.4333333333334,113.8,85,0.07,0.111,34,0.199,9,0.098,424.0,364.0,300.0,1342.0,3.28,3.276089714736541,203,404,526,511,224,357,323,491,483,226,243,321,373,305,321,288,323,245,58,215,107,108,54,2,19,47,11,12,23,0.478,0.522,0,19,17,4,19,0.0,1.0,0.895,0.211,202709,Cory Joseph,0.2981246290801187,0.09821958456973294,2454.3,4.66321243523316,66.49175412293853,43.315508021390414,35.96627592246935,7.2968490878938645,32.15686274509804,22.21285728221637,16.46586345381526,22.31404958677686,4.651162790697675,15.559053434572425,53.868859276302686,64.6977386386325,59.28329895746759,6.9209039548022595,12.676056338028168,9.510722527253918,2022-23
1626156,D'Angelo Russell,D'Angelo,1610612747,LAL,27.0,71,39,32,0.549,2304.096666666667,112.1,180,0.075,0.115,70,0.199,29,0.113,870.0,680.0,649.0,2438.0,7.23,7.227511876416053,109,89,377,187,51,264,183,479,475,63,242,126,345,520,511,470,490,49,70,272,114,158,156,2,19,43,22,16,38,0.579,0.421,1,9,8,3,10,0.1,0.9,0.889,0.333,1626156,D'Angelo Russell,0.3303121387283237,0.11300867052023121,4745.9,15.025906735751295,25.412293853073464,52.40641711229952,28.00626982095111,7.877280265339967,51.76470588235295,34.20973563554776,57.42971887550201,52.066115702479344,4.651162790697675,42.35781874374299,40.78428478849405,54.57907783021644,47.68168130935524,20.33898305084746,5.633802816901409,13.721651945571738,2022-23
1630227,Daishen Nix,Daishen,1610612745,HOU,21.0,57,15,42,0.263,914.3833333333333,114.4,80,0.091,0.137,31,0.191,7,0.083,403.0,214.0,299.0,972.0,2.31,2.312278813714521,246,369,493,480,283,383,328,421,420,246,273,345,405,293,215,287,255,312,50,92,33,59,79,1,5,10,8,10,18,0.444,0.556,1,7,8,5,8,0.125,0.875,1.0,0.625,1630227,Daishen Nix,0.280058064516129,0.11123870967741936,1849.8,3.6269430051813467,80.35982008995502,40.10695187165775,39.60345220147123,1.1608623548922055,12.941176470588237,8.229050824309825,26.506024096385545,19.834710743801654,2.3255813953488373,18.125953747722004,61.213115242669744,55.79008123316764,58.50159823791869,6.214689265536723,4.225352112676056,5.319487546749423,2022-23
203081,Damian Lillard,Damian,1610612757,POR,32.0,58,27,31,0.466,2106.59,117.4,233,0.112,0.167,50,0.174,18,0.089,752.0,606.0,664.0,2400.0,3.5,3.502695488390156,240,238,357,343,89,483,127,301,303,138,327,207,393,470,465,481,485,230,55,164,78,86,90,5,10,20,17,21,38,0.447,0.553,1,9,10,6,10,0.1,0.9,1.0,0.6,203081,Damian Lillard,0.3478198198198198,0.13674474474474474,4278.7,9.32642487046632,26.83658170914543,24.064171122994647,19.139416327136093,4.892205638474295,23.52941176470588,16.074529314213244,30.923694779116467,35.53719008264463,11.627906976744185,27.714471184758253,33.66722106240195,38.3389068821838,36.00306397229288,27.82485875706215,5.633802816901409,17.83888358398982,2022-23
1627814,Damion Lee,Damion,1610612756,PHX,30.0,74,40,34,0.541,1506.295,107.3,186,0.124,0.184,30,0.133,7,0.042,543.0,361.0,419.0,1530.0,6.96,6.962423903526555,79,74,403,204,189,83,176,254,255,252,434,345,476,360,319,346,348,50,68,188,83,105,41,0,15,31,11,10,21,0.524,0.476,0,18,17,4,18,0.0,1.0,1.0,0.235,1627814,Damion Lee,0.3300082191780822,0.12128219178082192,3055.0,3.6269430051813467,59.445277361319334,78.07486631016046,41.77534085607442,5.306799336650083,30.980392156862745,20.71095502877768,11.244979919678714,19.00826446280992,0.0,11.150884529854956,40.9078314075677,48.918352373122474,44.913091890345086,21.1864406779661,11.971830985915492,17.03986631654333,2022-23
1629655,Daniel Gafford,Daniel,1610612764,WAS,24.0,78,32,46,0.41,1604.22,114.3,270,0.159,0.237,33,0.155,99,0.51,596.0,520.0,464.0,1670.0,4.12,4.116373971380117,38,178,514,403,170,378,90,144,143,231,376,13,34,383,409,367,366,193,78,567,467,100,78,1,240,523,21,17,38,0.553,0.447,27,114,129,54,141,0.191,0.809,0.963,0.403,1629655,Daniel Gafford,0.34011714285714284,0.12924857142857143,3238.7,51.29533678756477,54.19790104947526,40.641711229946566,49.64782788982889,37.147595356550575,29.01960784313726,32.27080284850258,26.104417670682732,21.487603305785125,2.3255813953488373,18.543823574135097,36.79844343950483,43.46777254713056,40.133107993317694,33.05084745762712,79.5774647887324,53.987825256624504,2022-23
1627863,Danuel House Jr.,Danuel,1610612755,PHI,30.0,56,38,18,0.679,807.025,112.5,85,0.107,0.164,14,0.104,9,0.106,320.0,225.0,221.0,846.0,2.57,2.567819537573351,253,95,165,49,308,281,323,329,317,361,487,321,357,250,224,227,235,286,50,133,72,61,32,5,13,34,5,10,15,0.333,0.667,1,16,14,3,17,0.059,0.941,0.875,0.188,1627863,Danuel House Jr.,0.2545226480836237,0.10278397212543554,1644.3,4.66321243523316,85.08245877061469,50.26737967914441,44.210990463594506,4.39469320066335,13.725490196078432,9.9931713979124,7.630522088353414,5.785123966942149,11.627906976744185,7.983978967957165,71.59354112960882,61.57479448718859,66.5841678083987,6.9209039548022595,10.56338028169014,8.560018301901806,2022-23
203967,Dario Saric,Dario,1610612760,OKC,29.0,57,26,31,0.456,805.9533333333334,111.2,154,0.195,0.291,20,0.163,7,0.132,292.0,229.0,242.0,802.0,2.71,2.7137049077032653,246,253,357,352,310,206,220,77,77,311,358,345,316,234,228,244,227,278,51,184,139,45,41,1,43,99,8,7,15,0.533,0.467,12,45,49,27,57,0.211,0.789,0.98,0.54,203967,Dario Saric,0.27554225352112677,0.09330985915492958,1634.0,3.6269430051813467,86.73163418290855,57.2192513368984,46.11166200031513,9.950248756218906,7.450980392156863,8.450687737781681,11.244979919678714,10.743801652892563,2.3255813953488373,8.839717895221092,63.04884177084082,68.05696221074118,65.552901990791,16.666666666666664,30.985915492957744,23.110328638497652,2022-23
1629647,Darius Bazley,Darius,1610612756,PHX,23.0,43,19,24,0.442,616.1616666666666,109.2,104,0.157,0.239,22,0.216,34,0.425,210.0,202.0,143.0,670.0,2.56,2.5554967841609675,327,324,238,368,348,136,294,147,141,299,184,95,60,186,207,174,200,292,42,219,124,95,36,0,39,85,4,3,7,0.571,0.429,1,10,9,5,11,0.091,0.909,0.9,0.5,1629647,Darius Bazley,0.3123060344827586,0.12679741379310344,1277.0,17.616580310880828,91.67916041979011,67.9144385026738,56.11294789694732,8.706467661691542,27.058823529411764,19.717881182323676,9.236947791164658,12.396694214876034,0.0,8.033622091672473,48.10396297457834,45.14484933093436,46.62440615275635,9.6045197740113,6.338028169014084,8.134598551762554,2022-23
1629636,Darius Garland,Darius,1610612739,CLE,23.0,69,40,29,0.58,2447.15,108.8,157,0.067,0.1,85,0.227,9,0.038,743.0,605.0,657.0,2296.0,10.05,10.050128756348004,123,74,327,144,27,127,217,503,506,31,153,321,481,464,463,476,466,5,69,240,110,130,138,7,13,33,15,24,39,0.385,0.615,0,6,6,1,6,0.0,1.0,1.0,0.167,1629636,Darius Garland,0.3243306010928962,0.12645081967213115,4783.4,4.66321243523316,30.73463268365817,70.05347593582891,30.135775397330853,7.545605306799337,40.78431372549019,27.48883035801385,50.20080321285141,64.46280991735537,16.27906976744186,46.712072198075404,43.21584521667855,45.381988283270466,44.29891674997451,17.09039548022599,3.5211267605633805,10.984224556377818,2022-23
1631223,David Roddy,David,1610612763,MEM,22.0,70,44,26,0.629,1258.5016666666668,112.5,143,0.107,0.161,29,0.138,19,0.147,490.0,389.0,376.0,1268.0,3.87,3.8746016337366997,116,40,273,97,218,285,238,330,328,259,424,198,281,335,333,324,306,209,67,231,105,126,49,4,10,26,12,10,22,0.545,0.455,6,21,25,12,27,0.222,0.778,0.926,0.444,1631223,David Roddy,0.2576777777777778,0.1429638888888889,2615.8,9.844559585492227,69.26536731634184,50.26737967914441,40.747547314702636,7.131011608623548,39.21568627450981,26.381816408155302,14.457831325301203,18.181818181818183,9.30232558139535,14.472350289105684,70.31094642274687,34.08378183092115,52.197364126834,15.112994350282486,14.084507042253522,14.650175061669454,2022-23
1630558,Davion Mitchell,Davion,1610612758,SAC,24.0,80,47,33,0.588,1447.03,111.8,89,0.062,0.092,44,0.214,15,0.161,477.0,403.0,296.0,1600.0,4.81,4.812715767685012,15,22,385,130,196,249,314,512,514,169,190,238,257,330,339,283,357,151,77,225,115,110,71,15,7,17,8,15,23,0.348,0.652,0,12,11,2,12,0.0,1.0,1.0,0.182,1630558,Davion Mitchell,0.3031755319148936,0.12158510638297873,2986.8,7.772020725388601,56.8215892053973,54.010695187165815,36.49903830883595,7.960199004975125,32.94117647058823,22.948785484342988,23.293172690763054,30.57851239669421,34.883720930232556,28.740678647706332,51.815612066604956,48.71109885364193,50.26335546012344,7.4858757062146895,7.746478873239436,7.603147131375826,2022-23
1630549,Day'Ron Sharpe,Day'Ron,1610612751,BKN,21.0,48,22,26,0.458,552.4866666666667,119.0,101,0.19,0.298,15,0.188,32,0.525,239.0,164.0,147.0,636.0,0.68,0.6755149674365032,302,290,273,350,359,508,297,88,65,351,283,108,30,199,184,178,191,425,43,207,155,52,29,0,97,224,7,6,13,0.538,0.462,30,30,59,38,60,0.5,0.5,1.0,0.644,1630549,Day'Ron Sharpe,0.2714870848708487,0.06605166051660516,1143.3,16.580310880829018,92.95352323838081,15.50802139037436,43.04286283335848,11.276948590381426,10.196078431372548,10.6284264949761,6.425702811244979,6.6115702479338845,0.0,4.884330711274851,64.69731215097005,86.70696310956892,75.70213763026948,9.180790960451978,20.422535211267608,14.239575873319012,2022-23
1628368,De'Aaron Fox,De'Aaron,1610612758,SAC,25.0,73,44,29,0.603,2435.241666666667,116.8,266,0.111,0.159,83,0.234,23,0.135,808.0,616.0,628.0,2748.0,4.52,4.5159431992347745,92,40,327,118,29,470,93,305,335,32,138,166,314,499,476,460,530,168,73,361,133,228,196,5,13,34,31,17,48,0.646,0.354,1,6,7,2,7,0.143,0.857,1.0,0.286,1628368,De'Aaron Fox,0.3608904109589041,0.17052876712328768,5073.7,11.917098445595855,13.793103448275861,27.272727272727316,16.41260740331672,9.45273631840796,79.2156862745098,51.310506292069064,73.49397590361446,62.8099173553719,11.627906976744185,54.288038180011995,28.353882900231408,15.223951411869812,21.78891715605061,32.48587570621469,3.5211267605633805,19.451738680671603,2022-23
1629631,De'Andre Hunter,De'Andre,1610612737,ATL,25.0,67,35,32,0.522,2125.63,115.5,238,0.112,0.162,35,0.119,17,0.081,663.0,594.0,710.0,2450.0,4.68,4.681690021174731,145,137,377,229,85,418,121,303,325,223,467,216,409,423,453,507,492,159,65,382,175,207,92,4,31,72,14,12,26,0.538,0.462,1,31,23,6,32,0.031,0.969,0.885,0.231,1629631,De'Andre Hunter,0.3201570996978852,0.13637764350453171,4443.7,8.808290155440414,24.962518740629687,34.22459893048131,20.816347354016884,12.935323383084576,70.98039215686275,47.762364647351475,31.72690763052209,23.140495867768596,9.30232558139535,23.115518001276683,44.9124191509419,38.5900767614108,41.75124795617635,28.53107344632768,21.12676056338028,25.199132649001353,2022-23
1629001,De'Anthony Melton,De'Anthony,1610612755,PHI,25.0,77,50,27,0.649,2149.826666666667,112.8,243,0.114,0.172,126,0.364,41,0.184,705.0,603.0,680.0,2148.0,6.37,6.366081316411317,46,13,291,78,77,304,116,293,291,2,22,77,211,444,458,495,445,76,77,305,150,155,234,0,22,52,28,24,52,0.538,0.462,1,22,21,8,23,0.043,0.957,0.955,0.364,1629001,De'Anthony Melton,0.3757106741573034,0.16478932584269662,4253.0,21.243523316062177,36.28185907046477,48.66310160427811,33.36183540215707,10.862354892205639,50.588235294117645,34.697883133352846,88.75502008032129,98.34710743801654,0.0,69.9234956354343,22.32928392168947,19.15086479532779,20.74007435850863,29.23728813559322,14.788732394366196,22.73543805204106,2022-23
201942,DeMar DeRozan,DeMar,1610612741,CHI,33.0,74,37,37,0.5,2681.61,110.7,309,0.116,0.167,83,0.19,36,0.153,826.0,635.0,700.0,2562.0,9.57,9.573051791533938,79,110,450,264,11,186,62,288,306,32,275,89,272,509,490,504,512,9,74,359,159,200,136,13,9,24,21,23,44,0.477,0.523,2,32,31,11,34,0.059,0.941,0.969,0.344,201942,DeMar DeRozan,0.37813314447592067,0.17455807365439094,5445.0,18.65284974093264,20.76461769115442,59.89304812834225,29.702018120362666,11.608623548922056,68.23529411764706,45.58462589015706,49.39759036144578,62.8099173553719,30.23255813953488,49.3006467538422,21.344523259094355,12.467108546946458,16.905815903020407,38.559322033898304,21.830985915492956,31.0315707806159,2022-23
1629731,Dean Wade,Dean,1610612739,CLE,26.0,44,30,14,0.682,891.5633333333334,103.2,130,0.146,0.217,28,0.196,21,0.228,266.0,234.0,241.0,880.0,5.19,5.189846072868595,325,207,134,46,287,35,260,187,183,264,251,178,170,214,231,243,243,131,43,201,147,54,49,2,18,46,7,7,14,0.5,0.5,0,31,24,6,31,0.0,1.0,0.857,0.214,1629731,Dean Wade,0.2540148698884758,0.07508921933085502,1768.0,10.880829015544041,83.80809595202399,100.0,58.68516518942601,10.613598673300165,10.980392156862745,10.833674763437713,14.457831325301203,17.355371900826448,4.651162790697675,13.020303393084157,71.79995851605202,80.52348480106505,76.16172165855853,13.27683615819209,21.12676056338028,16.809302140526775,2022-23
1629028,Deandre Ayton,Deandre,1610612756,PHX,24.0,67,36,31,0.537,2035.3366666666666,113.2,495,0.247,0.37,37,0.12,53,0.294,640.0,599.0,581.0,2050.0,5.79,5.790167291594436,145,126,357,209,99,323,17,24,19,208,464,47,124,409,456,433,430,104,67,643,505,138,76,0,302,651,16,12,28,0.571,0.429,18,76,88,67,94,0.191,0.809,0.978,0.744,1629028,Deandre Ayton,0.341235294117647,0.13317058823529412,4066.0,27.461139896373055,39.95502248875562,46.524064171123,36.599729872394434,40.298507462686565,43.92156862745098,42.47234416154521,25.301204819277107,24.793388429752067,0.0,18.798167878124065,36.34390273049661,40.78433708093821,38.564119905717405,64.83050847457628,52.816901408450704,59.42438529481977,2022-23
1627749,Dejounte Murray,Dejounte,1610612737,ATL,26.0,74,38,36,0.514,2693.395,115.4,336,0.127,0.18,112,0.278,19,0.071,826.0,714.0,864.0,3116.0,6.02,6.018678322462056,79,95,441,247,10,409,50,243,266,6,80,198,430,509,525,536,539,95,72,257,145,112,232,0,11,25,27,32,59,0.458,0.542,1,8,8,7,9,0.111,0.889,1.0,0.875,1627749,Dejounte Murray,0.3605583333333333,0.11686666666666667,5591.7,9.844559585492227,0.0,34.759358288770045,12.627663406389402,10.44776119402985,33.72549019607843,24.414398595258998,87.95180722891565,86.77685950413223,0.0,65.55262371801254,28.488876084699722,51.939445162137886,40.214160623418806,42.3728813559322,4.929577464788732,25.52339460491764,2022-23
1626153,Delon Wright,Delon,1610612764,WAS,31.0,50,26,24,0.52,1221.1716666666666,110.9,122,0.097,0.144,92,0.455,17,0.122,486.0,374.0,350.0,1304.0,4.28,4.284588314711853,294,253,238,234,225,193,265,386,388,18,13,216,326,333,327,311,312,187,50,136,80,56,162,3,17,40,17,15,32,0.531,0.469,2,12,13,6,14,0.143,0.857,1.0,0.462,1626153,Delon Wright,0.33164259927797834,0.1267942238267148,2453.9,8.808290155440414,67.9160419790105,58.823529411764696,41.99981310777101,5.05804311774461,11.76470588235294,9.082040776509608,59.83935742971887,70.24793388429752,6.976744186046512,50.266705877903306,40.24343803286387,45.14703189907854,42.69523496597121,12.146892655367232,7.746478873239436,10.166706453409725,2022-23
1630166,Deni Avdija,Deni,1610612764,WAS,22.0,76,33,43,0.434,2020.38,114.1,413,0.196,0.283,65,0.217,29,0.142,695.0,594.0,557.0,2150.0,5.24,5.244501434239529,55,162,499,376,103,374,31,76,87,82,179,126,303,440,453,419,447,126,76,415,261,154,95,0,25,63,27,24,51,0.529,0.471,3,17,18,9,20,0.15,0.85,0.947,0.474,1630166,Deni Avdija,0.3664212034383954,0.1739942693409742,4113.6,15.025906735751295,36.206896551724135,41.71122994652412,29.110583974034995,20.066334991708125,50.19607843137255,38.14418105550678,32.93172690763052,47.93388429752066,0.0,29.949550267184442,26.105555304668222,12.85286224591618,19.4792087752922,53.24858757062147,11.267605633802818,34.35714569905308,2022-23
203471,Dennis Schröder,Dennis,1610612747,LAL,29.0,66,37,29,0.561,1985.945,112.2,144,0.067,0.098,50,0.202,10,0.06,661.0,537.0,650.0,2206.0,6.2,6.197431790551687,162,110,327,167,107,268,236,501,510,138,231,311,451,422,421,471,453,85,66,250,128,122,106,10,17,44,22,18,40,0.55,0.45,0,6,6,0,6,0.0,1.0,1.0,0.0,203471,Dennis Schröder,0.3154776119402985,0.11487462686567164,4106.9,5.181347150259067,34.10794602698651,51.871657754010705,26.978234408051584,9.038142620232174,37.64705882352941,26.203492342210517,37.34939759036144,35.53719008264463,23.25581395348837,33.19172905344229,46.814682072122764,53.30239451077253,50.05853829144765,15.254237288135593,3.5211267605633805,9.9743375507281,2022-23
1628372,Dennis Smith Jr.,Dennis,1610612766,CHA,25.0,54,19,35,0.352,1389.8433333333332,106.2,140,0.093,0.138,75,0.302,25,0.152,437.0,398.0,292.0,1374.0,6.76,6.757421980516661,270,324,420,438,204,63,248,412,418,51,54,154,273,313,336,277,330,62,54,253,128,125,143,2,12,29,13,19,32,0.406,0.594,0,13,12,3,13,0.0,1.0,0.923,0.231,1628372,Dennis Smith Jr.,0.2788089552238806,0.11415223880597015,2863.1,12.953367875647666,65.29235382308846,83.9572192513369,49.022975801174255,9.038142620232174,38.82352941176471,26.909374695151698,52.208835341365464,56.19834710743802,4.651162790697675,41.71574632182391,61.72089182297905,53.79665086796971,57.75877134547438,14.689265536723164,8.450704225352112,11.88191294660619,2022-23
1627884,Derrick Jones Jr.,Derrick,1610612741,CHI,26.0,64,29,35,0.453,893.4083333333333,106.0,93,0.098,0.15,29,0.192,37,0.398,307.0,239.0,249.0,990.0,4.47,4.469225773687905,181,220,420,356,286,62,310,379,364,259,270,85,70,240,240,249,261,173,62,208,119,89,65,0,46,98,10,9,19,0.526,0.474,5,30,32,12,35,0.143,0.857,0.97,0.364,1627884,Derrick Jones Jr.,0.2123216374269006,0.06880994152046783,1840.8,19.170984455958546,79.68515742128936,85.02673796791446,56.81488337181331,8.291873963515755,24.705882352941178,18.14027899717101,20.883534136546185,18.181818181818183,0.0,14.717050018254838,88.74871322691624,84.81975317747413,86.78423320219518,8.050847457627118,20.422535211267608,13.618106946765339,2022-23
1628401,Derrick White,Derrick,1610612738,BOS,28.0,82,57,25,0.695,2319.3283333333334,107.2,241,0.098,0.139,54,0.189,76,0.296,693.0,611.0,590.0,2342.0,10.64,10.642163386606311,2,1,256,38,49,80,118,377,414,121,279,23,121,439,471,440,473,3,81,507,335,172,130,13,32,81,12,20,32,0.375,0.625,0,15,15,5,15,0.0,1.0,1.0,0.333,1628401,Derrick White,0.33646236559139786,0.13786290322580644,4721.8,39.37823834196891,29.01049475262369,78.6096256684492,45.55737491731816,26.202321724709783,57.25490196078431,44.833869866354505,46.98795180722892,38.84297520661157,30.23255813953488,39.94836158008934,38.28415034546475,37.57386525366206,37.92900779956341,28.954802259887007,9.859154929577464,20.361760961247715,2022-23
1630217,Desmond Bane,Desmond,1610612763,MEM,25.0,58,38,20,0.655,1841.4533333333334,107.4,248,0.123,0.185,56,0.166,22,0.093,588.0,549.0,515.0,1796.0,8.41,8.40995528195764,240,95,195,70,137,88,108,255,254,112,344,174,381,379,427,395,384,21,58,288,123,165,106,0,25,54,12,16,28,0.429,0.571,1,9,9,6,10,0.1,0.9,0.9,0.6,1630217,Desmond Bane,0.29305438066465256,0.13793051359516617,3833.9,11.398963730569948,49.47526236881559,77.54010695187165,41.260954059281346,8.623548922056385,54.509803921568626,36.15530192176373,37.34939759036144,40.49586776859504,0.0,29.11331275515284,55.929970676002426,37.52760638431931,46.72878853016087,29.943502824858758,5.633802816901409,19.00413782127795,2022-23
1626164,Devin Booker,Devin,1610612756,PHX,26.0,53,34,19,0.642,1835.4133333333334,113.4,194,0.105,0.161,51,0.192,18,0.089,590.0,576.0,455.0,1824.0,5.15,5.15010665244629,277,149,176,85,138,338,164,343,329,135,268,207,394,380,444,366,387,133,52,229,114,115,103,1,16,38,21,22,43,0.488,0.512,3,22,24,8,25,0.12,0.88,0.96,0.32,1626164,Devin Booker,0.35078767123287674,0.16415068493150686,3685.7,9.32642487046632,48.425787106446776,45.454545454545446,32.04323179907926,7.877280265339967,34.90196078431372,24.09208857672422,36.144578313253014,36.36363636363637,2.3255813953488373,27.766499401411142,32.46075702379444,19.58782153358309,26.024289278688766,22.316384180790962,14.788732394366196,18.928940876899816,2022-23
1628984,Devonte' Graham,Devonte',1610612759,SAS,28.0,73,31,42,0.425,1338.445,113.7,103,0.081,0.117,45,0.206,16,0.151,514.0,371.0,367.0,1408.0,3.61,3.6143779800393796,92,191,493,385,207,353,296,466,471,159,218,228,276,347,326,319,332,220,65,117,44,73,77,9,16,38,8,13,21,0.381,0.619,1,13,12,2,14,0.071,0.929,0.857,0.143,1628984,Devonte' Graham,0.296914364640884,0.11118508287292818,2744.1,8.290155440414509,64.01799100449776,43.85026737967915,36.684925872659804,2.0729684908789388,18.43137254901961,11.888010925763341,25.702811244979916,31.40495867768595,20.930232558139537,26.505418174716933,54.36084499928003,55.82677257749425,55.09380878838714,9.463276836158192,8.450704225352112,9.007619161295457,2022-23
1628415,Dillon Brooks,Dillon,1610612763,MEM,27.0,73,46,27,0.63,2214.2633333333333,108.5,199,0.084,0.122,65,0.179,16,0.063,664.0,628.0,592.0,2078.0,9.34,9.341379534880367,92,32,291,95,69,117,159,456,462,82,308,228,448,424,485,443,434,11,73,280,124,156,152,1,26,63,10,20,30,0.333,0.667,0,33,31,7,33,0.0,1.0,1.0,0.226,1628415,Dillon Brooks,0.3359942196531792,0.16590751445086707,4592.3,8.290155440414509,38.90554722638681,71.65775401069521,34.84744220807499,8.706467661691542,50.98039215686274,34.07082235879426,55.82329317269076,47.93388429752066,2.3255813953488373,39.68757212204575,38.47445678627784,18.385802553903034,28.430129670090437,23.022598870056495,22.535211267605636,22.80327444895361,2022-23
1627734,Domantas Sabonis,Domantas,1610612758,SAC,27.0,79,47,32,0.595,2735.555,116.8,722,0.275,0.392,65,0.167,39,0.25,923.0,695.0,674.0,3074.0,5.0,4.9976348908102635,27,22,377,122,6,469,2,10,9,82,340,80,152,530,515,490,537,142,79,752,641,111,123,3,435,1054,30,22,52,0.577,0.423,52,112,161,116,164,0.317,0.683,0.988,0.712,1627734,Domantas Sabonis,0.3942021857923497,0.13800273224043716,5611.7,20.207253886010363,1.5742128935532234,27.272727272727316,15.452057885329603,51.575456053067995,33.33333333333333,40.6301824212272,44.17670682730924,47.93388429752066,6.976744186046512,36.19172828156756,14.812282326182796,37.47819454250661,26.1452384343447,96.89265536723164,78.16901408450704,88.46701679000557,2022-23
1628378,Donovan Mitchell,Donovan,1610612739,CLE,26.0,68,44,24,0.647,2432.38,110.4,226,0.097,0.142,99,0.289,27,0.119,779.0,556.0,674.0,2246.0,8.88,8.880848275783986,133,40,238,80,30,179,139,381,400,13,63,140,335,482,432,490,458,17,68,238,96,142,166,2,13,27,37,34,71,0.521,0.479,0,23,22,7,23,0.0,1.0,0.957,0.304,1628378,Donovan Mitchell,0.33858529411764704,0.1384235294117647,4765.0,13.989637305699482,32.608695652173914,61.497326203208544,32.3832299513428,6.384742951907131,45.490196078431374,29.848014827821675,61.44578313253012,76.03305785123968,4.651162790697675,52.35267419862035,37.42115669551798,37.190286022665944,37.30572135909196,26.836158192090398,15.492957746478872,21.731717991565212,2022-23
1628978,Donte DiVincenzo,Donte,1610612744,GSW,26.0,72,42,30,0.583,1894.38,110.6,245,0.123,0.183,97,0.321,10,0.064,731.0,490.0,558.0,1986.0,6.88,6.877380365111564,102,60,342,137,128,184,114,258,260,15,41,311,446,458,389,420,411,54,72,276,128,148,179,0,28,75,24,19,43,0.558,0.442,1,8,9,1,9,0.111,0.889,1.0,0.111,1628978,Donte DiVincenzo,0.3471939058171745,0.13938781163434905,3976.3,5.181347150259067,42.35382308845577,60.42780748663107,32.00332881272091,9.038142620232174,47.84313725490196,32.321139401034046,66.66666666666666,74.3801652892562,0.0,52.69972451790633,33.921661945840455,36.530526199335696,35.226094072588076,29.51977401129944,4.929577464788732,18.45418556536962,2022-23
1627827,Dorian Finney-Smith,Dorian,1610612751,BKN,30.0,66,31,35,0.47,2008.825,114.3,202,0.105,0.159,55,0.177,36,0.214,623.0,561.0,556.0,2106.0,5.01,5.013202294492352,162,191,420,332,105,379,155,344,337,119,314,89,181,399,437,418,439,141,66,403,276,127,100,0,52,127,28,20,48,0.583,0.417,2,36,31,9,38,0.053,0.947,0.969,0.281,1627827,Dorian Finney-Smith,0.3280316455696203,0.15884177215189874,3958.5,18.65284974093264,37.85607196401799,40.641711229946566,30.871192891265995,21.31011608623549,39.6078431372549,32.28875231684714,34.93975903614458,39.66942148760331,0.0,27.86020113511899,41.71133018374591,23.22016824237411,32.46574921306001,23.44632768361582,24.647887323943664,23.987029521763354,2022-23
203926,Doug McDermott,Doug,1610612759,SAS,31.0,64,19,45,0.297,1314.2016666666666,118.4,115,0.085,0.131,13,0.082,6,0.05,503.0,418.0,405.0,1536.0,1.83,1.8321204971399125,181,324,511,460,210,498,276,450,439,372,498,365,466,343,350,339,351,342,64,176,101,75,18,0,16,34,9,11,20,0.45,0.55,1,11,10,4,12,0.083,0.917,0.833,0.333,203926,Doug McDermott,0.3500568862275449,0.14869760479041916,2745.1,3.1088082901554404,59.220389805097454,18.71657754010695,26.649804132873022,6.799336650082918,19.215686274509807,14.249146424739052,2.0080321285140563,4.958677685950414,0.0,2.5387500414882673,32.75782911608573,30.160785739506075,31.459307427795903,11.158192090395481,7.042253521126761,9.306019734224558,2022-23
203110,Draymond Green,Draymond,1610612744,GSW,33.0,73,41,32,0.562,2297.635,109.2,459,0.185,0.271,74,0.22,61,0.349,861.0,604.0,666.0,2250.0,9.29,9.291201137474097,92,65,377,166,52,137,20,97,106,54,171,37,92,516,462,483,459,12,73,735,500,235,201,13,234,605,16,17,33,0.485,0.515,5,112,111,55,117,0.043,0.957,0.974,0.482,203110,Draymond Green,0.32682681564245813,0.1479245810055866,4836.5,31.606217616580313,32.458770614692654,67.9144385026738,40.981666387443006,39.88391376451078,81.96078431372548,65.13003609403961,75.50200803212851,55.371900826446286,30.23255813953488,57.13910803699133,42.20110671816547,30.689686950962976,36.44539683456422,59.7457627118644,78.16901408450704,68.03622582955359,2022-23
1629234,Drew Eubanks,Drew,1610612757,POR,26.0,78,31,47,0.397,1583.6766666666667,117.1,286,0.183,0.284,40,0.169,102,0.548,567.0,484.0,511.0,1766.0,2.77,2.7721973200152106,38,191,517,412,172,474,74,103,84,197,337,11,25,372,385,392,380,273,77,481,395,86,97,8,258,604,21,9,30,0.7,0.3,22,63,76,38,85,0.259,0.741,0.927,0.463,1629234,Drew Eubanks,0.3316730769230769,0.13182417582417583,3207.4,52.84974093264248,50.59970014992504,25.668449197861023,45.26690372499601,31.17744610281924,23.52941176470588,26.588625499951224,33.734939759036145,27.27272727272727,18.6046511627907,27.690593239766677,40.23104853700465,41.705549557621985,40.968299047313316,35.31073446327684,43.66197183098591,39.06879127874592,2022-23
1629130,Duncan Robinson,Duncan,1610612748,MIA,29.0,42,19,23,0.452,690.46,113.8,61,0.094,0.144,14,0.13,0,0.0,244.0,188.0,177.0,642.0,1.88,1.8811261066552756,335,324,226,358,334,356,364,402,389,361,446,491,491,204,202,195,194,338,37,85,35,50,27,4,20,44,0,2,2,0.0,1.0,0,13,13,2,13,0.0,1.0,1.0,0.154,1629130,Duncan Robinson,0.25907407407407407,0.1071,1373.4,0.0,92.72863568215892,43.315508021390414,43.283899494103224,1.3266998341625207,9.411764705882353,6.177738757194421,5.622489959839357,5.785123966942149,9.30232558139535,6.599370767714333,69.74333671650919,58.62177749556611,64.18255710603765,3.531073446327684,8.450704225352112,5.744907296888677,2022-23
203939,Dwight Powell,Dwight,1610612742,DAL,31.0,76,37,39,0.487,1457.935,113.2,165,0.12,0.176,48,0.236,26,0.366,481.0,398.0,414.0,1552.0,4.16,4.164431289977423,55,110,472,304,193,329,206,269,279,149,136,144,82,332,336,344,354,191,76,565,440,125,91,1,230,534,17,15,32,0.531,0.469,23,79,92,38,102,0.225,0.775,0.939,0.388,203939,Dwight Powell,0.3421046153846154,0.10845846153846155,2885.8,13.471502590673575,58.620689655172406,46.524064171123,37.53685845836053,34.90878938640133,38.82352941176471,37.25763340161936,31.32530120481928,33.88429752066116,2.3255813953488373,24.971019962996326,35.990514133621474,57.692321031861646,46.841417582741556,18.220338983050848,54.929577464788736,34.7394962998329,2022-23
1630700,Dyson Daniels,Dyson,1610612740,NOP,20.0,59,33,26,0.559,1042.125,106.7,152,0.14,0.206,43,0.238,11,0.12,415.0,279.0,278.0,1028.0,5.08,5.076304487226069,230,162,273,168,260,74,224,202,205,172,134,298,334,300,269,268,271,136,58,273,161,112,90,3,8,19,11,13,24,0.458,0.542,0,12,12,5,12,0.0,1.0,1.0,0.417,1630700,Dyson Daniels,0.267973293768546,0.09056379821958457,2158.8,5.699481865284974,78.26086956521739,81.28342245989305,49.99195270891334,11.774461028192372,33.72549019607843,24.945078528924007,30.923694779116467,29.75206611570248,6.976744186046512,24.526887098654086,66.12570664048417,69.93581119823129,68.03075891935774,16.38418079096045,7.746478873239436,12.497214927985993,2022-23
1628410,Edmond Sumner,Edmond,1610612751,BKN,27.0,53,33,20,0.623,736.1566666666666,110.1,66,0.086,0.131,31,0.267,10,0.108,292.0,236.0,197.0,750.0,2.87,2.8699473664072435,277,162,195,105,326,160,355,445,435,246,94,311,353,234,232,208,213,266,42,78,41,37,57,1,8,16,5,7,12,0.417,0.583,0,4,4,1,4,0.0,1.0,1.0,0.25,1628410,Edmond Sumner,0.21752218430034131,0.08987372013651877,1531.1,5.181347150259067,88.68065967016491,63.101604278074916,48.88617081418007,1.8242122719734661,4.313725490196078,3.3179202029070334,17.670682730923694,19.834710743801654,2.3255813953488373,14.591817201537264,86.63463407986205,70.40796113888598,78.52129760937402,4.23728813559322,2.112676056338028,3.2812126999283837,2022-23
201569,Eric Gordon,Eric,1610612746,LAC,34.0,69,25,44,0.362,1965.5083333333334,116.4,118,0.059,0.087,43,0.153,25,0.118,832.0,573.0,695.0,2078.0,3.94,3.9403750601912715,123,262,504,428,111,454,270,517,519,172,384,154,336,512,443,502,434,204,65,128,51,77,93,0,24,57,13,10,23,0.565,0.435,0,6,5,0,6,0.0,1.0,1.0,0.0,201569,Eric Gordon,0.28217088607594937,0.12514873417721517,4051.3,12.953367875647666,38.90554722638681,29.411764705882348,26.151229855965035,2.6533996683250414,20.0,13.061359867330017,32.1285140562249,29.75206611570248,0.0,23.26462876298583,60.35423018504743,46.272872379198624,53.31355128212303,11.581920903954803,3.5211267605633805,7.954563539428663,2022-23
1630647,Eugene Omoruyi,Eugene,1610612765,DET,26.0,40,10,30,0.25,645.3233333333334,113.1,68,0.11,0.176,28,0.255,3,0.091,242.0,213.0,153.0,642.0,1.85,1.8499879283311715,350,418,342,484,343,318,352,313,278,264,108,429,387,202,214,181,194,340,39,114,51,63,56,13,11,26,10,2,12,0.833,0.167,7,25,24,7,32,0.219,0.781,0.828,0.241,1630647,Eugene Omoruyi,0.20837777777777777,0.10474222222222222,1291.8,1.5544041450777202,92.72863568215892,47.05882352941182,44.84149002913967,2.6533996683250414,14.50980392156863,9.767242220271195,17.269076305220885,17.355371900826448,30.23255813953488,20.54015022226133,90.35193528144657,60.234963981519996,75.29344963148328,4.519774011299435,16.901408450704224,10.09150950903159,2022-23
1630596,Evan Mobley,Evan,1610612739,CLE,22.0,79,48,31,0.608,2715.2616666666668,109.0,524,0.2,0.297,60,0.149,119,0.438,863.0,674.0,713.0,2456.0,11.05,11.05191285029567,27,16,357,113,9,129,10,71,68,98,399,6,56,519,510,509,494,2,79,895,614,281,145,1,213,484,30,24,54,0.556,0.444,19,87,95,58,106,0.179,0.821,0.99,0.604,1630596,Evan Mobley,0.3727206266318538,0.17346475195822453,5333.3,61.6580310880829,24.737631184407796,68.98395721925135,50.56737265458873,49.33665008291874,100.0,79.7346600331675,53.01204819277109,43.80165289256198,2.3255813953488373,37.116793138342345,23.54477092259248,13.215156900645916,18.3799639116192,68.92655367231639,60.56338028169014,65.16312564653458,2022-23
1628373,Frank Ntilikina,Frank,1610612742,DAL,24.0,47,20,27,0.426,607.5916666666667,108.4,55,0.086,0.127,16,0.216,7,0.14,172.0,173.0,120.0,616.0,2.71,2.7087547946659836,311,310,291,384,351,112,374,442,448,338,182,345,304,166,192,154,187,278,41,114,68,46,27,2,11,26,3,4,7,0.429,0.571,0,6,6,0,6,0.0,1.0,1.0,0.0,1628373,Frank Ntilikina,0.20581746031746032,0.04662301587301588,1251.9,3.6269430051813467,93.7031484257871,72.19251336898395,52.29500749334401,4.06301824212272,7.8431372549019605,6.331089649790264,5.622489959839357,7.43801652892562,4.651162790697675,6.015092466734129,91.3927323138392,100.0,95.6963661569196,2.6836158192090394,3.5211267605633805,3.060495742818493,2022-23
1630532,Franz Wagner,Franz,1610612753,ORL,21.0,80,33,47,0.413,2608.7266666666665,110.1,259,0.098,0.141,77,0.193,17,0.068,925.0,671.0,765.0,2526.0,9.85,9.847723406647166,15,162,517,399,16,165,101,378,405,48,267,216,439,531,505,523,506,6,80,452,230,222,159,2,30,71,15,22,37,0.405,0.595,9,39,42,14,48,0.188,0.813,0.894,0.298,1630532,Franz Wagner,0.3457989417989418,0.1731164021164021,5323.1,8.808290155440414,22.113943028485757,63.101604278074916,27.03859719166491,17.495854063018243,76.86274509803923,53.11598868403083,58.63453815261044,57.85123966942148,4.651162790697675,44.86453984301611,34.48873006648324,13.45349711341259,23.971113589947915,31.497175141242938,26.76056338028169,29.365699848810376,2022-23
1627832,Fred VanVleet,Fred,1610612761,TOR,29.0,69,34,35,0.493,2534.9866666666667,112.8,250,0.11,0.16,123,0.25,38,0.151,762.0,559.0,767.0,2590.0,7.52,7.522653950039502,123,149,420,291,20,299,106,310,334,4,114,82,274,477,435,524,514,42,69,286,109,177,262,1,29,63,19,45,64,0.297,0.703,1,17,16,7,18,0.056,0.944,0.889,0.389,1627832,Fred VanVleet,0.3793247126436782,0.1763448275862069,5057.1,19.689119170984455,19.715142428785608,48.66310160427811,26.94172291953827,7.462686567164178,59.21568627450981,38.51448639157155,100.0,95.86776859504133,2.3255813953488373,74.13511435710167,20.860137774826416,11.24461534860648,16.05237656171645,30.225988700564972,11.267605633802818,21.694716320522005,2022-23
1629216,Gabe Vincent,Gabe,1610612748,MIA,27.0,68,37,31,0.544,1758.6766666666667,111.7,118,0.071,0.104,62,0.212,5,0.049,577.0,465.0,465.0,1704.0,5.83,5.825083936820111,133,110,357,199,151,247,270,487,497,92,194,385,469,374,372,370,375,102,67,278,122,156,130,8,25,53,14,13,27,0.519,0.481,0,18,14,1,18,0.0,1.0,0.933,0.067,1629216,Gabe Vincent,0.30080851063829783,0.14349240121580548,3505.3,2.5906735751295336,52.92353823088456,54.545454545454554,33.195871447225045,8.540630182421227,50.98039215686274,34.004487367086135,46.98795180722892,45.45454545454545,18.6046511627907,39.355434422680155,52.77783208754939,33.72217483323138,43.25000346039039,11.581920903954803,11.971830985915492,11.757380440837114,2022-23
1629726,Garrison Mathews,Garrison,1610612737,ATL,26.0,54,16,38,0.296,686.2583333333333,109.5,62,0.082,0.125,24,0.209,5,0.058,329.0,208.0,222.0,618.0,2.68,2.6832246596618314,270,357,459,461,337,142,361,461,451,290,209,385,455,254,212,228,188,280,46,94,40,54,30,13,2,5,3,11,14,0.214,0.786,0,3,3,0,3,0.0,1.0,1.0,0.0,1629726,Garrison Mathews,0.21824662162162162,0.07184459459459461,1405.2,2.5906735751295336,93.62818590704649,66.3101604278075,50.38367460446996,1.7412935323383085,10.980392156862745,7.28475270705297,6.827309236947792,14.049586776859504,30.23255813953488,15.206418601563662,86.34014239051916,82.74345006914908,84.54179622983412,3.672316384180791,1.4084507042253522,2.6535768282008436,2022-23
203914,Gary Harris,Gary,1610612753,ORL,28.0,48,22,26,0.458,1184.3516666666667,115.8,77,0.069,0.1,45,0.23,12,0.128,421.0,348.0,352.0,1258.0,2.52,2.5150437405840576,302,290,273,350,237,432,337,497,505,159,146,278,320,303,305,312,303,295,48,116,47,69,94,0,15,32,7,12,19,0.368,0.632,0,6,5,2,6,0.0,1.0,0.833,0.333,203914,Gary Harris,0.28083576642335767,0.11763868613138685,2415.3,6.217616580310881,69.64017991004498,32.62032085561501,35.01618981454384,2.321724709784411,16.862745098039216,11.046336942737293,32.53012048192771,31.40495867768595,0.0,24.003783729961167,60.896970916946444,51.411231104342434,56.15410101064444,5.790960451977401,3.5211267605633805,4.769535290841092,2022-23
1629018,Gary Trent Jr.,Gary,1610612761,TOR,24.0,66,31,35,0.47,2117.9933333333333,113.8,143,0.073,0.107,104,0.24,14,0.059,621.0,533.0,703.0,2252.0,5.73,5.728435412033023,162,191,420,332,88,362,238,485,489,9,129,248,452,398,415,505,461,106,66,149,63,86,180,0,11,24,15,29,44,0.341,0.659,1,14,14,5,15,0.067,0.933,0.933,0.333,1629018,Gary Trent Jr.,0.32410404624277456,0.1503815028901734,4279.2,7.253886010362693,32.38380809595202,43.315508021390414,25.064764243075885,3.6484245439469323,23.52941176470588,15.5770168764023,67.06827309236948,80.16528925619835,0.0,54.885160476617216,43.307942239542086,29.008666280306127,36.15830425992411,15.112994350282486,9.15492957746479,12.431865202514524,2022-23
201588,George Hill,George,1610612754,IND,37.0,46,27,19,0.587,833.31,106.9,70,0.077,0.114,26,0.252,6,0.075,258.0,224.0,234.0,856.0,3.88,3.881347186048537,315,238,176,133,298,76,347,475,479,279,112,365,420,209,223,239,240,207,45,116,67,49,47,0,6,14,1,15,16,0.063,0.938,0,11,10,1,11,0.0,1.0,0.909,0.091,201588,George Hill,0.20773188405797102,0.08453985507246377,1697.4,3.1088082901554404,84.70764617691154,80.2139037433155,50.94467541381009,3.9800995024875623,9.019607843137255,7.003804506877377,13.654618473895583,15.702479338842975,0.0,10.957715158153274,90.61449813829346,74.05738014704411,82.33593914266879,4.80225988700565,7.042253521126761,5.81025702236015,2022-23
1627777,Georges Niang,Georges,1610612755,PHI,30.0,78,51,27,0.654,1511.8483333333334,111.1,166,0.109,0.167,31,0.126,14,0.093,558.0,409.0,452.0,1496.0,5.34,5.3389391790474,38,10,291,71,187,203,204,320,304,246,455,248,380,366,345,364,345,122,77,254,130,124,48,9,52,125,10,15,25,0.4,0.6,2,40,39,17,42,0.048,0.952,0.951,0.415,1627777,Georges Niang,0.30813649025069634,0.11583286908077996,3028.4,7.253886010362693,60.71964017991005,57.75401069518722,38.591931140910404,9.203980099502488,38.43137254901961,26.740415569212765,14.056224899598394,19.834710743801654,20.930232558139537,17.79719685970482,49.79892827885047,52.6467672475704,51.22284776321044,18.361581920903955,27.464788732394368,22.45802498607464,2022-23
203507,Giannis Antetokounmpo,Giannis,1610612749,MIL,28.0,63,47,16,0.746,2023.615,109.2,605,0.268,0.377,52,0.187,51,0.251,627.0,528.0,551.0,2022.0,8.24,8.23759623251324,189,22,153,20,102,135,5,12,16,132,285,51,151,404,413,414,421,27,63,414,273,141,95,3,111,259,35,23,58,0.603,0.397,12,38,47,31,50,0.24,0.76,0.979,0.646,203507,Giannis Antetokounmpo,0.3113810975609756,0.12977134146341462,4226.9,26.42487046632124,41.00449775112443,67.9144385026738,41.9001320250905,21.06135986733002,45.09803921568628,35.48336747634377,32.93172690763052,37.1900826446281,6.976744186046512,27.933405735183673,48.479959943025676,43.11009441333055,45.79502717817812,80.36723163841808,26.056338028169012,55.927329513806,2022-23
201609,Goran Dragic,Goran,1610612749,MIL,37.0,58,27,31,0.466,870.015,112.2,65,0.075,0.114,13,0.097,4,0.051,307.0,221.0,230.0,996.0,2.76,2.762131582856865,240,238,357,343,291,267,356,478,479,372,491,412,465,240,221,235,264,274,54,103,66,37,35,2,10,21,10,11,21,0.476,0.524,0,8,8,2,8,0.0,1.0,1.0,0.25,201609,Goran Dragic,0.21070846394984324,0.07210031347962383,1806.6,2.072538860103627,79.46026986506747,51.871657754010705,41.60802443531774,3.897180762852405,4.313725490196078,4.147107599258609,8.835341365461847,4.958677685950414,4.651162790697675,6.432464433941803,89.40448587764354,82.56848775784884,85.9864868177462,4.096045197740112,4.929577464788732,4.471134717911991,2022-23
202330,Gordon Hayward,Gordon,1610612766,CHA,33.0,50,20,30,0.4,1576.9016666666666,111.7,182,0.112,0.16,42,0.162,12,0.075,530.0,428.0,386.0,1854.0,5.23,5.230680521254808,294,310,342,407,173,245,180,300,333,181,359,278,420,354,356,332,392,128,50,253,153,100,89,0,26,65,9,11,20,0.45,0.55,2,10,12,6,12,0.167,0.833,1.0,0.5,202330,Gordon Hayward,0.2330813559322034,0.09713898305084745,3292.6,6.217616580310881,47.301349325337334,54.545454545454554,32.678882532356056,11.11111111111111,29.01960784313726,21.856209150326798,30.522088353413658,28.92561983471074,0.0,22.332802283514223,80.30966074670293,65.43708387438679,72.87337231054485,20.62146892655367,6.338028169014084,14.193920585660859,2022-23
1629684,Grant Williams,Grant,1610612738,BOS,24.0,79,55,24,0.696,2044.7616666666668,109.0,276,0.134,0.19,41,0.157,31,0.157,645.0,493.0,542.0,2058.0,8.32,8.324340281371784,27,4,238,35,98,130,87,221,239,192,372,111,267,414,391,410,431,24,79,362,230,132,68,6,70,175,28,15,43,0.651,0.349,21,102,113,45,123,0.171,0.829,0.966,0.385,1629684,Grant Williams,0.35119999999999996,0.15034054054054052,4137.4,16.06217616580311,39.6551724137931,68.98395721925135,37.55017011596166,17.495854063018243,41.568627450980394,31.939518095795535,22.08835341365462,28.09917355371901,13.953488372093023,22.158424202286756,32.2931408731243,29.036692631849302,30.664916752486803,33.89830508474576,71.12676056338029,50.651110050131294,2022-23
1628960,Grayson Allen,Grayson,1610612749,MIL,27.0,72,53,19,0.736,1972.1366666666668,109.1,176,0.082,0.114,62,0.234,14,0.063,642.0,522.0,532.0,2002.0,8.0,7.998986513120642,102,6,176,22,109,132,186,463,478,92,139,248,447,410,411,406,414,32,72,249,143,106,113,3,17,36,17,21,38,0.447,0.553,1,3,4,1,4,0.25,0.75,1.0,0.25,1628960,Grayson Allen,0.32795714285714284,0.13022285714285714,4091.5,7.253886010362693,41.754122938530735,68.44919786096261,34.62779689787149,10.281923714759536,31.372549019607842,22.936298897668518,40.16064257028113,45.45454545454545,6.976744186046512,33.717533983714986,41.74161635069729,42.801168356287356,42.271392353492324,19.774011299435028,1.4084507042253522,11.509509031590675,2022-23
1628977,Hamidou Diallo,Hamidou,1610612765,DET,24.0,56,12,44,0.214,995.865,109.5,137,0.136,0.202,53,0.285,16,0.168,330.0,279.0,218.0,1036.0,3.99,3.994384520652432,253,404,504,501,264,145,251,211,215,130,71,228,239,255,269,225,273,201,56,158,92,66,106,1,23,57,22,10,32,0.688,0.313,2,13,13,8,15,0.133,0.867,1.0,0.615,1628977,Hamidou Diallo,0.24846012269938653,0.10224539877300613,2068.4,8.290155440414509,77.96101949025487,66.3101604278075,47.17995910470688,6.053067993366501,15.686274509803921,11.832991903228951,37.34939759036144,38.01652892561984,2.3255813953488373,28.82693950894873,74.05802396289648,61.94328521690141,68.00065458989894,14.26553672316384,8.450704225352112,11.648862099148564,2022-23
203084,Harrison Barnes,Harrison,1610612758,SAC,31.0,82,48,34,0.585,2662.0383333333334,115.2,279,0.107,0.152,57,0.15,10,0.061,870.0,709.0,663.0,3012.0,6.11,6.109712672654387,2,16,403,136,13,402,84,335,356,108,395,311,450,520,523,478,536,88,82,537,307,230,91,7,31,79,18,12,30,0.6,0.4,5,37,39,24,42,0.119,0.881,0.951,0.585,203084,Harrison Barnes,0.3423388429752066,0.1641542699724518,5497.7,5.181347150259067,3.8980509745127434,35.82887700534761,12.394075952519989,23.88059701492537,80.0,57.55223880597015,31.32530120481928,41.32231404958678,16.27906976744186,31.062697841143546,35.8952980578925,19.585368656276973,27.740333357084737,34.32203389830508,25.352112676056336,30.285569348293148,2022-23
1629312,Haywood Highsmith,Haywood,1610612748,MIA,26.0,54,28,26,0.519,969.4,110.0,131,0.135,0.201,36,0.224,17,0.246,314.0,250.0,231.0,894.0,3.7,3.704914389256066,270,230,273,239,271,158,259,216,221,218,162,216,160,246,246,237,246,218,48,190,110,80,78,1,16,42,13,5,18,0.722,0.278,5,18,19,8,23,0.217,0.783,0.864,0.364,1629312,Haywood Highsmith,0.25027272727272726,0.11870629370629372,1935.1,8.808290155440414,83.28335832083958,63.636363636363654,48.58158238356093,7.545605306799337,21.176470588235293,15.724124475660911,26.104417670682732,23.96694214876033,2.3255813953488373,19.41159216917642,73.32118039170886,50.68077629711926,62.000978344414065,13.418079096045199,11.971830985915492,12.767267446486832,2022-23
1630529,Herbert Jones,Herbert,1610612740,NOP,24.0,66,31,35,0.47,1950.53,111.8,172,0.089,0.129,103,0.308,42,0.237,719.0,556.0,520.0,1942.0,6.31,6.307036928121429,162,191,420,332,116,254,193,431,444,11,49,75,166,451,432,400,403,79,66,406,214,192,222,19,33,83,22,27,49,0.449,0.551,0,33,31,6,33,0.0,1.0,0.969,0.188,1630529,Herbert Jones,0.30870426829268294,0.1129329268292683,3933.3,21.761658031088082,44.00299850074963,54.010695187165815,37.60838648448906,16.169154228855724,65.09803921568627,45.52648522095405,83.93574297188755,79.33884297520662,44.18604651162791,72.3894038579843,49.5681202988572,54.630901500712135,52.09951089978467,19.2090395480226,22.535211267605636,20.705816821834965,2022-23
1630193,Immanuel Quickley,Immanuel,1610612752,NYK,24.0,81,47,34,0.58,2344.105,108.1,279,0.11,0.166,80,0.249,14,0.065,730.0,657.0,527.0,2138.0,10.09,10.087678192281338,11,22,403,143,45,106,84,308,313,42,119,248,445,457,501,404,443,4,81,425,220,205,127,1,16,38,20,30,50,0.4,0.6,0,24,22,7,24,0.0,1.0,0.957,0.304,1630193,Immanuel Quickley,0.3275702917771883,0.13127586206896552,4642.8,7.253886010362693,36.656671664167916,73.79679144385032,34.18058734756643,16.666666666666664,70.19607843137254,48.784313725490186,45.78313253012048,60.33057851239669,2.3255813953488373,40.01035084022424,41.898875543057216,42.08070464997406,41.989790096515634,34.32203389830508,16.19718309859155,26.165851038433996,2022-23
1630171,Isaac Okoro,Isaac,1610612739,CLE,22.0,76,48,28,0.632,1652.5666666666666,109.0,135,0.085,0.125,56,0.218,30,0.181,525.0,406.0,420.0,1642.0,6.86,6.856830359964403,55,16,312,94,168,131,252,446,452,112,178,118,221,351,341,347,363,57,74,273,191,82,104,0,14,33,17,16,33,0.515,0.485,1,36,31,6,37,0.027,0.973,0.912,0.176,1630171,Isaac Okoro,0.2498256130790191,0.11918528610354223,3311.1,15.544041450777202,55.24737631184408,68.98395721925135,42.80018759426915,14.262023217247096,21.96078431372549,18.881279875134133,36.54618473895582,40.49586776859504,0.0,28.792027614590594,73.50293719849734,50.35305072883257,61.92799396366495,13.983050847457626,24.647887323943664,18.782227261876344,2022-23
1628392,Isaiah Hartenstein,Isaiah,1610612752,NYK,25.0,82,47,35,0.573,1628.2166666666667,110.2,327,0.192,0.281,53,0.229,64,0.512,500.0,403.0,385.0,1458.0,6.17,6.1713096121788125,2,22,420,148,169,169,57,84,92,130,147,33,33,341,339,331,339,86,82,488,402,86,107,3,170,393,20,19,39,0.513,0.487,29,138,138,69,167,0.174,0.826,0.932,0.466,1628392,Isaiah Hartenstein,0.35497260273972603,0.11346849315068493,3281.1,33.160621761658035,62.14392803598201,62.5668449197861,50.65633474720344,31.75787728026534,23.52941176470588,26.820797970929664,37.75100401606426,38.01652892561984,6.976744186046512,30.150372776904277,30.759536624135457,54.26446817515266,42.51200239964406,41.10169491525424,96.47887323943662,66.0214251611363,2022-23
1630543,Isaiah Jackson,Isaiah,1610612754,IND,21.0,63,24,39,0.381,1042.2933333333333,115.2,169,0.159,0.251,31,0.176,93,0.633,429.0,328.0,345.0,1218.0,2.45,2.4471898989628835,189,271,472,418,259,401,199,145,127,246,317,16,10,309,292,306,297,301,62,418,309,109,67,1,127,287,17,9,26,0.654,0.346,8,40,43,25,48,0.167,0.833,0.956,0.556,1630543,Isaiah Jackson,0.2968534482758621,0.1015316091954023,2180.5,48.18652849740933,71.13943028485757,35.82887700534761,53.13063125000078,24.046434494195687,32.549019607843135,29.147985562384157,21.686746987951807,19.834710743801654,2.3255813953488373,16.19824290434851,54.385608167489295,62.43165851113549,58.40863333931239,18.785310734463277,27.464788732394368,22.691075833532267,2022-23
1630198,Isaiah Joe,Isaiah,1610612760,OKC,23.0,73,36,37,0.493,1395.3466666666666,112.2,148,0.108,0.17,48,0.193,8,0.087,370.0,444.0,272.0,1330.0,4.37,4.371148217644101,92,126,450,288,201,271,233,327,297,149,266,333,398,275,362,263,320,180,69,200,97,103,84,20,24,52,14,24,38,0.368,0.632,1,9,9,1,10,0.1,0.9,0.9,0.1,1630198,Isaiah Joe,0.3091114285714286,0.1113457142857143,2857.9,4.145077720207254,66.94152923538232,51.871657754010705,38.05548075896939,6.467661691542288,30.19607843137255,20.704711735440444,28.514056224899598,33.88429752066116,46.51162790697674,34.89303359893543,49.40260519520514,55.71686891024938,52.55973705272726,15.819209039548024,5.633802816901409,11.235776239357048,2022-23
1630587,Isaiah Livers,Isaiah,1610612765,DET,24.0,52,10,42,0.192,1198.7366666666667,115.6,115,0.096,0.149,28,0.165,28,0.241,452.0,333.0,295.0,1268.0,2.58,2.5760924402065895,283,418,493,513,232,424,276,389,370,264,348,135,162,318,296,281,306,285,52,316,208,108,47,1,8,17,8,19,27,0.296,0.704,1,35,32,12,36,0.028,0.972,0.941,0.353,1630587,Isaiah Livers,0.2820332225913621,0.1069202657807309,2417.2,14.507772020725387,69.26536731634184,33.68983957219257,38.468447262057936,15.671641791044777,32.15686274509804,25.562774363476734,13.654618473895583,17.355371900826448,2.3255813953488373,12.117622903684698,60.410191896221136,58.744751261932535,59.577471579076835,11.158192090395481,23.943661971830984,16.91165353704146,2022-23
1630191,Isaiah Stewart,Isaiah,1610612765,DET,22.0,50,12,38,0.24,1414.0583333333334,116.9,288,0.202,0.301,20,0.108,34,0.354,534.0,424.0,363.0,1528.0,2.57,2.5655658062075952,294,404,459,492,199,471,72,67,61,311,481,95,89,355,353,317,347,286,50,540,361,179,36,0,126,291,19,6,25,0.76,0.24,27,47,62,44,74,0.365,0.635,0.984,0.698,1630191,Isaiah Stewart,0.327903125,0.172815625,2887.3,17.616580310880828,59.52023988005997,26.7379679144385,34.563208060982944,28.35820895522388,60.0,47.343283582089555,9.236947791164658,10.743801652892563,0.0,7.45510969497826,41.763575200051655,13.659288169735712,27.711431684893682,35.59322033898305,32.3943661971831,34.15373597517308,2022-23
1630688,Ish Wainright,Ish,1610612756,PHX,28.0,60,33,27,0.55,915.1266666666667,106.6,94,0.097,0.142,38,0.286,22,0.229,313.0,257.0,216.0,880.0,4.45,4.45093225294544,222,162,291,186,282,73,307,385,401,203,65,174,169,245,252,221,243,175,53,126,58,68,69,3,28,68,6,9,15,0.4,0.6,2,24,23,5,26,0.077,0.923,1.0,0.217,1630688,Ish Wainright,0.20086544342507648,0.06957186544342507,1860.2,11.398963730569948,83.80809595202399,81.81818181818187,54.34696452998184,3.233830845771144,16.470588235294116,11.175885279484927,22.48995983935743,25.6198347107438,6.976744186046512,19.70711213101493,93.40578130711216,84.29844646764583,88.852113887379,8.192090395480225,16.19718309859155,11.794382111880322,2022-23
1627826,Ivica Zubac,Ivica,1610612746,LAC,26.0,76,43,33,0.566,2169.41,113.4,520,0.238,0.335,29,0.098,98,0.505,809.0,562.0,681.0,2236.0,6.05,6.052882649429389,55,53,385,160,74,337,11,28,36,259,490,14,37,501,438,496,457,93,76,869,699,170,52,0,325,721,17,22,39,0.436,0.564,60,85,136,100,145,0.414,0.586,0.965,0.709,1627826,Ivica Zubac,0.31636857142857144,0.17499714285714285,4353.6,50.77720207253886,32.98350824587706,45.454545454545446,43.21874507870888,56.38474295190713,56.470588235294116,56.436250121939324,15.66265060240964,18.181818181818183,0.0,12.62869660460022,46.45249730177731,12.166698342493046,29.30959782213518,68.36158192090396,59.154929577464785,64.21858836635633,2022-23
1630550,JT Thor,JT,1610612766,CHA,20.0,69,22,47,0.319,968.775,110.2,116,0.115,0.166,22,0.138,23,0.24,379.0,278.0,260.0,1032.0,3.61,3.613395990617304,123,290,517,453,272,171,274,292,314,299,422,166,164,280,268,258,272,220,65,241,161,80,34,0,26,60,4,5,9,0.444,0.556,2,20,20,10,22,0.091,0.909,0.909,0.455,1630550,JT Thor,0.25640112994350284,0.09175988700564972,1996.3,11.917098445595855,78.11094452773614,62.5668449197861,47.74738119289251,11.774461028192372,21.176470588235293,17.415666764218123,8.433734939759036,12.396694214876034,0.0,7.712336951110226,70.82991772139164,69.1174498225889,69.97368377199027,11.299435028248588,13.380281690140844,12.235816026100103,2022-23
1629630,Ja Morant,Ja,1610612763,MEM,23.0,61,40,21,0.656,1948.3483333333334,108.5,296,0.139,0.205,66,0.213,16,0.067,618.0,593.0,563.0,1956.0,8.25,8.254015452754981,214,74,200,68,117,116,70,206,210,75,191,228,442,397,452,423,406,26,61,190,87,103,112,5,7,19,25,30,55,0.455,0.545,0,21,21,10,21,0.0,1.0,1.0,0.476,1629630,Ja Morant,0.30775075987841943,0.12020668693009119,4067.9,8.290155440414509,43.47826086956522,71.65775401069521,36.44789198318743,5.638474295190713,30.19607843137255,20.373036776899813,39.75903614457831,48.760330578512395,11.627906976744185,35.87670690449671,49.95573189128989,49.65421047948392,49.804971185386904,36.72316384180791,14.084507042253522,26.535768282008437,2022-23
203210,JaMychal Green,JaMychal,1610612744,GSW,33.0,57,30,27,0.526,796.7,116.4,133,0.164,0.257,25,0.203,23,0.343,389.0,261.0,242.0,882.0,1.58,1.5807194299603577,246,207,291,222,314,457,256,135,119,284,228,166,94,286,254,244,245,360,57,189,118,71,33,0,64,158,3,6,9,0.333,0.667,20,31,45,28,51,0.392,0.608,0.938,0.583,203210,JaMychal Green,0.2977547770700637,0.13136942675159236,1681.4,11.917098445595855,83.73313343328336,29.411764705882348,41.4263772563581,8.208955223880597,17.647058823529413,13.871817383669885,8.032128514056225,14.87603305785124,0.0,8.419462975870424,54.01920816094529,42.0166878952999,48.017948028122596,13.700564971751412,21.12676056338028,17.0423529879844,2022-23
1631095,Jabari Smith Jr.,Jabari,1610612745,HOU,20.0,79,21,58,0.266,2450.5466666666666,120.4,447,0.18,0.266,43,0.127,74,0.319,1007.0,704.0,920.0,2584.0,1.95,1.9482619191485737,27,303,535,478,25,522,24,105,112,172,453,25,110,536,521,538,513,329,79,609,345,264,127,0,42,101,25,13,38,0.658,0.342,12,27,39,24,39,0.308,0.692,1.0,0.615,1631095,Jabari Smith Jr.,0.3588445040214477,0.17641018766756034,4975.2,38.34196891191709,19.940029985007495,8.021390374331549,24.321145653102345,27.031509121061358,93.33333333333333,66.81260364842454,45.78313253012048,29.75206611570248,0.0,28.72647615254406,29.185566432472804,11.199896121479151,20.192731276975977,58.05084745762712,18.30985915492958,40.16740272141323,2022-23
1631133,Jabari Walker,Jabari,1610612757,POR,20.0,56,21,35,0.375,619.1633333333333,113.8,83,0.135,0.217,10,0.116,13,0.183,267.0,178.0,216.0,688.0,1.72,1.7179509492955019,253,303,420,421,347,359,325,215,184,390,470,262,212,217,194,221,202,351,50,126,74,52,36,1,34,88,6,2,8,0.75,0.25,4,14,18,10,18,0.222,0.778,1.0,0.556,1631133,Jabari Walker,0.2551291390728477,0.061258278145695365,1278.4,6.7357512953367875,91.00449775112443,43.315508021390414,45.37475173637587,4.560530679933665,10.196078431372548,7.941859330796995,9.236947791164658,2.479338842975207,2.3255813953488373,5.143943060344395,71.34699591342344,89.98658502120188,80.66679046731267,6.638418079096045,9.15492957746479,7.770848253361981,2022-23
1630702,Jaden Hardy,Jaden,1610612742,DAL,20.0,48,20,28,0.417,708.39,115.6,78,0.106,0.161,17,0.233,7,0.113,210.0,253.0,228.0,776.0,1.6,1.5971730443495005,302,310,312,391,328,421,332,336,331,331,141,345,343,186,249,233,222,358,39,98,41,57,31,3,5,12,6,7,13,0.462,0.538,0,12,12,7,12,0.0,1.0,1.0,0.583,1630702,Jaden Hardy,0.24861904761904763,0.08337698412698412,1437.7,3.6269430051813467,87.70614692653673,33.68983957219257,40.57038851940853,1.8242122719734661,12.156862745098039,8.023802555848208,7.228915662650602,8.264462809917356,6.976744186046512,7.528314295042943,73.9934192459736,74.85301394758162,74.4232165967776,5.932203389830509,7.746478873239436,6.748627357364526,2022-23
1631093,Jaden Ivey,Jaden,1610612765,DET,21.0,74,16,58,0.216,2304.3166666666666,120.1,215,0.094,0.142,61,0.201,17,0.101,908.0,696.0,721.0,2594.0,2.02,2.0214246883269404,79,357,535,500,50,519,146,401,398,95,233,216,363,528,516,513,515,325,74,285,129,156,113,1,11,25,33,18,51,0.647,0.353,1,14,13,2,15,0.067,0.933,0.867,0.133,1631093,Jaden Ivey,0.37066666666666664,0.13895502645502644,4701.6,8.808290155440414,19.565217391304348,9.62566844919792,12.777559261432167,9.12106135986733,50.98039215686274,34.236659838064575,40.16064257028113,44.62809917355372,2.3255813953488373,32.265487087693465,24.37972809862759,36.826636888470446,30.60318249354902,25.28248587570621,9.15492957746479,18.025085541497575,2022-23
1630183,Jaden McDaniels,Jaden,1610612750,MIN,22.0,79,41,38,0.519,2416.4883333333332,111.6,215,0.086,0.129,74,0.182,76,0.262,880.0,652.0,710.0,2488.0,7.97,7.967145768733799,27,65,459,237,32,233,146,444,442,54,297,23,145,523,496,507,500,33,79,558,332,226,178,1,16,37,13,22,35,0.371,0.629,3,35,33,12,38,0.079,0.921,0.971,0.353,1630183,Jaden McDaniels,0.316120320855615,0.171548128342246,4979.1,39.37823834196891,23.53823088455772,55.08021390374337,37.7597296223186,25.95356550580431,78.43137254901961,57.440249731733495,66.26506024096386,55.371900826446286,2.3255813953488373,46.467584734478955,46.55341387311172,14.526506657649199,30.53996026538046,25.28248587570621,23.943661971830984,24.68001511896236,2022-23
1627751,Jakob Poeltl,Jakob,1610612761,TOR,27.0,72,26,46,0.361,1906.125,115.5,417,0.24,0.343,66,0.197,86,0.509,706.0,477.0,591.0,2172.0,4.29,4.291079009091926,102,253,514,429,126,414,30,26,29,75,248,18,35,445,381,442,449,185,72,672,551,121,144,3,252,546,13,20,33,0.394,0.606,41,101,132,82,142,0.289,0.711,0.957,0.594,1627751,Jakob Poeltl,0.40599705014749266,0.14554277286135692,3900.9,44.559585492227974,35.38230884557721,34.22459893048131,38.76379202546354,44.11276948590381,37.254901960784316,39.998048970832116,52.610441767068274,48.760330578512395,6.976744186046512,39.85447845581828,10.01754104562917,32.319314961974094,21.16842800380163,53.813559322033896,70.4225352112676,61.28759847218906,2022-23
1628973,Jalen Brunson,Jalen,1610612752,NYK,26.0,68,40,28,0.588,2378.6716666666666,117.1,201,0.085,0.125,61,0.216,15,0.077,734.0,646.0,660.0,2270.0,4.09,4.0874215441591035,133,74,312,129,41,475,156,448,455,95,185,238,415,460,493,477,462,196,68,357,132,225,103,27,30,75,37,23,60,0.617,0.383,0,15,13,4,15,0.0,1.0,0.867,0.267,1628973,Jalen Brunson,0.34480645161290324,0.17465982404692082,4696.6,7.772020725388601,31.709145427286355,25.668449197861023,20.624121489170918,9.369817578772803,78.03921568627452,50.57145644327383,36.144578313253014,44.62809917355372,62.7906976744186,45.77534045464966,34.89218817522091,12.39749114715723,23.64483966118907,23.30508474576271,9.859154929577464,17.25441632847935,2022-23
1631105,Jalen Duren,Jalen,1610612765,DET,19.0,67,16,51,0.239,1670.145,116.2,366,0.221,0.343,44,0.18,59,0.488,635.0,515.0,481.0,1866.0,3.32,3.3153668871525213,145,357,527,494,166,448,43,44,31,169,304,43,45,406,404,378,394,242,67,536,383,153,64,0,251,555,16,16,32,0.5,0.5,52,54,98,78,106,0.491,0.509,0.951,0.757,1631105,Jalen Duren,0.3509919571045576,0.14702680965147452,3374.5,30.569948186528496,46.85157421289355,30.481283422459903,36.24635110473912,30.18242122719735,49.80392156862745,41.95532143205541,20.481927710843372,30.57851239669421,0.0,18.89525042318032,32.377712584071396,31.30394018109356,31.840826382582478,46.61016949152542,37.32394366197183,42.4313678682263,2022-23
1630224,Jalen Green,Jalen,1610612745,HOU,21.0,76,20,56,0.263,2602.155,120.0,241,0.093,0.135,59,0.154,18,0.078,1130.0,712.0,1005.0,2748.0,2.41,2.40767506902321,55,310,533,480,17,517,118,410,425,102,377,207,412,539,524,539,530,303,76,292,112,180,93,0,7,15,25,19,44,0.568,0.432,0,2,1,1,2,0.0,1.0,0.5,0.5,1630224,Jalen Green,0.33453802816901407,0.14367042253521126,5295.5,9.32642487046632,13.793103448275861,10.160427807486661,11.098263106954745,7.711442786069651,60.3921568627451,39.31987123207492,32.1285140562249,42.97520661157025,0.0,27.89272793653955,39.0664145410504,33.600373029268425,36.333393785159416,28.954802259887007,0.7042253521126761,16.24204265138856,2022-23
1630552,Jalen Johnson,Jalen,1610612737,ATL,21.0,70,35,35,0.5,1041.6016666666667,110.8,231,0.214,0.327,38,0.226,34,0.291,365.0,336.0,329.0,1148.0,3.76,3.764875560375536,116,137,420,264,261,187,130,50,42,203,155,95,126,274,297,297,289,213,66,208,125,83,91,2,48,114,2,12,14,0.143,0.857,1,19,14,9,20,0.05,0.95,1.0,0.643,1630552,Jalen Johnson,0.2559768115942029,0.09227246376811594,2171.0,17.616580310880828,73.7631184407796,59.35828877005351,47.70329577113858,8.7893864013267,22.35294117647059,16.927519266413032,31.32530120481928,25.6198347107438,4.651162790697675,22.65985332836246,71.00240776826512,68.76674590383203,69.88457683604858,27.54237288135593,12.676056338028168,20.852530436858437,2022-23
1629667,Jalen McDaniels,Jalen,1610612755,PHI,25.0,80,31,49,0.388,1912.8533333333332,113.9,283,0.145,0.219,83,0.26,34,0.18,652.0,589.0,472.0,1944.0,5.32,5.319919275634657,15,191,523,417,125,365,79,192,178,32,97,95,222,417,449,373,404,123,80,393,201,192,158,0,27,68,17,15,32,0.531,0.469,3,22,23,11,25,0.12,0.88,0.92,0.44,1629667,Jalen McDaniels,0.3415869565217391,0.1589483695652174,3956.1,17.616580310880828,43.92803598200899,42.7807486631016,33.11663188383088,15.091210613598674,65.09803921568627,45.09530777485123,58.23293172690763,62.8099173553719,0.0,45.27664376514322,36.200948119493916,23.14723452138307,29.674091320438492,34.88700564971751,14.788732394366196,25.842782684809418,2022-23
1630188,Jalen Smith,Jalen,1610612754,IND,23.0,68,31,37,0.456,1278.825,115.3,265,0.201,0.296,21,0.116,60,0.417,503.0,408.0,484.0,1450.0,2.94,2.9397345499267233,133,191,450,354,216,404,94,69,71,306,471,42,62,343,342,383,338,261,67,414,281,133,29,7,103,234,7,9,16,0.438,0.563,26,42,63,43,68,0.382,0.618,0.984,0.672,1630188,Jalen Smith,0.3223463855421687,0.13177710843373494,2666.7,31.088082901554404,62.44377811094453,35.29411764705886,43.11408491121706,21.724709784411278,41.96078431372549,33.86635450199981,6.425702811244979,11.570247933884298,16.27906976744186,10.689635343217962,44.02245052591564,41.73775296495917,42.8801017454374,32.34463276836158,28.87323943661972,30.782505769077744,2022-23
1630591,Jalen Suggs,Jalen,1610612753,ORL,22.0,53,20,33,0.377,1245.865,111.0,106,0.083,0.121,67,0.358,27,0.188,504.0,350.0,378.0,1182.0,4.43,4.428289989028627,277,310,385,420,222,198,291,459,465,72,25,140,205,345,308,325,291,176,53,237,106,131,128,8,5,12,15,15,30,0.5,0.5,5,11,16,9,16,0.313,0.688,1.0,0.563,1630591,Jalen Suggs,0.2870219435736677,0.12450156739811913,2562.8,13.989637305699482,72.4887556221889,58.28877005347596,45.5391119034149,7.213930348258707,41.17647058823529,27.591454492244658,46.1847389558233,49.586776859504134,18.6046511627907,40.480430273853436,58.38222228921204,46.715662497943406,52.54894239357772,9.887005649717514,7.042253521126761,8.606867191851675,2022-23
1631114,Jalen Williams,Jalen,1610612760,OKC,22.0,75,36,39,0.48,2275.5916666666667,112.6,253,0.109,0.168,103,0.252,35,0.173,659.0,724.0,552.0,2374.0,6.94,6.943649172011055,70,126,472,317,57,295,103,317,300,11,111,92,231,420,527,415,480,53,75,355,247,108,155,6,24,57,25,24,49,0.51,0.49,5,34,35,18,39,0.128,0.872,0.921,0.474,1631114,Jalen Williams,0.351631299734748,0.113657824933687,4764.0,18.134715025906736,27.811094452773617,49.732620320855666,29.420924149047373,18.90547263681592,32.15686274509804,26.85630670178519,57.028112449799195,79.33884297520662,13.953488372093023,54.06821211426525,32.11781281675827,54.13492777631645,43.12637029653736,30.64971751412429,23.239436619718308,27.3150911116416,2022-23
1627750,Jamal Murray,Jamal,1610612743,DEN,26.0,65,43,22,0.662,2133.385,112.5,209,0.099,0.145,66,0.191,16,0.084,717.0,601.0,620.0,2380.0,6.51,6.506894509825711,171,53,214,65,81,284,150,374,383,75,274,228,404,450,457,458,481,71,65,339,165,174,121,5,27,60,22,25,47,0.468,0.532,0,21,21,4,21,0.0,1.0,1.0,0.19,1627750,Jamal Murray,0.33773654390934843,0.1368583569405099,4280.1,8.290155440414509,27.586206896551722,50.26737967914441,25.53807950974501,12.106135986733001,58.03921568627452,39.66598380645791,43.373493975903614,48.760330578512395,11.627906976744185,37.32249003702683,37.766182932198134,38.26117366212578,38.01367829716196,24.43502824858757,14.084507042253522,19.77729370573725,2022-23
201935,James Harden,James,1610612755,PHI,33.0,58,39,19,0.672,2135.005,113.3,314,0.151,0.221,71,0.227,31,0.145,680.0,550.0,742.0,2018.0,5.94,5.943761898146393,240,89,176,53,80,332,61,169,172,61,152,111,289,432,428,518,419,98,58,261,108,153,119,3,6,13,24,21,45,0.533,0.467,3,28,28,9,31,0.097,0.903,0.903,0.29,201935,James Harden,0.33839482200647253,0.15117799352750808,4171.5,16.06217616580311,41.1544227886057,45.98930481283426,32.326244645541806,7.3797678275290215,49.80392156862745,32.83426007218808,42.570281124497996,52.892561983471076,6.976744186046512,37.2846951905257,37.498585690608074,28.463709098824797,32.98114739471644,39.26553672316384,19.014084507042252,30.152383225909126,2022-23
1630164,James Wiseman,James,1610612765,DET,22.0,45,11,34,0.244,867.1866666666666,121.9,194,0.231,0.355,7,0.058,27,0.415,404.0,263.0,298.0,932.0,0.32,0.3248356780820287,321,413,403,490,292,528,164,33,27,410,510,140,64,295,256,286,251,480,44,303,237,66,15,0,97,217,7,1,8,0.875,0.125,8,34,41,23,42,0.19,0.81,0.976,0.548,1630164,James Wiseman,0.32509025270758124,0.09385920577617328,1780.7,13.989637305699482,81.85907046476761,0.0,34.246529584948455,18.076285240464347,15.686274509803921,16.64227880206809,0.8032128514056224,0.0,0.0,0.321285140562249,42.907038532167476,67.68110043366988,55.29406948291868,22.316384180790962,23.239436619718308,22.731757778308268,2022-23
1628991,Jaren Jackson Jr.,Jaren,1610612763,MEM,23.0,63,41,22,0.651,1787.5033333333333,106.6,318,0.159,0.238,65,0.2,189,0.67,524.0,512.0,502.0,1632.0,8.6,8.604663799188423,189,65,214,76,147,71,59,142,142,82,234,2,5,350,401,387,362,19,63,683,535,148,124,0,85,196,20,27,47,0.426,0.574,12,63,65,33,75,0.16,0.84,0.942,0.478,1628991,Jaren Jackson Jr.,0.32181681681681684,0.1608888888888889,3726.8,97.92746113989638,55.62218890554723,81.81818181818187,79.09329602744555,42.78606965174129,47.84313725490196,45.8203102136377,44.57831325301205,47.93388429752066,0.0,34.60818480533705,44.23772600106153,21.819535372555883,33.02863068680871,39.83050847457627,43.66197183098591,41.55466698496061,2022-23
1629020,Jarred Vanderbilt,Jarred,1610612747,LAL,24.0,78,43,35,0.551,1879.7416666666666,116.2,412,0.216,0.329,83,0.304,21,0.143,682.0,598.0,652.0,2232.0,3.72,3.7203340456870295,38,53,420,184,132,446,33,49,41,32,52,178,292,434,455,473,456,215,78,333,212,121,173,0,144,357,27,28,55,0.491,0.509,12,25,32,21,37,0.324,0.676,0.941,0.618,1629020,Jarred Vanderbilt,0.3573081570996979,0.13483383685800604,3853.7,10.880829015544041,33.13343328335832,30.481283422459903,23.569354111008003,16.003316749585405,37.254901960784316,28.754267876304752,64.2570281124498,62.8099173553719,0.0,47.68628231936009,29.810108248738228,39.64634594953093,34.72822709913458,53.10734463276836,16.901408450704224,36.8146733508395,2022-23
1628386,Jarrett Allen,Jarrett,1610612739,CLE,25.0,68,44,24,0.647,2220.1116666666667,108.8,445,0.21,0.303,54,0.164,84,0.412,733.0,503.0,614.0,2100.0,9.12,9.118846091817277,133,40,238,80,68,125,25,57,60,121,351,20,66,459,396,454,438,14,68,756,582,174,102,4,261,613,31,21,52,0.596,0.404,23,83,92,57,107,0.215,0.776,0.958,0.594,1628386,Jarrett Allen,0.31586141304347826,0.13067119565217392,4363.0,43.523316062176164,38.08095952023988,70.05347593582891,48.25103124091165,46.683250414593694,58.03921568627452,53.496829577602185,35.7429718875502,38.84297520661157,9.30232558139535,30.217811472682968,46.658662728658626,42.49441611221277,44.576539420435694,57.7683615819209,57.74647887323944,57.75851436301424,2022-23
1629637,Jaxson Hayes,Jaxson,1610612740,NOP,23.0,47,22,25,0.468,610.0566666666666,108.8,93,0.153,0.224,20,0.177,19,0.339,214.0,146.0,158.0,598.0,2.57,2.5717726344837595,311,290,256,336,350,124,310,150,165,311,315,198,96,189,175,187,186,286,41,151,79,72,35,1,28,63,5,5,10,0.5,0.5,2,15,17,11,17,0.118,0.882,1.0,0.647,1629637,Jaxson Hayes,0.21840714285714288,0.08125,1249.5,9.844559585492227,94.37781109445277,70.05347593582891,54.483426701212586,4.975124378109453,18.03921568627451,12.813579163008486,8.835341365461847,10.743801652892563,2.3255813953488373,7.875862473534345,86.27488875375107,76.30829191390598,81.29159033382852,8.050847457627118,9.859154929577464,8.864585820004773,2022-23
1627759,Jaylen Brown,Jaylen,1610612738,BOS,26.0,67,46,21,0.687,2404.9183333333335,111.2,381,0.152,0.219,75,0.221,26,0.099,796.0,655.0,656.0,2462.0,8.31,8.3145063154379,145,32,200,42,35,208,40,163,177,51,170,144,370,493,499,475,495,25,67,339,195,144,138,1,27,65,38,23,61,0.623,0.377,2,45,46,14,47,0.043,0.957,1.0,0.304,1627759,Jaylen Brown,0.3291286549707602,0.16074561403508772,4932.7,13.471502590673575,24.512743628185905,57.2192513368984,28.2728741403591,14.593698175787729,46.27450980392157,33.60218515266803,50.20080321285141,56.19834710743802,2.3255813953488373,40.331138121581084,41.26538387165393,21.91756371946265,31.59147379555829,48.728813559322035,30.985915492957744,40.744509429458105,2022-23
1629669,Jaylen Nowell,Jaylen,1610612750,MIN,23.0,65,34,31,0.523,1251.695,111.3,134,0.107,0.166,42,0.195,5,0.043,428.0,356.0,382.0,1346.0,4.4,4.398815632231026,171,149,357,227,219,211,254,332,309,181,253,385,475,307,316,328,325,178,59,122,65,57,81,0,2,4,8,9,17,0.471,0.529,0,4,4,0,4,0.0,1.0,1.0,0.0,1629669,Jaylen Nowell,0.3039029411764706,0.09921470588235293,2635.2,2.5906735751295336,66.34182908545728,56.684491978609664,38.427032604614276,3.814262023217247,12.156862745098039,8.819822456345722,27.309236947791167,28.92561983471074,0.0,21.047661721265225,51.519912251047565,64.01687877620887,57.76839551362822,13.841807909604519,2.112676056338028,8.563698575634598,2022-23
1631119,Jaylin Williams,Jaylin,1610612760,OKC,21.0,49,23,26,0.469,914.1583333333333,115.7,197,0.23,0.325,28,0.182,12,0.207,296.0,254.0,267.0,994.0,1.95,1.9486311277727189,299,281,273,335,284,428,161,35,44,264,298,278,187,236,250,260,263,329,49,291,214,77,45,43,88,191,11,11,22,0.5,0.5,2,72,63,25,74,0.027,0.973,0.926,0.368,1631119,Jaylin Williams,0.3268228346456693,0.09115748031496063,1908.8,6.217616580310881,79.5352323838081,33.15508021390375,38.61314801993312,16.169154228855724,20.0,18.46766169154229,12.851405622489958,17.355371900826448,100.0,36.21494241428524,42.202725036873204,69.52961518508704,55.86617011098012,22.74011299435028,50.0,35.00706214689266,2022-23
1628369,Jayson Tatum,Jayson,1610612738,BOS,25.0,74,52,22,0.703,2732.1966666666667,110.8,571,0.2,0.284,78,0.219,51,0.169,821.0,705.0,720.0,2718.0,9.72,9.715160493965326,79,8,214,32,7,188,8,72,85,46,174,51,238,507,522,512,527,7,74,382,202,180,159,0,60,146,36,30,66,0.545,0.455,0,23,19,12,23,0.0,1.0,0.95,0.6,1628369,Jayson Tatum,0.34615555555555555,0.13757777777777777,5556.0,26.42487046632124,14.917541229385305,59.35828877005351,30.63065980932673,15.17412935323383,60.3921568627451,42.30494585894059,58.63453815261044,58.67768595041323,0.0,43.991005343688805,34.34376267656122,37.76894747213768,36.056355074349455,75.56497175141243,15.492957746478872,48.53256544919233,2022-23
201145,Jeff Green,Jeff,1610612743,DEN,36.0,56,33,23,0.589,1091.1166666666666,115.0,106,0.096,0.142,18,0.121,17,0.172,453.0,315.0,348.0,1148.0,2.56,2.5649757903942283,253,162,226,128,252,399,291,394,397,327,462,216,234,319,287,308,289,292,56,250,148,102,23,7,50,121,2,5,7,0.286,0.714,1,20,14,6,21,0.048,0.952,0.824,0.353,201145,Jeff Green,0.28999679487179486,0.13141025641025642,2195.8,8.808290155440414,73.7631184407796,36.89839572192516,38.56500644693032,10.696517412935323,29.80392156862745,22.1609599063506,4.016064257028113,9.090909090909092,16.27906976744186,8.858011326489892,57.172912720813365,41.98875233063229,49.580832525722826,9.887005649717514,13.380281690140844,11.458979867908013,2022-23
203924,Jerami Grant,Jerami,1610612757,POR,29.0,63,28,35,0.444,2245.525,117.3,230,0.104,0.155,51,0.174,53,0.259,781.0,650.0,653.0,2496.0,3.78,3.7768926670352694,189,230,420,365,62,479,133,347,348,135,323,47,149,484,494,474,501,212,63,309,191,118,86,8,45,113,16,4,20,0.8,0.2,3,44,36,10,47,0.064,0.936,0.878,0.244,203924,Jerami Grant,0.33273410404624276,0.14564161849710983,4529.6,27.461139896373055,23.238380809595203,24.598930481283464,25.267621862228406,14.262023217247096,36.07843137254902,27.35186811042825,29.31726907630522,36.36363636363637,18.6046511627907,29.105343148492494,39.79972941420252,32.25168499052597,36.025707202364245,27.401129943502823,30.28169014084507,28.697382032306834,2022-23
1630526,Jeremiah Robinson-Earl,Jeremiah,1610612760,OKC,22.0,43,16,27,0.372,813.7083333333334,113.8,109,0.129,0.201,24,0.176,11,0.162,232.0,252.0,234.0,916.0,2.21,2.2121860921742376,327,357,291,423,305,358,288,238,220,290,316,298,255,197,248,239,250,315,42,230,163,67,28,1,55,123,8,4,12,0.667,0.333,6,35,37,16,41,0.146,0.854,0.974,0.421,1630526,Jeremiah Robinson-Earl,0.3069196787148594,0.14551004016064256,1696.1,5.699481865284974,82.45877061469265,43.315508021390414,41.96923946660402,11.940298507462686,16.07843137254902,14.423178226514485,6.024096385542169,14.049586776859504,2.3255813953488373,7.908389274954904,50.29357546815767,32.34171060542228,41.317643036789974,10.310734463276836,23.943661971830984,16.445551842126203,2022-23
1631110,Jeremy Sochan,Jeremy,1610612759,SAS,20.0,56,15,41,0.268,1457.7,117.6,200,0.14,0.21,43,0.184,23,0.184,555.0,409.0,439.0,1684.0,2.34,2.3440854093208063,253,369,487,477,194,485,157,201,197,172,295,166,210,363,345,358,371,307,56,330,187,143,91,3,32,73,11,12,23,0.478,0.522,6,9,14,8,15,0.4,0.6,1.0,0.571,1631110,Jeremy Sochan,0.3524875776397516,0.1433447204968944,3031.6,11.917098445595855,53.67316341829086,22.99465240641717,29.301109676244437,13.930348258706468,45.88235294117647,33.10155106818847,31.32530120481928,29.75206611570248,6.976744186046512,24.68752966893521,31.769726489088335,33.823217663573026,32.79647207633068,23.163841807909606,5.633802816901409,15.275324261955918,2022-23
1630579,Jericho Sims,Jericho,1610612752,NYK,24.0,52,31,21,0.596,812.4033333333333,114.9,143,0.175,0.257,15,0.169,28,0.528,284.0,220.0,209.0,762.0,1.92,1.9186172327939612,283,191,200,120,306,396,238,118,118,351,338,135,29,231,220,218,219,335,51,264,217,47,13,0,89,200,13,10,23,0.565,0.435,24,57,65,44,81,0.296,0.704,0.903,0.611,1630579,Jericho Sims,0.25714028776978415,0.07553597122302158,1596.3,14.507772020725387,88.23088455772114,37.4331550802139,46.04220717354603,16.417910447761194,8.235294117647058,11.508340649692713,0.0,6.6115702479338845,0.0,2.3140495867768593,70.52944198586782,80.21781811703316,75.37363005145049,15.112994350282486,39.436619718309856,26.058625765894803,2022-23
1628975,Jevon Carter,Jevon,1610612749,MIL,27.0,81,57,24,0.704,1811.7516666666668,107.2,167,0.084,0.12,66,0.277,29,0.137,625.0,517.0,481.0,1846.0,8.34,8.342375705263,11,1,238,31,144,79,202,454,467,75,81,126,310,402,406,378,390,23,80,176,85,91,127,0,9,23,20,20,40,0.5,0.5,0,6,6,1,6,0.0,1.0,1.0,0.167,1628975,Jevon Carter,0.2490757180156658,0.07398433420365536,3756.1,15.025906735751295,47.60119940029985,78.6096256684492,42.32318890151777,5.472636815920398,25.49019607843137,17.48317237342698,45.78313253012048,48.760330578512395,0.0,35.37936871452753,73.80777773825103,81.27944482941423,77.54361128383263,18.502824858757062,3.5211267605633805,11.761060714569908,2022-23
202710,Jimmy Butler III,Jimmy,1610612748,MIA,33.0,64,35,29,0.547,2138.015,113.7,234,0.121,0.179,117,0.315,21,0.162,712.0,535.0,575.0,2126.0,5.77,5.771752759118549,181,137,327,193,79,355,126,266,271,5,44,178,256,447,418,427,441,105,64,206,101,105,204,5,50,120,21,19,40,0.525,0.475,15,26,34,19,41,0.366,0.634,0.872,0.487,202710,Jimmy Butler III,0.32012292358803984,0.1491362126245847,4206.6,10.880829015544041,37.1064467766117,43.85026737967915,28.302154822951497,6.799336650082918,30.980392156862745,21.307969954150813,76.70682730923694,90.9090909090909,11.627906976744185,65.40788948606263,44.92631211314564,29.860691202447438,37.39350165779654,27.966101694915253,17.6056338028169,23.303891143470995,2022-23
1629111,Jock Landale,Jock,1610612756,PHX,27.0,69,35,34,0.507,978.4966666666667,105.1,161,0.164,0.24,16,0.112,30,0.291,381.0,226.0,253.0,980.0,5.24,5.236399103665002,123,137,403,259,268,54,210,134,138,338,475,118,125,282,227,252,258,126,68,356,275,81,51,0,148,335,10,3,13,0.769,0.231,25,59,79,44,84,0.298,0.702,0.975,0.543,1629111,Jock Landale,0.2933562874251497,0.09605688622754491,1991.5,15.544041450777202,80.0599700149925,89.83957219251342,56.69849913368661,21.22719734660033,21.568627450980394,21.43205540922837,15.261044176706829,7.43801652892562,0.0,8.707723455806699,55.80724227796004,66.17745219420806,60.99234723608405,17.65536723163842,40.845070422535215,28.09073366754198,2022-23
203925,Joe Harris,Joe,1610612751,BKN,31.0,74,40,34,0.541,1527.175,113.2,141,0.089,0.141,34,0.157,13,0.071,536.0,485.0,412.0,1576.0,4.41,4.413230982894509,79,74,403,204,184,322,247,430,404,226,373,262,432,356,386,343,355,177,73,288,176,112,55,0,25,54,13,18,31,0.419,0.581,3,49,46,11,52,0.058,0.942,0.939,0.224,203925,Joe Harris,0.28640173410404623,0.12808092485549133,3089.1,6.7357512953367875,57.721139430284865,46.524064171123,34.52771536151516,13.018242122719734,33.72549019607843,25.44259096673495,16.867469879518072,22.31404958677686,0.0,14.556905307179129,58.6343442176247,44.26667382180392,51.45050901971431,14.83050847457627,33.80281690140845,23.368047266650752,2022-23
204060,Joe Ingles,Joe,1610612749,MIL,35.0,46,32,14,0.696,1043.4983333333332,112.4,115,0.102,0.146,33,0.231,6,0.067,403.0,288.0,290.0,1128.0,3.27,3.2666172867498475,315,178,134,36,258,278,276,354,379,231,143,365,443,293,273,275,286,246,45,107,42,65,80,0,5,12,6,6,12,0.5,0.5,2,14,16,9,16,0.125,0.875,1.0,0.563,204060,Joe Ingles,0.24532846715328466,0.11502554744525548,2183.6,3.1088082901554404,74.5127436281859,50.80213903743315,40.023518345285524,1.9071310116086235,15.294117647058824,9.939322992878743,26.907630522088354,21.487603305785125,0.0,18.283713365860137,75.33107617199816,53.19913497472481,64.26510557336148,11.158192090395481,9.15492957746479,10.256723959576671,2022-23
203954,Joel Embiid,Joel,1610612755,PHI,29.0,66,43,23,0.652,2284.1066666666666,110.2,557,0.243,0.357,66,0.192,112,0.521,743.0,628.0,708.0,2150.0,8.41,8.406940027471146,162,53,226,75,54,170,9,25,25,75,271,8,32,464,485,506,447,21,66,673,563,110,97,2,151,337,36,23,59,0.61,0.39,20,108,118,74,128,0.156,0.844,0.937,0.587,203954,Joel Embiid,0.3622114285714286,0.10516285714285716,4508.5,58.03108808290155,36.206896551724135,62.5668449197861,51.52656025621059,45.107794361525706,32.94117647058823,37.80782362696322,33.734939759036145,48.760330578512395,4.651162790697675,31.722882303768213,27.816874801757802,59.947166473254356,43.88202063750608,73.58757062146893,75.35211267605634,74.38161454603326,2022-23
1628381,John Collins,John,1610612737,ATL,25.0,71,37,34,0.521,2129.6466666666665,115.2,385,0.18,0.26,42,0.138,73,0.353,671.0,620.0,698.0,2516.0,4.88,4.884520781409355,109,110,403,231,82,403,39,106,116,181,423,26,91,428,479,503,505,145,71,626,372,254,61,14,108,244,18,16,34,0.529,0.471,7,49,54,28,56,0.125,0.875,0.982,0.509,1628381,John Collins,0.38734795321637433,0.16696783625730996,4458.0,37.82383419689119,22.488755622188904,35.82887700534761,31.957817397859493,29.270315091210612,89.41176470588236,65.35518486001365,19.27710843373494,28.92561983471074,32.55813953488372,25.974345199363665,17.59860278642741,17.660332653797333,17.629467720112373,49.293785310734464,33.80281690140845,42.32284952653776,2022-23
1629723,John Konchar,John,1610612763,MEM,27.0,72,45,27,0.625,1493.8133333333333,107.5,246,0.152,0.228,77,0.276,25,0.124,487.0,436.0,418.0,1490.0,6.75,6.750099805237897,102,35,291,100,191,91,112,155,158,48,82,154,324,334,360,345,344,63,71,266,137,129,143,7,16,40,13,16,29,0.448,0.552,1,21,20,5,22,0.045,0.955,0.952,0.238,1629723,John Konchar,0.3009622093023256,0.10484011627906976,3120.4,12.953367875647666,60.94452773613194,77.00534759358291,45.763268756300974,9.78441127694859,40.3921568627451,28.149058628426495,52.208835341365464,57.85123966942148,16.27906976744186,45.20123546270417,52.715351900665475,60.16798507831289,56.44166848948918,29.66101694915254,14.084507042253522,22.651587491047984,2022-23
202685,Jonas Valanciunas,Jonas,1610612740,NOP,31.0,79,40,39,0.506,1968.2433333333333,113.5,579,0.293,0.415,20,0.068,52,0.31,728.0,508.0,612.0,2034.0,5.44,5.442251728167692,27,74,472,261,110,347,7,6,4,311,504,50,115,456,397,452,426,118,79,525,438,87,56,0,223,483,19,12,31,0.613,0.387,65,111,165,123,176,0.369,0.631,0.959,0.715,202685,Jonas Valanciunas,0.36927966101694915,0.11751977401129944,3987.5,26.94300518134715,40.55472263868066,44.91978609625671,36.201301520141264,34.74295190713101,23.92156862745098,28.250121939322995,17.269076305220885,10.743801652892563,0.0,10.66796110060075,24.943561055482398,51.49259052122604,38.21807578835422,76.69491525423729,77.46478873239437,77.04135831940798,2022-23
1630228,Jonathan Kuminga,Jonathan,1610612744,GSW,20.0,67,38,29,0.567,1394.425,113.0,161,0.113,0.175,41,0.184,31,0.258,602.0,375.0,398.0,1444.0,4.07,4.070505521506141,145,95,327,159,202,314,210,296,283,192,294,111,150,386,328,336,335,198,67,320,182,138,86,2,54,137,17,9,26,0.654,0.346,1,21,21,13,22,0.045,0.955,1.0,0.619,1630228,Jonathan Kuminga,0.2955777126099707,0.12470674486803518,2896.2,16.06217616580311,62.668665667166415,47.593582887700556,40.25729917175463,13.515754560530679,43.92156862745098,31.759243000682858,29.31726907630522,28.09917355371901,4.651162790697675,22.72440907199816,54.904208659715984,46.57528051419143,50.739744586953705,17.65536723163842,14.084507042253522,16.048480146415216,2022-23
203903,Jordan Clarkson,Jordan,1610612762,UTA,31.0,61,30,31,0.492,1988.3033333333333,116.6,174,0.083,0.129,33,0.131,13,0.066,764.0,650.0,736.0,2294.0,3.72,3.719169673520001,214,207,357,295,106,464,189,458,445,231,440,262,444,478,494,516,465,215,59,251,134,117,84,0,24,55,22,18,40,0.55,0.45,0,7,6,1,7,0.0,1.0,1.0,0.167,203903,Jordan Clarkson,0.34149846153846153,0.11319384615384614,4074.7,6.7357512953367875,30.8095952023988,28.34224598930487,20.56322033630051,9.535655058043117,35.68627450980392,25.226026729099598,28.514056224899598,21.487603305785125,0.0,18.926283646984633,36.23692229746383,54.45238105985452,45.344651678659176,19.491525423728813,4.225352112676056,12.621747433755074,2022-23
1630692,Jordan Goodwin,Jordan,1610612764,WAS,24.0,62,22,40,0.355,1105.4233333333334,111.7,148,0.131,0.187,58,0.328,26,0.22,376.0,309.0,307.0,1128.0,3.73,3.73168956376395,203,290,481,435,250,239,233,232,249,105,37,144,176,277,285,292,286,214,56,205,98,107,111,1,7,16,21,16,37,0.568,0.432,6,10,13,7,16,0.375,0.625,0.929,0.5,1630692,Jordan Goodwin,0.2843333333333333,0.1379787878787879,2281.3,13.471502590673575,74.5127436281859,54.545454545454554,45.104424942498134,6.550580431177446,31.76470588235294,21.67905570188274,39.3574297188755,42.14876033057851,2.3255813953488373,31.07643335208989,59.47517173894688,37.4945772232628,48.48487448110484,15.819209039548024,6.338028169014084,11.552677647807752,2022-23
1629162,Jordan McLaughlin,Jordan,1610612750,MIN,27.0,43,22,21,0.512,678.49,105.9,47,0.065,0.097,32,0.244,4,0.053,258.0,183.0,202.0,676.0,3.5,3.5041251101947055,327,290,200,252,339,58,387,510,511,239,126,412,461,209,197,212,201,230,43,86,51,35,70,0,11,26,5,13,18,0.278,0.722,0,6,6,0,6,0.0,1.0,1.0,0.0,1629162,Jordan McLaughlin,0.22511188811188812,0.0717937062937063,1451.9,2.072538860103627,91.45427286356822,85.5614973262032,54.22838537784112,2.6533996683250414,3.5294117647058822,3.179006926153546,22.89156626506024,20.66115702479339,0.0,16.388031464701783,83.54933652351235,82.77826773519882,83.16380212935559,1.5536723163841808,3.5211267605633805,2.4390268162648208,2022-23
1629670,Jordan Nwora,Jordan,1610612754,IND,24.0,62,36,26,0.581,1188.085,117.2,178,0.147,0.224,24,0.135,14,0.106,509.0,344.0,450.0,1464.0,2.07,2.0701652061227263,203,126,273,140,236,477,185,182,164,290,432,248,356,346,303,363,341,322,57,185,90,95,48,0,6,12,14,13,27,0.519,0.481,0,9,8,2,9,0.0,1.0,0.889,0.222,1629670,Jordan Nwora,0.30539933993399343,0.12722772277227723,2487.8,7.253886010362693,61.91904047976012,25.133689839572206,30.85664103195417,5.887230514096186,27.058823529411764,18.590186323285533,14.056224899598394,14.049586776859504,0.0,10.539845331740185,50.91160980018169,44.85043285261722,47.88102132639945,20.056497175141246,5.633802816901409,13.566284713933321,2022-23
1629673,Jordan Poole,Jordan,1610612744,GSW,24.0,82,44,38,0.537,2458.0933333333332,111.8,193,0.073,0.11,63,0.174,21,0.097,1014.0,699.0,687.0,2548.0,8.1,8.095707598956102,2,40,459,210,23,251,166,483,487,90,324,178,375,537,518,500,510,28,81,292,106,186,138,3,29,72,28,21,49,0.571,0.429,1,10,10,3,11,0.091,0.909,1.0,0.3,1629673,Jordan Poole,0.3455942408376963,0.15144502617801045,5133.0,10.880829015544041,21.289355322338828,54.010695187165815,25.30627976582766,7.213930348258707,62.745098039215684,40.53263096283289,50.20080321285141,46.28099173553719,6.976744186046512,38.02285443909021,34.57194324465131,28.281005933514248,31.42647458908278,22.175141242937855,6.338028169014084,15.04844035967216,2022-23
1630631,Jose Alvarado,Jose,1610612740,NOP,25.0,61,30,31,0.492,1309.9816666666666,108.4,113,0.087,0.125,67,0.279,10,0.092,472.0,343.0,411.0,1312.0,5.63,5.627385849055123,214,207,357,295,212,114,283,437,450,72,76,311,386,327,302,342,314,114,59,132,56,76,133,7,16,35,12,25,37,0.324,0.676,1,30,27,7,31,0.032,0.968,0.871,0.226,1630631,Jose Alvarado,0.2678137535816619,0.11479369627507165,2673.0,5.181347150259067,67.61619190404798,72.19251336898395,43.786334368766404,3.067993366500829,19.607843137254903,12.991903228953273,48.19277108433735,49.586776859504134,16.27906976744186,40.70224777642185,66.19056147025822,53.35776704684726,59.77416425855274,10.875706214689265,20.422535211267608,15.17177926314952,2022-23
1630528,Josh Christopher,Josh,1610612745,HOU,21.0,64,16,48,0.25,786.215,119.3,51,0.068,0.104,33,0.266,15,0.174,342.0,240.0,276.0,830.0,0.87,0.8725618965524063,181,357,520,484,317,509,380,500,499,231,96,238,230,259,241,266,232,412,54,89,45,44,73,1,2,5,12,8,20,0.6,0.4,1,1,2,1,2,0.5,0.5,1.0,0.5,1630528,Josh Christopher,0.24816149068322982,0.085972049689441,1585.7,7.772020725388601,85.68215892053973,13.903743315508066,36.573499741221354,2.155887230514096,7.0588235294117645,5.097649009852697,24.096385542168676,21.487603305785125,2.3255813953488373,17.740610722729475,74.17942114157088,73.07747566955722,73.62844840556406,2.11864406779661,0.0,1.1652542372881356,2022-23
1630581,Josh Giddey,Josh,1610612760,OKC,20.0,76,34,42,0.447,2367.2716666666665,114.0,451,0.189,0.285,57,0.142,31,0.146,788.0,734.0,666.0,2610.0,6.28,6.281275511114628,55,149,493,364,43,369,22,92,83,108,414,111,286,488,530,483,519,81,76,346,157,189,105,1,15,38,19,16,35,0.543,0.457,4,29,31,15,33,0.121,0.879,0.969,0.469,1630581,Josh Giddey,0.41564673913043476,0.18242391304347827,4926.6,16.06217616580311,18.96551724137931,42.24598930481286,23.624298827007216,11.442786069651742,63.921568627450974,42.93005560433128,36.94779116465863,41.32231404958678,2.3255813953488373,29.823321732056034,6.094837001064057,7.085318149753469,6.590077575408763,58.61581920903954,19.718309859154928,41.11194000159147,2022-23
1630182,Josh Green,Josh,1610612742,DAL,22.0,60,27,33,0.45,1539.23,112.8,127,0.087,0.133,42,0.181,5,0.048,472.0,472.0,405.0,1606.0,4.64,4.641125796184347,222,238,385,360,181,301,263,434,430,181,303,385,470,327,377,339,360,162,59,169,98,71,74,2,15,36,15,23,38,0.395,0.605,0,18,16,6,18,0.0,1.0,0.889,0.333,1630182,Josh Green,0.32063009404388715,0.12910344827586206,3080.5,2.5906735751295336,56.59670164917541,48.66310160427811,33.010890408332735,6.550580431177446,17.647058823529413,13.208467466588626,24.497991967871485,28.92561983471074,4.651162790697675,21.08595442697177,44.72014177937084,43.56706549617617,44.14360363777351,12.85310734463277,11.971830985915492,12.456532983209996,2022-23
1628404,Josh Hart,Josh,1610612752,NYK,28.0,76,42,34,0.553,2454.025,113.5,451,0.185,0.271,88,0.253,21,0.097,816.0,653.0,666.0,2560.0,6.88,6.875152507190736,55,60,403,179,24,345,22,96,105,26,110,178,375,504,498,483,511,54,76,368,200,168,135,0,31,80,37,33,70,0.529,0.471,3,19,21,12,22,0.136,0.864,0.955,0.545,1628404,Josh Hart,0.34709863013698633,0.14656164383561643,4936.1,10.880829015544041,20.839580209895054,44.91978609625671,22.87613120374506,15.008291873963516,55.68627450980392,39.415081455467764,48.99598393574297,66.94214876033058,0.0,43.028145640412895,33.96039255121888,31.622205632122302,32.791299091670595,58.61581920903954,12.676056338028168,37.94292591708442,2022-23
1629006,Josh Okogie,Josh,1610612756,PHX,24.0,72,38,34,0.528,1350.59,108.0,142,0.102,0.157,56,0.255,34,0.218,454.0,367.0,395.0,1352.0,5.98,5.980451216756764,102,95,403,221,206,104,245,355,343,112,108,95,177,320,323,335,327,96,68,209,118,91,133,5,20,47,12,16,28,0.429,0.571,4,19,22,11,23,0.174,0.826,0.957,0.478,1629006,Josh Okogie,0.26949122807017545,0.10083625730994152,2751.6,17.616580310880828,66.11694152923539,74.33155080213906,48.770449360119486,8.208955223880597,25.49019607843137,18.577699736611063,48.19277108433735,40.49586776859504,11.627906976744185,36.35763889692925,65.50864975555125,62.907416776049295,64.20803326580027,14.971751412429379,12.676056338028168,13.938688628948835,2022-23
1626196,Josh Richardson,Josh,1610612740,NOP,29.0,65,24,41,0.369,1529.6016666666667,113.6,134,0.087,0.134,69,0.29,20,0.171,624.0,479.0,436.0,1672.0,4.32,4.320118376487993,171,271,487,425,183,349,254,435,429,68,62,191,237,400,383,356,367,182,65,150,84,66,129,1,20,45,14,12,26,0.538,0.462,1,15,15,4,16,0.063,0.938,1.0,0.267,1626196,Josh Richardson,0.3090093457943925,0.11594080996884734,3152.1,10.362694300518134,54.12293853073463,44.38502673796797,34.18436289045636,5.389718076285241,15.686274509803921,11.567651936396448,46.58634538152611,51.2396694214876,2.3255813953488373,37.149817798968314,49.44410295985516,52.57291432404497,51.008508641950066,13.841807909604519,9.859154929577464,12.049614068592344,2022-23
201950,Jrue Holiday,Jrue,1610612749,MIL,33.0,67,50,17,0.746,2182.54,107.9,262,0.107,0.15,79,0.255,25,0.104,702.0,571.0,522.0,2124.0,9.6,9.59958313616659,145,13,162,19,71,100,98,328,362,45,105,154,359,442,441,402,440,8,66,327,159,168,167,1,5,12,28,25,53,0.528,0.472,6,18,23,9,24,0.25,0.75,1.0,0.391,201950,Jrue Holiday,0.29723460410557184,0.138208211143695,4534.4,12.953367875647666,37.181409295352324,74.8663101604278,36.91141794373933,11.608623548922056,55.68627450980392,38.05521412545118,61.84738955823293,59.50413223140496,2.3255813953488373,46.146797453122126,54.23066415660407,37.33760631871031,45.78413523765719,31.92090395480226,11.971830985915492,22.943821118803218,2022-23
1629308,Juan Toscano-Anderson,Juan,1610612762,UTA,30.0,52,19,33,0.365,700.0583333333333,113.7,96,0.128,0.188,16,0.195,10,0.139,279.0,219.0,168.0,696.0,1.94,1.9408441751971124,283,324,385,426,332,354,300,241,247,338,255,311,307,227,218,191,204,333,46,136,82,54,56,5,26,61,10,2,12,0.833,0.167,3,18,16,7,21,0.143,0.857,0.889,0.389,1629308,Juan Toscano-Anderson,0.2638313725490196,0.10065098039215686,1469.6,5.181347150259067,90.70464767616193,43.85026737967915,44.78173239168008,5.223880597014925,10.980392156862745,8.677787532923617,17.269076305220885,7.43801652892562,11.627906976744185,12.417913051398367,67.80944288823551,63.03418284482236,65.42181286652894,8.47457627118644,11.971830985915492,10.048340892814515,2022-23
1627823,Juancho Hernangomez,Juancho,1610612761,TOR,27.0,42,20,22,0.476,613.495,113.8,96,0.169,0.24,16,0.17,6,0.107,220.0,144.0,215.0,632.0,1.65,1.6534415507808993,335,310,214,320,349,361,300,128,137,338,336,365,354,190,173,219,189,355,39,105,64,41,34,0,10,22,9,5,14,0.643,0.357,1,5,6,3,6,0.167,0.833,1.0,0.5,1627823,Juancho Hernangomez,0.29799598393574295,0.10709236947791165,1234.4,3.1088082901554404,93.10344827586206,43.315508021390414,44.6586072179615,3.731343283582089,5.88235294117647,5.021949078138718,8.433734939759036,7.43801652892562,0.0,5.976799761027582,53.92115493360817,58.626998282372114,56.27407660799014,8.47457627118644,2.8169014084507045,5.928622582955359,2022-23
203944,Julius Randle,Julius,1610612752,NYK,28.0,77,44,33,0.571,2737.2516666666666,115.4,626,0.226,0.334,49,0.142,21,0.098,835.0,773.0,764.0,2624.0,6.08,6.083784548188164,46,40,385,149,5,411,4,38,37,144,415,178,372,513,532,522,521,90,77,445,232,213,99,0,62,145,42,19,61,0.689,0.311,26,63,81,62,89,0.292,0.708,0.964,0.738,203944,Julius Randle,0.3755833333333333,0.1825948275862069,5417.2,10.880829015544041,18.4407796101949,34.759358288770045,19.496444041978343,17.66169154228856,73.33333333333333,51.06467661691542,34.53815261044177,34.710743801652896,0.0,25.96402137475522,22.38104935849357,6.968378787112312,14.67471407280294,83.33333333333334,43.66197183098591,65.481220657277,2022-23
203200,Justin Holiday,Justin,1610612742,DAL,34.0,46,18,28,0.391,706.1133333333333,113.9,50,0.067,0.104,19,0.184,19,0.26,249.0,249.0,192.0,774.0,2.0,2.0008867787379905,315,339,312,414,329,364,382,502,498,320,292,198,146,206,245,203,220,327,43,124,68,56,43,0,8,21,2,9,11,0.182,0.818,0,20,16,1,20,0.0,1.0,1.0,0.063,203200,Justin Holiday,0.2871890756302521,0.07563025210084033,1479.9,9.844559585492227,87.78110944527737,42.7807486631016,45.35639930581937,4.06301824212272,11.76470588235294,8.684030826260852,12.048192771084338,9.917355371900827,0.0,8.290351488599025,58.31428128142423,80.15331134314863,69.23379631228643,1.977401129943503,13.380281690140844,7.1086973820323065,2022-23
203994,Jusuf Nurkić,Jusuf,1610612757,POR,28.0,52,24,28,0.462,1391.415,114.3,357,0.258,0.362,43,0.247,44,0.373,518.0,350.0,431.0,1486.0,3.55,3.546797755788012,283,271,312,347,203,380,46,18,22,172,121,70,77,348,308,353,342,226,52,464,402,62,102,1,228,567,17,13,30,0.567,0.433,28,73,95,66,101,0.277,0.723,0.96,0.667,203994,Jusuf Nurkić,0.35763414634146345,0.11510452961672472,2816.7,22.797927461139896,61.09445277361319,40.641711229946566,40.662657262707214,31.75787728026534,14.117647058823529,21.173739147400255,35.7429718875502,29.75206611570248,2.3255813953488373,25.291807244353155,29.67759005883397,53.14509554282992,41.411342800831946,45.33898305084746,50.70422535211267,47.75334208641681,2022-23
1630231,KJ Martin,KJ,1610612745,HOU,22.0,82,22,60,0.268,2292.1583333333333,118.7,326,0.143,0.21,41,0.118,30,0.146,963.0,613.0,838.0,2406.0,3.01,3.0078555948888197,2,290,537,475,53,503,58,195,196,192,469,118,284,535,473,532,487,258,80,322,158,164,66,1,65,149,23,16,39,0.59,0.41,1,14,13,6,15,0.067,0.933,1.0,0.462,1630231,KJ Martin,0.33340583554376657,0.17943766578249337,4672.7,15.544041450777202,26.611694152923537,17.112299465240653,19.80978440014428,11.5257048092869,54.11764705882353,37.080870159008875,21.285140562248998,28.09917355371901,2.3255813953488373,18.93016231753846,39.52666321830166,9.128502104807138,24.3275826615544,40.96045197740113,9.15492957746479,26.64796689742978,2022-23
1630539,Kai Jones,Kai,1610612766,CHA,22.0,46,13,33,0.283,549.6266666666667,108.4,86,0.146,0.222,17,0.227,30,0.366,226.0,176.0,145.0,564.0,2.32,2.3249192873407685,315,391,385,471,360,113,320,188,168,331,153,118,83,195,193,176,181,311,40,138,105,33,36,0,30,65,7,8,15,0.467,0.533,3,23,21,5,26,0.115,0.885,0.955,0.227,1630539,Kai Jones,0.18464393939393942,0.07133712121212121,1131.8,15.544041450777202,95.65217391304348,72.19251336898395,57.74400579212209,7.131011608623548,2.7450980392156863,4.499463466978831,9.236947791164658,8.264462809917356,0.0,6.587341099936937,100.0,83.09066226628794,91.54533113314397,7.062146892655368,15.492957746478872,10.856011776875945,2022-23
202695,Kawhi Leonard,Kawhi,1610612746,LAC,32.0,52,33,19,0.635,1747.4883333333332,112.1,281,0.16,0.228,72,0.274,28,0.19,592.0,411.0,517.0,1818.0,5.49,5.485561685322916,283,162,176,92,152,265,82,140,157,58,84,135,200,381,347,397,386,117,52,294,166,128,147,1,22,49,24,12,36,0.667,0.333,0,35,27,7,35,0.0,1.0,0.9,0.233,202695,Kawhi Leonard,0.27164052287581697,0.1459313725490196,3502.1,14.507772020725387,48.65067466266866,52.40641711229952,35.93244921829907,12.189054726368159,40.0,28.875621890547265,53.81526104417671,53.71900826446281,2.3255813953488373,40.90915265906988,64.63493792484286,32.053435891227146,48.344186908035,34.6045197740113,23.943661971830984,29.807133763030162,2022-23
1631099,Keegan Murray,Keegan,1610612758,SAC,22.0,80,47,33,0.588,2381.673333333333,117.1,282,0.123,0.174,61,0.174,42,0.264,749.0,622.0,602.0,2706.0,4.1,4.103783303359775,15,22,385,130,38,476,80,260,288,95,322,75,143,467,481,449,525,195,80,434,264,170,102,10,29,74,22,16,38,0.579,0.421,2,33,32,11,35,0.057,0.943,0.97,0.333,1631099,Keegan Murray,0.32839837398373983,0.15074525745257453,4899.0,21.761658031088082,15.367316341829085,25.668449197861023,20.50033623154067,20.3150912106136,56.470588235294116,42.00838942542191,35.7429718875502,44.62809917355372,23.25581395348837,35.730976954135976,41.56225107499259,28.759786190842128,35.16101863291736,34.74576271186441,22.535211267605636,29.25101456194796,2022-23
1628966,Keita Bates-Diop,Keita,1610612759,SAS,27.0,67,18,49,0.269,1452.5883333333334,116.6,182,0.13,0.188,46,0.212,20,0.182,529.0,408.0,435.0,1732.0,2.76,2.7640214199205855,145,339,523,474,195,462,180,234,246,155,198,191,215,353,342,355,378,274,64,257,151,106,94,0,21,46,12,11,23,0.522,0.478,0,12,12,6,12,0.0,1.0,1.0,0.5,1628966,Keita Bates-Diop,0.31629577464788733,0.13722816901408452,3044.0,10.362694300518134,51.874062968515744,28.34224598930487,29.386561256513982,10.945273631840797,31.372549019607842,23.20163886450102,32.53012048192771,32.231404958677686,0.0,24.293039928308275,46.48208998880854,38.0081490365415,42.24511951267502,20.62146892655367,7.746478873239436,14.827723402562267,2022-23
1629640,Keldon Johnson,Keldon,1610612759,SAS,23.0,63,17,46,0.27,2063.3316666666665,121.4,262,0.133,0.201,46,0.15,11,0.07,804.0,621.0,603.0,2470.0,1.04,1.0357405149615202,189,347,514,473,95,525,98,222,218,155,394,298,435,496,480,450,497,398,62,275,139,136,100,0,19,44,25,9,34,0.735,0.265,3,19,15,10,22,0.136,0.864,0.882,0.588,1629640,Keldon Johnson,0.36064285714285715,0.16638095238095238,4262.1,5.699481865284974,24.212893553223388,2.67379679144385,11.422754687603138,9.950248756218906,43.13725490196079,29.862452443664033,34.93975903614458,32.231404958677686,0.0,25.25689534999502,28.454516232266414,18.06187734010641,23.25819678618641,31.92090395480226,12.676056338028168,23.26072252725392,2022-23
203482,Kelly Olynyk,Kelly,1610612762,UTA,32.0,68,28,40,0.412,1941.5933333333332,116.0,338,0.164,0.249,60,0.26,37,0.182,782.0,614.0,664.0,2126.0,3.98,3.9787574914618897,133,230,481,400,119,439,49,132,129,98,98,85,214,486,475,481,441,202,68,470,302,168,131,12,107,260,13,18,31,0.419,0.581,12,34,42,16,46,0.261,0.739,0.955,0.364,203482,Kelly Olynyk,0.38159133126934985,0.176984520123839,3989.2,19.170984455958546,37.1064467766117,31.550802139037458,28.543350688956874,23.466003316749585,55.68627450980392,42.79816603258219,47.389558232931726,43.80165289256198,27.906976744186046,41.26314599161589,19.938732528903348,10.8069390898005,15.372835809351923,42.65536723163842,23.239436619718308,33.918198456274375,2022-23
1626162,Kelly Oubre Jr.,Kelly,1610612766,CHA,27.0,48,16,32,0.333,1547.5116666666668,115.3,184,0.121,0.181,68,0.269,18,0.118,522.0,473.0,388.0,1722.0,3.5,3.4985651055466844,302,357,377,442,180,408,178,267,265,70,91,207,337,349,378,333,376,230,47,193,107,86,154,0,14,35,17,16,33,0.515,0.485,0,4,3,2,4,0.0,1.0,1.0,0.667,1626162,Kelly Oubre Jr.,0.3322727272727273,0.13422895622895623,3215.6,9.32642487046632,52.248875562218885,35.29411764705886,30.84120580672785,7.2968490878938645,23.52941176470588,17.036386693981072,56.62650602409639,50.413223140495866,0.0,40.29523050881211,39.98728411557547,40.06020397533611,40.023744045455786,20.903954802259886,2.112676056338028,12.44787936659505,2022-23
1629134,Kendrick Nunn,Kendrick,1610612764,WAS,27.0,70,30,40,0.429,963.43,112.6,94,0.09,0.136,28,0.193,7,0.071,390.0,305.0,302.0,1064.0,3.06,3.0621179260768243,116,207,481,378,274,290,307,425,422,264,263,345,433,287,283,290,276,254,60,137,52,85,56,1,7,15,6,9,15,0.4,0.6,0,3,3,2,3,0.0,1.0,1.0,0.667,1629134,Kendrick Nunn,0.3084850299401198,0.12125748502994012,2013.3,3.6269430051813467,76.91154422788605,49.732620320855666,40.80297276204657,2.736318407960199,23.137254901960784,14.976880304360549,17.269076305220885,17.355371900826448,2.3255813953488373,13.563406036214818,49.65724308549246,48.935256678952314,49.296249882222384,8.192090395480225,1.4084507042253522,5.139452534415533,2022-23
1629026,Kenrich Williams,Kenrich,1610612760,OKC,28.0,53,26,27,0.491,1205.9816666666666,109.2,164,0.137,0.209,45,0.211,14,0.143,359.0,342.0,273.0,1238.0,4.82,4.817478614639937,277,253,291,299,229,138,208,209,200,159,200,248,292,269,300,264,299,150,53,194,115,79,86,26,31,66,18,16,34,0.529,0.471,12,36,43,20,48,0.25,0.75,0.956,0.444,1629026,Kenrich Williams,0.2896501547987616,0.10556346749226006,2475.8,7.253886010362693,70.38980509745127,67.9144385026738,44.51659581392147,7.960199004975125,20.784313725490197,15.654667837284167,29.31726907630522,31.40495867768595,60.46511627906976,37.83492223747962,57.313825699345585,59.673069733569605,58.493447716457595,18.07909604519774,24.647887323943664,21.03505212063341,2022-23
203484,Kentavious Caldwell-Pope,Kentavious,1610612743,DEN,30.0,76,51,25,0.671,2381.2066666666665,111.5,173,0.074,0.107,112,0.283,35,0.159,812.0,643.0,693.0,2658.0,8.04,8.043149663695695,55,10,256,55,39,230,191,482,490,6,73,92,262,503,492,501,523,31,75,176,90,86,200,1,24,50,18,28,46,0.391,0.609,2,17,17,5,19,0.105,0.895,0.944,0.278,203484,Kentavious Caldwell-Pope,0.33167199999999997,0.12359733333333334,4864.0,18.134715025906736,17.166416791604195,55.61497326203211,27.16587520293219,5.887230514096186,23.52941176470588,16.472539264462,75.1004016064257,86.77685950413223,2.3255813953488373,60.993456817853776,40.231486318006404,47.334337500821086,43.78291190941374,19.350282485875706,11.267605633802818,15.713077902442906,2022-23
201142,Kevin Durant,Kevin,1610612756,PHX,34.0,47,34,13,0.723,1671.7566666666667,110.3,296,0.166,0.252,34,0.145,67,0.267,608.0,508.0,510.0,1656.0,6.11,6.113919223470662,311,149,123,26,165,173,70,131,124,226,403,31,139,390,397,390,364,88,47,385,245,140,63,0,22,49,21,10,31,0.677,0.323,2,31,32,17,33,0.061,0.939,0.97,0.515,201142,Kevin Durant,0.2856458333333334,0.1554861111111111,3381.0,34.715025906735754,54.72263868065967,62.03208556149736,48.546955291299525,18.739635157545607,44.70588235294118,34.31938347478295,20.080321285140563,22.31404958677686,0.0,15.842045869428127,58.941626143063615,25.516104311269732,42.22886522716667,36.72316384180791,21.12676056338028,29.70478236651548,2022-23
1628989,Kevin Huerter,Kevin,1610612758,SAC,24.0,75,44,31,0.587,2202.7766666666666,116.6,209,0.1,0.14,80,0.26,24,0.188,752.0,543.0,576.0,2526.0,4.11,4.113357883410852,70,40,357,134,70,463,150,365,406,42,98,160,205,470,423,428,506,194,75,370,209,161,160,0,22,51,20,17,37,0.541,0.459,0,14,13,7,14,0.0,1.0,1.0,0.538,1628989,Kevin Huerter,0.37151830985915496,0.17011830985915494,4480.3,12.435233160621761,22.113943028485757,28.34224598930487,19.79953482154494,15.754560530679933,52.94117647058824,38.066530094624916,59.036144578313255,60.33057851239669,0.0,44.73016031066415,24.033525832253435,15.504785389440261,19.76915561084685,24.43502824858757,9.15492957746479,17.558983846582322,2022-23
1628995,Kevin Knox II,Kevin,1610612757,POR,23.0,63,12,51,0.19,951.7233333333334,115.8,143,0.152,0.236,24,0.154,12,0.15,382.0,280.0,288.0,1076.0,2.11,2.1083092566231296,189,404,527,515,277,429,238,156,146,290,379,278,278,283,271,273,279,319,57,167,89,78,35,0,12,31,13,12,25,0.52,0.48,3,17,18,14,20,0.15,0.85,0.9,0.7,1628995,Kevin Knox II,0.24116071428571428,0.08233928571428571,1991.8,6.217616580310881,76.46176911544228,32.62032085561501,37.4037460364329,5.804311774461028,20.392156862745097,14.55701882743147,8.835341365461847,14.049586776859504,0.0,8.451491918085566,77.02531326702436,75.56300497033128,76.29415911867781,15.112994350282486,11.267605633802818,13.382569427866637,2022-23
201567,Kevin Love,Kevin,1610612748,MIA,34.0,62,35,27,0.565,1239.4783333333332,109.8,340,0.287,0.411,16,0.096,12,0.148,410.0,305.0,334.0,1238.0,4.83,4.826481712897564,203,137,291,162,223,153,48,7,5,338,492,278,280,296,283,300,299,149,60,184,101,83,41,33,64,145,10,11,21,0.476,0.524,15,49,63,47,64,0.234,0.766,0.984,0.734,201567,Kevin Love,0.3301301587301587,0.11424444444444445,2469.4,6.217616580310881,70.38980509745127,64.70588235294122,43.2999490044676,6.799336650082918,22.35294117647059,16.13149936591552,11.244979919678714,7.43801652892562,76.74418604651163,26.28734426462336,40.858261646825305,53.73356396838255,47.295912807603926,42.93785310734463,33.80281690140845,38.82708681467335,2022-23
1629645,Kevin Porter Jr.,Kevin,1610612745,HOU,23.0,59,18,41,0.305,2023.8833333333334,119.5,238,0.117,0.172,82,0.279,17,0.101,859.0,572.0,740.0,2040.0,2.12,2.116848273862888,230,339,487,458,101,514,121,282,290,40,78,216,363,515,442,517,428,318,59,292,106,186,144,3,3,6,24,21,45,0.533,0.467,3,8,11,8,11,0.273,0.727,1.0,0.727,1629645,Kevin Porter Jr.,0.3375,0.138512987012987,4089.3,8.808290155440414,40.32983508245877,12.834224598930511,20.847314490769364,7.213930348258707,62.745098039215684,40.53263096283289,52.610441767068274,61.98347107438017,6.976744186046512,44.482577629372,37.862340616819736,37.12907932425789,37.49570997053881,28.53107344632768,4.929577464788732,17.910400254635157,2022-23
1626172,Kevon Looney,Kevon,1610612744,GSW,27.0,82,44,38,0.537,1957.595,112.0,486,0.234,0.342,52,0.194,50,0.301,672.0,514.0,601.0,2042.0,6.26,6.257292892415873,2,40,459,210,112,260,18,30,32,132,259,56,119,429,402,448,429,83,82,773,577,196,93,0,300,774,11,15,26,0.423,0.577,68,94,150,109,162,0.42,0.58,0.968,0.703,1626172,Kevon Looney,0.3734034582132565,0.17887319884726224,4053.9,25.906735751295333,40.254872563718145,52.94117647058826,37.68719381546655,46.26865671641791,66.66666666666666,58.50746268656715,32.1285140562249,37.1900826446281,0.0,25.867934548109794,23.267192421268753,9.514709168197523,16.390950794733136,63.559322033898304,65.49295774647888,64.42945810455956,2022-23
1630165,Killian Hayes,Killian,1610612765,DET,21.0,76,16,60,0.211,2153.588333333333,117.6,193,0.092,0.14,104,0.331,28,0.172,804.0,673.0,631.0,2424.0,3.42,3.4211400343042038,55,357,537,503,75,487,166,418,407,9,36,135,233,496,509,462,488,235,76,350,201,149,216,8,9,21,16,32,48,0.333,0.667,0,22,21,6,22,0.0,1.0,1.0,0.286,1630165,Killian Hayes,0.3587598944591029,0.14969393139841689,4368.7,14.507772020725387,25.937031484257872,22.99465240641717,20.6297329293847,15.091210613598674,48.23529411764706,34.9776607160277,81.52610441767068,80.16528925619835,18.6046511627907,65.31945579743537,29.219961144365126,29.47910121657658,29.349531180470855,22.175141242937855,14.788732394366196,18.85125726108061,2022-23
202691,Klay Thompson,Klay,1610612744,GSW,33.0,69,38,31,0.551,2278.911666666667,112.6,247,0.101,0.151,49,0.151,29,0.151,861.0,627.0,730.0,2354.0,6.96,6.9617090546213225,123,95,357,185,56,291,111,360,361,144,389,126,275,516,483,515,475,50,69,280,166,114,98,0,23,56,7,18,25,0.28,0.72,5,7,11,6,12,0.417,0.583,0.917,0.5,202691,Klay Thompson,0.31565988372093023,0.14495348837209301,4788.2,15.025906735751295,28.56071964017991,49.732620320855666,28.439769648577403,12.189054726368159,34.509803921568626,25.58150424348844,34.13654618473896,34.710743801652896,0.0,25.8033788044741,46.74058660102954,32.72250214247197,39.73154437175076,29.80225988700565,4.225352112676056,18.292651388557335,2022-23
204001,Kristaps Porziņģis,Kristaps,1610612764,WAS,27.0,65,27,38,0.415,2119.5116666666668,114.8,432,0.194,0.277,58,0.21,100,0.437,719.0,610.0,673.0,2210.0,5.08,5.075820839287357,171,238,459,395,87,392,28,81,98,105,206,12,57,451,469,489,454,136,65,733,557,176,84,0,184,397,15,15,30,0.5,0.5,10,60,66,38,70,0.143,0.857,0.957,0.551,204001,Kristaps Porziņģis,0.3240807453416149,0.15462422360248448,4285.4,51.813471502590666,33.95802098950525,37.96791443850272,42.10267455698879,44.61028192371476,58.82352941176471,53.13823041654473,28.514056224899598,42.14876033057851,0.0,26.157688605662315,43.317414310546916,26.105805891475214,34.71161010101106,55.932203389830505,41.54929577464789,49.459894962998334,2022-23
203937,Kyle Anderson,Kyle,1610612750,MIN,29.0,69,36,33,0.522,1956.5733333333333,111.7,302,0.152,0.231,78,0.222,63,0.274,664.0,559.0,534.0,2034.0,6.42,6.4224553550997765,123,126,385,230,114,241,66,160,150,46,165,35,135,424,435,407,426,75,69,343,198,145,166,1,41,96,14,20,34,0.412,0.588,7,26,29,16,33,0.212,0.788,0.935,0.516,203937,Kyle Anderson,0.35360294117647056,0.15543529411764706,4016.1,32.64248704663213,40.55472263868066,54.545454545454554,40.88751137855472,14.842454394693199,46.666666666666664,33.93698175787728,61.44578313253012,58.67768595041323,2.3255813953488373,45.69689868449389,31.31631902026917,25.550873188933114,28.433596104601143,37.570621468926554,17.6056338028169,28.58637701917721,2022-23
1628398,Kyle Kuzma,Kyle,1610612764,WAS,27.0,64,29,35,0.453,2238.8516666666665,112.6,408,0.172,0.255,36,0.116,29,0.121,797.0,665.0,623.0,2404.0,6.83,6.829809428689171,181,220,420,356,64,293,35,124,120,218,473,126,331,494,503,459,486,58,63,330,206,124,66,5,27,58,17,19,36,0.472,0.528,4,20,21,15,24,0.167,0.833,0.955,0.682,1628398,Kyle Kuzma,0.2992911764705882,0.12816764705882353,4547.6,15.025906735751295,26.686656671664167,49.732620320855666,27.78384760959689,15.50580431177446,38.43137254901961,29.26114525412155,21.285140562248998,23.96694214876033,11.627906976744185,19.80946272115176,53.39464501148433,44.20733867675072,48.800991844117526,52.54237288135594,13.380281690140844,34.91943184530915,2022-23
200768,Kyle Lowry,Kyle,1610612748,MIA,37.0,55,30,25,0.545,1717.725,111.3,182,0.112,0.166,57,0.211,21,0.202,556.0,429.0,436.0,1594.0,5.84,5.840158781459162,267,207,256,195,158,212,180,298,310,108,201,178,189,364,357,356,356,100,54,181,86,95,103,13,33,75,7,24,31,0.226,0.774,3,26,24,8,29,0.103,0.897,0.889,0.296,200768,Kyle Lowry,0.3086709677419355,0.1459967741935484,3389.2,10.880829015544041,57.04647676161919,56.684491978609664,38.48972146743675,5.555555555555555,27.058823529411764,18.45751633986928,36.144578313253014,41.32231404958678,30.23255813953488,36.4787807775403,49.58165733671762,32.00868822666461,40.795172781691114,20.62146892655367,17.6056338028169,19.264343120872127,2022-23
202681,Kyrie Irving,Kyrie,1610612742,DAL,31.0,60,32,28,0.533,2240.5733333333333,113.2,245,0.107,0.167,66,0.215,45,0.157,725.0,672.0,616.0,2316.0,6.47,6.4736583634476,222,178,312,217,63,321,114,333,307,75,186,68,266,455,506,455,468,73,60,274,166,108,126,5,29,69,31,29,60,0.517,0.483,3,12,14,7,15,0.2,0.8,1.0,0.5,202681,Kyrie Irving,0.34661875000000003,0.16660625,4487.7,23.316062176165804,29.985007496251875,46.524064171123,31.452193536935226,12.189054726368159,32.15686274509804,24.169739537606088,45.38152610441767,48.760330578512395,11.627906976744185,38.12570288843245,34.15546907208813,17.907729193580156,26.031599132834145,29.51977401129944,7.746478873239436,19.72179119917244,2022-23
1630205,Lamar Stevens,Lamar,1610612739,CLE,25.0,62,39,23,0.629,1120.4833333333333,111.1,159,0.145,0.224,27,0.166,19,0.183,395.0,304.0,294.0,1060.0,3.89,3.8939029082438847,203,89,226,96,247,202,214,190,162,274,346,198,213,290,282,279,275,206,59,270,143,127,54,0,24,56,13,12,25,0.52,0.48,1,23,22,15,24,0.042,0.958,0.957,0.652,1630205,Lamar Stevens,0.23418154761904764,0.09986011904761904,2205.8,9.844559585492227,77.06146926536732,57.75401069518722,45.34784075087226,10.281923714759536,39.6078431372549,27.877475368256757,16.46586345381526,16.528925619834713,0.0,12.371469348468253,79.86242080068916,63.57528847627597,71.71885463848257,17.372881355932204,15.492957746478872,16.526915731678205,2022-23
1629013,Landry Shamet,Landry,1610612756,PHX,26.0,40,19,21,0.475,806.91,107.7,56,0.07,0.103,26,0.187,5,0.057,280.0,219.0,178.0,754.0,3.63,3.6328328653284836,350,324,200,322,309,94,372,493,500,279,285,385,456,229,218,197,214,219,40,136,69,67,59,1,4,10,2,6,8,0.25,0.75,0,7,5,1,7,0.0,1.0,0.833,0.167,1629013,Landry Shamet,0.2834320987654321,0.09636625514403292,1631.8,2.5906735751295336,88.53073463268366,75.93582887700535,51.005983770742425,4.1459369817578775,16.07843137254902,11.305433616232563,18.473895582329316,15.702479338842975,2.3255813953488373,13.466821350363976,59.84153344146988,65.96578264673992,62.9036580441049,2.824858757062147,4.225352112676056,3.4550807670884063,2022-23
1626204,Larry Nance Jr.,Larry,1610612740,NOP,30.0,65,34,31,0.523,1380.8266666666666,107.4,248,0.184,0.281,56,0.203,37,0.333,545.0,408.0,339.0,1344.0,6.28,6.275788386499558,171,149,357,227,205,86,108,101,93,112,229,85,97,361,342,304,324,81,65,251,173,78,123,11,165,370,18,13,31,0.581,0.419,14,110,103,39,124,0.113,0.887,0.928,0.351,1626204,Larry Nance Jr.,0.26979456193353474,0.0804712990936556,2781.8,19.170984455958546,66.4167916041979,77.54010695187165,50.299297581820596,12.769485903814262,20.392156862745097,17.343088479172764,44.17670682730924,40.49586776859504,25.581395348837212,38.23958528714127,65.38534122459689,76.84107739969456,71.11320931214573,29.943502824858758,76.76056338028168,51.01118007479908,2022-23
1628374,Lauri Markkanen,Lauri,1610612762,UTA,26.0,66,32,34,0.485,2272.4866666666667,113.6,440,0.183,0.273,42,0.139,38,0.167,838.0,682.0,785.0,2508.0,6.22,6.215788714897197,162,178,403,310,58,350,26,102,102,181,421,82,240,514,513,527,503,84,66,482,338,144,87,0,69,156,20,5,25,0.8,0.2,3,35,36,20,38,0.079,0.921,0.947,0.526,1628374,Lauri Markkanen,0.2928290598290598,0.125,4670.1,19.689119170984455,22.788605697151425,44.38502673796797,26.947916346888775,26.45107794361526,46.27450980392157,38.34513705979904,29.71887550200803,28.92561983471074,0.0,22.01151714295197,56.02156605847194,46.37463598344682,51.198101020959385,57.06214689265536,23.943661971830984,42.158828678284394,2022-23
2544,LeBron James,LeBron,1610612747,LAL,38.0,55,30,25,0.545,1953.94,111.0,392,0.191,0.267,50,0.192,32,0.176,624.0,509.0,590.0,2060.0,6.83,6.828787663099604,267,207,256,195,115,200,37,85,110,138,272,108,229,400,399,440,432,58,55,223,127,96,97,8,40,87,14,19,33,0.424,0.576,7,24,30,19,31,0.226,0.774,1.0,0.633,2544,LeBron James,0.3251309904153355,0.16412140575079873,4070.5,16.580310880829018,39.58020989505248,58.28877005347596,35.057390328968964,8.955223880597014,27.450980392156865,20.052677787532925,33.734939759036145,35.53719008264463,18.6046511627907,30.583155223237753,42.890478208694205,19.607854286068648,31.249166247381424,50.282485875706215,16.19718309859155,34.944099626004615,2022-23
1630322,Lindy Waters III,Lindy,1610612760,OKC,25.0,41,20,21,0.488,530.825,104.8,59,0.103,0.152,14,0.152,11,0.324,134.0,165.0,89.0,448.0,2.8,2.8032655825695865,346,310,200,301,361,51,369,349,355,361,386,298,107,141,187,130,161,271,37,137,72,65,25,1,14,29,4,7,11,0.364,0.636,0,7,6,4,7,0.0,1.0,0.857,0.571,1630322,Lindy Waters III,0.244172131147541,0.08211065573770492,1084.3,5.699481865284974,100.0,91.44385026737972,60.140755312958916,4.39469320066335,15.294117647058824,10.934347868500634,4.819277108433735,5.785123966942149,2.3255813953488373,4.533899580640456,75.80113939731301,75.71943310871661,75.76028625301481,3.248587570621469,4.225352112676056,3.688131614546033,2022-23
1629022,Lonnie Walker IV,Lonnie,1610612747,LAL,24.0,56,27,29,0.482,1297.0366666666666,116.1,95,0.069,0.102,30,0.171,17,0.137,496.0,392.0,479.0,1442.0,2.67,2.6721596706407826,253,238,327,313,214,444,304,494,501,252,331,216,309,339,334,376,334,281,52,243,107,136,41,1,6,13,5,10,15,0.333,0.667,0,6,6,2,6,0.0,1.0,1.0,0.333,1629022,Lonnie Walker IV,0.31362619808306713,0.12406070287539937,2745.1,8.808290155440414,62.74362818590704,31.01604278074872,33.237596622430814,7.2968490878938645,43.13725490196079,28.801092576334018,11.244979919678714,19.00826446280992,2.3255813953488373,11.732279878692164,47.56730204140504,47.017301056458585,47.29230154893182,8.333333333333332,3.5211267605633805,6.167840375586854,2022-23
1629652,Luguentz Dort,Luguentz,1610612760,OKC,24.0,74,36,38,0.486,2272.3566666666666,114.1,216,0.092,0.141,75,0.208,23,0.12,704.0,787.0,555.0,2388.0,5.95,5.949228037914513,79,126,459,305,59,372,145,415,402,51,211,166,332,443,535,417,483,97,74,379,167,212,116,6,15,34,24,35,59,0.407,0.593,8,22,28,12,30,0.267,0.733,1.0,0.429,1629652,Luguentz Dort,0.3105564971751412,0.14569774011299436,4760.4,11.917098445595855,27.2863568215892,41.71122994652412,24.744871752425595,12.271973466003317,72.94117647058823,48.673495268754266,41.365461847389554,56.19834710743802,13.953488372093023,39.70397831958239,48.8151690129118,32.21328670160829,40.514227857260046,25.423728813559322,14.788732394366196,20.637980424922418,2022-23
1629029,Luka Dončić,Luka,1610612742,DAL,24.0,66,33,33,0.5,2390.471666666667,116.0,515,0.224,0.342,90,0.283,33,0.193,760.0,700.0,675.0,2496.0,4.91,4.90627228629913,162,162,385,264,36,440,14,40,33,23,72,102,199,475,519,493,501,144,65,330,173,157,191,4,6,13,30,26,56,0.536,0.464,1,24,23,14,25,0.04,0.96,0.958,0.583,1629029,Luka Dončić,0.37468713450292396,0.16128070175438597,4754.8,17.098445595854923,23.238380809595203,31.550802139037458,22.860512056459655,12.769485903814262,51.37254901960784,35.93132377329041,71.4859437751004,68.59504132231406,9.30232558139535,54.928223368198914,22.745363978684523,21.551457852443498,22.14841091556401,67.65536723163842,16.19718309859155,44.499184371767335,2022-23
1628379,Luke Kennard,Luke,1610612763,MEM,27.0,59,37,22,0.627,1315.085,109.1,143,0.104,0.156,32,0.158,5,0.036,377.0,386.0,346.0,1370.0,5.19,5.187299629833157,230,110,214,99,209,134,238,346,344,239,371,385,483,279,331,307,329,131,59,196,110,86,52,1,23,52,9,15,24,0.375,0.625,1,20,17,5,21,0.048,0.952,0.895,0.263,1628379,Luke Kennard,0.30643809523809523,0.10634285714285714,2660.6,2.5906735751295336,65.44227886056971,68.44919786096261,41.05336649649186,7.545605306799337,23.52941176470588,17.135889181543263,15.66265060240964,20.66115702479339,2.3255813953488373,14.07786054847875,50.48934441526446,59.139813010444264,54.81457871285436,15.112994350282486,13.380281690140844,14.333273653218749,2022-23
1628436,Luke Kornet,Luke,1610612738,BOS,27.0,69,45,24,0.652,804.0883333333334,107.9,111,0.125,0.181,11,0.122,46,0.554,240.0,250.0,257.0,798.0,3.58,3.576351442391705,123,35,238,73,311,101,286,247,264,383,461,65,24,201,246,256,226,223,66,366,298,68,18,0,112,280,8,4,12,0.667,0.333,18,54,67,33,72,0.25,0.75,0.944,0.465,1628436,Luke Kornet,0.30935843373493976,0.09387650602409639,1640.7,23.83419689119171,86.8815592203898,74.8663101604278,58.65880202372006,23.134328358208954,16.470588235294116,19.13608428446005,2.0080321285140563,3.3057851239669422,0.0,1.9602376447940522,49.30219489642282,67.66926364123921,58.485729268831015,10.59322033898305,37.32394366197183,22.622045834328002,2022-23
1630201,Malachi Flynn,Malachi,1610612761,TOR,25.0,53,29,24,0.547,690.7883333333333,113.4,61,0.097,0.144,21,0.164,4,0.063,177.0,183.0,202.0,700.0,1.95,1.949157969596635,277,220,238,192,333,341,364,388,386,306,352,412,449,172,197,212,205,329,44,94,48,46,43,0,2,5,6,9,15,0.4,0.6,0,6,6,1,6,0.0,1.0,1.0,0.167,1630201,Malachi Flynn,0.24626132404181186,0.0715993031358885,1377.8,2.072538860103627,90.55472263868066,45.454545454545446,43.88680483121604,2.404643449419569,7.8431372549019605,5.667739732709004,12.048192771084338,11.570247933884298,0.0,8.86886388529324,74.95185965050251,82.91127795777969,78.93156880414111,3.531073446327684,3.5211267605633805,3.5265974377337477,2022-23
1631103,Malaki Branham,Malaki,1610612759,SAS,20.0,66,15,51,0.227,1549.5966666666666,119.4,153,0.098,0.147,33,0.15,7,0.058,578.0,498.0,487.0,1832.0,1.71,1.7061440067353786,162,369,527,497,178,512,222,376,374,231,390,345,454,375,393,384,389,352,65,192,98,94,50,0,7,16,10,15,25,0.4,0.6,1,2,3,1,3,0.333,0.667,1.0,0.333,1631103,Malaki Branham,0.30218617021276595,0.11555851063829788,3267.5,3.6269430051813467,48.125937031484256,13.36898395721925,21.637101152396838,6.550580431177446,26.666666666666668,18.620232172470978,14.859437751004014,21.487603305785125,0.0,13.4644362574264,52.2177984124379,52.83448270400184,52.52614055821987,16.52542372881356,0.7042253521126761,9.405884459298163,2022-23
1627763,Malcolm Brogdon,Malcolm,1610612738,BOS,30.0,67,46,21,0.687,1743.815,109.3,238,0.132,0.192,45,0.194,18,0.096,579.0,468.0,468.0,1744.0,6.96,6.959816968581907,145,32,200,42,153,140,121,226,233,159,260,207,377,377,375,371,379,50,67,257,145,112,75,0,8,19,17,24,41,0.415,0.585,3,20,22,7,23,0.13,0.87,0.957,0.304,1627763,Malcolm Brogdon,0.30408620689655175,0.11283045977011494,3520.7,9.32642487046632,51.424287856071956,67.37967914438507,38.57399048390798,10.44776119402985,33.72549019607843,24.414398595258998,24.899598393574294,31.40495867768595,0.0,20.951574894619803,51.445412732704185,54.7010092422642,53.07321098748419,28.53107344632768,13.380281690140844,21.713217156043605,2022-23
1627736,Malik Beasley,Malik,1610612747,LAL,26.0,81,45,36,0.556,2093.085,114.6,248,0.116,0.172,65,0.223,9,0.045,808.0,631.0,770.0,2446.0,5.11,5.111203575776462,11,35,441,172,92,389,108,291,289,82,164,321,472,499,488,526,491,135,79,209,100,109,98,1,30,71,11,19,30,0.367,0.633,1,23,22,8,24,0.042,0.958,0.917,0.333,1627736,Malik Beasley,0.35579154929577467,0.13083098591549297,4325.2,4.66321243523316,25.112443778110944,39.03743315508027,20.41399858520216,6.7164179104477615,32.549019607843135,22.215978928884986,34.13654618473896,47.93388429752066,2.3255813953488373,31.012873326865027,30.4266258978547,42.38508795762465,36.40585692773968,29.943502824858758,15.492957746478872,23.44075753958781,2022-23
1628370,Malik Monk,Malik,1610612758,SAC,25.0,77,47,30,0.61,1719.235,112.7,171,0.097,0.147,49,0.201,20,0.143,615.0,466.0,369.0,1884.0,5.23,5.231289840147046,46,22,342,110,157,298,196,382,376,144,232,191,292,395,373,322,395,128,76,230,128,102,92,1,25,53,19,9,28,0.679,0.321,0,10,10,3,10,0.0,1.0,1.0,0.3,1628370,Malik Monk,0.31921957671957674,0.1107989417989418,3579.0,10.362694300518134,46.17691154422789,49.19786096256685,32.60646200132873,9.038142620232174,29.80392156862745,21.497609989269343,31.72690763052209,34.710743801652896,2.3255813953488373,25.420918731624557,45.2935324889349,56.090969470050275,50.692250979492584,19.06779661016949,6.338028169014084,13.33940081164956,2022-23
1630699,MarJon Beauchamp,MarJon,1610612749,MIL,22.0,52,34,18,0.654,701.3816666666667,112.9,77,0.103,0.149,21,0.196,7,0.14,279.0,242.0,202.0,756.0,2.08,2.0790659822935407,283,149,165,71,330,306,337,350,366,306,249,345,304,227,242,212,215,321,43,103,58,45,31,0,5,11,9,4,13,0.692,0.308,0,8,8,3,8,0.0,1.0,1.0,0.375,1630699,MarJon Beauchamp,0.21523693379790942,0.07084668989547038,1467.0,3.6269430051813467,88.45577211394303,48.128342245989295,44.44238300344992,3.233830845771144,7.450980392156863,5.764120573602575,7.228915662650602,11.570247933884298,0.0,6.941153041919746,87.56361338733822,83.42621431863418,85.4949138529862,5.790960451977401,4.929577464788732,5.403338107742501,2022-23
202694,Marcus Morris Sr.,Marcus,1610612746,LAC,33.0,65,35,30,0.538,1825.1133333333332,113.9,229,0.127,0.178,42,0.166,21,0.158,665.0,412.0,501.0,1900.0,4.77,4.767708626865469,171,137,342,207,140,367,136,244,275,181,345,178,265,426,348,386,398,152,65,203,125,78,72,0,29,68,7,22,29,0.241,0.759,6,35,37,20,41,0.146,0.854,0.949,0.513,202694,Marcus Morris Sr.,0.319,0.14221766561514196,3647.1,10.880829015544041,45.57721139430285,42.7807486631016,30.99954275999901,8.7893864013267,20.392156862745097,15.751048678177739,23.694779116465863,28.92561983471074,0.0,19.601878588735104,45.38279282545959,34.59434619031867,39.988569507889125,27.25988700564972,23.943661971830984,25.767585740431294,2022-23
203935,Marcus Smart,Marcus,1610612738,BOS,29.0,61,43,18,0.705,1956.76,111.7,145,0.073,0.104,93,0.336,23,0.115,592.0,496.0,507.0,1962.0,6.49,6.492650082889355,214,53,165,29,113,248,235,484,495,17,33,166,341,381,392,389,407,72,61,253,116,137,157,11,49,113,19,27,46,0.413,0.587,2,60,55,11,62,0.032,0.968,0.965,0.193,203935,Marcus Smart,0.31368098159509206,0.1493006134969325,4012.6,11.917098445595855,43.25337331334333,54.545454545454554,33.54188367427214,8.043117744610282,43.529411764705884,29.33489415666764,57.831325301204814,71.07438016528926,25.581395348837212,54.40391201554247,47.545031944972344,29.748208479075412,38.646620212023876,15.3954802259887,41.54929577464789,27.164697222885337,2022-23
1631109,Mark Williams,Mark,1610612766,CHA,21.0,43,18,25,0.419,827.975,110.3,211,0.232,0.339,28,0.212,45,0.489,266.0,231.0,235.0,912.0,3.07,3.072017717891484,327,339,256,390,299,172,149,32,35,264,195,68,44,214,230,242,249,253,41,289,206,83,50,0,118,261,7,15,22,0.318,0.682,9,42,48,31,51,0.176,0.824,0.96,0.62,1631109,Mark Williams,0.29086666666666666,0.10246666666666666,1713.7,23.316062176165804,82.6086956521739,62.03208556149736,53.747489739101525,15.50580431177446,22.35294117647059,19.61408643059214,14.859437751004014,17.355371900826448,0.0,12.018155265690861,56.81930032832811,61.791894199820455,59.30559726407428,24.717514124293785,28.87323943661972,26.587590514840457,2022-23
1628365,Markelle Fultz,Markelle,1610612753,ORL,25.0,60,29,31,0.483,1777.9416666666666,114.0,165,0.095,0.136,87,0.285,26,0.186,642.0,514.0,483.0,1848.0,4.71,4.714973081904214,222,220,357,312,149,371,206,397,423,28,69,144,208,410,402,380,391,158,60,239,123,116,136,0,26,57,22,30,52,0.423,0.577,0,10,10,4,10,0.0,1.0,1.0,0.4,1628365,Markelle Fultz,0.3208996960486322,0.10672948328267476,3641.1,13.471502590673575,47.52623688155922,42.24598930481286,32.58428127101837,8.623548922056385,35.294117647058826,24.625890157057846,49.39759036144578,66.11570247933885,0.0,42.89953201234691,44.61054561763902,58.87528423688947,51.742914927264245,18.220338983050848,6.338028169014084,12.873299116734305,2022-23
1628963,Marvin Bagley III,Marvin,1610612765,DET,24.0,42,7,35,0.167,990.455,117.9,175,0.179,0.267,19,0.15,30,0.326,356.0,289.0,281.0,1068.0,1.51,1.5103912183633383,335,442,420,517,266,489,187,107,111,320,395,118,106,266,274,269,277,366,42,296,195,101,39,2,92,217,14,5,19,0.737,0.263,9,28,34,19,37,0.243,0.757,0.944,0.528,1628963,Marvin Bagley III,0.30463732394366194,0.13120070422535213,2005.5,15.544041450777202,76.7616191904048,21.3903743315508,38.43177687984026,14.593698175787729,29.411764705882355,23.484538093844506,10.441767068273093,9.917355371900827,4.651162790697675,8.810571905148946,51.221377629236144,42.132127484972884,46.676752557104514,19.63276836158192,19.014084507042252,19.35436062703907,2022-23
203486,Mason Plumlee,Mason,1610612746,LAC,33.0,79,28,51,0.354,2052.945,117.4,471,0.238,0.35,46,0.14,47,0.28,760.0,613.0,543.0,2276.0,3.49,3.4882562013657035,27,230,527,436,97,484,19,29,28,155,418,62,131,475,473,411,463,233,79,472,365,107,118,1,293,654,33,14,47,0.702,0.298,42,78,106,76,120,0.35,0.65,0.955,0.685,203486,Mason Plumlee,0.3664940119760479,0.14295209580838325,4238.6,24.352331606217618,31.484257871064468,24.064171122994647,26.776465678108273,28.689883913764515,31.76470588235294,30.534777094917565,42.168674698795186,32.231404958677686,2.3255813953488373,28.729856963892473,26.075957838300834,34.09185063124608,30.083904234773456,61.440677966101696,54.22535211267606,58.19378133206017,2022-23
1629680,Matisse Thybulle,Matisse,1610612757,POR,26.0,71,38,33,0.535,1200.4383333333333,110.3,100,0.085,0.129,83,0.356,32,0.227,429.0,342.0,355.0,1316.0,4.5,4.501556953556955,109,95,385,214,230,175,298,447,441,32,26,108,172,309,300,313,315,169,64,134,66,68,152,2,18,44,6,13,19,0.316,0.684,2,7,9,4,9,0.222,0.778,1.0,0.444,1629680,Matisse Thybulle,0.23346451612903224,0.08949677419354839,2471.0,16.580310880829018,67.46626686656671,62.03208556149736,45.75333914600429,3.897180762852405,16.470588235294116,11.441225246317432,55.82329317269076,62.8099173553719,4.651162790697675,45.47557904113089,80.15390193867567,70.66586674257186,75.40988434062376,9.03954802259887,4.225352112676056,6.873159863133604,2022-23
1631108,Max Christie,Max,1610612747,LAL,20.0,41,19,22,0.463,512.425,113.2,68,0.126,0.187,9,0.129,7,0.146,183.0,170.0,136.0,540.0,1.48,1.4788838446100867,346,324,214,345,365,328,352,246,251,399,449,345,287,173,189,169,176,370,34,127,69,58,19,0,1,2,2,2,4,0.5,0.5,0,2,2,2,2,0.0,1.0,1.0,1.0,1631108,Max Christie,0.20661572052401747,0.08479039301310044,1065.1,3.6269430051813467,96.55172413793103,46.524064171123,46.874896693129145,4.1459369817578775,12.549019607843137,9.187786557409034,2.4096385542168677,1.6528925619834711,0.0,1.542367818380962,91.0682308147326,73.88596262675739,82.477096720745,4.519774011299435,0.7042253521126761,2.8027771146653935,2022-23
1629622,Max Strus,Max,1610612748,MIA,27.0,80,42,38,0.525,2271.9783333333335,113.1,209,0.097,0.144,42,0.116,12,0.088,781.0,545.0,586.0,2148.0,6.56,6.561453216988929,15,60,459,225,60,317,150,383,387,181,471,278,395,484,425,437,445,70,79,383,157,226,88,9,34,74,10,18,28,0.357,0.643,2,35,34,9,37,0.054,0.946,0.944,0.25,1629622,Max Strus,0.36881266490765174,0.18913720316622692,4482.6,6.217616580310881,36.28185907046477,47.05882352941182,26.950403189139976,11.442786069651742,78.43137254901961,51.63593795727247,30.120481927710845,28.92561983471074,20.930232558139537,27.40471785276798,25.133400078271144,2.4920994824229976,13.81274978034707,24.43502824858757,23.943661971830984,24.213913424047107,2022-23
1629008,Michael Porter Jr.,Michael,1610612743,DEN,25.0,62,41,21,0.661,1797.8933333333334,112.2,277,0.151,0.218,37,0.133,29,0.188,616.0,533.0,560.0,2026.0,5.68,5.6831677044112885,203,65,200,66,145,269,86,168,182,208,437,126,204,396,415,422,422,109,62,226,136,90,80,0,14,33,12,16,28,0.429,0.571,7,6,12,9,13,0.538,0.462,0.923,0.692,1629008,Michael Porter Jr.,0.29064080459770114,0.10689942528735633,3657.9,15.025906735751295,40.85457271364318,51.871657754010705,33.2773775825783,9.701492537313433,25.098039215686274,18.93942054433714,26.907630522088354,24.793388429752067,0.0,19.440738159248564,56.91111572807945,58.759010282689005,57.83506300538423,34.03954802259887,3.5211267605633805,20.3062584546829,2022-23
1628969,Mikal Bridges,Mikal,1610612751,BKN,26.0,83,42,41,0.506,2963.1766666666667,113.2,285,0.094,0.143,91,0.206,61,0.196,960.0,869.0,789.0,3086.0,8.42,8.419591699490155,1,60,487,263,1,327,77,400,393,20,219,37,195,534,539,528,538,20,82,442,263,179,165,0,21,47,28,25,53,0.528,0.472,0,18,17,5,18,0.0,1.0,0.944,0.278,1628969,Mikal Bridges,0.33905769230769234,0.16753296703296702,5950.3,31.606217616580313,1.1244377811094453,46.524064171123,24.667056312801183,20.23217247097844,60.0,44.09286898839137,61.044176706827315,69.42148760330579,0.0,48.71519134388795,37.22912166785941,17.27367139221489,27.251396530037148,35.16949152542373,11.971830985915492,24.730544282645024,2022-23
201144,Mike Conley,Mike,1610612750,MIN,35.0,67,34,33,0.507,2028.055,116.1,149,0.075,0.111,73,0.258,14,0.074,660.0,580.0,685.0,2306.0,4.05,4.053728839976822,145,149,385,257,100,441,232,480,486,57,103,248,422,421,446,499,467,199,67,212,128,84,118,4,26,64,19,19,38,0.5,0.5,0,7,7,3,7,0.0,1.0,1.0,0.429,201144,Mike Conley,0.34016451612903226,0.13506129032258066,4110.2,7.253886010362693,30.359820089955026,31.01604278074872,21.281502130816516,9.038142620232174,22.745098039215687,17.26231587162228,42.168674698795186,54.54545454545454,9.30232558139535,38.283960365776,36.779185686682595,39.490722778130525,38.13495423240656,15.96045197740113,4.225352112676056,10.679657038274849,2022-23
203488,Mike Muscala,Mike,1610612738,BOS,31.0,63,32,31,0.508,945.09,107.6,166,0.161,0.246,15,0.111,24,0.276,267.0,295.0,202.0,978.0,4.39,4.389368205357352,189,178,357,255,279,93,204,139,131,351,476,160,133,217,276,212,257,179,61,313,219,94,32,0,55,121,11,6,17,0.647,0.353,8,55,57,31,63,0.127,0.873,0.966,0.525,203488,Mike Muscala,0.29471974522292993,0.10036942675159236,1962.3,12.435233160621761,80.13493253373314,76.47058823529417,52.138966709878844,16.58374792703151,26.666666666666668,22.633499170812605,7.630522088353414,6.6115702479338845,0.0,5.366258422118225,55.252981780300395,63.22682124031096,59.23990151030568,18.361581920903955,38.028169014084504,27.211546112835205,2022-23
1630540,Miles McBride,Miles,1610612752,NYK,22.0,64,36,28,0.563,760.2466666666667,107.3,37,0.047,0.069,37,0.352,8,0.151,221.0,187.0,142.0,648.0,3.51,3.507310854527396,181,126,312,164,322,82,403,523,523,208,27,333,276,193,199,171,197,229,58,149,80,69,57,2,6,15,10,7,17,0.588,0.412,0,9,9,1,9,0.0,1.0,1.0,0.111,1630540,Miles McBride,0.24095286195286197,0.10339393939393939,1521.0,4.145077720207254,92.50374812593704,78.07486631016046,53.55305950970097,5.05804311774461,16.862745098039216,12.140864305921372,17.670682730923694,24.793388429752067,4.651162790697675,16.908749740457118,77.10980751219572,61.15745619360605,69.13363185290089,0.14124293785310735,5.633802816901409,2.612894883424843,2022-23
1629011,Mitchell Robinson,Mitchell,1610612752,NYK,25.0,59,35,24,0.593,1588.8283333333334,112.6,288,0.178,0.261,56,0.272,109,0.641,490.0,462.0,447.0,1536.0,4.77,4.774020112919699,230,137,238,125,171,296,72,110,114,112,87,9,9,335,369,362,351,152,59,521,400,121,106,0,153,338,21,13,34,0.618,0.382,76,108,168,116,184,0.413,0.587,0.939,0.648,1629011,Mitchell Robinson,0.279652027027027,0.0990945945945946,3137.7,56.476683937823836,59.220389805097454,49.732620320855666,55.75096508712756,31.592039800995025,37.254901960784316,34.9897570968686,37.34939759036144,40.49586776859504,0.0,29.11331275515284,61.37817392005935,64.09905866103452,62.738616290546936,35.59322033898305,75.35211267605634,53.48472189066604,2022-23
1628964,Mo Bamba,Mo,1610612747,LAL,25.0,49,25,24,0.51,768.4283333333333,111.5,167,0.198,0.297,13,0.149,43,0.467,271.0,203.0,247.0,716.0,2.51,2.512550089434558,299,262,238,254,320,226,202,74,67,372,397,72,50,222,208,247,206,296,47,251,162,89,24,0,99,220,11,5,16,0.688,0.313,10,34,41,28,44,0.227,0.773,0.976,0.667,1628964,Mo Bamba,0.2937761194029851,0.11318283582089551,1540.9,22.279792746113987,89.95502248875562,55.61497326203211,54.29991828501808,11.85737976782753,24.705882352941178,19.56648131889572,4.417670682730924,4.958677685950414,0.0,3.502605463175014,55.63657599012384,54.45991430598534,55.04824514805459,18.502824858757062,23.239436619718308,20.634300151189624,2022-23
1628420,Monte Morris,Monte,1610612764,WAS,28.0,62,28,34,0.452,1696.0866666666666,117.3,184,0.106,0.153,43,0.213,13,0.076,538.0,536.0,514.0,1892.0,2.86,2.8602185278347934,203,230,403,359,161,482,178,338,354,172,192,262,419,357,420,394,396,268,61,160,67,93,82,5,15,34,16,18,34,0.471,0.529,0,20,19,2,20,0.0,1.0,0.95,0.1,1628420,Monte Morris,0.3029206349206349,0.11883492063492064,3448.5,6.7357512953367875,45.87706146926537,24.598930481283464,24.901004652698457,3.9800995024875623,26.27450980392157,17.356745683347967,27.710843373493976,29.75206611570248,11.627906976744185,24.404537234079505,51.9192304808454,50.59277002912131,51.256000254983356,20.903954802259886,13.380281690140844,17.518301901806318,2022-23
1626149,Montrezl Harrell,Montrezl,1610612755,PHI,29.0,57,35,22,0.614,681.075,109.6,92,0.133,0.2,17,0.16,25,0.362,239.0,187.0,215.0,728.0,2.74,2.7431025550702977,246,137,214,108,338,148,312,224,222,331,365,154,85,199,199,219,207,276,56,225,169,56,34,12,83,191,7,3,10,0.7,0.3,9,44,51,26,53,0.17,0.83,0.962,0.491,1626149,Montrezl Harrell,0.26854671280276815,0.09602076124567474,1383.7,12.953367875647666,89.50524737631184,65.77540106951876,52.952033999347904,12.437810945273633,11.76470588235294,12.033947907521217,8.433734939759036,8.264462809917356,27.906976744186046,13.242800145421201,65.89260553549,66.2021688291291,66.04738718230956,7.909604519774012,30.28169014084507,17.977043049255986,2022-23
1629021,Moritz Wagner,Moritz,1610612753,ORL,26.0,57,27,30,0.474,1109.4666666666667,110.6,190,0.172,0.254,37,0.2,13,0.13,446.0,318.0,342.0,1082.0,4.09,4.092605967256672,246,238,342,325,248,182,168,126,121,208,234,262,318,316,288,305,280,196,57,237,156,81,71,17,146,316,9,13,22,0.409,0.591,19,49,58,37,68,0.279,0.721,0.967,0.617,1629021,Moritz Wagner,0.32394099378881985,0.11839130434782609,2280.6,6.7357512953367875,76.2368815592204,60.42780748663107,44.48416093551962,11.359867330016584,21.568627450980394,17.48512340259487,23.293172690763054,24.793388429752067,39.53488372093023,27.878675956951,43.374224844270074,50.896291338904994,47.13525809158753,21.75141242937853,33.80281690140845,27.174544441791994,2022-23
1630541,Moses Moody,Moses,1610612744,GSW,21.0,63,37,26,0.587,817.1466666666666,111.3,77,0.091,0.135,18,0.164,7,0.123,363.0,230.0,219.0,826.0,2.81,2.8118069988983208,189,110,273,132,302,209,337,423,426,327,354,345,325,272,229,226,230,270,59,159,94,65,32,3,11,30,9,7,16,0.563,0.438,2,13,14,8,15,0.133,0.867,1.0,0.571,1630541,Moses Moody,0.23323546511627907,0.06792441860465116,1701.8,3.6269430051813467,85.83208395802099,56.684491978609664,45.6631295820323,6.218905472636816,15.294117647058824,11.66403277729002,7.630522088353414,9.090909090909092,6.976744186046512,7.978213063671175,80.24701367893248,85.42562605245911,82.8363198656958,5.790960451977401,8.450704225352112,6.987845149996021,2022-23
1626167,Myles Turner,Myles,1610612754,IND,27.0,62,29,33,0.468,1825.21,116.3,378,0.205,0.315,36,0.124,140,0.619,607.0,603.0,521.0,1954.0,3.57,3.5715702373505622,203,220,385,337,139,450,41,64,54,218,458,5,11,389,458,401,405,224,62,667,560,107,80,0,216,488,17,9,26,0.654,0.346,19,75,88,45,94,0.202,0.798,0.989,0.506,1626167,Myles Turner,0.30368307692307694,0.12480000000000001,3745.2,72.53886010362694,43.553223388305845,29.946524064171165,51.745803243400616,44.859038142620236,31.76470588235294,37.002438786459855,26.907630522088354,23.96694214876033,0.0,19.151481960901457,51.609289473211625,46.51147555341463,49.06038251331313,48.30508474576271,52.112676056338024,50.01850083552161,2022-23
1630230,Naji Marshall,Naji,1610612740,NOP,25.0,77,40,37,0.519,1792.0366666666666,111.4,231,0.132,0.195,54,0.178,14,0.101,630.0,481.0,550.0,1892.0,6.12,6.1199814243094055,46,74,450,236,146,220,130,225,229,121,313,248,362,405,384,413,396,87,77,251,131,120,110,1,15,33,11,11,22,0.5,0.5,3,29,32,8,32,0.094,0.906,1.0,0.25,1630230,Naji Marshall,0.300254593175853,0.13416272965879264,3648.9,7.253886010362693,45.87706146926537,56.14973262032085,32.99595907346817,9.286898839137644,36.86274509803922,25.83240659447859,38.95582329317269,38.84297520661157,2.3255813953488373,29.758765988420336,53.00300559046006,40.105516052244255,46.55426082135216,27.54237288135593,19.718309859154928,24.02154452136548,2022-23
1629642,Nassir Little,Nassir,1610612757,POR,23.0,54,22,32,0.407,976.0566666666666,119.9,114,0.122,0.19,20,0.164,20,0.26,392.0,258.0,312.0,1070.0,0.92,0.921782052175605,270,290,377,405,269,516,281,263,238,311,353,191,147,288,253,295,278,407,52,190,105,85,28,1,7,17,7,10,17,0.412,0.588,2,19,18,8,21,0.095,0.905,0.947,0.421,1629642,Nassir Little,0.3271167192429022,0.1105173501577287,1979.0,10.362694300518134,76.68665667166417,10.6951871657754,33.65920434673356,7.131011608623548,23.137254901960784,16.73475758462589,6.024096385542169,10.743801652892563,2.3255813953488373,6.7513644815664735,42.08325773588157,56.28363386550094,49.18344580069125,11.016949152542372,12.676056338028168,11.76354738601098,2022-23
1629675,Naz Reid,Naz,1610612750,MIN,23.0,68,32,36,0.471,1250.9083333333333,113.3,260,0.205,0.321,42,0.189,53,0.358,469.0,369.0,379.0,1338.0,3.61,3.612665715896147,133,178,441,330,220,336,100,63,45,181,277,47,87,323,325,326,322,220,67,400,287,113,89,5,116,272,11,11,22,0.5,0.5,6,51,53,29,57,0.105,0.895,0.981,0.537,1629675,Naz Reid,0.3257893258426966,0.11058146067415729,2630.1,27.461139896373055,66.64167916041978,45.98930481283426,45.80636986790471,22.22222222222222,34.11764705882353,29.359477124183005,30.522088353413658,28.92561983471074,11.627906976744185,25.23977902770027,42.62285766173617,56.23976958800843,49.4313136248723,31.63841807909605,35.2112676056338,33.24620036603804,2022-23
1629651,Nic Claxton,Nic,1610612751,BKN,24.0,76,41,35,0.539,2270.6566666666668,111.3,518,0.213,0.331,65,0.193,189,0.568,750.0,740.0,607.0,2328.0,7.68,7.682720722393882,55,65,420,206,61,219,12,54,40,82,265,2,21,469,531,451,470,40,76,919,700,219,173,0,276,632,18,18,36,0.5,0.5,15,94,88,51,109,0.138,0.862,0.936,0.543,1629651,Nic Claxton,0.3332449567723343,0.14217291066282423,4576.3,97.92746113989638,29.535232383808097,56.684491978609664,63.679438784943805,56.46766169154229,75.68627450980392,67.99882938249928,64.2570281124498,47.93388429752066,0.0,42.47967074911216,39.592062197325504,34.62496743246411,37.108514814894804,68.07909604519774,65.49295774647888,66.91533381077426,2022-23
1630208,Nick Richards,Nick,1610612766,CHA,25.0,65,21,44,0.323,1217.675,112.0,269,0.21,0.316,11,0.058,71,0.458,444.0,377.0,297.0,1324.0,3.88,3.876684345876845,171,303,504,452,226,263,92,56,51,383,511,28,53,315,329,285,317,207,65,416,346,70,37,2,189,416,7,4,11,0.636,0.364,32,55,79,61,87,0.368,0.632,0.952,0.735,1630208,Nick Richards,0.33779656160458454,0.09904297994269341,2512.4,36.787564766839374,67.1664167916042,52.94117647058826,51.45856590144428,27.114427860696516,17.254901960784313,21.198712320749195,9.63855421686747,3.3057851239669422,4.651162790697675,6.175237177809837,37.741785083079435,64.1343732948855,50.93807918898247,32.909604519774014,38.028169014084504,35.21295854221374,2022-23
1629638,Nickeil Alexander-Walker,Nickeil,1610612750,MIN,24.0,59,29,30,0.492,883.885,111.8,86,0.095,0.143,32,0.246,21,0.176,304.0,243.0,258.0,938.0,2.91,2.9120296373412646,230,220,342,297,289,253,320,399,391,239,123,178,227,237,243,257,252,264,55,120,81,39,77,3,12,29,7,10,17,0.412,0.588,0,10,8,2,10,0.0,1.0,0.889,0.222,1629638,Nickeil Alexander-Walker,0.26759440559440556,0.0902902097902098,1823.8,10.880829015544041,81.63418290854572,54.010695187165815,46.426969421000074,5.140961857379768,5.098039215686274,5.115208272363672,25.702811244979916,20.66115702479339,6.976744186046512,19.256715503181283,66.27972882459456,70.12299981335036,68.20136431897245,7.062146892655368,6.338028169014084,6.73629346701679,2022-23
201587,Nicolas Batum,Nicolas,1610612746,LAC,34.0,78,44,34,0.564,1709.57,110.0,237,0.135,0.204,54,0.195,44,0.265,643.0,529.0,516.0,1854.0,6.6,6.60341639162524,38,40,403,163,159,155,124,217,211,121,256,70,142,412,414,396,392,68,77,372,218,154,120,2,56,132,9,17,26,0.346,0.654,3,30,30,14,33,0.091,0.909,0.938,0.438,201587,Nicolas Batum,0.31386629526462395,0.1186100278551532,3477.7,22.797927461139896,47.301349325337334,63.636363636363654,41.58373415741494,16.500829187396352,50.19607843137255,36.71797873378207,42.971887550200805,38.84297520661157,4.651162790697675,31.94658704006879,47.469699912792755,50.746641185482524,49.10817054913764,28.389830508474578,20.422535211267608,24.80454762473144,2022-23
203999,Nikola Jokić,Nikola,1610612743,DEN,28.0,69,48,21,0.696,2323.0066666666667,111.6,650,0.283,0.404,87,0.227,47,0.236,820.0,607.0,667.0,2534.0,7.75,7.750354599874769,123,16,200,36,47,235,3,8,6,28,151,62,167,505,466,487,508,39,69,586,447,139,218,4,280,643,30,20,50,0.6,0.4,28,98,122,89,126,0.222,0.778,1.0,0.73,203999,Nikola Jokić,0.38533608815427,0.16291735537190083,4734.3,24.352331606217618,21.81409295352324,55.08021390374337,31.145918652156023,35.48922056384743,44.31372549019608,40.78392351965662,82.32931726907631,66.11570247933885,9.30232558139535,58.39780417074796,18.416447924253777,20.4316629664085,19.42405544533114,86.7231638418079,68.30985915492957,78.43717673271266,2022-23
202696,Nikola Vučević,Nikola,1610612741,CHI,32.0,82,40,42,0.488,2746.355,112.8,744,0.274,0.385,60,0.149,57,0.243,887.0,612.0,768.0,2646.0,8.1,8.097974234423555,2,74,493,301,4,303,1,11,12,98,398,45,161,525,472,525,522,28,82,672,489,183,164,1,343,741,21,20,41,0.512,0.488,22,134,142,100,156,0.141,0.859,0.979,0.69,202696,Nikola Vučević,0.4053397260273973,0.13873150684931507,5549.9,29.533678756476682,17.616191904047977,48.66310160427811,30.144914070076993,38.97180762852405,61.568627450980394,52.52989952199785,60.6425702811245,43.80165289256198,2.3255813953488373,40.169001973683706,10.284750485129884,36.97956852209504,23.632159503612463,100.0,93.66197183098592,97.14788732394368,2022-23
1626181,Norman Powell,Norman,1610612746,LAC,30.0,60,31,29,0.517,1567.135,113.0,151,0.093,0.142,50,0.214,18,0.111,635.0,473.0,511.0,1676.0,4.67,4.666017535892257,222,191,327,246,176,313,226,409,399,138,189,207,346,406,378,392,368,160,60,204,110,94,88,0,12,27,10,16,26,0.385,0.615,0,15,15,3,15,0.0,1.0,1.0,0.2,1626181,Norman Powell,0.2820922619047619,0.14241666666666666,3212.3,9.32642487046632,53.973013493253376,47.593582887700556,34.519520392750344,7.545605306799337,26.666666666666668,19.018242122719734,30.120481927710845,35.53719008264463,0.0,24.486209300009957,60.38619177001281,34.45819009874975,47.42219093438128,16.242937853107346,9.859154929577464,13.370235537518901,2022-23
1628384,OG Anunoby,OG,1610612761,TOR,25.0,67,33,34,0.493,2385.6516666666666,111.4,237,0.11,0.159,128,0.26,50,0.193,767.0,521.0,724.0,2452.0,8.07,8.071442474799188,145,162,403,292,37,221,124,311,336,1,100,56,198,479,410,514,493,30,67,434,269,165,241,9,23,54,28,30,58,0.483,0.517,6,41,43,15,47,0.128,0.872,0.977,0.341,1628384,OG Anunoby,0.295024024024024,0.1393063063063063,4776.7,25.906735751295333,24.887556221889056,56.14973262032085,33.110772133259516,20.729684908789388,54.509803921568626,40.99775631645693,91.56626506024097,100.0,20.930232558139537,76.85906416363127,55.129289121828485,36.58629196953297,45.85779054568073,28.389830508474578,28.169014084507044,28.29046311768919,2022-23
1630167,Obi Toppin,Obi,1610612752,NYK,25.0,67,37,30,0.552,1050.5083333333334,110.4,158,0.139,0.205,23,0.146,12,0.117,357.0,275.0,263.0,1016.0,3.95,3.954681391293649,145,110,342,181,257,180,216,205,206,296,401,278,338,267,265,259,268,203,64,168,86,82,41,0,17,39,8,11,19,0.421,0.579,2,20,20,9,22,0.091,0.909,0.909,0.409,1630167,Obi Toppin,0.23947706422018347,0.10474311926605503,2161.2,6.217616580310881,78.71064467766116,61.497326203208544,45.41010382010789,5.555555555555555,21.96078431372549,15.398692810457515,11.244979919678714,13.223140495867769,0.0,9.126091141425205,77.70973542128911,60.234350226058375,68.97204282367375,17.231638418079097,13.380281690140844,15.498527890506884,2022-23
1630534,Ochai Agbaji,Ochai,1610612762,UTA,23.0,59,29,30,0.492,1209.2066666666667,114.6,78,0.058,0.085,16,0.12,15,0.099,495.0,381.0,425.0,1278.0,3.05,3.0522891302561845,230,220,342,297,228,386,332,518,521,338,463,238,369,337,330,349,308,255,54,243,119,124,50,1,18,45,9,12,21,0.429,0.571,0,12,11,3,12,0.0,1.0,1.0,0.273,1630534,Ochai Agbaji,0.2466548387096774,0.09093548387096774,2550.3,7.772020725388601,68.89055472263868,39.03743315508027,36.979860731849044,8.291873963515755,38.43137254901961,26.37557311481807,14.859437751004014,7.43801652892562,2.3255813953488373,9.12847623436278,74.79189163682244,69.68150467473889,72.23669815578066,5.932203389830509,7.746478873239436,6.748627357364526,2022-23
1630168,Onyeka Okongwu,Onyeka,1610612737,ATL,22.0,80,41,39,0.513,1848.555,112.4,359,0.19,0.281,56,0.194,107,0.522,609.0,558.0,579.0,2010.0,5.68,5.67623377077922,15,65,472,251,135,279,45,87,91,112,257,10,31,392,434,432,416,109,80,649,519,130,100,1,323,711,23,16,39,0.59,0.41,48,93,107,68,141,0.34,0.66,0.93,0.591,1630168,Onyeka Okongwu,0.34436756756756753,0.12183513513513514,3830.3,55.44041450777202,41.454272863568214,50.80213903743315,49.38569606471597,41.459369817578775,40.78431372549019,41.054336162325626,34.93975903614458,40.49586776859504,2.3255813953488373,28.730852682303304,35.07059933673884,48.54002971901857,41.80531452787871,45.62146892655367,64.7887323943662,54.24673748706931,2022-23
1629052,Oshae Brissett,Oshae,1610612754,IND,25.0,65,27,38,0.415,1083.1766666666667,111.8,156,0.144,0.228,33,0.178,13,0.109,412.0,355.0,348.0,1198.0,3.54,3.535122567824919,171,238,459,395,255,250,218,193,156,231,310,262,351,298,315,308,294,227,61,132,76,56,66,4,18,42,13,17,30,0.433,0.567,6,22,24,13,28,0.214,0.786,0.96,0.52,1629052,Oshae Brissett,0.27894767441860463,0.08982558139534884,2217.3,6.7357512953367875,71.88905547226386,54.010695187165815,41.358143730218515,4.72636815920398,11.76470588235294,8.949370793093355,21.285140562248998,21.487603305785125,9.30232558139535,18.360298777273233,61.664500954095644,70.4408975620884,66.05269925809202,16.94915254237288,14.788732394366196,15.976963475769873,2022-23
200782,P.J. Tucker,P.J.,1610612755,PHI,38.0,75,48,27,0.64,1920.055,113.3,200,0.108,0.157,39,0.14,15,0.093,599.0,488.0,681.0,1932.0,5.37,5.368806065563879,70,16,291,87,124,333,157,326,342,199,419,238,382,385,388,496,401,121,74,320,168,152,89,5,71,177,18,19,37,0.486,0.514,18,63,78,39,81,0.222,0.778,0.963,0.481,200782,P.J. Tucker,0.303159509202454,0.14274539877300613,3774.2,7.772020725388601,44.377811094452774,45.98930481283426,30.138368376422477,12.354892205638475,49.411764705882355,34.5890157057848,30.522088353413658,26.446280991735538,11.627906976744185,24.372010432658946,51.82212547434305,34.23327229841922,43.02769888638114,23.163841807909606,43.66197183098591,32.38800031829395,2022-23
1629023,P.J. Washington,P.J.,1610612766,CHA,24.0,73,24,49,0.329,2379.5633333333335,114.8,285,0.118,0.175,66,0.176,79,0.311,780.0,701.0,571.0,2620.0,5.82,5.820070713808655,92,271,523,449,40,391,77,278,284,75,320,21,113,483,520,425,520,103,73,521,296,225,137,0,68,159,23,19,42,0.548,0.452,3,38,34,14,41,0.073,0.927,1.0,0.412,1629023,P.J. Washington,0.33244350282485874,0.13889830508474577,4960.9,40.932642487046635,18.590704647676162,37.96791443850272,32.37178223113099,22.968490878938642,78.03921568627452,56.01092576334017,49.79919678714859,48.760330578512395,0.0,36.985794417338774,39.91786198702364,36.865445528056405,38.39165375754003,35.16949152542373,26.056338028169012,31.068572451659108,2022-23
1631094,Paolo Banchero,Paolo,1610612753,ORL,20.0,72,31,41,0.431,2429.7233333333334,115.3,413,0.174,0.253,60,0.152,39,0.189,898.0,697.0,674.0,2484.0,5.54,5.5401871372800855,102,191,487,377,31,406,31,120,122,98,385,80,203,527,517,490,499,115,72,473,242,231,90,6,56,121,15,19,34,0.441,0.559,5,42,40,20,47,0.106,0.894,0.93,0.465,1631094,Paolo Banchero,0.3565945205479452,0.1616027397260274,4958.0,20.207253886010363,23.68815592203898,35.29411764705886,25.197285538882504,18.490878938640133,80.3921568627451,55.63164569310311,30.923694779116467,43.80165289256198,13.953488372093023,31.188428517066537,30.100209307213603,21.331120164679895,25.71566473594675,53.24858757062147,28.87323943661972,42.279680910320685,2022-23
1627783,Pascal Siakam,Pascal,1610612761,TOR,29.0,71,35,36,0.493,2652.036666666667,113.3,425,0.177,0.253,65,0.125,36,0.129,759.0,603.0,862.0,2730.0,7.53,7.533465799716885,109,137,441,290,14,331,29,114,123,82,456,89,319,474,458,535,528,41,71,454,250,204,153,2,60,142,30,26,56,0.536,0.464,11,72,75,43,83,0.133,0.867,0.987,0.566,1627783,Pascal Siakam,0.3779831460674158,0.18106460674157304,5312.3,18.65284974093264,14.46776611694153,45.98930481283426,24.02218424051116,19.154228855721392,69.80392156862744,49.54404448346502,56.22489959839358,47.93388429752066,4.651162790697675,40.42961004116408,21.405499251663706,8.015352598789718,14.710425925226712,54.94350282485876,50.0,52.71892655367232,2022-23
1626192,Pat Connaughton,Pat,1610612749,MIL,30.0,61,43,18,0.705,1442.735,109.9,233,0.144,0.209,37,0.206,11,0.081,442.0,423.0,367.0,1546.0,5.54,5.535329014816751,214,53,165,29,197,154,127,194,201,208,222,298,408,314,352,319,353,115,59,254,120,134,53,1,21,45,13,10,23,0.565,0.435,1,19,19,5,20,0.05,0.95,0.95,0.25,1626192,Pat Connaughton,0.251,0.11557227138643068,3004.8,5.699481865284974,58.84557721139431,64.17112299465239,38.918525518765094,8.374792703150911,42.35294117647059,28.761681787142717,16.06425702811245,24.793388429752067,2.3255813953488373,15.68478411049541,73.0255360788385,52.825067629717196,62.92530185427785,27.82485875706215,12.676056338028168,21.00789766849686,2022-23
201976,Patrick Beverley,Patrick,1610612741,CHI,34.0,67,34,33,0.507,1816.5266666666666,113.1,203,0.111,0.158,63,0.238,41,0.247,556.0,462.0,505.0,1830.0,5.26,5.260196169937901,145,149,385,257,142,319,154,306,339,90,133,77,159,364,369,388,388,125,67,228,114,114,129,21,23,53,19,14,33,0.576,0.424,1,9,10,2,10,0.1,0.9,1.0,0.2,201976,Patrick Beverley,0.3514061538461538,0.13556,3705.7,21.243523316062177,48.20089955022488,47.05882352941182,37.132430051356536,7.877280265339967,34.509803921568626,23.85679445907716,46.58634538152611,46.28099173553719,48.837209302325576,47.04218758562985,32.20933708136066,39.14950668914627,35.67942188525346,23.587570621468927,5.633802816901409,15.508375109413546,2022-23
1630172,Patrick Williams,Patrick,1610612741,CHI,21.0,82,40,42,0.488,2322.8416666666667,113.2,249,0.107,0.154,72,0.199,70,0.32,755.0,591.0,667.0,2334.0,6.69,6.6852942432970766,2,74,493,301,48,326,107,331,352,58,241,29,109,472,450,487,471,65,82,450,248,202,153,2,70,159,14,19,33,0.424,0.576,6,57,58,17,63,0.095,0.905,0.983,0.288,1630172,Patrick Williams,0.3125130890052356,0.1463062827225131,4747.7,36.26943005181347,29.310344827586203,46.524064171123,36.397408753161315,18.988391376451077,69.01960784313725,49.00712125646278,56.22489959839358,53.71900826446281,4.651162790697675,42.45440342959383,48.019793048044775,31.796923156640116,39.90835810234245,30.08474576271186,39.436619718309856,34.29308904273096,2022-23
201988,Patty Mills,Patty,1610612751,BKN,34.0,40,18,22,0.45,566.6483333333333,117.0,36,0.062,0.107,15,0.161,3,0.045,209.0,198.0,171.0,642.0,1.05,1.0516588444611887,350,339,214,360,356,472,405,514,491,351,360,429,471,185,204,194,194,395,35,48,19,29,26,1,5,10,5,6,11,0.455,0.545,0,4,4,0,4,0.0,1.0,1.0,0.0,201988,Patty Mills,0.2182510460251046,0.09484100418410042,1181.9,1.5544041450777202,92.72863568215892,26.20320855614976,39.62758628582415,0.0,1.1764705882352942,0.7058823529411765,5.220883534136546,6.6115702479338845,2.3255813953488373,4.983798349268688,86.33834382214373,67.00935607399072,76.67384994806721,0.0,2.112676056338028,0.9507042253521126,2022-23
202331,Paul George,Paul,1610612746,LAC,33.0,56,32,24,0.571,1938.8916666666667,112.5,297,0.153,0.219,83,0.285,20,0.127,713.0,501.0,510.0,1966.0,5.9,5.897032600844144,253,178,238,149,122,280,69,152,179,32,70,191,321,448,395,390,408,99,56,320,171,149,200,3,24,54,21,33,54,0.389,0.611,1,32,31,10,33,0.03,0.97,1.0,0.323,202331,Paul George,0.3178463855421687,0.15029518072289158,3881.0,10.362694300518134,43.103448275862064,50.26737967914441,31.798129536545076,12.603648424543948,48.23529411764706,33.98263584040581,75.1004016064257,62.8099173553719,6.976744186046512,53.76781776346208,45.851749711801006,29.067727721553798,37.4597387166774,36.86440677966102,21.830985915492956,30.09936739078539,2022-23
1630194,Paul Reed,Paul,1610612755,PHI,24.0,69,44,25,0.638,755.1633333333333,111.5,150,0.207,0.303,45,0.324,51,0.593,281.0,157.0,267.0,746.0,2.6,2.596794640229594,123,40,256,89,323,227,230,59,59,159,39,51,16,230,181,260,212,283,67,300,223,77,79,1,85,204,15,13,28,0.536,0.464,5,33,34,18,38,0.132,0.868,0.971,0.514,1630194,Paul Reed,0.2802631578947368,0.09923026315789474,1514.1,26.42487046632124,88.83058470764618,55.61497326203211,55.56439614971269,16.91542288557214,20.0,18.766169154228855,26.506024096385545,31.40495867768595,2.3255813953488373,22.17554052458151,61.1297425425547,64.00623452173382,62.567988532144255,16.101694915254235,22.535211267605636,18.996777273812366,2022-23
1630202,Payton Pritchard,Payton,1610612738,BOS,25.0,48,32,16,0.667,642.7766666666666,106.5,63,0.094,0.133,14,0.165,1,0.015,208.0,163.0,197.0,660.0,3.08,3.076586926575714,302,178,153,56,344,66,359,403,432,361,348,466,490,184,183,208,199,252,40,93,67,26,31,0,8,18,13,7,20,0.65,0.35,0,9,8,2,9,0.0,1.0,0.889,0.222,1630202,Payton Pritchard,0.20287956204379562,0.05352919708029197,1293.0,0.5181347150259068,92.05397301349325,82.35294117647061,53.01437973485065,3.9800995024875623,0.0,1.592039800995025,7.228915662650602,5.785123966942149,0.0,4.916359653489993,92.58702007389006,95.27480566738272,93.93091287063639,3.8135593220338984,5.633802816901409,4.6326688947242785,2022-23
1630173,Precious Achiuwa,Precious,1610612761,TOR,23.0,55,30,25,0.545,1140.52,115.6,228,0.213,0.315,31,0.165,30,0.226,357.0,291.0,356.0,1198.0,2.46,2.4609107067797926,267,207,256,195,244,425,138,53,52,246,347,118,174,267,275,314,294,300,55,337,226,111,59,1,76,174,16,14,30,0.533,0.467,11,28,39,26,39,0.282,0.718,1.0,0.667,1630173,Precious Achiuwa,0.3255636942675159,0.13981210191082805,2252.1,15.544041450777202,71.88905547226386,33.68983957219257,39.80124588865137,17.16417910447761,33.33333333333333,26.865671641791042,18.473895582329316,19.834710743801654,2.3255813953488373,14.913102342099513,42.71457936324463,36.24022770446115,39.47740353385289,27.11864406779661,19.014084507042252,23.47159226545715,2022-23
1629656,Quentin Grimes,Quentin,1610612752,NYK,23.0,71,41,30,0.577,2120.9066666666668,114.2,180,0.085,0.121,47,0.176,26,0.143,603.0,548.0,548.0,2014.0,5.44,5.442112931069987,109,65,342,145,86,376,183,452,466,152,319,144,292,387,426,412,417,118,68,358,188,170,96,1,12,27,17,21,38,0.447,0.553,1,12,11,6,13,0.077,0.923,1.0,0.545,1629656,Quentin Grimes,0.2645988023952096,0.13657784431137723,4209.9,13.471502590673575,41.30434782608695,41.176470588235304,30.139240422458688,14.013266998341626,56.470588235294116,39.48765974051312,33.33333333333333,33.057851239669425,2.3255813953488373,25.48497661605484,67.49747426760005,38.45309979983105,52.97528703371555,20.33898305084746,7.746478873239436,14.67235617092385,2022-23
1630181,R.J. Hampton,R.J.,1610612765,DET,22.0,47,9,38,0.191,749.635,115.8,69,0.093,0.149,27,0.221,9,0.134,314.0,244.0,229.0,848.0,1.57,1.5709775767164016,311,426,459,514,325,434,351,406,369,274,169,321,315,246,244,234,236,363,44,95,46,49,55,0,3,7,7,8,15,0.467,0.533,0,7,6,2,7,0.0,1.0,0.857,0.286,1630181,R.J. Hampton,0.25082397003745316,0.05848689138576779,1506.2,4.66321243523316,85.00749625187406,32.62032085561501,39.77298887615294,2.2388059701492535,9.019607843137255,6.307287093942054,16.867469879518072,16.528925619834713,0.0,12.53211191874938,73.09709418265591,91.88276188341679,82.48992803303635,4.661016949152542,4.225352112676056,4.464967772738124,2022-23
1629628,RJ Barrett,RJ,1610612752,NYK,23.0,73,40,33,0.548,2475.465,116.5,308,0.121,0.18,31,0.101,15,0.071,778.0,685.0,719.0,2368.0,4.75,4.7498340702708575,92,74,385,190,22,460,63,268,270,246,489,238,430,481,514,511,477,154,72,388,207,181,56,0,14,34,23,24,47,0.489,0.511,1,24,23,9,25,0.04,0.96,0.92,0.36,1629628,RJ Barrett,0.31976190476190475,0.15895238095238096,4959.4,7.772020725388601,28.035982008995504,28.87700534759361,20.14065333020227,15.58872305140962,60.78431372549019,42.706077455857965,17.269076305220885,19.834710743801654,0.0,13.849779282418933,45.07307021197636,23.144489938910898,34.108780075443626,38.4180790960452,16.19718309859155,28.41867589719106,2022-23
203526,Raul Neto,Raul,1610612739,CLE,31.0,48,31,17,0.646,505.2316666666667,109.8,36,0.071,0.113,17,0.236,4,0.069,185.0,151.0,85.0,504.0,1.94,1.938396859955716,302,191,162,82,367,152,405,486,482,331,137,412,437,176,178,128,170,333,40,90,47,43,46,1,0,0,9,10,19,0.474,0.526,0,2,2,1,2,0.0,1.0,1.0,0.5,203526,Raul Neto,0.20106451612903226,0.07808870967741935,988.9,2.072538860103627,97.90104947526237,64.70588235294122,51.27085344861858,2.321724709784411,6.666666666666667,4.928689883913765,13.253012048192772,8.264462809917356,2.3255813953488373,8.775162151585393,93.32485607705033,78.4712399553327,85.89804801619152,0.0,0.7042253521126761,0.31690140845070425,2022-23
203493,Reggie Bullock Jr.,Reggie,1610612742,DAL,32.0,78,37,41,0.474,2364.485,116.5,251,0.112,0.169,54,0.194,13,0.073,684.0,672.0,679.0,2606.0,4.48,4.482776320842514,38,110,487,324,44,461,105,302,298,121,261,262,425,436,506,494,518,171,78,229,129,100,99,0,51,119,14,17,31,0.452,0.548,0,32,30,14,32,0.0,1.0,0.968,0.452,203493,Reggie Bullock Jr.,0.3199396551724138,0.1257844827586207,4675.5,6.7357512953367875,19.11544227886057,28.87700534759361,16.603956652634317,9.12106135986733,29.01960784313726,21.060189249829286,34.53815261044177,38.84297520661157,0.0,27.410302366490757,45.000812727257475,45.83789456676272,45.4193536470101,30.36723163841808,21.830985915492956,26.525921063101777,2022-23
202704,Reggie Jackson,Reggie,1610612743,DEN,33.0,68,36,32,0.529,1656.8533333333332,111.7,119,0.071,0.102,47,0.197,6,0.038,609.0,457.0,472.0,1680.0,5.41,5.406992448366017,133,126,377,219,167,243,268,488,502,152,245,365,482,392,366,373,369,120,67,279,121,158,70,3,26,61,15,18,33,0.455,0.545,0,22,20,2,22,0.0,1.0,0.952,0.095,202704,Reggie Jackson,0.3248684210526316,0.15821052631578947,3312.2,3.1088082901554404,53.823088455772115,54.545454545454554,33.717967911946054,8.45771144278607,51.76470588235295,34.4419081065262,22.89156626506024,33.057851239669425,6.976744186046512,22.471060486420022,42.99721552456814,23.652065286159935,33.324640405364036,11.72316384180791,14.788732394366196,13.10266969045914,2022-23
203496,Robert Covington,Robert,1610612746,LAC,32.0,48,20,28,0.417,778.6416666666667,110.2,135,0.164,0.252,38,0.306,33,0.388,273.0,263.0,197.0,780.0,2.94,2.9369986972487867,302,310,312,391,318,167,252,133,125,203,51,102,72,223,256,208,223,261,45,165,82,83,114,0,27,63,6,9,15,0.4,0.6,2,18,19,12,20,0.1,0.9,1.0,0.632,203496,Robert Covington,0.27996666666666664,0.10061111111111111,1585.4,17.098445595854923,87.55622188905548,62.5668449197861,53.125767129457905,5.223880597014925,22.35294117647059,15.501316944688323,40.562248995983936,25.6198347107438,0.0,25.1918417471539,61.250269467472684,63.061461321188496,62.15586539433059,13.983050847457626,11.971830985915492,13.078001909763667,2022-23
1629641,Romeo Langford,Romeo,1610612759,SAS,23.0,43,14,29,0.326,844.3016666666666,115.5,57,0.067,0.099,24,0.212,13,0.171,305.0,236.0,292.0,1000.0,1.89,1.8933853444514208,327,386,327,450,296,412,371,507,509,290,193,262,236,238,232,277,266,337,40,115,76,39,47,3,10,22,10,9,19,0.526,0.474,0,6,6,0,6,0.0,1.0,1.0,0.0,1629641,Romeo Langford,0.24787450980392156,0.08823137254901961,1765.1,6.7357512953367875,79.3103448275862,34.22459893048131,39.00907094041021,4.72636815920398,5.098039215686274,4.949370793093356,13.654618473895583,14.049586776859504,6.976744186046512,12.123388807970686,74.29608200576715,71.53165182694127,72.91386691635421,2.9661016949152543,3.5211267605633805,3.215862974456911,2022-23
1626220,Royce O'Neale,Royce,1610612751,BKN,30.0,76,42,34,0.553,2409.235,111.8,329,0.129,0.204,65,0.19,49,0.147,827.0,714.0,638.0,2436.0,7.78,7.782026393541909,55,60,403,179,34,255,56,236,212,82,276,58,282,511,525,465,489,38,76,360,193,167,122,1,61,139,18,20,38,0.474,0.526,0,68,61,22,68,0.0,1.0,0.953,0.344,1626220,Royce O'Neale,0.35166759776536316,0.15837709497206703,4836.7,25.38860103626943,25.487256371814095,54.010695187165815,32.57865394143416,14.427860696517413,55.294117647058826,38.947614866842265,43.77510040160642,47.93388429752066,2.3255813953488373,34.86829501361202,32.103057270568584,23.538099369684243,27.820578320126415,41.38418079096045,47.183098591549296,43.99369380122543,2022-23
200752,Rudy Gay,Rudy,1610612762,UTA,36.0,56,29,27,0.518,815.5683333333334,108.6,130,0.148,0.221,19,0.161,18,0.167,267.0,236.0,290.0,852.0,3.46,3.4576640741411713,253,220,291,241,304,120,260,178,171,320,362,207,241,217,232,275,239,234,54,132,80,52,37,2,25,60,10,8,18,0.556,0.444,2,16,18,9,18,0.111,0.889,1.0,0.5,200752,Rudy Gay,0.25721612903225805,0.08870645161290322,1688.8,9.32642487046632,84.8575712143928,71.12299465240646,51.211468536325626,5.05804311774461,10.196078431372548,8.140864305921372,9.63855421686747,9.917355371900827,4.651162790697675,8.489286764586696,70.49861168371226,71.20660375292856,70.8526077183204,13.27683615819209,10.56338028169014,12.055781013766213,2022-23
203497,Rudy Gobert,Rudy,1610612750,MIN,31.0,70,34,36,0.486,2148.483333333333,110.3,583,0.26,0.387,56,0.171,95,0.426,804.0,569.0,651.0,2184.0,7.79,7.7882864938409035,116,149,441,307,78,174,6,17,10,112,333,15,59,496,440,472,451,37,70,708,582,126,101,1,345,802,10,12,22,0.455,0.545,36,100,126,84,136,0.265,0.735,0.969,0.646,203497,Rudy Gobert,0.3487215909090909,0.12175852272727274,4378.7,49.22279792746114,34.93253373313343,62.03208556149736,47.423527367955494,46.683250414593694,39.21568627450981,42.20271193054336,35.34136546184739,40.49586776859504,2.3255813953488373,28.891495252584427,33.30064125807783,48.59244776374902,40.94654451091343,77.25988700564972,69.71830985915493,73.86617728972706,2022-23
1629060,Rui Hachimura,Rui,1610612747,LAL,25.0,63,38,25,0.603,1466.03,109.7,230,0.141,0.205,19,0.106,26,0.159,558.0,427.0,483.0,1600.0,5.67,5.66919516278713,189,95,256,117,192,151,133,199,209,320,484,144,264,366,355,380,357,112,63,274,150,124,55,2,22,51,14,9,23,0.609,0.391,8,28,33,23,36,0.222,0.778,0.943,0.657,1629060,Rui Hachimura,0.2486193548387097,0.11193548387096774,3053.5,13.471502590673575,56.8215892053973,65.24064171122996,41.58631768596597,10.862354892205639,38.43137254901961,27.403765486294024,16.867469879518072,9.917355371900827,4.651162790697675,11.380853029646937,73.993294357823,55.3133498281185,64.65332209297075,27.401129943502823,19.014084507042252,23.62695949709557,2022-23
201566,Russell Westbrook,Russell,1610612746,LAC,34.0,73,36,37,0.493,2125.826666666667,114.3,334,0.147,0.22,76,0.238,33,0.166,811.0,667.0,666.0,2352.0,5.71,5.705603041543479,92,126,450,288,84,381,52,181,174,50,135,102,248,502,504,483,474,108,73,259,129,130,130,5,18,41,27,23,50,0.54,0.46,6,15,20,12,21,0.286,0.714,0.952,0.571,201566,Russell Westbrook,0.28992977528089886,0.11000280898876405,4485.4,17.098445595854923,28.635682158920538,40.641711229946566,27.022294801450798,9.12106135986733,40.78431372549019,28.119012779241046,46.98795180722892,57.02479338842975,11.627906976744185,41.660835153028025,57.2001569170499,56.63568182696024,56.91791937200507,42.090395480225986,9.859154929577464,27.586337232434154,2022-23
1630180,Saddiq Bey,Saddiq,1610612737,ATL,24.0,77,24,53,0.312,2128.695,117.0,264,0.127,0.19,70,0.208,13,0.08,791.0,635.0,648.0,2542.0,3.81,3.8088640425551845,46,271,531,457,83,473,96,245,240,63,214,262,411,490,490,469,509,210,76,251,145,106,114,0,21,47,26,33,59,0.441,0.559,2,38,34,19,40,0.05,0.95,1.0,0.559,1630180,Saddiq Bey,0.33430470914127425,0.14478116343490305,4402.7,6.7357512953367875,21.51424287856072,26.20320855614976,16.775087664668405,10.44776119402985,31.372549019607842,23.002633889376643,40.562248995983936,52.066115702479344,0.0,34.448040094261344,39.161261276049515,32.840406493970995,36.00083388501025,32.20338983050847,26.056338028169012,29.437216519455717,2022-23
1630573,Sam Hauser,Sam,1610612738,BOS,25.0,80,55,25,0.688,1289.8983333333333,106.4,169,0.121,0.176,29,0.185,21,0.136,418.0,354.0,384.0,1328.0,6.29,6.292748418084561,15,4,256,39,215,65,199,264,280,259,291,178,311,301,313,329,319,80,73,245,180,65,61,1,30,70,14,14,28,0.5,0.5,0,29,27,4,29,0.0,1.0,0.964,0.143,1630573,Sam Hauser,0.2660657894736842,0.09083157894736842,2634.9,10.880829015544041,67.01649175412294,82.88770053475935,48.53002885385048,13.349917081260365,15.294117647058824,14.51643742073944,19.27710843373494,18.181818181818183,2.3255813953488373,14.65587508596755,66.90112798574275,69.75259620005325,68.326862092898,18.785310734463277,19.718309859154928,19.205160340574523,2022-23
1630572,Sandro Mamukelashvili,Sandro,1610612759,SAS,24.0,43,23,20,0.535,659.6533333333333,116.4,115,0.178,0.26,14,0.161,12,0.24,243.0,205.0,216.0,742.0,1.26,1.2634269105296905,327,281,195,216,342,456,276,111,115,361,363,278,163,203,210,221,209,382,38,168,108,60,27,1,55,120,9,10,19,0.474,0.526,5,23,26,13,28,0.179,0.821,1.0,0.5,1630572,Sandro Mamukelashvili,0.2625913978494624,0.07018996415770609,1346.3,6.217616580310881,88.98050974512743,29.411764705882348,40.98316621938954,7.3797678275290215,13.333333333333334,10.951907131011609,5.622489959839357,5.785123966942149,2.3255813953488373,4.855184721202705,68.31350615677295,83.87554465634648,76.09452540655971,11.158192090395481,15.492957746478872,13.108836635633008,2022-23
1630583,Santi Aldama,Santi,1610612763,MEM,22.0,77,47,30,0.61,1681.7483333333332,110.2,286,0.162,0.24,45,0.159,48,0.279,561.0,510.0,478.0,1688.0,6.32,6.3234152712509495,46,22,342,110,163,168,74,137,140,159,369,60,132,369,400,375,372,78,77,502,327,175,70,3,48,113,12,6,18,0.667,0.333,8,49,52,25,57,0.14,0.86,0.963,0.463,1630583,Santi Aldama,0.35438605898123327,0.11575871313672921,3497.8,24.870466321243523,53.52323838080959,62.5668449197861,44.32303119172729,25.538971807628524,58.43137254901961,45.27441225246318,22.89156626506024,31.40495867768595,6.976744186046512,21.892548089725807,30.997973073001443,52.69750458504271,41.84773882902208,35.31073446327684,33.80281690140845,34.63217156043606,2022-23
1630567,Scottie Barnes,Scottie,1610612761,TOR,21.0,77,38,39,0.494,2677.55,111.6,333,0.135,0.201,83,0.159,61,0.215,788.0,633.0,799.0,2704.0,8.88,8.880632437209934,46,95,472,286,12,237,53,214,219,32,370,37,180,488,489,530,524,17,77,532,323,209,146,1,83,192,30,24,54,0.556,0.444,13,62,72,37,75,0.173,0.827,1.0,0.514,1630567,Scottie Barnes,0.43063978494623656,0.1927795698924731,5366.2,31.606217616580313,15.442278860569717,55.08021390374337,31.81733812376737,25.207296849087896,71.76470588235294,53.14174226904692,53.41365461847389,62.8099173553719,2.3255813953488373,43.930328270606935,0.0,0.0,0.0,41.94915254237288,42.95774647887324,42.403019813798046,2022-23
203552,Seth Curry,Seth,1610612751,BKN,32.0,61,37,24,0.607,1210.715,113.9,87,0.071,0.107,36,0.203,7,0.049,431.0,351.0,379.0,1248.0,3.26,3.255285117292615,214,110,238,114,227,363,316,489,488,218,227,345,467,311,310,326,301,247,59,119,52,67,72,0,16,36,13,9,22,0.591,0.409,1,6,6,2,7,0.143,0.857,0.857,0.286,203552,Seth Curry,0.2972613981762918,0.1255562310030395,2445.8,3.6269430051813467,70.01499250374813,42.7807486631016,36.65121174415979,2.736318407960199,16.07843137254902,10.74158618671349,23.694779116465863,23.96694214876033,0.0,17.866341398652462,54.21977207399193,45.99406392715337,50.10691800057265,7.203389830508475,3.5211267605633805,5.546371449033183,2022-23
1631101,Shaedon Sharpe,Shaedon,1610612757,POR,20.0,80,32,48,0.4,1778.6033333333332,118.4,173,0.102,0.154,38,0.151,24,0.144,735.0,456.0,594.0,1938.0,2.48,2.48143154498564,15,178,520,407,148,499,191,356,353,203,388,160,291,461,365,446,402,297,80,264,102,162,68,3,8,20,10,10,20,0.5,0.5,0,20,19,6,20,0.0,1.0,0.95,0.3,1631101,Shaedon Sharpe,0.3224347826086957,0.1512225063938619,3647.9,12.435233160621761,44.15292353823089,18.71657754010695,25.10676088765625,6.882255389718077,53.333333333333336,34.75290215588723,22.08835341365462,25.6198347107438,6.976744186046512,19.546469560733808,43.98651615217509,28.433253491375343,36.20988482177522,19.350282485875706,13.380281690140844,16.663782127795017,2022-23
1628983,Shai Gilgeous-Alexander,Shai,1610612760,OKC,24.0,68,33,35,0.485,2415.985,113.3,270,0.109,0.169,112,0.269,65,0.302,741.0,802.0,578.0,2596.0,6.88,6.8786308886909975,133,162,420,309,33,334,90,322,299,6,89,32,118,463,536,431,516,54,68,469,245,224,244,0,25,59,32,39,71,0.451,0.549,1,15,16,4,16,0.063,0.938,1.0,0.25,1628983,Shai Gilgeous-Alexander,0.350957507082153,0.16545892351274785,5081.6,33.67875647668394,19.490254872563717,45.98930481283426,31.79041799927944,18.739635157545607,77.64705882352942,54.084089357135895,92.7710843373494,86.77685950413223,0.0,67.48033456138603,32.39171689472439,18.692727509221495,25.54222220197294,33.05084745762712,9.859154929577464,22.614585820004777,2022-23
1629003,Shake Milton,Shake,1610612755,PHI,26.0,76,52,24,0.684,1567.3533333333332,110.2,152,0.096,0.145,25,0.093,13,0.086,563.0,457.0,492.0,1658.0,6.04,6.042117168752744,55,8,238,45,175,166,224,392,384,284,493,262,402,370,366,385,365,94,71,172,81,91,70,1,12,30,19,14,33,0.576,0.424,1,14,15,8,15,0.067,0.933,1.0,0.533,1629003,Shake Milton,0.2950414364640884,0.1322707182320442,3195.3,6.7357512953367875,54.647676161919044,62.5668449197861,37.462698404752906,5.140961857379768,25.49019607843137,17.35050239001073,22.89156626506024,14.87603305785124,2.3255813953488373,14.944633425109238,55.1222107746209,41.40002620229648,48.26111848845869,16.38418079096045,9.15492957746479,13.131017744887403,2022-23
1631323,Simone Fontecchio,Simone,1610612762,UTA,27.0,52,25,27,0.481,765.8116666666666,118.3,55,0.07,0.105,15,0.15,8,0.095,343.0,262.0,234.0,838.0,1.11,1.1086322954550327,283,262,291,315,321,495,374,492,493,351,390,333,378,260,255,239,234,392,46,104,66,38,42,0,15,34,11,6,17,0.647,0.353,1,14,15,5,15,0.067,0.933,1.0,0.333,1631323,Simone Fontecchio,0.2462109090909091,0.08012000000000001,1616.6,4.145077720207254,85.38230884557721,19.251336898395767,36.354673408633865,3.897180762852405,4.705882352941177,4.382401716905668,11.646586345381527,6.6115702479338845,0.0,6.97268412492947,74.97235387908982,77.08143548422412,76.02689468165697,2.6836158192090394,9.15492957746479,5.595707010424127,2022-23
203915,Spencer Dinwiddie,Spencer,1610612751,BKN,30.0,79,41,38,0.519,2725.335,114.2,242,0.092,0.14,67,0.168,24,0.097,797.0,783.0,742.0,2842.0,6.83,6.825373806158346,27,65,459,237,8,375,117,416,412,72,339,160,374,494,533,518,533,58,79,336,176,160,89,4,29,70,15,15,30,0.5,0.5,0,27,27,10,27,0.0,1.0,1.0,0.37,203915,Spencer Dinwiddie,0.3591189801699717,0.18689235127478754,5356.0,12.435233160621761,10.269865067466268,41.176470588235304,18.862663684920726,13.018242122719734,52.54901960784314,36.73670861379378,30.522088353413658,49.586776859504134,9.30232558139535,31.889788637540747,29.07398887801949,4.028022319752987,16.55100559888624,29.09604519774011,18.30985915492958,24.242261478475374,2022-23
201939,Stephen Curry,Stephen,1610612744,GSW,35.0,56,30,26,0.536,1941.1516666666666,112.4,302,0.147,0.216,52,0.17,20,0.122,755.0,553.0,643.0,2032.0,6.08,6.081585492420471,253,207,273,212,120,276,66,185,186,132,335,191,327,472,431,467,424,90,56,264,126,138,99,9,50,125,26,23,49,0.531,0.469,1,6,6,4,7,0.143,0.857,1.0,0.667,201939,Stephen Curry,0.3287484662576687,0.1628803680981595,4107.8,10.362694300518134,40.62968515742129,50.80213903743315,31.066002284662993,8.872305140961858,43.92156862745098,29.90186323285533,34.53815261044177,37.1900826446281,20.930232558139537,32.064348109331426,41.41993473906307,20.456969579573723,30.9384521593184,37.570621468926554,3.5211267605633805,22.248348850163126,2022-23
203500,Steven Adams,Steven,1610612763,MEM,29.0,42,28,14,0.667,1133.2916666666667,109.0,271,0.222,0.315,36,0.206,46,0.341,316.0,325.0,302.0,1120.0,4.57,4.57085155939264,335,230,134,56,245,128,89,42,53,218,221,65,95,248,290,290,285,164,42,370,299,71,68,1,237,530,25,8,33,0.758,0.242,54,46,90,67,100,0.54,0.46,0.968,0.72,203500,Steven Adams,0.2939475806451613,0.1098266129032258,2339.9,23.83419689119171,74.81259370314842,68.98395721925135,52.96407585739147,23.217247097844112,17.647058823529413,19.875134133255294,22.08835341365462,23.96694214876033,2.3255813953488373,17.805166466365176,55.5668751210741,56.75623480983556,56.161554965454826,33.19209039548023,31.690140845070424,32.51621309779582,2022-23
204456,T.J. McConnell,T.J.,1610612754,IND,31.0,75,31,44,0.413,1526.4133333333334,112.9,189,0.123,0.193,81,0.31,10,0.053,603.0,474.0,464.0,1682.0,4.57,4.566930007191589,70,191,504,397,185,305,169,257,232,41,46,311,462,387,380,367,370,164,74,153,68,85,168,9,3,7,24,36,60,0.4,0.6,1,5,6,4,6,0.167,0.833,1.0,0.667,204456,T.J. McConnell,0.27625,0.10112078651685394,3172.7,5.181347150259067,53.74812593703149,48.128342245989295,32.91646849956197,4.06301824212272,23.137254901960784,15.507560238025558,62.24899598393574,61.15702479338842,20.930232558139537,51.537115210795136,62.76113509137059,62.71274250446341,62.736938797917,21.610169491525426,2.8169014084507045,13.153198854141802,2022-23
203933,T.J. Warren,T.J.,1610612756,PHX,29.0,42,26,16,0.619,686.7083333333334,108.4,95,0.131,0.196,22,0.202,12,0.146,260.0,212.0,157.0,744.0,3.01,3.01493612304891,335,253,153,107,336,111,304,231,228,299,230,278,284,211,213,186,210,258,39,69,29,40,39,0,8,19,7,7,14,0.5,0.5,0,25,21,10,25,0.0,1.0,0.913,0.435,203933,T.J. Warren,0.2741137254901961,0.09215294117647059,1414.8,6.217616580310881,88.9055472263868,72.19251336898395,51.65211650360572,0.8291873963515755,5.490196078431373,3.625792605599454,10.441767068273093,12.396694214876034,0.0,8.51554980251585,63.629554029506586,68.84852300404299,66.23903851677478,8.333333333333332,16.901408450704224,12.188967136150234,2022-23
1629659,Talen Horton-Tucker,Talen,1610612762,UTA,22.0,65,30,35,0.462,1313.215,112.0,169,0.117,0.17,41,0.255,29,0.164,495.0,425.0,426.0,1348.0,4.31,4.308944611714341,171,207,420,347,211,258,199,285,296,192,107,126,250,337,354,350,326,183,61,155,84,71,84,3,15,35,15,14,29,0.517,0.483,0,16,15,7,16,0.0,1.0,1.0,0.467,1629659,Talen Horton-Tucker,0.2775470588235294,0.11245000000000001,2749.9,15.025906735751295,66.26686656671664,52.94117647058826,42.439060110298406,5.389718076285241,17.647058823529413,12.744122524631743,28.514056224899598,28.09917355371901,6.976744186046512,22.98451928027312,62.23386650249775,54.9613189989271,58.59759275071242,18.785310734463277,10.56338028169014,15.085442030715367,2022-23
1631106,Tari Eason,Tari,1610612745,HOU,22.0,82,22,60,0.268,1767.22,113.4,301,0.172,0.251,96,0.309,47,0.263,773.0,431.0,636.0,1776.0,5.03,5.029172947737311,2,290,537,475,150,342,68,125,126,16,48,62,144,480,359,464,381,139,82,358,191,167,162,0,20,47,36,36,72,0.5,0.5,13,31,39,31,44,0.295,0.705,0.951,0.756,1631106,Tari Eason,0.3600447368421053,0.17594473684210524,3600.2,24.352331606217618,50.22488755622189,45.454545454545446,38.68327965080107,14.262023217247096,55.294117647058826,38.88127987513413,59.83935742971887,73.55371900826447,0.0,49.67954462478011,28.697658672094605,11.518356575461349,20.108007623777976,37.429378531073446,21.12676056338028,30.093200445611522,2022-23
1627752,Taurean Prince,Taurean,1610612750,MIN,29.0,54,31,23,0.574,1192.5483333333334,111.0,117,0.096,0.145,28,0.143,15,0.12,413.0,352.0,384.0,1254.0,4.31,4.306820621055499,270,191,226,147,234,199,273,395,382,264,408,238,333,299,311,329,302,183,54,152,83,69,77,10,7,17,8,12,20,0.4,0.6,4,15,16,11,19,0.211,0.789,0.889,0.611,1627752,Taurean Prince,0.2649688473520249,0.12149221183800624,2525.4,7.772020725388601,69.79010494752623,58.28877005347596,42.10753753515861,5.306799336650083,16.862745098039216,12.240366793483563,25.702811244979916,17.355371900826448,23.25581395348837,22.169458151653316,67.34704694799045,48.77465710157389,58.060852024782164,11.440677966101696,9.859154929577464,10.728992599665792,2022-23
1629611,Terance Mann,Terance,1610612746,LAC,26.0,81,44,37,0.543,1872.1766666666667,113.5,199,0.107,0.163,42,0.16,22,0.136,677.0,515.0,587.0,2026.0,5.21,5.206703155358893,11,40,450,201,133,343,159,334,323,181,366,174,313,430,404,438,422,130,81,235,158,77,102,1,36,81,21,9,30,0.7,0.3,4,15,18,5,19,0.211,0.789,0.947,0.263,1629611,Terance Mann,0.3117248677248677,0.10647883597883598,3758.7,11.398963730569948,40.85457271364318,44.91978609625671,30.088632466067267,11.5257048092869,20.0,16.61028192371476,35.7429718875502,28.92561983471074,2.3255813953488373,25.002551046006047,48.340213613928015,59.04677658324392,53.69349509858597,23.022598870056495,9.859154929577464,17.099049096840933,2022-23
1629056,Terence Davis,Terence,1610612758,SAC,26.0,64,38,26,0.594,840.9766666666667,111.4,119,0.14,0.202,43,0.319,12,0.19,305.0,204.0,181.0,856.0,2.92,2.9226735535492656,181,95,273,123,297,225,268,200,216,172,42,278,200,238,209,199,240,263,59,127,65,62,86,1,2,4,8,13,21,0.381,0.619,0,2,2,0,2,0.0,1.0,1.0,0.0,1629056,Terence Davis,0.2777289719626168,0.09506542056074765,1773.9,6.217616580310881,84.70764617691154,56.14973262032085,46.172155949123606,3.814262023217247,14.117647058823529,9.996293044581016,29.31726907630522,29.75206611570248,2.3255813953488373,22.721526119855167,62.15991682311232,66.85581087162001,64.50786384736617,11.72316384180791,0.7042253521126761,6.764641521445055,2022-23
203082,Terrence Ross,Terrence,1610612756,PHX,32.0,63,27,36,0.429,1330.5083333333334,114.7,132,0.099,0.144,35,0.211,10,0.074,469.0,361.0,405.0,1394.0,3.29,3.2853508007611016,189,238,441,378,208,390,258,375,385,223,203,311,424,323,319,339,331,243,61,181,72,109,68,1,10,22,5,11,16,0.313,0.688,0,13,12,2,13,0.0,1.0,0.923,0.154,203082,Terrence Ross,0.31112812500000003,0.10958125,2688.7,5.181347150259067,64.54272863568215,38.502673796791456,34.28816233179025,4.39469320066335,32.549019607843135,21.28728904497122,22.08835341365462,23.140495867768596,2.3255813953488373,17.515910268018064,48.582796054102104,56.92411158065293,52.75345381737752,13.559322033898304,8.450704225352112,11.26044402005252,2022-23
1626179,Terry Rozier,Terry,1610612766,CHA,29.0,63,19,44,0.302,2220.9266666666667,115.6,208,0.095,0.14,74,0.211,16,0.073,719.0,659.0,576.0,2476.0,4.85,4.845364792006074,189,324,504,459,67,420,153,398,413,54,204,228,426,451,502,428,498,147,62,214,92,122,106,2,14,32,26,24,50,0.52,0.48,0,4,3,1,4,0.0,1.0,0.75,0.25,1626179,Terry Rozier,0.3680432098765432,0.15370061728395062,4565.0,8.290155440414509,23.988005997001498,33.68983957219257,20.13432416816447,6.053067993366501,37.64705882352941,25.009462491464248,37.34939759036144,55.371900826446286,4.651162790697675,35.482715023075194,25.446191958711644,26.73773534871386,26.091963653712753,24.293785310734464,2.112676056338028,14.312286146256069,2022-23
201152,Thaddeus Young,Thaddeus,1610612761,TOR,35.0,54,23,31,0.426,795.46,115.0,95,0.136,0.205,54,0.344,5,0.069,268.0,237.0,274.0,826.0,1.87,1.8725684678219947,270,281,357,383,315,400,304,212,207,121,32,385,436,220,237,265,230,339,52,178,105,73,106,6,68,153,14,11,25,0.56,0.44,7,18,22,13,25,0.28,0.72,0.917,0.542,201152,Thaddeus Young,0.3178239436619718,0.11883802816901408,1585.7,2.5906735751295336,85.83208395802099,36.89839572192516,40.30209774584045,7.131011608623548,18.43137254901961,13.911228172861186,37.34939759036144,38.84297520661157,13.953488372093023,32.023172451481884,45.86087258139521,50.59064386097628,48.22575822118574,8.333333333333332,11.971830985915492,9.970657276995304,2022-23
1630177,Theo Maledon,Theo,1610612766,CHA,22.0,44,14,30,0.318,853.6566666666666,115.8,109,0.128,0.192,37,0.294,12,0.136,341.0,265.0,191.0,956.0,1.82,1.8152265144849218,325,386,342,454,293,430,288,242,234,208,61,278,311,258,259,201,254,343,44,143,77,66,66,1,8,17,5,12,17,0.294,0.706,0,5,4,1,5,0.0,1.0,0.8,0.2,1630177,Theo Maledon,0.27282154882154885,0.10202020202020202,1761.8,6.217616580310881,80.95952023988005,32.62032085561501,38.977958929986116,4.809286898839138,15.686274509803921,11.335479465418008,21.285140562248998,24.793388429752067,2.3255813953488373,17.77313752415003,64.1548379690569,62.09736435096072,63.12610116000881,10.310734463276836,2.8169014084507045,6.938509588605077,2022-23
1628418,Thomas Bryant,Thomas,1610612743,DEN,25.0,59,33,26,0.559,1081.4866666666667,115.8,253,0.223,0.326,16,0.124,30,0.37,362.0,338.0,337.0,1278.0,2.34,2.340040822067393,230,162,273,168,256,433,103,41,43,338,459,118,78,271,298,302,308,307,57,358,305,53,32,0,117,256,9,9,18,0.5,0.5,10,56,66,42,66,0.152,0.848,1.0,0.636,1628418,Thomas Bryant,0.34415,0.08316666666666667,2245.4,15.544041450777202,68.89055472263868,32.62032085561501,38.48439094713817,23.71475953565506,10.588235294117647,15.83884499073261,7.630522088353414,7.43801652892562,0.0,5.655514620465333,35.159042931011356,74.99691270171444,55.077977816362896,30.64971751412429,38.732394366197184,34.286922097557095,2022-23
203501,Tim Hardaway Jr.,Tim,1610612742,DAL,31.0,71,37,34,0.521,2152.233333333333,114.5,230,0.108,0.162,49,0.179,12,0.074,646.0,619.0,577.0,2144.0,5.31,5.3103393821544955,109,110,403,231,76,385,133,325,326,144,307,278,422,415,478,430,444,124,71,279,158,121,69,21,34,84,12,12,24,0.5,0.5,0,22,21,5,22,0.0,1.0,1.0,0.238,203501,Tim Hardaway Jr.,0.3359971098265896,0.16485549132947977,4280.8,6.217616580310881,36.43178410794602,39.57219251336901,25.131219198247713,11.5257048092869,37.254901960784316,26.963223100185353,22.48995983935743,34.710743801652896,48.837209302325576,33.35404659190288,38.47328189919636,19.10559451153721,28.789438205366785,27.401129943502823,14.788732394366196,21.72555104639134,2022-23
202699,Tobias Harris,Tobias,1610612755,PHI,30.0,74,47,27,0.635,2435.8783333333336,111.7,357,0.15,0.218,68,0.185,40,0.16,823.0,605.0,812.0,2370.0,7.86,7.857683763939243,79,22,291,91,28,246,46,173,180,70,290,79,260,508,463,531,479,36,74,273,156,117,102,0,17,40,21,24,45,0.467,0.533,13,46,49,29,59,0.22,0.78,0.891,0.527,202699,Tobias Harris,0.31525872093023255,0.10994476744186046,4764.3,20.72538860103627,27.961019490254873,54.545454545454554,31.71287589836735,11.359867330016584,35.68627450980392,25.955711637888985,35.7429718875502,50.413223140495866,0.0,31.941816854193632,46.90366366023638,56.675393728553004,51.78952869439469,45.33898305084746,31.690140845070424,39.1970040582478,2022-23
1628470,Torrey Craig,Torrey,1610612756,PHX,32.0,79,44,35,0.557,1947.8416666666667,115.5,281,0.146,0.222,50,0.178,62,0.295,644.0,578.0,585.0,2018.0,4.29,4.293207726168566,27,40,420,171,118,417,82,189,170,138,312,36,122,413,445,436,419,185,78,423,244,179,106,3,42,100,22,21,43,0.512,0.488,9,24,27,13,33,0.273,0.727,0.9,0.433,1628470,Torrey Craig,0.30250842696629215,0.15620224719101122,3936.8,32.12435233160622,41.1544227886057,34.22459893048131,35.80993864127481,18.65671641791045,60.0,43.462686567164184,37.34939759036144,35.53719008264463,6.976744186046512,29.121961611581824,52.086797519799774,25.026125545209894,38.556461532504834,34.6045197740113,16.19718309859155,26.321218270072418,2022-23
1629027,Trae Young,Trae,1610612737,ATL,24.0,73,38,35,0.521,2540.74,114.6,161,0.062,0.093,80,0.22,9,0.034,820.0,785.0,884.0,2998.0,6.36,6.36392917259374,92,95,420,233,19,388,210,513,513,42,173,321,486,505,534,537,535,77,72,120,39,81,128,5,5,11,23,22,45,0.511,0.489,0,7,7,1,7,0.0,1.0,1.0,0.143,1629027,Trae Young,0.3435739130434783,0.14908695652173914,5354.8,4.66321243523316,4.422788605697151,39.03743315508027,13.172619274857336,1.658374792703151,21.568627450980394,13.604526387669496,46.1847389558233,60.33057851239669,11.627906976744185,42.4965748058542,35.39322857558122,29.894392122105824,32.64381034884352,17.65536723163842,4.225352112676056,11.611860428105357,2022-23
1630200,Tre Jones,Tre,1610612759,SAS,23.0,68,20,48,0.294,1983.7383333333332,118.8,189,0.099,0.149,89,0.282,9,0.058,698.0,630.0,587.0,2382.0,2.53,2.5277206033008333,133,310,520,463,108,504,169,369,368,24,75,321,453,441,487,438,482,294,68,266,150,116,177,10,17,38,19,29,48,0.396,0.604,2,8,10,4,10,0.2,0.8,1.0,0.4,1630200,Tre Jones,0.3582028169014085,0.13473521126760565,4127.5,4.66321243523316,27.511244377811096,16.577540106951915,15.638605533065125,10.862354892205639,35.294117647058826,25.52141254511755,65.86345381526104,67.76859504132231,23.25581395348837,55.87834327893932,29.44641926053521,39.71382536642198,34.5801223134786,21.610169491525426,4.929577464788732,14.103903079493914,2022-23
1630544,Tre Mann,Tre,1610612760,OKC,22.0,67,31,36,0.463,1183.3883333333333,108.2,128,0.104,0.165,40,0.197,11,0.087,350.0,396.0,276.0,1286.0,5.06,5.057626035093113,145,191,441,346,238,107,262,345,315,197,247,298,397,262,335,266,310,138,60,170,78,92,82,5,19,41,9,12,21,0.429,0.571,0,7,6,0,7,0.0,1.0,1.0,0.0,1630544,Tre Mann,0.2829688385269122,0.0933371104815864,2426.3,5.699481865284974,68.59070464767616,73.2620320855615,44.60204739419102,4.892205638474295,25.882352941176475,17.486294020095603,27.710843373493976,27.27272727272727,11.627906976744185,23.53676863903818,60.02985379195377,68.03831691163732,64.03408535179554,12.994350282485875,4.225352112676056,9.048301106071458,2022-23
1630570,Trendon Watford,Trendon,1610612757,POR,22.0,62,26,36,0.419,1181.6083333333333,117.9,196,0.173,0.271,32,0.18,12,0.132,469.0,368.0,372.0,1316.0,1.79,1.7949784253551977,203,253,441,387,239,491,162,122,104,239,305,278,317,323,324,323,315,348,59,261,149,112,67,7,81,188,7,7,14,0.5,0.5,3,44,44,15,47,0.064,0.936,0.936,0.319,1630570,Trendon Watford,0.33628279883381923,0.12366180758017492,2410.7,6.217616580310881,67.46626686656671,21.3903743315508,31.4478336183104,10.779436152570481,33.72549019607843,24.54706857867525,21.686746987951807,20.66115702479339,16.27906976744186,19.975871195718874,38.35714619512045,47.29022435976208,42.823685277441264,22.598870056497177,30.28169014084507,26.056139094453727,2022-23
1626168,Trey Lyles,Trey,1610612758,SAC,27.0,74,43,31,0.581,1247.235,112.3,232,0.184,0.278,27,0.154,31,0.282,411.0,331.0,250.0,1310.0,3.93,3.9338889640766133,79,53,357,139,221,272,129,98,95,274,378,111,129,297,295,250,313,205,71,275,158,117,59,10,23,51,8,11,19,0.421,0.579,8,48,53,19,56,0.143,0.857,0.964,0.345,1626168,Trey Lyles,0.32442045454545454,0.13659943181818182,2566.1,16.06217616580311,67.6911544227886,51.33689839572197,42.950999113227745,11.5257048092869,35.68627450980392,26.022046629597114,18.473895582329316,16.528925619834713,23.25581395348837,18.988635688245967,43.17931880609767,38.43832967409197,40.80882424009482,27.683615819209038,33.098591549295776,30.120354897748072,2022-23
1630530,Trey Murphy III,Trey,1610612740,NOP,23.0,79,39,40,0.494,2448.005,112.8,222,0.092,0.133,89,0.222,43,0.215,948.0,672.0,713.0,2598.0,7.29,7.29363860593366,27,89,481,285,26,302,143,419,433,24,168,72,179,532,506,509,517,48,79,413,241,172,141,0,24,54,13,14,27,0.481,0.519,1,30,30,12,31,0.032,0.968,1.0,0.4,1630530,Trey Murphy III,0.3662283464566929,0.18855380577427822,4971.7,22.279792746113987,19.415292353823087,48.66310160427811,27.873044823353204,18.407960199004975,57.25490196078431,41.71612525607258,51.40562248995983,67.76859504132231,0.0,44.28125726044674,26.183953775695052,2.891258723596023,14.537606249645538,26.27118644067797,20.422535211267608,23.63929338744331,2022-23
1628972,Troy Brown Jr.,Troy,1610612747,LAL,23.0,76,40,36,0.526,1859.79,112.5,246,0.123,0.182,59,0.246,16,0.089,625.0,525.0,572.0,2080.0,5.68,5.6758264112978845,55,74,441,222,134,282,112,259,263,102,124,228,392,402,412,426,436,109,75,360,192,168,97,1,14,32,17,12,29,0.586,0.414,4,21,25,12,25,0.16,0.84,1.0,0.48,1628972,Troy Brown Jr.,0.35080281690140847,0.13204788732394368,3836.8,8.290155440414509,38.830584707646175,50.26737967914441,29.473611743628066,14.344941956882257,55.68627450980392,39.14974148863526,33.734939759036145,42.97520661157025,2.3255813953488373,29.116693566501255,32.45460014399116,41.552486630496546,37.00354338724385,29.66101694915254,14.084507042253522,22.651587491047984,2022-23
1629660,Ty Jerome,Ty,1610612744,GSW,25.0,45,22,23,0.489,815.5783333333334,116.3,71,0.091,0.14,23,0.185,5,0.091,355.0,225.0,165.0,832.0,1.59,1.5947704309734982,321,290,226,300,303,452,346,424,408,296,288,385,387,264,224,190,233,359,39,106,59,47,44,2,11,29,3,5,8,0.375,0.625,0,2,2,1,2,0.0,1.0,1.0,0.5,1629660,Ty Jerome,0.27984563758389264,0.12085906040268456,1662.9,2.5906735751295336,85.6071964017991,29.946524064171165,38.485419186724286,3.316749585406302,8.235294117647058,6.2678763047507555,12.449799196787147,13.223140495867769,4.651162790697675,10.770809549942998,61.299469112492,49.2078579522435,55.25366353236775,4.943502824858757,0.7042253521126761,3.0358279621230206,2022-23
1629639,Tyler Herro,Tyler,1610612748,MIA,23.0,67,37,30,0.552,2335.391666666667,111.3,333,0.154,0.222,51,0.131,16,0.115,719.0,585.0,630.0,2282.0,7.92,7.917850484096204,145,110,342,181,46,214,53,149,167,135,441,228,340,451,448,461,464,35,67,308,151,157,90,0,18,38,13,20,33,0.394,0.606,0,12,11,6,12,0.0,1.0,1.0,0.545,1629639,Tyler Herro,0.3478795180722891,0.13031626506024097,4582.1,8.290155440414509,31.259370314842577,56.684491978609664,28.427964781013124,10.945273631840797,51.37254901960784,35.20163886450102,30.923694779116467,36.36363636363637,0.0,25.096750638919318,33.64295307025953,42.7372588600554,38.190105965157464,41.94915254237288,7.746478873239436,26.557949391262834,2022-23
1630169,Tyrese Haliburton,Tyrese,1610612754,IND,23.0,56,28,28,0.5,1882.8533333333332,117.9,172,0.092,0.141,91,0.307,25,0.11,655.0,610.0,552.0,2076.0,2.83,2.8292654479513093,253,230,312,264,131,490,193,417,403,20,50,154,349,418,469,415,433,269,56,203,78,125,147,1,4,11,18,24,42,0.429,0.571,0,6,5,1,6,0.0,1.0,1.0,0.2,1630169,Tyrese Haliburton,0.34689932885906044,0.13427852348993288,3876.9,12.953367875647666,38.980509745127435,21.3903743315508,24.17211914394137,4.892205638474295,38.82352941176471,25.250999902448545,53.81526104417671,69.42148760330579,2.3255813953488373,46.40502042766492,34.04141069909794,40.02629016195347,37.0338504305257,19.2090395480226,3.5211267605633805,12.149478793665953,2022-23
1630178,Tyrese Maxey,Tyrese,1610612755,PHI,22.0,60,39,21,0.65,2015.77,112.6,153,0.079,0.115,49,0.161,8,0.044,669.0,457.0,619.0,1978.0,6.07,6.0698798600119535,222,89,200,77,104,292,222,469,474,144,361,333,474,427,366,456,410,92,59,207,87,120,65,1,10,22,11,21,32,0.344,0.656,0,32,28,7,32,0.0,1.0,0.875,0.219,1630178,Tyrese Maxey,0.27936253776435044,0.12511480362537764,3951.2,4.145077720207254,42.65367316341829,49.732620320855666,29.019971775493218,5.638474295190713,36.86274509803922,24.373036776899816,20.883534136546185,34.710743801652896,2.3255813953488373,21.0835693340342,61.49585446951198,46.296087589809716,53.89597102966085,16.52542372881356,21.830985915492956,18.91292671281929,2022-23
1626145,Tyus Jones,Tyus,1610612763,MEM,27.0,80,51,29,0.638,1939.4233333333334,111.6,172,0.084,0.128,83,0.234,6,0.027,612.0,616.0,529.0,1910.0,6.43,6.4253990372569385,15,10,327,90,121,236,193,455,446,32,140,365,487,394,476,405,399,74,79,129,32,97,118,3,13,30,7,10,17,0.412,0.588,0,8,7,3,8,0.0,1.0,1.0,0.429,1626145,Tyus Jones,0.305855614973262,0.12294385026737968,4006.5,3.1088082901554404,45.2023988005997,55.08021390374337,30.834416372207915,1.077943615257048,27.84313725490196,17.137059799043996,42.168674698795186,62.8099173553719,6.976744186046512,40.595127000409875,50.72612900954305,47.781449209452816,49.25378910949793,19.2090395480226,4.929577464788732,12.78328161056736,2022-23
1630586,Usman Garuba,Usman,1610612745,HOU,21.0,75,21,54,0.28,970.18,115.5,187,0.194,0.295,44,0.251,29,0.333,457.0,236.0,356.0,992.0,2.18,2.1800784757773073,70,303,532,472,270,413,174,82,73,169,113,126,97,321,232,314,262,317,74,301,186,115,70,3,95,222,15,9,24,0.625,0.375,24,21,43,33,45,0.533,0.467,1.0,0.767,1630586,Usman Garuba,0.3039566473988439,0.11286994219653178,1992.4,15.025906735751295,79.61019490254873,34.22459893048131,42.4300806428129,13.84742951907131,34.90196078431372,26.480148278216756,22.89156626506024,30.57851239669421,6.976744186046512,21.6032918913787,51.49808008463322,54.673995451003364,53.0860377678183,21.32768361581921,14.084507042253522,18.06825415771465,2022-23
203506,Victor Oladipo,Victor,1610612748,MIA,31.0,42,23,19,0.548,1105.64,111.5,112,0.109,0.161,57,0.278,12,0.203,355.0,263.0,287.0,988.0,3.72,3.716310953065246,335,281,176,191,249,231,284,323,332,108,79,278,188,264,256,272,259,215,42,160,66,94,100,9,7,19,11,12,23,0.478,0.522,1,14,11,3,15,0.067,0.933,0.846,0.231,203506,Victor Oladipo,0.3719836734693877,0.16639183673469388,2187.8,6.217616580310881,79.76011994002998,55.61497326203211,44.30683192664287,3.897180762852405,26.666666666666668,17.558872305140962,34.93975903614458,41.32231404958678,20.930232558139537,33.671271671348094,23.844350438178,18.054430288679587,20.949390363428794,10.734463276836157,9.15492957746479,10.023673112119042,2022-23
1628427,Vlatko Cancar,Vlatko,1610612743,DEN,26.0,60,38,22,0.633,889.0233333333333,113.1,104,0.119,0.179,22,0.163,14,0.14,325.0,267.0,207.0,1012.0,2.57,2.5735485185833835,222,95,214,93,288,316,294,272,272,299,355,248,304,252,261,216,267,286,49,168,104,64,39,3,16,36,7,1,8,0.875,0.125,3,10,12,3,13,0.231,0.769,0.923,0.231,1628427,Vlatko Cancar,0.25143771043771046,0.06475757575757576,1785.6,7.253886010362693,78.86056971514243,47.05882352941182,42.267459686797885,7.048092868988391,14.901960784313726,11.760413618183591,10.441767068273093,12.396694214876034,6.976744186046512,10.259735849027477,72.84760200164799,87.59237311920633,80.21998756042716,9.6045197740113,6.338028169014084,8.134598551762554,2022-23
1631117,Walker Kessler,Walker,1610612762,UTA,21.0,74,34,40,0.459,1703.2066666666667,112.7,389,0.205,0.301,26,0.144,173,0.673,684.0,517.0,663.0,1784.0,5.12,5.122805109401253,79,149,481,349,160,297,38,65,62,279,406,4,4,436,406,478,383,134,74,801,686,115,59,0,203,488,21,9,30,0.7,0.3,40,101,131,80,141,0.284,0.716,0.978,0.597,1631117,Walker Kessler,0.34831073446327687,0.13390112994350284,3540.8,89.63730569948186,49.92503748125937,49.19786096256685,65.62815063887524,55.30679933665008,34.90196078431372,43.06389620524827,18.473895582329316,15.702479338842975,0.0,12.885426001526767,33.46765889404301,40.28450201496405,36.87608045450353,49.85875706214689,70.4225352112676,59.11245722925121,2022-23
1628976,Wendell Carter Jr.,Wendell,1610612753,ORL,24.0,57,26,31,0.456,1689.54,111.4,377,0.221,0.313,30,0.119,33,0.212,655.0,420.0,443.0,1690.0,5.72,5.716581439786975,246,253,357,352,162,223,42,43,55,252,468,102,184,418,351,359,373,107,57,439,304,135,61,0,216,470,17,13,30,0.567,0.433,26,62,78,49,88,0.295,0.705,0.94,0.59,1628976,Wendell Carter Jr.,0.371368932038835,0.15837216828478964,3436.9,17.098445595854923,53.44827586206896,56.14973262032085,39.583707945146315,23.6318407960199,42.745098039215684,35.09979514193737,19.27710843373494,19.00826446280992,0.0,14.363735935477447,24.094249548942475,23.541470198526262,23.81785987373437,48.163841807909606,42.95774647887324,45.82109890984324,2022-23
1629117,Wenyen Gabriel,Wenyen,1610612747,LAL,26.0,68,37,31,0.544,1023.75,111.4,170,0.152,0.22,26,0.224,35,0.376,364.0,322.0,284.0,1084.0,3.53,3.5259057343208857,133,110,357,199,262,224,198,159,173,279,161,92,76,273,289,270,281,228,67,398,323,75,78,0,111,252,21,11,32,0.656,0.344,31,67,95,53,98,0.316,0.684,0.99,0.552,1629117,Wenyen Gabriel,0.2817747747747748,0.06556156156156157,2152.9,18.134715025906736,76.16191904047976,56.14973262032085,47.947990829610816,25.207296849087896,19.215686274509807,21.612330504341045,26.104417670682732,15.702479338842975,0.0,15.937634836868135,60.51525375854935,87.04228776081811,73.77877075968374,18.926553672316384,46.478873239436616,31.325097477520487,2022-23
202083,Wesley Matthews,Wesley,1610612749,MIL,36.0,52,37,15,0.712,820.425,108.3,79,0.087,0.123,20,0.189,13,0.163,269.0,237.0,222.0,848.0,3.57,3.5681830163567114,283,110,148,28,301,109,331,438,458,311,281,262,254,221,237,228,236,224,48,111,65,46,39,2,5,12,8,7,15,0.533,0.467,7,26,31,13,33,0.212,0.788,0.939,0.394,202083,Wesley Matthews,0.23278246753246754,0.09280194805194805,1733.8,6.7357512953367875,85.00749625187406,72.72727272727276,50.62874238810882,3.814262023217247,7.8431372549019605,6.231587162228075,10.441767068273093,10.743801652892563,4.651162790697675,9.099828103496053,80.43116214810459,68.40447389531053,74.41781802170756,6.073446327683616,17.6056338028169,11.262930691493594,2022-23
203115,Will Barton,Will,1610612761,TOR,32.0,56,27,29,0.482,992.96,113.2,122,0.125,0.182,28,0.176,13,0.109,319.0,273.0,289.0,1090.0,2.87,2.8748830672767474,253,238,327,313,265,330,265,251,262,264,318,262,351,249,264,274,282,266,49,103,48,55,61,0,2,5,9,11,20,0.45,0.55,0,3,3,2,3,0.0,1.0,1.0,0.667,203115,Will Barton,0.3212159090909091,0.11174242424242424,2017.1,6.7357512953367875,75.93703148425787,46.524064171123,40.903277580405714,2.404643449419569,11.372549019607844,7.785386791532534,19.27710843373494,17.355371900826448,0.0,13.785223538783233,44.48200155968271,55.44544081085869,49.9637211852707,12.146892655367232,1.4084507042253522,7.314593777353387,2022-23
1630214,Xavier Tillman,Xavier,1610612763,MEM,24.0,61,40,21,0.656,1180.1083333333333,110.1,186,0.155,0.23,58,0.246,29,0.212,422.0,339.0,388.0,1230.0,4.48,4.475258012407052,214,74,200,68,241,164,176,148,153,105,125,126,183,304,299,333,298,171,60,378,260,118,98,0,162,347,18,15,33,0.545,0.455,14,30,41,27,44,0.318,0.682,0.932,0.614,1630214,Xavier Tillman,0.3069869281045752,0.1301732026143791,2473.6,15.025906735751295,70.6896551724138,63.101604278074916,46.52714307416407,19.98341625207297,36.07843137254902,29.6404253243586,34.13654618473896,42.14876033057851,0.0,28.406684589598065,50.26623785618916,42.835141877906814,46.550689867047986,21.1864406779661,20.422535211267608,20.84268321795178,2022-23
1629139,Yuta Watanabe,Yuta,1610612751,BKN,28.0,58,30,28,0.517,927.7866666666666,112.9,111,0.117,0.178,25,0.195,17,0.179,353.0,265.0,269.0,974.0,2.79,2.788367764968872,240,207,312,242,281,308,286,284,273,284,254,216,223,263,259,262,256,272,54,253,153,100,35,1,14,33,10,5,15,0.667,0.333,0,21,15,1,21,0.0,1.0,0.833,0.056,1629139,Yuta Watanabe,0.30491875,0.117390625,1906.9,8.808290155440414,80.2848575712144,48.128342245989295,43.65510177359853,11.11111111111111,29.01960784313726,21.856209150326798,8.835341365461847,14.87603305785124,2.3255813953488373,9.322143465269882,51.10697486129254,51.58095399706597,51.34396442917925,10.59322033898305,14.084507042253522,12.164299355454762,2022-23
1628380,Zach Collins,Zach,1610612759,SAS,25.0,63,20,43,0.317,1440.5966666666666,116.3,286,0.19,0.294,37,0.189,49,0.48,565.0,467.0,445.0,1700.0,2.9,2.904000090120504,189,310,499,455,198,449,74,90,75,208,280,58,48,371,374,360,374,265,63,640,547,93,59,4,207,451,12,12,24,0.5,0.5,17,81,89,49,98,0.173,0.827,0.967,0.533,1628380,Zach Collins,0.3868643067846607,0.1392802359882006,3018.3,25.38860103626943,53.07346326836581,29.946524064171165,36.217783574478595,43.78109452736319,26.27450980392157,33.277143693298214,18.473895582329316,24.793388429752067,9.30232558139535,18.392825578693785,17.795210347269645,36.60412922512551,27.19966978619758,35.31073446327684,56.33802816901409,44.773016630858606,2022-23
203897,Zach LaVine,Zach,1610612741,CHI,28.0,77,38,39,0.494,2767.95,111.7,303,0.108,0.155,69,0.163,18,0.073,884.0,656.0,747.0,2710.0,9.09,9.092125948030686,46,95,472,286,3,244,65,324,349,68,356,207,429,524,500,521,526,15,77,437,188,249,96,0,25,50,25,12,37,0.676,0.324,0,15,14,7,15,0.0,1.0,0.933,0.467,203897,Zach LaVine,0.35653462603878117,0.17921883656509693,5618.8,9.32642487046632,15.217391304347828,54.545454545454554,22.693020541071906,14.013266998341626,87.45098039215686,58.07589503463077,33.33333333333333,51.2396694214876,0.0,31.26721763085399,30.12455707984756,9.278224584831746,19.70139083233965,37.71186440677966,9.859154929577464,25.178145142038677,2022-23
1630192,Zeke Nnaji,Zeke,1610612743,DEN,22.0,53,34,19,0.642,727.7983333333333,107.4,73,0.099,0.149,17,0.143,23,0.295,275.0,199.0,196.0,790.0,3.26,3.2640683592867616,277,149,176,85,327,87,343,372,365,331,408,166,123,225,206,206,225,247,51,201,143,58,30,0,57,132,7,3,10,0.7,0.3,13,17,25,13,30,0.433,0.567,0.962,0.5,1630192,Zeke Nnaji,0.25857971014492753,0.07028985507246377,1450.0,11.917098445595855,87.18140929535232,77.54010695187165,54.66535936957957,10.281923714759536,12.549019607843137,11.642181250609696,6.827309236947792,8.264462809917356,0.0,5.623485678250191,69.94430105720227,83.80719950725081,76.87575028222653,5.2259887005649714,11.267605633802818,7.944716320522002,2022-23
