PLAYER_ID,PLAYER_NAME,NICKNAME,TEAM_ID,TEAM_ABBREVIATION,AGE,GP,W,L,W_PCT,MIN,DEF_RATING,DREB,DREB_PCT,PCT_DREB,STL,PCT_STL,BLK,PCT_BLK,OPP_PTS_OFF_TOV,OPP_PTS_2ND_CHANCE,OPP_PTS_FB,OPP_PTS_PAINT,DEF_WS,DEF_WS_RAW,GP_RANK,W_RANK,L_RANK,W_PCT_RANK,MIN_RANK,DEF_RATING_RANK,DREB_RANK,DREB_PCT_RANK,PCT_DREB_RANK,STL_RANK,PCT_STL_RANK,BLK_RANK,PCT_BLK_RANK,OPP_PTS_OFF_TOV_RANK,OPP_PTS_2ND_CHANCE_RANK,OPP_PTS_FB_RANK,OPP_PTS_PAINT_RANK,DEF_WS_RANK,G,CONTESTED_SHOTS,CONTESTED_SHOTS_2PT,CONTESTED_SHOTS_3PT,DEFLECTIONS,CHARGES_DRAWN,SCREEN_ASSISTS,SCREEN_AST_PTS,OFF_LOOSE_BALLS_RECOVERED,DEF_LOOSE_BALLS_RECOVERED,LOOSE_BALLS_RECOVERED,PCT_LOOSE_BALLS_RECOVERED_OFF,PCT_LOOSE_BALLS_RECOVERED_DEF,OFF_BOXOUTS,DEF_BOXOUTS,BOX_OUT_PLAYER_TEAM_REBS,BOX_OUT_PLAYER_REBS,BOX_OUTS,PCT_BOX_OUTS_OFF,PCT_BOX_OUTS_DEF,PCT_BOX_OUTS_TEAM_REB,PCT_BOX_OUTS_REB,DEF_PLAYER_ID,DEF_PLAYER_NAME,avg_fg_pct_allowed,avg_3fg_pct_allowed,total_possessions,BLK_score,OPP_PTS_PAINT_score,DEF_RATING_score,rim_protection_score,CONTESTED_SHOTS_2PT_score,CONTESTED_SHOTS_3PT_score,shot_contesting_score,DEFLECTIONS_score,STL_score,CHARGES_DRAWN_score,ball_disruption_score,avg_fg_pct_allowed_score,avg_3fg_pct_allowed_score,on_ball_matchup_def_score,DREB_score,DEF_BOXOUTS_score,def_reb_score,rim_protection_percentile,shot_contesting_percentile,ball_disruption_percentile,on_ball_matchup_def_percentile,def_reb_percentile,rim_protection_label,shot_contesting_label,ball_disruption_label,on_ball_matchup_def_label,def_reb_label,SEASON
203932,Aaron Gordon,Aaron,1610612753,ORL,23.0,78,40,38,0.513,2632.5333333333333,105.9,445,0.165,0.228,57,0.16,56,0.196,815.0,579.0,633.0,2616.0,9.88,9.880556827291032,68,113,426,245,15,159,30,140,164,119,347,50,201,484,447,458,509,13,78,509,345,164,101,1,68,162,48,47,95,0.505,0.495,17,170,89,30,187,0.091,0.909,0.856,0.288,203932,Aaron Gordon,0.3157459016393443,0.14158469945355193,5360.2,27.77777777777778,23.931623931623932,66.83937823834194,36.19702404676497,24.084621643612696,37.94117647058823,32.39855453979801,31.785714285714285,31.097560975609756,2.0408163265306123,24.108636137381783,34.14318799379987,38.63683403195025,36.390011012875064,52.293577981651374,24.307692307692307,39.6999294283698,32.94117647058823,59.411764705882355,62.94117647058823,28.07017543859649,85.88235294117646,Below Average,Average,Average,Below Average,Above Average,2018-19
1628988,Aaron Holiday,Aaron,1610612754,IND,22.0,50,31,19,0.62,645.83,100.2,62,0.088,0.128,21,0.216,13,0.188,194.0,181.0,175.0,600.0,3.65,3.6539000969793127,294,187,183,134,338,44,357,412,413,299,181,260,209,180,196,193,184,215,40,125,73,52,33,0,1,2,8,9,17,0.471,0.529,0,23,13,0,23,0.0,1.0,0.929,0.0,1628988,Aaron Holiday,,,1530.6,6.0606060606060606,95.72649572649573,96.37305699481864,60.02178017722059,1.9528071602929211,5.0,3.7811228641171684,7.5,9.146341463414634,0.0,6.201219512195122,,,,2.0969855832241153,1.6923076923076923,1.914880532311725,97.05882352941177,1.4705882352941175,10.735294117647058,,1.7647058823529411,Elite,Poor,Poor,Poor,Poor,2018-19
1627846,Abdel Nader,Abdel,1610612760,OKC,25.0,61,38,23,0.623,693.6566666666666,105.8,102,0.139,0.21,20,0.159,12,0.154,225.0,214.0,200.0,694.0,2.65,2.6450816339362917,227,132,230,132,330,156,305,216,195,311,351,277,251,200,218,207,198,282,54,230,131,99,31,1,1,3,13,12,25,0.52,0.48,0,48,27,10,48,0.0,1.0,0.794,0.294,1627846,Abdel Nader,,,1453.2,5.555555555555555,92.37891737891738,67.35751295336789,51.394221543185274,6.672091131000814,18.823529411764707,13.96295409945915,6.785714285714286,8.536585365853659,2.0408163265306123,6.212294673967148,,,,7.339449541284404,5.538461538461538,6.529004940014115,85.88235294117646,17.352941176470587,11.470588235294118,,12.647058823529411,Above Average,Below Average,Poor,Poor,Poor,2018-19
201143,Al Horford,Al,1610612738,BOS,33.0,68,41,27,0.603,1972.6833333333334,106.4,338,0.161,0.236,59,0.173,86,0.387,559.0,579.0,541.0,1888.0,7.07,7.070676137188411,165,103,271,152,109,184,61,149,150,110,314,23,73,371,447,420,404,62,68,794,598,196,94,0,226,522,18,39,57,0.316,0.684,33,411,221,77,444,0.074,0.926,0.86,0.3,201143,Al Horford,0.31643653250773995,0.13099380804953561,4272.2,42.92929292929293,49.85754985754986,64.2487046632124,50.68403578766272,44.67046379170057,47.35294117647059,46.279950222562576,29.28571428571429,32.31707317073171,0.0,23.025261324041814,33.74513228261767,46.00428096196303,39.87470662229035,38.269986893840105,61.38461538461538,48.671569714688985,84.70588235294117,84.70588235294117,60.29411764705882,35.08771929824561,90.88235294117646,Above Average,Above Average,Average,Below Average,Elite,2018-19
202329,Al-Farouq Aminu,Al-Farouq,1610612757,POR,28.0,81,52,29,0.642,2291.6983333333333,108.2,498,0.204,0.289,68,0.189,33,0.125,662.0,638.0,639.0,2284.0,7.1,7.102398796967499,22,18,312,112,58,261,19,71,78,83,256,119,295,417,484,465,468,61,81,601,354,247,155,2,78,186,43,37,80,0.538,0.463,23,265,133,57,288,0.08,0.92,0.875,0.375,202329,Al-Farouq Aminu,0.31612320916905445,0.1258022922636103,4981.2,16.161616161616163,35.75498575498576,54.922279792746096,32.709461427078004,24.81692432872254,62.35294117647059,47.338534437371365,51.07142857142857,37.80487804878049,4.081632653061225,34.68068690890991,33.92572100246473,49.61570662766514,41.77071381506494,59.23984272608126,38.92307692307692,50.09729811472931,22.941176470588236,86.1764705882353,81.17647058823529,42.10526315789473,91.76470588235294,Below Average,Above Average,Above Average,Average,Elite,2018-19
202692,Alec Burks,Alec,1610612758,SAC,27.0,64,19,45,0.297,1374.9466666666667,114.6,205,0.151,0.219,39,0.195,21,0.228,501.0,360.0,380.0,1544.0,1.5,1.4973338322407037,201,307,488,448,204,489,162,172,181,206,237,200,156,343,311,317,353,356,64,327,193,134,75,0,6,13,12,19,31,0.387,0.613,0,31,19,4,31,0.0,1.0,0.95,0.2,202692,Alec Burks,0.31716442953020135,0.10760738255033557,2736.7,10.1010101010101,62.10826210826211,21.761658031088103,31.218710286067804,11.716842961757527,29.117647058823533,22.15732541999713,22.5,20.121951219512198,0.0,16.04268292682927,33.325597651018654,62.272812304160965,47.79920497758981,20.838794233289644,2.923076923076923,12.776721443693921,18.529411764705884,37.35294117647059,40.0,57.19298245614035,30.294117647058822,Below Average,Below Average,Average,Average,Below Average,2018-19
203458,Alex Len,Alex,1610612737,ATL,26.0,77,28,49,0.364,1544.075,110.4,266,0.159,0.23,27,0.108,69,0.437,645.0,444.0,572.0,1504.0,3.78,3.7835138399690638,74,219,506,406,178,374,102,152,161,267,467,35,55,406,366,428,347,208,77,735,602,133,40,0,166,382,21,13,34,0.618,0.382,59,381,226,67,440,0.134,0.866,0.893,0.265,203458,Alex Len,0.3523178082191781,0.1381972602739726,3553.2,34.34343434343434,63.53276353276354,43.52331606217613,46.85466998938501,44.99593165174939,28.823529411764703,35.29249030775858,10.0,12.804878048780488,0.0,8.48170731707317,13.064407781235035,40.99327197774323,27.02883987948913,28.833551769331585,56.769230769230774,41.40460731928622,75.58823529411765,67.05882352941175,17.058823529411764,12.982456140350877,87.05882352941177,Above Average,Average,Below Average,Poor,Above Average,2018-19
1628035,Alfonzo McKinnie,Alfonzo,1610612744,GSW,26.0,72,53,19,0.736,1003.3583333333333,107.9,166,0.152,0.219,18,0.117,15,0.116,356.0,275.0,329.0,1020.0,3.22,3.21813707556389,135,13,183,40,275,251,216,168,183,321,448,245,314,263,251,290,259,243,67,221,107,114,44,3,16,43,13,19,32,0.406,0.594,5,56,33,5,61,0.082,0.918,0.971,0.147,1628035,Alfonzo McKinnie,0.251504,0.07573066666666667,2295.1,7.07070707070707,80.76923076923077,56.4766839378238,45.216684581969545,4.719283970707893,23.235294117647058,15.82889005887139,11.428571428571429,7.317073170731707,6.122448979591836,8.663016426082628,71.16999495386243,84.44752863511735,77.8087617944899,15.727391874180865,6.769230769230769,11.696219376953323,68.82352941176471,21.764705882352942,18.38235294117647,93.6842105263158,26.176470588235297,Average,Below Average,Below Average,Elite,Below Average,2018-19
203459,Allen Crabbe,Allen,1610612751,BKN,27.0,43,19,24,0.442,1133.0883333333334,106.1,132,0.108,0.162,23,0.15,13,0.16,418.0,375.0,255.0,1130.0,4.19,4.192576677982894,331,307,245,340,253,174,265,318,309,289,365,260,245,297,324,232,281,192,42,194,116,78,44,0,5,11,6,18,24,0.25,0.75,1,33,19,7,34,0.029,0.971,0.95,0.35,203459,Allen Crabbe,0.20148363636363636,0.07934909090909091,2338.4,6.0606060606060606,76.85185185185185,65.80310880829018,45.77316777446312,5.451586655817739,12.647058823529411,9.768869956444743,11.428571428571429,10.365853658536585,0.0,8.199477351916377,100.0,81.93040825691928,90.96520412845965,11.271297509829619,3.230769230769231,7.653059784252445,70.58823529411765,9.705882352941178,16.176470588235293,99.64912280701755,16.176470588235293,Above Average,Poor,Below Average,Elite,Below Average,2018-19
1629019,Allonzo Trier,Allonzo,1610612752,NYK,23.0,64,13,51,0.203,1458.5633333333333,109.3,166,0.107,0.161,28,0.136,14,0.078,531.0,471.0,358.0,1566.0,4.01,4.008662672338424,201,374,510,494,190,319,216,325,310,261,405,253,382,356,383,308,356,197,64,265,142,123,48,3,5,12,20,28,48,0.417,0.583,1,27,17,3,28,0.036,0.964,0.81,0.143,1629019,Allonzo Trier,0.32794285714285715,0.09952285714285714,2915.0,6.565656565656567,61.32478632478633,49.22279792746115,36.39563732180313,7.5671277461350686,25.882352941176475,18.556262863159912,12.857142857142856,13.414634146341465,6.122448979591836,11.368591338974614,27.113285307163704,67.8967309736839,47.505008140423804,15.727391874180865,2.307692307692308,9.688527069261015,35.0,28.235294117647058,25.882352941176475,56.14035087719298,20.0,Below Average,Below Average,Below Average,Average,Below Average,2018-19
101161,Amir Johnson,Amir,1610612755,PHI,32.0,51,32,19,0.627,529.1716666666666,109.7,100,0.185,0.264,16,0.174,13,0.228,207.0,126.0,151.0,588.0,1.43,1.431919526529821,284,179,183,123,355,339,308,98,104,338,308,260,157,188,165,176,181,362,50,209,169,40,35,2,78,179,10,7,17,0.588,0.412,19,135,80,26,154,0.123,0.877,0.851,0.277,101161,Amir Johnson,,,1116.1,6.0606060606060606,96.15384615384616,47.15025906735749,47.86565334492795,9.764035801464606,1.4705882352941175,4.787967261762313,8.214285714285714,6.097560975609756,4.081632653061225,6.440268790443006,,,,7.077326343381389,18.923076923076923,12.40791410424438,79.41176470588235,2.6470588235294117,11.76470588235294,,28.52941176470588,Above Average,Poor,Poor,Poor,Below Average,2018-19
203083,Andre Drummond,Andre,1610612765,DET,25.0,79,40,39,0.506,2646.89,108.4,809,0.311,0.447,136,0.361,138,0.554,863.0,639.0,681.0,2720.0,7.94,7.941021352864457,56,113,438,250,14,270,1,7,7,5,20,6,20,502,485,487,518,43,79,1025,800,225,225,1,302,665,47,52,99,0.475,0.525,204,262,275,192,468,0.436,0.56,0.865,0.604,203083,Andre Drummond,0.35041144414168934,0.13425613079019072,5634.8,69.1919191919192,20.22792022792023,53.88601036269426,48.228042347213325,61.10659072416599,55.88235294117647,57.97204805437228,76.07142857142857,79.26829268292683,2.0408163265306123,58.68267794922847,14.163170004823119,43.73487900669082,28.949024505756967,100.0,38.46153846153847,72.30769230769232,80.29411764705883,96.17647058823529,98.23529411764706,15.087719298245613,98.82352941176471,Above Average,Elite,Elite,Below Average,Elite,2018-19
2738,Andre Iguodala,Andre,1610612744,GSW,35.0,68,47,21,0.691,1577.88,104.4,204,0.117,0.171,61,0.244,51,0.213,529.0,418.0,441.0,1468.0,6.67,6.671771181049954,165,51,202,67,173,109,163,282,283,102,121,61,173,354,347,352,338,76,68,304,172,132,114,2,44,112,28,48,76,0.368,0.632,9,188,104,25,197,0.046,0.954,0.881,0.212,2738,Andre Iguodala,0.26699125364431486,0.10336151603498543,3319.0,25.252525252525253,64.81481481481481,74.61139896373054,51.43904502712792,10.00813669650122,28.52941176470588,21.120901737424017,36.42857142857142,33.53658536585366,4.081632653061225,27.329641612742655,62.2436783848278,65.22640657970022,63.735042482264014,20.70773263433814,27.076923076923077,23.57386833350136,86.1764705882353,34.705882352941174,69.11764705882352,81.75438596491227,64.41176470588236,Above Average,Below Average,Average,Above Average,Average,2018-19
203952,Andrew Wiggins,Andrew,1610612750,MIN,24.0,73,31,42,0.425,2542.713333333333,111.9,269,0.099,0.149,70,0.17,48,0.182,812.0,807.0,714.0,2586.0,5.03,5.033706114559214,124,187,465,354,30,431,101,361,352,77,325,69,212,482,527,497,503,143,73,650,327,323,121,0,6,17,46,47,93,0.495,0.505,11,65,47,14,76,0.145,0.855,0.87,0.259,203952,Andrew Wiggins,0.34773579545454547,0.15849147727272728,5584.3,23.737373737373737,25.0,35.75129533678753,27.18277332914638,22.620016273393002,84.70588235294117,59.871535921121904,38.92857142857143,39.02439024390244,0.0,29.229965156794428,15.705321231728057,26.875804333066206,21.29056278239713,29.226736566186105,8.153846153846153,19.743935880633128,7.941176470588235,97.94117647058823,72.35294117647058,5.263157894736842,55.294117647058826,Poor,Elite,Above Average,Poor,Average,2018-19
1627790,Ante Zizic,Ante,1610612739,CLE,22.0,59,13,46,0.22,1081.9683333333332,110.2,212,0.193,0.275,13,0.098,22,0.349,367.0,265.0,342.0,1110.0,2.69,2.6937917774780074,240,374,491,485,262,365,153,88,93,361,478,191,85,268,244,297,278,280,58,387,323,64,17,0,157,353,13,17,30,0.433,0.567,67,227,167,73,294,0.228,0.772,0.861,0.376,1627790,Ante Zizic,0.2978779761904762,0.10829464285714285,2376.9,10.606060606060606,77.56410256410257,44.55958549222795,42.52975651291713,22.29454841334418,8.529411764705882,14.035466424161202,1.7857142857142856,4.2682926829268295,0.0,2.2081881533101044,44.4416413317198,61.794726594058524,53.11818396288916,21.756225425950195,33.07692307692307,26.850539368887993,59.411764705882355,17.941176470588236,2.0588235294117645,65.26315789473685,70.88235294117648,Average,Below Average,Poor,Average,Above Average,2018-19
203076,Anthony Davis,Anthony,1610612740,NOP,26.0,56,25,31,0.446,1849.8833333333334,110.1,498,0.249,0.354,88,0.28,135,0.59,657.0,487.0,596.0,1894.0,4.58,4.576339390014657,263,251,335,332,131,355,19,26,28,40,74,8,15,413,390,439,405,164,56,682,494,188,149,6,189,413,40,47,87,0.46,0.54,50,200,153,92,250,0.2,0.8,0.916,0.551,203076,Anthony Davis,0.3173962848297214,0.12730030959752323,3892.7,67.67676767676768,49.64387464387464,45.077720207253904,55.715493247876665,36.208299430431246,45.0,41.4833197721725,48.92857142857142,50.0,12.244897959183673,40.13265306122449,33.19196428714049,48.57362595788721,40.882795122513855,59.23984272608126,28.923076923076923,45.59729811472931,92.64705882352942,78.23529411764706,87.94117647058823,38.59649122807017,89.11764705882354,Elite,Above Average,Above Average,Below Average,Above Average,2018-19
201229,Anthony Tolliver,Anthony,1610612750,MIN,34.0,65,27,38,0.415,1079.3416666666667,108.6,162,0.143,0.213,17,0.099,21,0.212,307.0,340.0,249.0,1050.0,3.2,3.197973715191018,196,229,426,366,263,279,226,201,193,330,475,200,174,239,295,226,265,244,59,237,130,107,28,14,38,86,7,16,23,0.304,0.696,8,162,74,22,170,0.047,0.953,0.881,0.262,201229,Anthony Tolliver,0.23258702064896752,0.10845722713864307,2388.9,10.1010101010101,79.7008547008547,52.84974093264251,45.148138418863816,6.590724165988608,21.176470588235293,15.34217201933662,5.714285714285714,6.707317073170732,28.57142857142857,11.776132404181185,82.07308662494077,61.681626476239096,71.87735655058994,15.203145478374836,23.076923076923077,18.746345397721548,68.23529411764706,20.588235294117645,28.52941176470588,90.52631578947368,52.05882352941177,Average,Below Average,Below Average,Elite,Average,2018-19
1628469,Antonio Blakeney,Antonio,1610612741,CHI,22.0,57,14,43,0.246,829.0366666666666,110.8,99,0.114,0.172,12,0.112,9,0.145,260.0,216.0,226.0,852.0,1.94,1.9403010165459937,259,361,474,469,300,387,310,291,281,369,456,310,265,218,221,216,231,326,50,148,69,79,19,0,0,0,8,11,19,0.421,0.579,0,23,12,2,23,0.0,1.0,0.75,0.125,1628469,Antonio Blakeney,,,1662.4,4.040404040404041,86.75213675213675,41.450777202072544,42.34210377992761,1.627339300244101,12.941176470588237,8.415641602450583,2.5,3.6585365853658534,0.0,2.2804878048780486,,,,6.946264744429882,1.6923076923076923,4.581984070974897,58.235294117647065,7.0588235294117645,2.3529411764705883,,6.470588235294119,Average,Poor,Poor,Poor,Poor,2018-19
203382,Aron Baynes,Aron,1610612738,BOS,32.0,51,32,19,0.627,820.795,102.2,152,0.175,0.257,12,0.079,34,0.405,273.0,211.0,220.0,782.0,4.06,4.060278469542254,284,179,183,123,302,64,242,116,111,369,490,110,66,224,217,214,215,196,49,387,303,84,22,18,156,365,9,6,15,0.6,0.4,75,224,150,48,299,0.251,0.749,0.882,0.282,203382,Aron Baynes,,,1866.3,16.666666666666664,89.24501424501425,86.0103626943005,59.40501232599678,20.667209113100082,14.411764705882351,16.913942468769445,3.571428571428571,3.6585365853658534,36.734693877551024,11.892732702837232,,,,13.892529488859765,32.61538461538461,22.317814295795948,95.88235294117648,25.588235294117645,28.823529411764703,,62.05882352941177,Elite,Below Average,Below Average,Poor,Average,2018-19
203085,Austin Rivers,Austin,1610612745,HOU,26.0,76,45,31,0.592,2027.7266666666667,109.1,137,0.065,0.101,47,0.135,23,0.112,666.0,585.0,628.0,2142.0,5.79,5.79212752165703,88,70,335,166,100,312,261,486,476,158,409,182,328,420,453,454,452,110,75,351,225,126,94,5,11,26,13,37,50,0.26,0.74,0,70,41,5,70,0.0,1.0,0.82,0.1,203085,Austin Rivers,0.31450439882697945,0.11174486803519061,4334.1,11.11111111111111,40.81196581196581,50.259067357512976,31.29339931801072,14.320585842148088,26.764705882352942,21.787057866271,29.28571428571429,25.0,10.204081632653061,23.01530612244898,34.85874721295061,59.394612200833684,47.12667970689215,11.926605504587156,8.923076923076923,10.575017642907552,18.823529411764707,36.17647058823529,60.0,55.08771929824562,22.941176470588236,Below Average,Below Average,Average,Average,Below Average,2018-19
202340,Avery Bradley,Avery,1610612763,MEM,28.0,63,31,32,0.492,1905.4483333333333,110.2,132,0.065,0.096,41,0.172,16,0.094,713.0,533.0,664.0,1982.0,4.89,4.888812227590683,218,187,352,275,122,362,265,487,487,192,321,238,354,446,419,478,425,149,63,296,156,140,102,4,9,23,29,30,59,0.492,0.508,4,83,40,6,87,0.046,0.954,0.816,0.122,202340,Avery Bradley,0.28716370106761563,0.12450533807829181,3907.3,7.575757575757576,46.50997150997151,44.55958549222795,30.448689431850045,8.70626525630594,30.88235294117647,22.011917867228256,32.142857142857146,21.341463414634145,8.16326530612245,22.367471378795425,50.61697840250468,50.517919743302265,50.56744907290347,11.271297509829619,10.923076923076923,11.114598245790907,16.470588235294116,37.05882352941177,57.647058823529406,62.4561403508772,23.52941176470588,Below Average,Below Average,Average,Average,Below Average,2018-19
1628389,Bam Adebayo,Bam,1610612748,MIA,21.0,82,39,43,0.476,1912.6,104.5,432,0.221,0.318,71,0.208,65,0.342,677.0,507.0,447.0,1668.0,7.97,7.970269045224109,1,118,474,293,120,112,32,50,57,71,201,40,88,424,401,356,369,42,82,637,477,160,117,0,245,560,39,21,60,0.65,0.35,53,582,328,122,635,0.083,0.917,0.886,0.33,1628389,Bam Adebayo,0.3161317204301075,0.11890591397849462,4092.1,32.323232323232325,57.692307692307686,74.09326424870466,51.644916683776785,34.82506102522376,36.76470588235294,35.98884793950127,37.5,39.63414634146341,0.0,28.871951219512194,33.920815406398056,54.413102718953034,44.166959062675545,50.58977719528178,87.6923076923077,67.28591591894345,86.76470588235294,68.82352941176471,71.17647058823529,48.07017543859649,97.35294117647058,Above Average,Average,Above Average,Average,Elite,2018-19
1627732,Ben Simmons,Ben,1610612755,PHI,22.0,79,50,29,0.633,2700.2633333333333,108.9,525,0.179,0.255,112,0.268,61,0.206,1057.0,684.0,876.0,2970.0,7.83,7.827219614299085,56,25,312,117,9,297,14,112,115,16,90,42,186,528,503,525,527,46,78,517,290,227,215,0,134,336,65,69,134,0.485,0.515,37,109,65,30,146,0.253,0.747,0.867,0.4,1627732,Ben Simmons,0.3175530726256983,0.12343575418994412,5815.7,30.303030303030305,11.324786324786325,51.29533678756473,28.908721531778518,19.609438567941414,56.470588235294116,41.72612836835304,72.5,64.63414634146342,0.0,51.6219512195122,33.101597232193654,51.26196500200542,42.18178111709953,62.77850589777195,14.923076923076922,41.24356285915919,13.529411764705882,78.82352941176471,96.17647058823529,43.859649122807014,86.76470588235294,Poor,Above Average,Elite,Average,Above Average,2018-19
202687,Bismack Biyombo,Bismack,1610612766,CHA,26.0,54,24,30,0.444,782.4416666666667,111.8,166,0.205,0.29,11,0.102,41,0.456,213.0,217.0,235.0,780.0,1.55,1.5518005490674602,274,262,324,335,313,429,216,70,77,378,471,84,44,193,222,219,214,351,54,327,263,64,14,1,120,274,16,8,24,0.667,0.333,40,169,108,45,209,0.191,0.809,0.893,0.372,202687,Bismack Biyombo,,,1699.1,20.2020202020202,89.31623931623932,36.26943005181348,48.40884935444521,17.41253051261188,8.529411764705882,12.082659263868281,0.7142857142857143,3.048780487804878,2.0408163265306123,1.8629915380786461,,,,15.727391874180865,24.153846153846153,19.51929630003025,80.58823529411765,14.117647058823529,1.1764705882352942,,54.70588235294118,Above Average,Poor,Poor,Poor,Average,2018-19
201933,Blake Griffin,Blake,1610612765,DET,30.0,75,39,36,0.52,2622.3333333333335,109.3,465,0.182,0.257,52,0.144,28,0.137,874.0,585.0,693.0,2668.0,7.15,7.149505336949283,98,118,406,235,17,321,27,104,112,143,382,149,279,507,453,491,516,58,75,538,284,254,102,30,172,419,57,44,101,0.564,0.436,30,304,171,66,335,0.09,0.907,0.905,0.349,201933,Blake Griffin,0.33451675977653633,0.1656312849162011,5398.4,13.636363636363635,22.07977207977208,49.22279792746115,25.488165164330972,19.121236777868187,64.41176470588236,46.295553534676685,32.142857142857146,28.04878048780488,61.224489795918366,37.98033847685416,23.324315529182975,21.90906906054277,22.616692294862872,54.914809960681524,44.92307692307692,50.41853009375946,6.176470588235294,85.0,85.58823529411764,6.315789473684211,92.05882352941175,Poor,Above Average,Above Average,Poor,Elite,2018-19
1626246,Boban Marjanovic,Boban,1610612755,PHI,30.0,58,31,27,0.534,680.6583333333333,105.3,178,0.232,0.319,16,0.203,27,0.443,262.0,195.0,241.0,656.0,2.7,2.700196423810345,248,187,271,224,332,134,199,42,56,338,213,152,49,219,202,225,194,279,57,369,303,66,17,0,89,191,6,5,11,0.545,0.455,33,142,88,43,175,0.189,0.811,0.898,0.439,1626246,Boban Marjanovic,,,1561.6,13.131313131313133,93.73219373219374,69.94818652849743,55.54583969091742,20.667209113100082,9.117647058823529,13.737471880534152,1.7857142857142856,6.097560975609756,0.0,2.8484320557491287,,,,17.300131061598954,20.0,18.515072083879424,91.76470588235294,16.470588235294116,3.3823529411764706,,51.470588235294116,Elite,Below Average,Poor,Poor,Average,2018-19
1626171,Bobby Portis Jr.,Bobby,1610612764,WAS,24.0,50,14,36,0.28,1298.1766666666667,114.3,294,0.226,0.33,35,0.183,20,0.192,412.0,363.0,319.0,1408.0,1.6,1.6046058595571082,294,361,406,452,219,485,87,47,46,224,278,206,204,292,313,280,331,349,50,311,210,101,66,1,96,210,18,21,39,0.462,0.538,53,265,161,74,319,0.166,0.831,0.852,0.392,1626171,Bobby Portis Jr.,0.34019354838709676,0.09479928315412187,2712.2,9.595959595959595,66.95156695156696,23.316062176165804,33.10044781547372,13.100081366965014,19.411764705882355,16.887091370315417,19.28571428571429,17.682926829268293,2.0408163265306123,14.413514186162269,20.0524112008159,71.18263764144548,45.61752442113069,32.50327653997378,38.92307692307692,35.3921867123702,23.235294117647058,25.0,35.588235294117645,51.2280701754386,82.05882352941177,Below Average,Below Average,Below Average,Average,Above Average,2018-19
203992,Bogdan Bogdanović,Bogdan,1610612758,SAC,26.0,70,32,38,0.457,1947.17,109.3,203,0.098,0.147,72,0.226,15,0.089,684.0,585.0,504.0,1952.0,5.26,5.261462051511686,148,179,426,318,113,318,166,369,356,66,158,245,366,432,453,394,418,132,70,381,207,174,159,1,13,32,27,26,53,0.509,0.491,6,104,57,9,110,0.055,0.945,0.891,0.141,203992,Bogdan Bogdanović,0.3511150684931507,0.14650410958904111,4268.7,7.07070707070707,47.57834757834758,49.22279792746115,31.786403962569764,12.855980471928397,40.88235294117647,29.67180395347724,52.5,40.243902439024396,2.0408163265306123,35.59556993529119,13.757625300056727,35.21469592123002,24.486160610643374,20.57667103538663,14.153846153846153,17.68639983869342,20.88235294117647,55.00000000000001,83.82352941176471,8.771929824561402,48.8235294117647,Below Average,Average,Above Average,Poor,Average,2018-19
202711,Bojan Bogdanovic,Bojan,1610612754,IND,30.0,81,47,34,0.58,2573.0583333333334,105.8,300,0.113,0.17,69,0.14,1,0.004,814.0,752.0,718.0,2428.0,9.72,9.716656986839794,22,51,382,184,24,154,85,295,286,78,397,447,472,483,517,498,487,16,81,502,219,283,94,3,11,24,25,43,68,0.368,0.632,12,97,48,3,109,0.11,0.89,0.828,0.052,202711,Bojan Bogdanovic,0.31115384615384617,0.13190384615384615,5411.8,0.0,30.626780626780626,67.35751295336789,27.55875145771519,13.83238405207486,72.94117647058823,49.29765950318288,29.28571428571429,38.41463414634146,6.122448979591836,26.690019910403187,36.78988972075035,45.37122212092396,41.080555920837156,33.28964613368283,13.076923076923078,24.19392075814094,9.705882352941178,87.3529411764706,67.64705882352942,39.64912280701755,66.47058823529412,Poor,Above Average,Average,Below Average,Average,2018-19
203078,Bradley Beal,Bradley,1610612764,WAS,26.0,82,32,50,0.39,3027.6516666666666,113.5,322,0.104,0.158,121,0.23,58,0.207,1057.0,883.0,867.0,3288.0,4.53,4.526686340777261,1,179,508,389,1,476,67,343,324,11,150,46,185,528,530,524,530,169,82,613,281,332,202,12,19,43,62,77,139,0.446,0.554,7,76,44,12,83,0.084,0.916,0.846,0.231,203078,Bradley Beal,0.36136675461741424,0.18506068601583114,6382.0,28.78787878787879,0.0,27.461139896373048,18.38043648924478,18.87713588283157,87.3529411764706,59.96261905901498,67.85714285714286,70.1219512195122,24.489795918367346,57.80798904927825,7.848908505381658,8.393201885361238,8.121055195371447,36.17300131061599,9.846153846153847,24.32591995160803,1.7647058823529411,98.23529411764706,97.94117647058823,0.3508771929824561,66.76470588235294,Poor,Elite,Elite,Poor,Average,2018-19
1627742,Brandon Ingram,Brandon,1610612747,LAL,21.0,52,25,27,0.481,1760.4933333333333,108.8,226,0.113,0.168,28,0.111,31,0.144,681.0,516.0,651.0,1882.0,5.11,5.109597063129693,281,251,271,287,143,292,136,296,288,261,459,131,266,427,407,471,403,138,52,427,213,214,49,2,21,49,33,28,61,0.541,0.459,1,28,19,4,29,0.034,0.966,0.905,0.19,1627742,Brandon Ingram,0.2917508532423208,0.10945733788395903,3718.7,15.151515151515152,50.071225071225065,51.81347150259068,36.5389027111825,13.344182262001627,52.64705882352941,36.92590819891829,13.214285714285715,13.414634146341465,4.081632653061225,11.001244400199106,47.97310277405941,60.985909509727975,54.479506141893694,23.591087811271297,2.4615384615384617,14.082790603891521,35.88235294117647,70.88235294117648,24.705882352941178,66.3157894736842,37.05882352941177,Below Average,Above Average,Below Average,Average,Below Average,2018-19
201572,Brook Lopez,Brook,1610612749,MIL,31.0,81,60,21,0.741,2321.595,103.4,363,0.135,0.181,51,0.136,179,0.561,697.0,597.0,495.0,2010.0,10.5,10.500859507564778,22,1,202,38,52,82,51,225,266,149,404,3,17,439,462,388,432,7,81,1561,1278,283,82,0,119,275,28,32,60,0.467,0.533,11,574,316,70,585,0.019,0.981,0.908,0.201,201572,Brook Lopez,0.3287932011331445,0.15412747875354108,5181.8,89.8989898989899,45.51282051282051,79.79274611398961,71.83726966758053,100.0,72.94117647058823,83.76470588235293,25.0,27.439024390243905,0.0,19.603658536585364,26.623176484501844,29.91157594720683,28.267376215854338,41.54652686762779,86.46153846153845,61.7582820848876,99.70588235294117,100.0,50.294117647058826,14.385964912280702,95.88235294117648,Elite,Elite,Average,Poor,Elite,2018-19
1628971,Bruce Brown,Bruce,1610612765,DET,22.0,74,35,39,0.473,1449.3166666666666,105.8,137,0.092,0.132,40,0.182,36,0.263,513.0,323.0,387.0,1488.0,5.54,5.535358987510232,112,152,438,299,191,153,261,392,405,199,283,105,134,347,284,322,344,121,72,400,236,164,87,0,9,21,23,27,50,0.46,0.54,4,44,32,4,48,0.083,0.917,0.842,0.105,1628971,Bruce Brown,0.25613742690058483,0.09752923976608187,3107.0,17.67676767676768,64.1025641025641,67.35751295336789,46.34598274494648,15.215622457282343,37.94117647058823,28.850954865265876,26.785714285714285,20.73170731707317,0.0,17.970383275261323,68.49944817623647,69.28357082142071,68.89150949882858,11.926605504587156,4.923076923076923,8.775017642907553,72.6470588235294,52.94117647058824,45.294117647058826,88.42105263157895,18.235294117647058,Above Average,Average,Average,Above Average,Below Average,2018-19
1627854,Bryn Forbes,Bryn,1610612759,SAS,25.0,82,48,34,0.585,2292.6,110.2,221,0.096,0.135,45,0.141,4,0.019,702.0,577.0,657.0,2168.0,5.67,5.674206313815145,1,38,382,175,57,359,142,377,393,170,395,388,468,443,446,473,457,116,82,371,189,182,74,0,19,38,29,43,72,0.403,0.597,0,108,73,8,108,0.0,1.0,0.936,0.103,1627854,Bryn Forbes,0.30860975609756097,0.13392953929539295,4803.3,1.5151515151515151,39.88603988603989,44.55958549222795,25.70607093923155,11.391375101708705,43.23529411764706,30.49772651127172,22.142857142857142,23.78048780487805,0.0,17.180313588850176,38.256215109620776,43.96206909050224,41.109142100061504,22.93577981651376,14.76923076923077,19.260832745236417,6.470588235294119,56.470588235294116,42.94117647058823,40.0,53.529411764705884,Poor,Average,Average,Average,Average,2018-19
1627741,Buddy Hield,Buddy,1610612758,SAC,26.0,82,39,43,0.476,2614.858333333333,110.0,306,0.11,0.164,58,0.127,33,0.132,859.0,820.0,788.0,2796.0,6.61,6.608629606435321,1,118,474,293,18,353,79,314,304,115,433,119,285,501,529,515,523,81,82,631,372,259,119,0,15,35,47,51,98,0.48,0.52,11,35,30,9,46,0.239,0.761,0.882,0.265,1627741,Buddy Hield,0.35483152173913046,0.15308423913043478,5789.0,16.161616161616163,17.52136752136752,45.595854922279784,23.996088827695043,26.28152969894223,65.88235294117646,50.04202364428277,38.21428571428571,31.70731707317073,0.0,26.38327526132404,11.615590375755652,30.637295083143528,21.12644272944959,34.07601572739188,3.5384615384615383,20.334116342373225,4.705882352941177,88.52941176470588,65.88235294117646,4.912280701754386,57.05882352941176,Poor,Above Average,Average,Poor,Average,2018-19
203468,CJ McCollum,CJ,1610612757,POR,27.0,70,43,27,0.614,2375.2566666666667,108.9,220,0.087,0.122,55,0.156,28,0.11,728.0,691.0,678.0,2384.0,6.79,6.786613119664961,148,88,271,139,46,302,144,420,431,127,358,149,331,453,504,486,483,70,70,565,352,213,80,0,11,23,44,46,90,0.489,0.511,5,55,31,9,60,0.083,0.917,0.795,0.231,203468,CJ McCollum,0.3041234939759036,0.1362198795180723,4980.9,13.636363636363635,32.193732193732195,51.29533678756473,29.5461859192429,24.654190398698127,52.352941176470594,41.27344086536161,24.285714285714285,29.878048780487802,0.0,20.171602787456443,40.84194120601507,42.368816983709344,41.60537909486221,22.804718217562254,6.615384615384616,15.519518096582317,14.705882352941178,77.94117647058823,52.64705882352941,41.05263157894737,45.0,Poor,Above Average,Average,Average,Average,2018-19
101139,CJ Miles,CJ,1610612763,MEM,32.0,53,33,20,0.623,856.595,105.5,82,0.09,0.133,26,0.172,15,0.146,258.0,232.0,296.0,828.0,3.52,3.5242343325189363,275,169,195,133,299,141,333,399,399,272,318,245,263,215,232,269,227,224,52,166,89,77,46,4,6,14,12,14,26,0.462,0.538,2,79,35,7,81,0.025,0.975,0.897,0.179,101139,CJ Miles,,,1761.0,7.07070707070707,87.6068376068376,68.9119170984456,50.71865526528739,3.254678600488202,12.352941176470589,8.713636146077635,12.142857142857142,12.195121951219512,8.16326530612245,11.166251866600298,,,,4.718217562254259,10.307692307692308,7.233481197701382,85.0,7.941176470588235,25.294117647058822,,14.411764705882351,Above Average,Poor,Below Average,Poor,Poor,2018-19
1626166,Cameron Payne,Cameron,1610612739,CLE,24.0,40,7,33,0.175,712.225,114.8,59,0.083,0.129,28,0.241,9,0.118,248.0,201.0,194.0,692.0,0.82,0.821735304073584,352,433,372,508,328,492,364,433,412,261,126,310,309,209,206,202,197,403,38,135,74,61,69,3,4,9,13,14,27,0.481,0.519,0,32,18,1,32,0.0,1.0,0.9,0.05,1626166,Cameron Payne,,,1421.7,4.040404040404041,92.45014245014245,20.725388601036272,39.15505862397055,2.034174125305126,7.647058823529412,5.401904944239697,20.357142857142858,13.414634146341465,6.122448979591836,14.368591338974616,,,,1.7038007863695939,3.076923076923077,2.3217058171186613,42.94117647058823,3.5294117647058822,35.294117647058826,,2.6470588235294117,Average,Poor,Below Average,Poor,Poor,2018-19
1627747,Caris LeVert,Caris,1610612751,BKN,24.0,40,19,21,0.475,1062.8866666666668,108.7,116,0.1,0.156,42,0.28,14,0.13,347.0,342.0,295.0,1066.0,3.1,3.0988158576657256,352,307,202,296,268,284,285,357,327,189,75,253,288,257,297,268,269,250,40,249,133,116,82,4,3,7,18,23,41,0.439,0.561,0,38,24,4,38,0.0,1.0,0.857,0.143,1627747,Caris LeVert,0.27316955017301037,0.07658477508650519,2436.6,6.565656565656567,79.13105413105413,52.33160621761655,43.40503312653571,6.8348250610252235,23.823529411764703,17.02804767146891,25.0,21.951219512195124,8.16326530612245,19.723743155798907,58.68272226316266,83.85337671573774,71.26804948945019,9.174311926605505,4.0,6.845871559633028,62.94117647058823,25.882352941176475,50.882352941176464,90.17543859649123,13.23529411764706,Average,Below Average,Average,Elite,Poor,2018-19
1626224,Cedi Osman,Cedi,1610612739,CLE,24.0,76,17,59,0.224,2443.911666666667,118.8,312,0.134,0.194,60,0.186,11,0.097,848.0,677.0,748.0,2594.0,-0.23,-0.22763376074282776,88,328,523,483,40,515,74,226,232,105,265,290,348,496,501,505,505,529,75,578,309,269,99,7,35,83,31,42,73,0.425,0.575,4,122,56,21,126,0.032,0.968,0.889,0.333,1626224,Cedi Osman,0.3390531914893617,0.15942021276595744,5199.7,5.05050505050505,24.715099715099715,0.0,10.67048692048692,21.155410903173312,68.82352941176471,49.75628200832815,31.071428571428573,32.926829268292686,14.285714285714285,27.524390243902438,20.7096734181621,26.229738841751875,23.46970612995699,34.862385321100916,16.923076923076923,26.78969654199012,0.5882352941176471,88.23529411764706,69.41176470588235,7.017543859649122,70.58823529411765,Poor,Above Average,Average,Poor,Above Average,2018-19
1628990,Chandler Hutchison,Chandler,1610612741,CHI,23.0,44,10,34,0.227,894.615,107.6,154,0.167,0.246,23,0.153,6,0.077,281.0,215.0,251.0,890.0,2.94,2.9434337958708756,326,400,382,481,292,235,237,136,136,289,362,358,383,227,219,227,235,262,42,164,79,85,47,8,5,12,13,23,36,0.361,0.639,3,105,54,12,108,0.028,0.972,0.857,0.19,1628990,Chandler Hutchison,,,1822.3,2.525252525252525,85.39886039886039,58.03108808290158,45.40747417042754,2.4410089503661516,14.705882352941178,9.799932991911167,12.5,10.365853658536585,16.3265306122449,12.70968143354903,,,,14.154652686762779,14.307692307692307,14.223520516181066,69.41176470588235,10.0,30.58823529411765,,37.94117647058823,Average,Poor,Below Average,Poor,Below Average,2018-19
1626184,Chasson Randle,Chasson,1610612764,WAS,26.0,49,19,30,0.388,742.91,110.6,46,0.062,0.092,25,0.191,3,0.045,265.0,209.0,232.0,816.0,1.77,1.7684318617503487,300,307,324,396,322,383,392,493,491,280,252,408,445,220,216,218,223,335,49,160,73,87,47,1,4,8,7,5,12,0.583,0.417,1,27,21,2,28,0.036,0.964,0.913,0.087,1626184,Chasson Randle,,,1661.6,1.0101010101010102,88.03418803418803,42.487046632124375,41.83776787403731,1.9528071602929211,15.294117647058824,9.957593452352462,12.5,11.585365853658537,2.0408163265306123,9.56508213041314,,,,0.0,2.307692307692308,1.0384615384615385,56.1764705882353,10.294117647058822,21.176470588235293,,0.29411764705882354,Average,Poor,Below Average,Poor,Poor,2018-19
1627767,Cheick Diallo,Cheick,1610612740,NOP,22.0,64,27,37,0.422,895.645,110.0,257,0.26,0.374,29,0.236,33,0.379,371.0,265.0,278.0,942.0,2.32,2.316027586011212,201,229,416,359,291,352,111,18,22,255,138,119,76,269,244,251,243,298,61,319,275,44,35,1,95,226,16,22,38,0.421,0.579,24,179,95,46,203,0.118,0.882,0.826,0.4,1627767,Cheick Diallo,0.28049685534591196,0.08280817610062892,2100.0,16.161616161616163,83.54700854700855,45.595854922279784,47.1050631866694,18.38893409275834,2.6470588235294117,8.943808931220984,8.214285714285714,14.02439024390244,2.0408163265306123,8.704454952712792,54.459517357155704,79.52413048455112,66.99182392085342,27.653997378768018,25.692307692307693,26.771237019860877,76.76470588235294,8.529411764705882,18.823529411764707,85.6140350877193,70.29411764705881,Above Average,Poor,Below Average,Above Average,Above Average,2018-19
101108,Chris Paul,Chris,1610612745,HOU,34.0,58,39,19,0.672,1856.775,104.2,229,0.123,0.189,114,0.315,18,0.102,611.0,480.0,482.0,1926.0,8.05,8.054439784186439,248,118,183,76,130,99,133,261,245,15,45,222,339,395,388,380,408,41,58,207,97,110,192,4,22,55,32,39,71,0.451,0.549,0,43,26,2,43,0.0,1.0,0.788,0.061,101108,Chris Paul,0.3460210843373494,0.12183132530120482,3924.4,8.585858585858585,48.504273504273506,75.64766839378237,39.32275625928475,3.9056143205858422,22.058823529411764,14.797539845881396,64.28571428571429,65.85365853658537,8.16326530612245,50.80388252862121,16.69362132728139,52.37806979808364,34.53584556268251,23.98427260812582,4.769230769230769,15.337503780623049,43.8235294117647,20.0,95.29411764705881,24.210526315789473,44.11764705882353,Average,Below Average,Elite,Below Average,Average,2018-19
203991,Clint Capela,Clint,1610612745,HOU,25.0,67,44,23,0.657,2248.7283333333335,108.7,550,0.241,0.364,44,0.121,102,0.438,766.0,610.0,673.0,2376.0,6.55,6.545012639813828,179,77,230,94,63,281,12,30,23,174,442,18,54,464,470,484,481,85,67,925,692,233,71,4,176,403,52,44,96,0.542,0.458,59,315,177,94,374,0.158,0.842,0.894,0.475,203991,Clint Capela,0.3397959183673469,0.1371137026239067,4678.5,51.010101010101,32.47863247863248,52.33160621761655,44.85446332596591,52.31895850284785,58.235294117647065,55.86875987172738,21.071428571428573,23.170731707317074,8.16326530612245,18.57914385266302,20.281591371500426,41.747037943037,31.014314657268713,66.05504587155964,46.61538461538461,57.30719830628088,67.3529411764706,93.23529411764706,47.35294117647059,20.0,95.29411764705881,Average,Elite,Average,Below Average,Elite,2018-19
203469,Cody Zeller,Cody,1610612766,CHA,26.0,49,22,27,0.449,1242.9633333333334,110.9,223,0.171,0.258,38,0.187,41,0.363,359.0,367.0,317.0,1216.0,2.81,2.8137644876979944,300,276,271,327,232,396,139,128,110,208,263,84,81,266,316,277,295,269,49,461,352,109,75,4,264,617,15,29,44,0.341,0.659,57,296,165,59,353,0.161,0.839,0.855,0.306,203469,Cody Zeller,0.3053930131004367,0.11997379912663755,2466.0,20.2020202020202,73.78917378917379,40.93264248704659,44.14017952878056,24.654190398698127,21.764705882352942,22.920499688891017,22.5,19.51219512195122,8.16326530612245,17.87008461921354,40.110234354930725,53.670239171763015,46.89023676334687,23.197903014416777,43.69230769230769,32.42038511946769,64.70588235294117,38.82352941176471,44.70588235294118,54.385964912280706,77.94117647058823,Average,Below Average,Average,Average,Above Average,2018-19
1629012,Collin Sexton,Collin,1610612739,CLE,20.0,82,19,63,0.232,2605.0233333333335,118.1,179,0.072,0.104,44,0.133,6,0.052,901.0,697.0,824.0,2746.0,0.28,0.28362091490257446,1,307,528,476,21,512,198,466,470,174,419,358,428,513,507,520,520,459,82,541,239,302,87,1,14,30,47,42,89,0.528,0.472,2,40,27,4,42,0.048,0.952,0.9,0.133,1629012,Collin Sexton,0.374984693877551,0.1497372448979592,5575.1,2.525252525252525,19.301994301994302,3.6269430051813623,8.672534767094357,15.459723352318958,78.52941176470588,53.301536399751114,26.785714285714285,23.170731707317074,2.0408163265306123,19.334245893479345,0.0,32.96559790885956,16.48279895442978,17.431192660550458,4.3076923076923075,11.525617501764291,0.29411764705882354,90.29411764705883,49.11764705882353,2.1052631578947367,25.0,Poor,Elite,Average,Poor,Below Average,2018-19
202709,Cory Joseph,Cory,1610612754,IND,27.0,82,48,34,0.585,2063.4816666666666,102.4,240,0.111,0.162,94,0.255,22,0.113,583.0,527.0,562.0,1918.0,9.92,9.9175993187945,1,38,382,175,92,68,126,305,307,31,103,191,325,381,414,424,407,12,82,460,224,236,122,1,14,34,32,61,93,0.344,0.656,1,105,61,7,106,0.009,0.991,0.836,0.096,202709,Cory Joseph,0.30380310880829015,0.11868393782383418,4391.9,10.606060606060606,48.78917378917379,84.97409326424868,42.56215838469724,14.239218877135883,59.11764705882353,41.16627578614847,39.285714285714285,53.65853658536586,2.0408163265306123,35.004977600796416,41.02660011945585,54.56751819512049,47.797059157288174,25.4259501965924,14.307692307692307,20.42273414658736,60.0,77.3529411764706,82.05882352941177,56.84210526315789,57.647058823529406,Average,Above Average,Above Average,Average,Average,2018-19
1626245,Cristiano Felicio,Cristiano,1610612741,CHI,26.0,60,16,44,0.267,746.3966666666666,111.7,139,0.187,0.275,11,0.106,7,0.159,241.0,193.0,202.0,816.0,1.53,1.5344415222978234,232,341,485,459,321,426,256,96,94,378,469,339,247,208,201,209,223,354,59,264,192,72,13,0,118,253,11,10,21,0.524,0.476,41,107,73,34,148,0.277,0.723,0.88,0.41,1626245,Cristiano Felicio,,,1681.8,3.0303030303030303,88.03418803418803,36.78756476683935,41.22097821579686,11.635475996745322,10.882352941176471,11.18360216340401,0.35714285714285715,3.048780487804878,0.0,1.20993031358885,,,,12.18872870249017,14.615384615384617,13.280723863292671,51.76470588235295,12.352941176470589,0.29411764705882354,,34.411764705882355,Average,Poor,Poor,Poor,Below Average,2018-19
1626156,D'Angelo Russell,D'Angelo,1610612751,BKN,23.0,81,42,39,0.519,2447.955,107.9,262,0.099,0.148,100,0.282,20,0.09,900.0,799.0,627.0,2650.0,7.77,7.77034892325085,22,95,438,237,38,246,106,364,354,25,70,206,365,512,524,453,513,48,81,429,177,252,177,0,17,44,46,41,87,0.529,0.471,3,42,31,10,45,0.067,0.933,0.886,0.286,1626156,D'Angelo Russell,0.34197849462365587,0.15213172043010753,5343.6,9.595959595959595,22.72079772079772,56.4766839378238,25.90983402511899,10.414971521562245,63.8235294117647,42.46010625568372,58.92857142857143,57.3170731707317,0.0,43.63240418118467,19.02363001519346,31.299905122922105,25.161767569057783,28.309305373525557,4.615384615384616,17.647041032362136,6.764705882352941,80.58823529411765,90.29411764705883,9.824561403508772,48.529411764705884,Poor,Above Average,Elite,Poor,Average,2018-19
201571,D.J. Augustin,D.J.,1610612753,ORL,31.0,81,42,39,0.519,2268.9616666666666,107.2,162,0.071,0.098,52,0.167,4,0.017,691.0,499.0,633.0,2284.0,7.59,7.587439359821967,22,95,438,237,61,216,226,468,483,143,329,388,469,435,397,458,468,51,80,261,89,172,61,6,23,52,32,44,76,0.421,0.579,4,56,32,4,60,0.067,0.933,0.914,0.114,201571,D.J. Augustin,0.2937070422535211,0.11881971830985914,4577.6,1.5151515151515151,35.75498575498576,60.10362694300516,28.14621235605691,3.254678600488202,40.294117647058826,25.478342028430575,17.5,28.04878048780488,12.244897959183673,19.878297660527625,46.84562318446473,54.47306386764615,50.65934352605544,15.203145478374836,6.769230769230769,11.407883859260007,12.058823529411764,44.70588235294118,51.76470588235295,62.807017543859644,24.41176470588235,Poor,Average,Average,Average,Below Average,2018-19
1628391,D.J. Wilson,D.J.,1610612749,MIL,23.0,48,37,11,0.771,882.0383333333333,102.2,177,0.174,0.238,18,0.127,20,0.267,277.0,208.0,279.0,768.0,4.36,4.36194578234493,305,139,111,23,293,62,201,117,149,321,434,206,132,226,214,252,211,180,47,372,229,143,29,3,29,69,11,14,25,0.44,0.56,12,157,81,21,169,0.071,0.929,0.871,0.226,1628391,D.J. Wilson,0.2590769230769231,0.11748076923076924,2048.1,9.595959595959595,89.74358974358975,86.0103626943005,56.75123092221537,14.646053702196907,31.76470588235294,24.917245010290525,6.071428571428571,7.317073170731707,6.122448979591836,6.520159283225485,66.80522439543759,55.40449030814798,61.10485735179279,17.169069462647442,22.30769230769231,19.481449742917633,93.23529411764706,43.23529411764706,12.058823529411764,78.24561403508771,54.11764705882353,Elite,Average,Poor,Above Average,Average,2018-19
203081,Damian Lillard,Damian,1610612757,POR,28.0,80,51,29,0.638,2837.7566666666667,107.9,303,0.1,0.142,88,0.21,34,0.106,849.0,790.0,815.0,2838.0,9.04,9.038747081568122,42,21,312,113,6,247,83,355,372,40,194,110,335,497,523,518,524,22,80,402,205,197,171,6,18,40,52,64,116,0.448,0.552,0,28,20,3,28,0.0,1.0,0.909,0.136,203081,Damian Lillard,0.30356986301369865,0.15330136986301368,6180.1,16.666666666666664,16.025641025641026,56.4766839378238,26.394812010096977,12.693246541903989,47.647058823529406,33.66553391087923,56.785714285714285,50.0,12.244897959183673,43.275510204081634,41.16103491653067,30.48625027604229,35.823642596286476,33.68283093053736,2.4615384615384617,19.633249319487856,7.352941176470589,62.35294117647059,89.70588235294117,26.666666666666668,55.00000000000001,Poor,Average,Above Average,Below Average,Average,2018-19
1628422,Damyean Dotson,Damyean,1610612752,NYK,25.0,73,12,61,0.164,2003.805,110.8,228,0.108,0.158,58,0.204,10,0.046,723.0,609.0,503.0,2058.0,4.61,4.605212979891695,124,387,527,511,103,388,134,323,321,115,212,298,440,451,469,391,440,162,72,337,136,201,92,3,3,7,31,34,65,0.477,0.523,3,73,50,11,76,0.039,0.961,0.926,0.204,1628422,Damyean Dotson,0.3271671232876712,0.10347397260273973,4322.0,4.545454545454546,43.8034188034188,41.450777202072544,27.512072699896535,7.078925956061839,48.8235294117647,32.125688029483555,28.57142857142857,31.70731707317073,6.122448979591836,24.056744649079143,27.56039143222217,65.14817730104413,46.35428436663315,23.853211009174313,9.384615384615385,17.342342978122797,9.117647058823529,58.82352941176471,62.35294117647059,52.63157894736842,47.35294117647059,Poor,Average,Average,Average,Average,2018-19
1628464,Daniel Theis,Daniel,1610612738,BOS,27.0,66,38,28,0.576,907.58,102.6,138,0.145,0.209,21,0.128,42,0.532,295.0,246.0,221.0,822.0,4.4,4.396505693430254,190,132,292,189,289,69,259,193,198,299,431,80,23,233,237,215,225,176,65,408,308,100,39,2,121,282,14,12,26,0.538,0.462,49,227,146,41,276,0.178,0.822,0.849,0.238,1628464,Daniel Theis,,,1992.2,20.707070707070706,87.82051282051282,83.93782383419692,60.004463728557,21.074043938161108,19.11764705882353,19.90020581055856,9.642857142857144,9.146341463414634,4.081632653061225,8.078770532603286,,,,12.057667103538664,33.07692307692307,21.51633229156165,96.76470588235294,31.76470588235294,15.588235294117647,,60.0,Elite,Below Average,Below Average,Poor,Average,2018-19
201568,Danilo Gallinari,Danilo,1610612746,LAC,30.0,68,40,28,0.588,2059.2116666666666,111.0,363,0.171,0.244,49,0.178,23,0.129,720.0,542.0,637.0,2224.0,4.49,4.489064658554543,165,113,292,169,93,399,51,130,141,153,299,182,291,450,424,463,464,172,67,582,401,181,94,12,61,137,28,25,53,0.528,0.472,8,221,104,35,229,0.035,0.965,0.897,0.302,201568,Danilo Gallinari,0.32098219584569737,0.1361661721068249,4367.6,11.11111111111111,37.89173789173789,40.41450777202072,27.810179649557888,28.641171684296175,42.94117647058823,37.22117455607141,29.28571428571429,26.21951219512195,24.489795918367346,27.013563962170235,31.125169382626204,42.40617800338361,36.765673693004906,41.54652686762779,32.15384615384615,37.31982054642606,10.882352941176471,71.76470588235294,68.82352941176471,28.771929824561404,84.41176470588235,Poor,Above Average,Average,Below Average,Above Average,2018-19
201980,Danny Green,Danny,1610612761,TOR,32.0,80,56,24,0.7,2215.465,104.3,257,0.107,0.154,73,0.202,53,0.224,658.0,548.0,590.0,2084.0,9.34,9.343946614981208,42,4,245,58,66,106,111,329,333,62,215,56,161,415,428,436,443,19,79,667,368,299,132,7,21,47,22,38,60,0.367,0.633,12,119,77,12,131,0.092,0.908,0.846,0.132,201980,Danny Green,0.32586819484240687,0.1639971346704871,4736.8,26.262626262626267,42.87749287749288,75.12953367875649,44.294556431862134,25.956061838893408,77.64705882352942,56.97066002967502,42.857142857142854,40.853658536585364,14.285714285714285,35.01306620209059,28.30904879712623,23.04584921923646,25.677449008181345,27.653997378768018,16.46153846153846,22.61739086601472,65.0,95.0,82.35294117647058,11.228070175438596,62.94117647058823,Average,Elite,Above Average,Poor,Average,2018-19
201967,Dante Cunningham,Dante,1610612759,SAS,32.0,64,36,28,0.563,928.46,111.9,140,0.148,0.208,27,0.218,13,0.163,308.0,242.0,291.0,944.0,1.86,1.8645561161990847,201,146,292,199,288,432,254,185,201,267,174,260,243,240,236,263,244,329,61,251,129,122,39,1,28,68,16,19,35,0.457,0.543,25,129,71,20,154,0.162,0.838,0.789,0.222,201967,Dante Cunningham,,,1944.5,6.0606060606060606,83.47578347578347,35.75129533678753,40.57859047496352,6.509357200976404,25.588235294117645,17.95668405686115,9.642857142857144,12.804878048780488,2.0408163265306123,8.84905425584868,,,,12.319790301441676,18.0,14.875884665792922,47.05882352941176,27.941176470588236,19.411764705882355,,40.588235294117645,Average,Below Average,Below Average,Poor,Average,2018-19
203957,Dante Exum,Dante,1610612762,UTA,23.0,42,21,21,0.5,664.0483333333333,100.6,52,0.077,0.105,14,0.116,5,0.072,257.0,139.0,145.0,648.0,3.6,3.6001673661678826,341,284,202,251,336,47,375,455,468,348,449,369,394,214,176,169,191,219,42,170,104,66,22,2,3,7,13,13,26,0.5,0.5,0,30,22,3,30,0.0,1.0,0.917,0.125,203957,Dante Exum,,,1293.6,2.0202020202020203,94.01709401709401,94.30051813471505,57.289193247742475,4.475183075671278,9.117647058823529,7.260661465562628,3.571428571428571,4.878048780487805,4.081632653061225,4.156296665007466,,,,0.7863695937090431,2.769230769230769,1.6786571226938198,93.82352941176471,6.764705882352941,5.588235294117648,,1.1764705882352942,Elite,Poor,Poor,Poor,Poor,2018-19
203967,Dario Saric,Dario,1610612750,MIN,25.0,81,39,42,0.481,2022.4116666666666,110.7,331,0.153,0.222,45,0.148,9,0.045,685.0,560.0,583.0,2074.0,4.75,4.751571668433933,22,118,465,283,101,386,62,164,169,170,376,310,442,433,434,433,441,155,81,654,397,257,90,2,62,140,38,33,71,0.535,0.465,54,273,172,55,327,0.165,0.835,0.86,0.275,203967,Dario Saric,0.32446498599439777,0.15100560224089635,4429.7,4.040404040404041,43.23361823361823,41.968911917098424,27.2401559772026,28.315703824247358,65.29411764705883,50.50275211793424,27.857142857142858,23.78048780487805,4.081632653061225,20.486436037829765,29.117809774215125,32.08327789858754,30.600543836401332,37.352555701179554,40.15384615384615,38.613136404879526,8.235294117647058,88.8235294117647,54.11764705882353,19.298245614035086,85.58823529411764,Poor,Above Average,Average,Below Average,Above Average,2018-19
203121,Darius Miller,Darius,1610612740,NOP,29.0,69,31,38,0.449,1757.505,109.8,114,0.059,0.085,40,0.156,23,0.115,631.0,509.0,521.0,1850.0,4.54,4.535311250228244,157,187,426,326,145,345,290,499,501,199,360,182,317,401,403,402,398,167,69,411,211,200,87,2,14,33,16,33,49,0.327,0.673,1,155,73,6,156,0.006,0.994,0.83,0.068,203121,Darius Miller,0.29163400576368875,0.13117291066282422,3709.6,11.11111111111111,51.21082621082621,46.63212435233161,34.02626470631652,13.181448331977217,48.529411764705884,34.39022639161442,26.785714285714285,20.73170731707317,4.081632653061225,18.990791438526628,48.04044961350025,45.87969003301347,46.96006982325686,8.91218872870249,22.0,14.80170380078637,25.294117647058822,64.11764705882354,48.23529411764706,54.736842105263165,40.0,Below Average,Average,Average,Average,Average,2018-19
201954,Darren Collison,Darren,1610612754,IND,31.0,76,45,31,0.592,2143.1783333333333,107.4,196,0.089,0.135,110,0.258,9,0.039,700.0,636.0,635.0,2008.0,7.02,7.018088314423304,88,70,335,166,83,231,177,403,396,17,99,310,450,442,482,461,430,63,76,341,131,210,158,3,23,47,33,58,91,0.363,0.637,1,42,26,4,43,0.023,0.977,0.929,0.143,201954,Darren Collison,0.30433521126760565,0.13510704225352113,4339.9,4.040404040404041,45.58404558404558,59.067357512953336,32.3374169488159,6.672091131000814,51.470588235294116,33.55118939357679,52.142857142857146,63.41463414634146,6.122448979591836,44.58287705326033,40.719914692323606,43.1429510179052,41.9314328551144,19.65923984272608,4.615384615384616,12.889504990422422,22.35294117647059,62.05882352941177,90.58823529411765,43.15789473684211,30.88235294117647,Below Average,Average,Elite,Average,Below Average,2018-19
1628021,David Nwaba,David,1610612739,CLE,26.0,51,14,37,0.275,984.23,111.9,122,0.128,0.191,36,0.229,17,0.315,321.0,261.0,277.0,966.0,1.95,1.9502546522749729,284,361,416,455,278,434,276,248,240,217,151,230,106,246,243,248,249,324,50,247,140,107,84,1,8,18,22,16,38,0.579,0.421,9,97,38,5,106,0.085,0.915,0.76,0.1,1628021,David Nwaba,0.31646621621621623,0.1583918918918919,2132.4,8.080808080808081,82.6923076923077,35.75129533678753,41.11245475882781,7.404393816110659,21.176470588235293,15.66763987938544,25.71428571428571,18.29268292682927,2.0408163265306123,17.198357391737183,33.72802362120568,26.945079900185277,30.336551760695478,9.960681520314548,13.076923076923078,11.362990220788387,50.0,21.176470588235293,43.23529411764706,18.24561403508772,24.11764705882353,Average,Below Average,Average,Below Average,Below Average,2018-19
202722,Davis Bertans,Davis,1610612759,SAS,26.0,76,44,32,0.579,1631.7083333333333,108.2,241,0.139,0.199,35,0.175,33,0.196,512.0,375.0,490.0,1534.0,5.14,5.142338783481091,88,77,352,186,166,259,125,214,221,224,304,119,200,346,324,384,351,135,76,570,350,220,64,1,45,107,16,20,36,0.444,0.556,7,213,104,25,220,0.032,0.968,0.897,0.216,202722,Davis Bertans,0.2998783783783784,0.12549729729729728,3494.8,16.161616161616163,62.464387464387464,54.922279792746096,42.0577520253686,24.491456468673718,54.41176470588235,42.44364141099889,18.571428571428573,17.682926829268293,2.0408163265306123,14.127799900447984,43.288678798484646,49.827873303964,46.558276051224325,25.557011795543904,30.923076923076927,27.971741102933766,56.76470588235294,80.29411764705883,34.411764705882355,53.333333333333336,72.05882352941177,Average,Above Average,Below Average,Average,Above Average,2018-19
1628368,De'Aaron Fox,De'Aaron,1610612758,SAC,21.0,81,39,42,0.481,2545.8433333333332,109.1,261,0.095,0.141,133,0.289,45,0.181,857.0,765.0,792.0,2790.0,7.18,7.183170129235465,22,118,465,283,28,310,108,381,376,6,63,74,214,500,519,516,522,57,81,439,210,229,206,0,13,32,45,74,119,0.378,0.622,1,16,14,3,17,0.059,0.941,0.933,0.2,1628368,De'Aaron Fox,0.3081527777777778,0.11553333333333334,5654.4,22.22222222222222,17.735042735042736,50.259067357512976,27.66092068553209,13.100081366965014,57.05882352941176,39.47532666443306,69.28571428571428,77.4390243902439,0.0,54.81794425087108,38.519601584799204,56.7592044749385,47.63940302986885,28.178243774574053,0.6153846153846154,15.774957152938809,10.0,74.70588235294117,97.05882352941177,56.49122807017544,45.88235294117647,Poor,Above Average,Elite,Average,Average,2018-19
1629001,De'Anthony Melton,De'Anthony,1610612756,PHX,21.0,50,13,37,0.26,983.89,113.7,109,0.114,0.18,68,0.306,23,0.205,391.0,294.0,262.0,1028.0,1.41,1.4143561201098782,294,374,416,462,279,479,295,290,270,83,51,182,189,281,264,240,260,363,50,234,125,109,131,0,5,11,13,32,45,0.289,0.711,1,34,19,2,35,0.029,0.971,0.905,0.095,1629001,De'Anthony Melton,0.2889935064935065,0.11769155844155844,2213.6,11.11111111111111,80.48433048433048,26.424870466321217,39.220177730540414,6.183889340927584,21.764705882352942,15.532379265782797,42.5,37.80487804878049,0.0,30.23170731707317,49.562341933937816,55.25785691680569,52.410099425371754,8.256880733944955,3.3846153846153846,6.064361326746649,43.529411764705884,20.88235294117647,75.29411764705883,64.91228070175438,11.470588235294118,Average,Below Average,Above Average,Average,Poor,2018-19
201599,DeAndre Jordan,DeAndre,1610612752,NYK,30.0,69,25,44,0.362,2047.1833333333334,110.1,677,0.315,0.444,42,0.146,73,0.442,816.0,539.0,770.0,2020.0,5.06,5.064192066790262,157,251,485,407,96,356,8,6,8,189,380,32,50,485,421,511,435,141,69,541,457,84,72,2,280,653,32,26,58,0.552,0.448,142,343,267,163,485,0.293,0.707,0.899,0.549,201599,DeAndre Jordan,0.29670404984423676,0.12094704049844236,4169.1,36.36363636363637,45.15669515669516,45.077720207253904,41.61972790211132,33.19772172497966,14.411764705882351,21.926147513521276,21.428571428571427,21.951219512195124,4.081632653061225,17.274763563962168,45.118251816439916,52.99321361429713,49.05573271536852,82.69986893840104,50.92307692307693,68.4003125315052,54.11764705882353,36.76470588235294,43.529411764705884,60.0,97.6470588235294,Average,Below Average,Average,Average,Elite,2018-19
1627761,DeAndre' Bembry,DeAndre',1610612737,ATL,24.0,82,29,53,0.354,1931.28,109.4,304,0.148,0.221,105,0.316,41,0.199,868.0,587.0,607.0,1910.0,5.28,5.275252758216425,1,209,516,416,116,323,81,184,174,22,40,84,196,504,457,444,406,129,82,356,192,164,201,1,9,25,38,57,95,0.4,0.6,7,69,38,12,76,0.092,0.908,0.884,0.279,1627761,DeAndre' Bembry,0.33844474393531,0.12365768194070081,4303.6,20.2020202020202,49.074074074074076,48.70466321243519,37.43289980984281,11.635475996745322,37.94117647058823,27.41889628105107,67.5,60.36585365853659,2.0408163265306123,48.63825286212045,21.06036151353749,51.107583197526054,36.08397235553177,33.81389252948886,8.76923076923077,22.543794737372725,37.94117647058823,49.705882352941174,93.82352941176471,27.017543859649123,62.35294117647059,Below Average,Average,Elite,Below Average,Average,2018-19
201942,DeMar DeRozan,DeMar,1610612759,SAS,29.0,77,44,33,0.571,2688.1566666666668,110.9,408,0.147,0.209,86,0.246,36,0.141,784.0,706.0,776.0,2576.0,6.04,6.043225126128131,74,77,372,192,10,394,38,186,197,45,117,105,274,473,510,514,502,101,77,419,213,206,151,0,10,24,33,49,82,0.402,0.598,1,115,75,16,116,0.009,0.991,0.926,0.198,201942,DeMar DeRozan,0.31333884297520664,0.13460055096418733,5599.1,17.67676767676768,25.356125356125357,40.93264248704659,26.178511567112594,13.344182262001627,50.294117647058826,35.514143493035945,49.642857142857146,48.78048780487805,0.0,36.930313588850176,35.53053323458874,43.49528658177147,39.512909908180106,47.44429882044561,15.846153846153847,33.225133582014315,7.0588235294117645,67.64705882352942,84.41176470588235,34.73684210526316,79.41176470588235,Poor,Average,Above Average,Below Average,Above Average,2018-19
201960,DeMarre Carroll,DeMarre,1610612751,BKN,32.0,67,36,31,0.537,1703.4583333333333,106.2,281,0.151,0.221,31,0.143,10,0.074,563.0,448.0,386.0,1772.0,6.31,6.311073580726029,179,146,335,221,153,176,91,174,175,244,385,298,390,373,370,320,389,94,66,350,192,158,72,4,21,52,27,23,50,0.54,0.46,8,110,57,15,118,0.068,0.932,0.877,0.231,201960,DeMarre Carroll,0.2704351585014409,0.12406051873198846,3738.6,4.545454545454546,53.98860398860399,65.28497409326422,37.03543673750927,11.635475996745322,36.17647058823529,26.360072751639304,21.428571428571427,15.24390243902439,8.16326530612245,15.947610751617718,60.258730911611494,50.827353841180944,55.543042376396215,30.799475753604195,15.076923076923077,23.724327049097695,37.05882352941177,47.35294117647059,39.411764705882355,69.82456140350877,65.0,Below Average,Average,Below Average,Average,Average,2018-19
1629028,Deandre Ayton,Deandre,1610612756,PHX,20.0,71,17,54,0.239,2182.6883333333335,113.3,506,0.24,0.361,61,0.148,67,0.347,894.0,624.0,770.0,2484.0,3.34,3.343981523709024,144,328,518,472,73,475,16,34,26,102,375,37,87,508,477,511,492,237,71,917,680,237,89,0,301,675,47,50,97,0.485,0.515,63,268,154,91,331,0.19,0.81,0.895,0.529,1629028,Deandre Ayton,0.3348379120879121,0.134260989010989,4490.5,33.33333333333333,28.63247863247863,28.497409326424876,30.47905318630707,51.342554922701375,59.411764705882355,56.18408079260996,27.500000000000004,33.53658536585366,0.0,22.737804878048784,23.139214460649146,43.731499434326196,33.43535694748767,60.28833551769331,39.38461538461539,50.88166145780825,16.76470588235294,93.82352941176471,58.529411764705884,22.45614035087719,92.64705882352942,Below Average,Elite,Average,Below Average,Elite,2018-19
1626153,Delon Wright,Delon,1610612763,MEM,27.0,75,45,30,0.6,1698.4366666666667,106.4,198,0.113,0.167,88,0.275,30,0.17,542.0,452.0,587.0,1696.0,6.35,6.351838451671326,98,70,324,154,154,182,172,301,297,40,81,138,228,363,373,434,377,92,73,366,204,162,164,1,3,6,24,46,70,0.343,0.657,5,68,38,9,73,0.068,0.932,0.826,0.196,1626153,Delon Wright,0.33454213483146067,0.10757022471910113,3743.5,14.646464646464647,56.69515669515669,64.2487046632124,41.7640668676938,12.611879576891782,37.35294117647059,27.456516536639064,54.285714285714285,50.0,2.0408163265306123,39.724489795918366,23.309690226439617,62.298660775192424,42.80417550081602,19.921363040629096,8.615384615384615,14.83367274926908,55.58823529411765,50.294117647058826,87.6470588235294,45.96491228070175,40.294117647058826,Average,Average,Above Average,Average,Average,2018-19
203471,Dennis Schröder,Dennis,1610612760,OKC,25.0,79,47,32,0.595,2313.7516666666666,105.5,246,0.102,0.147,65,0.15,12,0.049,791.0,599.0,607.0,2312.0,8.97,8.973430928683161,56,51,352,161,54,145,123,349,358,96,370,277,432,477,464,444,473,24,79,494,269,225,113,14,16,44,38,43,81,0.469,0.531,1,53,41,8,54,0.019,0.981,0.911,0.178,203471,Dennis Schröder,0.33498915989159894,0.12873170731707317,5032.4,5.555555555555555,34.75783475783476,68.9119170984456,31.615443662075787,17.90073230268511,55.88235294117647,40.68970468577993,36.07142857142857,35.97560975609756,28.57142857142857,34.16289198606272,23.052040465369764,47.577888551824635,35.3149645085972,26.212319790301443,6.3076923076923075,17.255237423127333,20.294117647058822,76.47058823529412,80.29411764705883,25.6140350877193,47.05882352941176,Below Average,Above Average,Above Average,Below Average,Average,2018-19
1628372,Dennis Smith Jr.,Dennis,1610612752,NYK,21.0,53,21,32,0.396,1508.475,107.7,123,0.075,0.107,67,0.294,20,0.133,553.0,389.0,453.0,1434.0,4.89,4.8861995059327885,275,284,352,383,181,240,274,461,465,87,58,206,283,368,330,361,335,149,53,434,218,216,127,0,4,9,22,31,53,0.415,0.585,0,47,34,4,47,0.0,1.0,0.895,0.105,1628372,Dennis Smith Jr.,0.315010101010101,0.14645791245791245,3202.1,9.595959595959595,66.02564102564102,57.51295336787563,41.3255965393271,13.751017087062653,53.23529411764706,37.441583305413296,41.07142857142857,37.19512195121951,0.0,29.446864111498257,34.567277990590966,35.24683249018588,34.907055240388424,10.091743119266056,5.384615384615385,7.973535638673255,52.64705882352941,72.05882352941177,73.52941176470588,24.912280701754387,17.058823529411764,Average,Above Average,Above Average,Below Average,Below Average,2018-19
202324,Derrick Favors,Derrick,1610612762,UTA,27.0,76,46,30,0.605,1766.4716666666666,101.6,353,0.188,0.265,56,0.18,106,0.515,617.0,378.0,412.0,1814.0,8.93,8.9260141940147,88,61,324,148,142,55,56,94,103,125,291,15,24,398,327,335,394,26,76,887,660,227,81,0,136,304,39,29,68,0.574,0.426,61,326,209,87,387,0.158,0.842,0.929,0.387,202324,Derrick Favors,0.288914364640884,0.10687016574585635,3592.6,53.03030303030303,52.49287749287749,89.11917098445599,61.86442108074233,49.71521562245728,56.470588235294116,53.768439190159384,24.642857142857146,30.48780487804878,0.0,20.527874564459932,49.60795655655543,62.78564974868943,56.19680315262243,40.23591087811271,48.30769230769231,43.86821252142353,97.94117647058823,90.58823529411765,55.00000000000001,72.28070175438597,88.23529411764706,Elite,Elite,Average,Above Average,Above Average,2018-19
1627884,Derrick Jones Jr.,Derrick,1610612748,MIA,22.0,60,31,29,0.517,1153.5366666666666,105.0,144,0.119,0.172,46,0.25,42,0.326,374.0,341.0,267.0,992.0,4.59,4.589215959664874,232,187,312,243,250,127,250,277,279,162,110,80,99,272,296,242,252,163,59,367,193,174,85,1,20,48,23,22,45,0.511,0.489,9,99,58,14,108,0.083,0.917,0.879,0.212,1627884,Derrick Jones Jr.,0.22347402597402596,0.09659090909090909,2410.0,20.707070707070706,81.76638176638177,71.50259067357513,54.77670956945568,11.716842961757527,40.88235294117647,29.21614894940889,26.071428571428573,24.390243902439025,2.0408163265306123,19.475360876057742,87.32550110904886,69.93631110440737,78.6309061067281,12.844036697247708,13.384615384615383,13.087297106563163,90.58823529411765,53.8235294117647,50.0,94.73684210526315,32.94117647058823,Elite,Average,Average,Elite,Below Average,2018-19
201565,Derrick Rose,Derrick,1610612750,MIN,30.0,51,24,27,0.471,1392.1616666666666,110.8,107,0.07,0.109,31,0.129,12,0.073,437.0,525.0,357.0,1356.0,3.25,3.245955012988375,284,262,271,302,202,391,301,472,462,244,429,277,391,305,412,307,318,242,51,235,104,131,56,1,2,5,21,28,49,0.429,0.571,1,19,13,0,20,0.05,0.95,0.813,0.0,201565,Derrick Rose,0.28375503355704695,0.15181208053691275,2899.0,5.555555555555555,68.80341880341881,41.450777202072544,36.66611310393694,4.475183075671278,28.235294117647058,18.731249700856747,15.714285714285714,15.24390243902439,2.0408163265306123,12.131284221005474,52.581616289680255,31.522259395097386,42.051937842388824,7.99475753604194,1.0769230769230769,4.881732029438452,36.17647058823529,28.823529411764703,29.411764705882355,43.50877192982456,7.647058823529412,Below Average,Below Average,Below Average,Average,Poor,2018-19
1628401,Derrick White,Derrick,1610612759,SAS,24.0,67,41,26,0.612,1727.9733333333334,107.1,212,0.116,0.165,67,0.3,47,0.253,469.0,457.0,434.0,1554.0,5.83,5.8298793098290655,179,103,262,140,149,211,153,283,301,87,55,70,138,326,374,347,355,109,67,630,344,286,132,9,10,22,27,27,54,0.5,0.5,2,33,19,2,35,0.057,0.943,0.864,0.091,1628401,Derrick White,0.3230977653631285,0.1556927374301676,3626.6,23.232323232323232,61.75213675213676,60.62176165803111,46.06161757068494,24.003254678600488,73.82352941176471,53.895419518499025,42.857142857142854,37.19512195121951,18.367346938775512,34.75298656047785,29.90582838969798,28.822719514648686,29.364273952173335,21.756225425950195,3.230769230769231,13.419770138118762,72.35294117647058,91.17647058823529,81.47058823529412,15.789473684210526,35.294117647058826,Above Average,Elite,Above Average,Below Average,Below Average,2018-19
1626164,Devin Booker,Devin,1610612756,PHX,22.0,64,15,49,0.234,2242.1183333333333,115.1,226,0.099,0.156,56,0.141,13,0.059,919.0,730.0,726.0,2540.0,2.29,2.29021368482647,201,352,506,474,64,499,136,366,329,125,394,260,420,520,514,501,500,299,64,337,172,165,81,5,21,44,32,40,72,0.444,0.556,2,87,55,10,89,0.022,0.978,0.887,0.161,1626164,Devin Booker,0.32059944751381214,0.12743093922651935,4727.8,6.0606060606060606,26.638176638176635,19.170984455958568,16.540350361593887,10.00813669650122,38.23529411764706,26.944431149188723,24.642857142857146,30.48780487804878,10.204081632653061,23.078894972623196,31.34577226388215,48.48275477222372,39.914263518052934,23.591087811271297,11.538461538461538,18.167405988506907,1.1764705882352942,48.23529411764706,60.588235294117645,35.43859649122807,50.294117647058826,Poor,Average,Average,Below Average,Average,2018-19
2734,Devin Harris,Devin,1610612742,DAL,36.0,68,28,40,0.412,1070.59,109.9,100,0.09,0.132,35,0.278,16,0.16,306.0,312.0,326.0,1082.0,2.74,2.739618411296937,165,219,454,369,265,351,308,397,406,224,78,238,246,238,274,287,271,278,65,115,57,58,69,15,5,11,13,23,36,0.361,0.639,0,30,22,4,30,0.0,1.0,0.917,0.167,2734,Devin Harris,0.228480122324159,0.08409785932721713,2319.4,7.575757575757576,78.56125356125357,46.113989637305664,42.05523918606819,0.6509357200976403,6.764705882352941,4.319197817450821,20.357142857142858,17.682926829268293,30.612244897959183,21.984942757590844,84.44016056884406,78.62697533811908,81.53356795348157,7.077326343381389,2.769230769230769,5.13868333501361,56.470588235294116,1.7647058823529411,56.76470588235294,95.78947368421052,8.823529411764707,Average,Poor,Average,Elite,Poor,2018-19
1628984,Devonte' Graham,Devonte',1610612766,CHA,24.0,46,18,28,0.391,676.095,111.8,53,0.078,0.115,23,0.219,2,0.035,185.0,185.0,188.0,704.0,1.36,1.3609095695028797,316,321,292,387,334,430,373,452,449,289,169,424,452,175,198,200,201,366,43,116,49,67,47,3,3,7,11,18,29,0.379,0.621,0,32,17,5,32,0.0,1.0,0.85,0.25,1628984,Devonte' Graham,,,1559.6,0.5050505050505051,92.02279202279202,36.26943005181348,41.477354922950774,0.0,9.411764705882353,5.647058823529412,12.5,10.365853658536585,6.122448979591836,10.158661025385763,,,,0.9174311926605505,3.076923076923077,1.8892025405786876,53.23529411764706,3.823529411764706,22.35294117647059,,1.4705882352941175,Average,Poor,Below Average,Poor,Poor,2018-19
203473,Dewayne Dedmon,Dewayne,1610612737,ATL,29.0,64,24,40,0.375,1609.2066666666667,112.0,375,0.229,0.332,69,0.252,71,0.428,714.0,441.0,532.0,1654.0,3.11,3.1095766525978608,201,262,454,401,168,435,47,45,44,78,108,33,58,448,363,415,368,248,64,615,438,177,138,4,139,317,37,34,71,0.521,0.479,47,292,163,71,340,0.138,0.859,0.891,0.388,203473,Dewayne Dedmon,0.33045283018867927,0.14298742138364778,3365.5,35.35353535353536,58.19088319088319,35.23316062176165,43.31651341366367,31.651749389747764,41.76470588235294,37.71952328531087,45.0,38.41463414634146,8.16326530612245,33.48593827775012,25.666623781414316,37.66104464998876,31.663834215701538,43.11926605504588,43.07692307692308,43.10021171489062,62.05882352941177,72.35294117647058,79.70588235294119,20.701754385964914,87.6470588235294,Average,Above Average,Above Average,Below Average,Above Average,2018-19
203079,Dion Waiters,Dion,1610612748,MIA,27.0,44,20,24,0.455,1137.9033333333334,107.8,109,0.094,0.136,29,0.144,9,0.082,374.0,313.0,313.0,970.0,3.56,3.558965016605841,326,294,245,321,252,244,295,384,389,255,383,310,379,272,275,275,250,221,44,251,99,152,43,0,4,8,16,21,37,0.432,0.568,0,26,18,4,26,0.0,1.0,0.947,0.211,203079,Dion Waiters,0.26328671328671327,0.1265979020979021,2515.5,4.040404040404041,82.54985754985755,56.99481865284975,44.75731642182419,4.068348250610252,34.411764705882355,22.274398123773516,11.071428571428571,14.02439024390244,0.0,9.337108013937282,64.37884713289408,49.06224866010274,56.72054789649841,8.256880733944955,2.1538461538461537,5.5105151729004955,66.76470588235294,37.94117647058823,20.88235294117647,72.63157894736842,9.705882352941178,Average,Below Average,Below Average,Above Average,Poor,2018-19
1717,Dirk Nowitzki,Dirk,1610612742,DAL,41.0,51,17,34,0.333,795.14,109.7,153,0.18,0.254,9,0.101,18,0.305,224.0,222.0,255.0,770.0,2.1,2.1016427352496243,284,328,382,422,308,338,239,109,119,394,472,222,111,198,226,232,212,313,51,222,158,64,22,0,49,115,3,6,9,0.333,0.667,3,155,95,31,158,0.019,0.981,0.913,0.298,1717,Dirk Nowitzki,,,1823.5,8.585858585858585,89.67236467236467,47.15025906735749,46.60723583651044,8.868999186330349,8.529411764705882,8.66524673335567,3.571428571428571,1.8292682926829267,0.0,2.0688153310104527,,,,14.02359108781127,22.0,17.6129750982962,74.11764705882354,7.647058823529412,1.4705882352941175,,47.94117647058824,Above Average,Poor,Poor,Poor,Average,2018-19
1627734,Domantas Sabonis,Domantas,1610612754,IND,23.0,74,43,31,0.581,1838.4466666666667,103.6,504,0.269,0.382,48,0.147,30,0.214,546.0,423.0,515.0,1690.0,8.16,8.162288361860869,112,88,335,182,133,86,18,16,19,156,378,138,171,364,351,401,374,37,74,576,433,143,75,0,304,671,37,35,72,0.514,0.486,100,336,246,126,436,0.229,0.771,0.875,0.448,1627734,Domantas Sabonis,0.3307708894878706,0.1271644204851752,3893.3,14.646464646464647,56.908831908831914,78.75647668393785,45.46579619766149,31.244914564686738,31.76470588235294,31.556789355286455,22.5,25.609756097560975,0.0,17.96341463414634,25.48330541797102,48.66815585016907,37.07573063407005,60.026212319790304,49.84615384615385,55.4451860066539,69.70588235294117,57.94117647058824,45.0,29.82456140350877,93.52941176470588,Average,Average,Average,Below Average,Elite,2018-19
1628378,Donovan Mitchell,Donovan,1610612762,UTA,22.0,77,49,28,0.636,2598.2716666666665,103.7,257,0.093,0.13,106,0.24,31,0.097,910.0,566.0,625.0,2518.0,11.44,11.443804735896675,74,30,292,114,22,90,111,387,409,20,130,131,349,517,439,451,499,4,77,426,211,215,178,0,19,44,47,64,111,0.423,0.577,1,114,76,16,115,0.009,0.991,0.962,0.203,1628378,Donovan Mitchell,0.273473544973545,0.12074338624338624,5557.7,15.151515151515152,27.42165242165242,78.2383419689119,35.21776990041238,13.181448331977217,52.94117647058824,37.037285215143825,59.285714285714285,60.97560975609756,0.0,45.05574912891986,58.50751018959347,53.13488364554948,55.82119691757147,27.653997378768018,15.692307692307692,22.271237019860873,31.470588235294116,71.17647058823529,91.17647058823529,70.87719298245614,61.76470588235294,Below Average,Above Average,Elite,Above Average,Average,2018-19
1627827,Dorian Finney-Smith,Dorian,1610612742,DAL,26.0,81,33,48,0.407,1985.2833333333333,108.7,251,0.119,0.176,69,0.254,36,0.196,657.0,544.0,649.0,1946.0,5.84,5.838331459737818,22,169,500,372,107,282,120,275,276,78,106,105,202,413,427,470,415,108,81,607,348,259,116,3,17,43,29,40,69,0.42,0.58,11,165,98,28,176,0.063,0.938,0.925,0.264,1627827,Dorian Finney-Smith,0.29133507853403146,0.12136125654450261,4225.6,17.67676767676768,47.79202279202279,52.33160621761655,36.880816602319186,24.32872253864931,65.88235294117646,49.2609007801656,37.142857142857146,38.41463414634146,6.122448979591836,29.83287705326033,48.21274091474106,52.70506839398532,50.458904654363195,26.86762778505898,23.53846153846154,25.369502974090132,36.76470588235294,87.05882352941177,74.11764705882354,61.75438596491228,68.52941176470588,Below Average,Above Average,Above Average,Average,Average,2018-19
203926,Doug McDermott,Doug,1610612754,IND,27.0,77,43,34,0.558,1339.665,103.2,92,0.066,0.094,18,0.089,8,0.068,443.0,327.0,408.0,1276.0,6.16,6.164807886063794,74,88,382,204,212,78,320,483,488,321,486,319,400,308,290,332,305,97,76,286,155,131,19,0,1,2,10,11,21,0.476,0.524,1,94,50,11,95,0.011,0.989,0.82,0.18,203926,Doug McDermott,0.2281929347826087,0.07499728260869565,2880.0,3.535353535353535,71.65242165242165,80.82901554404144,46.69974287849935,8.624898291293736,28.235294117647058,20.391135787105732,2.5,7.317073170731707,0.0,3.560975609756097,84.60568552048724,84.95769986814217,84.7816926943147,6.028833551769332,12.615384615384615,8.99278153039621,74.41176470588235,32.94117647058823,4.705882352941177,97.89473684210527,18.529411764705884,Above Average,Below Average,Poor,Elite,Below Average,2018-19
1627733,Dragan Bender,Dragan,1610612756,PHX,21.0,46,9,37,0.196,826.2083333333334,112.7,149,0.168,0.271,18,0.118,22,0.247,326.0,283.0,251.0,916.0,1.45,1.4490791381413441,316,413,416,501,301,456,245,133,97,321,446,191,146,248,256,227,240,360,44,443,315,128,26,0,43,95,4,13,17,0.235,0.765,8,96,48,20,104,0.077,0.923,0.889,0.37,1627733,Dragan Bender,0.2782117647058824,0.11952549019607843,2072.2,10.606060606060606,84.47293447293447,31.606217616580285,41.70950571209637,21.643612693246542,27.35294117647059,25.069209783180973,5.0,7.317073170731707,0.0,4.560975609756097,55.77656445345154,53.982100763780906,54.879332608616224,13.499344692005241,12.923076923076923,13.240024195987498,55.00000000000001,43.8235294117647,7.0588235294117645,68.0701754385965,34.11764705882353,Average,Average,Poor,Average,Below Average,2018-19
203110,Draymond Green,Draymond,1610612744,GSW,29.0,66,48,18,0.727,2064.693333333333,105.0,421,0.18,0.262,95,0.26,70,0.272,725.0,582.0,581.0,1930.0,8.4,8.398257077019197,190,38,168,42,91,125,35,110,106,30,97,34,130,452,451,431,410,34,66,766,454,312,212,11,138,348,22,51,73,0.301,0.699,24,441,229,82,465,0.052,0.948,0.877,0.314,203110,Draymond Green,0.30098525073746313,0.15757522123893805,4663.0,34.84848484848485,48.36182336182336,71.50259067357513,48.7416797844259,32.95362082994304,81.47058823529412,62.063801273153686,71.42857142857143,54.268292682926834,22.448979591836736,53.17757590841215,42.65071590941351,27.513188614117958,35.081952261765736,49.1480996068152,66.0,56.73145478374836,81.47058823529412,98.52941176470588,96.76470588235294,25.263157894736842,94.41176470588235,Above Average,Elite,Elite,Below Average,Elite,2018-19
1628407,Dwayne Bacon,Dwayne,1610612766,CHA,23.0,43,20,23,0.465,758.6683333333333,113.2,81,0.105,0.154,12,0.118,5,0.068,196.0,203.0,176.0,754.0,1.19,1.1944608084664714,331,294,230,311,317,469,337,340,334,369,446,369,399,183,210,194,209,373,38,170,80,90,18,0,6,17,11,12,23,0.478,0.522,0,43,20,3,43,0.0,1.0,0.8,0.12,1628407,Dwayne Bacon,,,1774.6,2.0202020202020203,90.24216524216524,29.015544041450752,39.64672465320133,2.5223759153783565,16.176470588235293,10.714832719092518,2.142857142857143,3.6585365853658534,0.0,2.137630662020906,,,,4.587155963302752,4.769230769230769,4.66908962597036,44.41176470588235,11.176470588235295,1.7647058823529411,,6.764705882352941,Average,Poor,Poor,Poor,Poor,2018-19
203939,Dwight Powell,Dwight,1610612742,DAL,27.0,77,31,46,0.403,1662.535,109.9,271,0.16,0.233,44,0.206,50,0.338,461.0,430.0,458.0,1602.0,4.3,4.295220061625959,74,187,491,376,162,348,98,150,155,174,207,67,93,319,355,367,360,184,77,722,478,244,88,3,219,514,37,38,75,0.493,0.507,50,328,166,58,378,0.132,0.868,0.86,0.301,203939,Dwight Powell,0.3188968253968254,0.13235714285714287,3568.5,24.747474747474747,60.04273504273504,46.113989637305664,42.442444573273576,34.90642799023597,61.47058823529412,50.84492413727086,27.142857142857142,23.170731707317074,6.122448979591836,20.497511199601792,32.327104678441174,45.05589083503976,38.69149775674047,29.48885976408912,48.61538461538461,38.09579594717209,59.11764705882353,89.70588235294117,54.41176470588235,33.68421052631579,84.70588235294117,Average,Above Average,Average,Below Average,Above Average,2018-19
2548,Dwyane Wade,Dwyane,1610612748,MIA,37.0,72,35,37,0.486,1885.2266666666667,106.6,216,0.106,0.16,59,0.199,38,0.177,681.0,571.0,513.0,1694.0,6.82,6.818871139005256,135,152,416,278,126,194,147,331,316,110,227,99,221,427,443,398,376,69,72,337,148,189,117,0,3,7,39,39,78,0.5,0.5,6,51,32,5,57,0.105,0.895,0.762,0.119,2548,Dwyane Wade,0.3021301939058172,0.1548504155124654,4083.9,18.68686868686869,56.76638176638177,63.21243523316065,43.14608990127125,8.0553295362083,45.294117647058826,30.398602402718613,37.5,32.31707317073171,0.0,26.3109756097561,41.990810324537044,29.408672272534975,35.69974129853601,22.280471821756226,6.0,14.954259501965925,60.882352941176464,56.1764705882353,65.58823529411765,26.31578947368421,41.76470588235294,Average,Average,Average,Below Average,Average,2018-19
202734,E'Twaun Moore,E'Twaun,1610612740,NOP,30.0,53,21,32,0.396,1463.0133333333333,111.6,92,0.058,0.086,40,0.174,8,0.046,505.0,436.0,513.0,1586.0,3.0,2.997818172706835,275,284,352,383,189,419,320,500,500,199,308,319,439,344,358,398,358,257,53,275,161,114,66,0,8,18,19,32,51,0.373,0.627,0,64,32,7,64,0.0,1.0,0.821,0.179,202734,E'Twaun Moore,0.30286301369863017,0.09988356164383562,3051.7,3.535353535353535,60.61253561253561,37.305699481865304,31.9549537489952,9.113100081366966,23.235294117647058,17.58641650313502,19.28571428571429,20.73170731707317,0.0,14.970383275261323,41.56843837861723,67.6458105207211,54.607124449669165,6.028833551769332,8.0,6.915858453473133,21.176470588235293,27.058823529411764,36.76470588235294,67.01754385964912,13.529411764705882,Below Average,Below Average,Below Average,Average,Poor,2018-19
202334,Ed Davis,Ed,1610612751,BKN,30.0,81,42,39,0.519,1446.0116666666668,102.2,478,0.307,0.44,35,0.171,33,0.379,469.0,349.0,351.0,1372.0,6.99,6.99292659166783,22,95,438,237,192,62,24,8,10,224,323,119,76,326,303,303,320,64,81,483,425,58,50,0,228,545,35,27,62,0.565,0.435,143,510,346,158,653,0.219,0.781,0.876,0.4,202334,Ed Davis,0.30188736263736266,0.08580494505494506,3076.4,16.161616161616163,68.23361823361823,86.0103626943005,51.849003519987974,30.5939788445891,6.764705882352941,16.296415067247406,13.571428571428571,17.682926829268293,0.0,11.617595818815332,42.13076985673474,77.43945834599428,59.78511410136451,56.618610747051115,76.61538461538461,65.61715898780119,87.05882352941177,22.941176470588236,27.35294117647059,76.14035087719299,97.05882352941177,Above Average,Below Average,Below Average,Above Average,Elite,2018-19
203901,Elfrid Payton,Elfrid,1610612740,NOP,25.0,42,18,24,0.429,1249.7733333333333,112.9,171,0.129,0.186,44,0.207,17,0.121,452.0,342.0,470.0,1430.0,2.11,2.105701520673353,341,321,245,350,229,460,207,243,252,174,204,230,300,312,297,374,333,310,42,265,133,132,86,0,11,29,25,25,50,0.5,0.5,3,31,18,7,34,0.088,0.912,0.9,0.35,203901,Elfrid Payton,0.3108966789667897,0.13971955719557194,2968.7,8.080808080808081,66.16809116809117,30.569948186528457,34.03364218778725,6.8348250610252235,28.52941176470588,19.851577083233618,26.42857142857143,23.170731707317074,0.0,18.681184668989548,36.93811197987743,39.93430145734381,38.43620671861062,16.382699868938403,2.923076923076923,10.325869543300739,25.588235294117645,31.176470588235293,47.94117647058824,32.631578947368425,22.35294117647059,Below Average,Below Average,Average,Below Average,Below Average,2018-19
1629059,Elie Okobo,Elie,1610612756,PHX,21.0,53,7,46,0.132,958.19,111.1,86,0.092,0.142,32,0.175,7,0.072,350.0,324.0,277.0,1046.0,2.11,2.1120809554071105,275,433,491,516,285,400,328,393,374,237,306,339,395,258,286,248,263,310,51,231,132,99,53,0,4,10,10,23,33,0.303,0.697,0,22,15,5,22,0.0,1.0,0.882,0.294,1629059,Elie Okobo,0.26025496688741717,0.0842748344370861,2189.4,3.0303030303030303,79.84330484330484,39.89637305699484,39.13137117152661,6.753458096013018,18.823529411764707,13.995500885464033,14.642857142857144,15.853658536585366,0.0,11.405923344947736,66.12624074693758,78.50386438549441,72.315052566216,5.242463958060288,1.5384615384615385,3.575662869240851,42.64705882352941,17.647058823529413,26.323529411764707,91.22807017543859,5.588235294117648,Average,Below Average,Below Average,Elite,Poor,2018-19
1626144,Emmanuel Mudiay,Emmanuel,1610612752,NYK,23.0,59,13,46,0.22,1607.0616666666667,114.8,163,0.098,0.144,43,0.185,19,0.12,588.0,470.0,454.0,1748.0,1.78,1.7818598687652374,240,374,491,485,169,493,224,370,366,181,274,214,302,385,380,363,384,332,59,346,140,206,86,6,14,31,26,30,57,0.456,0.526,1,29,14,1,30,0.033,0.967,0.737,0.053,1626144,Emmanuel Mudiay,0.304,0.11016049382716049,3299.1,9.090909090909092,54.84330484330484,20.725388601036272,28.0128674817794,7.404393816110659,50.294117647058826,33.138228114679556,26.42857142857143,22.5609756097561,12.244897959183673,21.528994524639124,40.9131188562687,60.49676616027438,50.70494250827154,15.334207077326342,2.6153846153846154,9.610736969452566,11.470588235294118,61.47058823529412,56.1764705882353,63.1578947368421,19.705882352941178,Poor,Average,Average,Average,Below Average,2018-19
202683,Enes Freedom,Enes,1610612757,POR,27.0,67,28,39,0.418,1639.3783333333333,112.6,402,0.245,0.353,32,0.135,26,0.211,546.0,426.0,460.0,1760.0,2.88,2.8818431374795357,179,219,438,363,164,454,42,29,29,237,410,161,175,364,353,370,386,265,67,517,408,109,53,0,197,445,33,18,51,0.647,0.353,158,333,253,128,491,0.322,0.678,0.863,0.437,202683,Enes Freedom,0.359854938271605,0.13451234567901235,3617.1,12.626262626262626,54.41595441595442,32.12435233160624,32.12717717899066,29.21074043938161,21.764705882352942,24.74311970516441,14.642857142857144,15.853658536585366,0.0,11.405923344947736,8.720267082367867,43.55664569996872,26.138456391168294,46.65792922673656,49.38461538461538,47.88493799778203,21.470588235294116,42.64705882352941,26.323529411764707,11.578947368421053,90.29411764705883,Below Average,Average,Below Average,Poor,Elite,2018-19
202339,Eric Bledsoe,Eric,1610612749,MIL,29.0,78,59,19,0.756,2271.705,104.2,280,0.108,0.147,116,0.297,29,0.094,653.0,579.0,481.0,1996.0,9.69,9.688293567690822,68,2,183,27,60,102,93,324,357,14,56,144,352,411,447,379,429,17,78,460,243,217,197,3,28,72,50,42,92,0.543,0.457,1,58,40,7,59,0.017,0.983,0.976,0.171,202339,Eric Bledsoe,0.26440730337078655,0.12224157303370786,5011.9,14.14141414141414,46.01139601139601,75.64766839378237,40.67247135899985,15.785191212367778,53.529411764705884,38.431723543770644,66.07142857142857,67.07317073170732,6.122448979591836,51.43479342956695,63.73297782227998,52.092685095127656,57.91283145870382,30.668414154652684,7.076923076923077,20.052243169674362,47.647058823529406,73.23529411764706,95.88235294117648,75.08771929824562,56.470588235294116,Average,Above Average,Elite,Above Average,Average,2018-19
201569,Eric Gordon,Eric,1610612745,HOU,30.0,68,44,24,0.647,2158.01,108.1,131,0.059,0.092,41,0.108,27,0.123,659.0,592.0,591.0,2308.0,6.77,6.768309700890333,165,77,245,103,79,256,268,496,490,192,466,152,298,416,461,438,472,71,68,289,158,131,94,2,27,68,21,29,50,0.42,0.58,1,110,69,8,111,0.009,0.991,0.908,0.105,201569,Eric Gordon,0.2844248554913295,0.12595664739884394,4535.7,13.131313131313133,34.9002849002849,55.44041450777204,31.32772859456798,8.868999186330349,28.235294117647058,20.488776145120376,29.28571428571429,21.341463414634145,4.081632653061225,20.20420607267297,52.195554127362406,49.50833103255919,50.8519425799608,11.140235910878113,15.076923076923077,12.911745135598348,19.11764705882353,33.23529411764706,52.94117647058824,63.859649122807014,31.470588235294116,Below Average,Below Average,Average,Average,Below Average,2018-19
101141,Ersan Ilyasova,Ersan,1610612749,MIL,32.0,67,49,18,0.731,1231.3133333333333,101.5,208,0.151,0.213,32,0.18,20,0.154,373.0,285.0,282.0,1066.0,6.32,6.31540097419287,179,30,168,41,235,51,159,173,191,237,293,206,251,271,258,255,269,93,67,369,249,120,82,49,68,160,11,19,30,0.367,0.633,44,184,124,45,228,0.193,0.807,0.912,0.331,101141,Ersan Ilyasova,0.2942702702702703,0.11872072072072072,2720.9,9.595959595959595,79.13105413105413,89.63730569948186,53.94357920912324,16.273393002441008,25.0,21.509357200976403,25.0,15.853658536585366,100.0,40.548780487804876,46.520998064122736,54.54193054339168,50.531464303757204,21.231979030144167,26.461538461538463,23.585280774271602,90.0,35.294117647058826,88.23529411764706,62.10526315789474,64.70588235294117,Elite,Below Average,Above Average,Average,Average,2018-19
203095,Evan Fournier,Evan,1610612753,ORL,26.0,81,42,39,0.519,2553.2816666666668,108.4,220,0.086,0.12,71,0.201,12,0.043,783.0,564.0,749.0,2632.0,7.66,7.66405801542551,22,95,438,237,26,269,144,423,438,71,218,277,448,472,437,506,512,50,81,502,285,217,114,1,13,36,40,46,86,0.465,0.535,8,125,85,14,133,0.06,0.94,0.895,0.147,203095,Evan Fournier,0.30310526315789477,0.12897783933518006,5208.8,5.555555555555555,23.36182336182336,53.88601036269426,23.870362989533966,19.202603742880388,53.529411764705884,39.79868855597569,36.42857142857142,39.63414634146341,2.0408163265306123,28.953583872573418,41.4288141810845,47.40666929255703,44.41774173682076,22.804718217562254,17.384615384615383,20.365671942736164,4.411764705882353,75.29411764705883,71.76470588235294,48.771929824561404,57.35294117647059,Poor,Above Average,Above Average,Average,Average,2018-19
202323,Evan Turner,Evan,1610612757,POR,30.0,73,47,26,0.644,1605.7133333333334,109.1,291,0.167,0.239,33,0.181,18,0.128,481.0,460.0,470.0,1510.0,4.51,4.509542013220576,124,51,262,108,170,309,89,135,148,230,289,222,293,333,376,374,348,170,73,380,201,179,52,0,15,42,22,25,47,0.468,0.532,3,74,42,11,77,0.039,0.961,0.875,0.229,202323,Evan Turner,0.24497478991596638,0.11308963585434173,3514.1,8.585858585858585,63.31908831908832,50.259067357512976,38.16079118540259,12.367778681855167,42.35294117647059,30.35887617862442,14.285714285714285,16.463414634146343,0.0,11.476480836236934,74.93320549424199,58.45913801241668,66.69617175332934,32.11009174311927,9.538461538461538,21.952858151023293,39.705882352941174,55.88235294117647,26.764705882352942,84.56140350877193,61.1764705882353,Below Average,Average,Below Average,Above Average,Average,2018-19
1628402,Frank Jackson,Frank,1610612740,NOP,21.0,61,22,39,0.361,1168.8633333333332,111.3,109,0.085,0.124,25,0.138,2,0.017,460.0,327.0,395.0,1302.0,2.57,2.571493945948826,227,276,438,409,248,410,295,429,427,280,400,424,470,318,290,328,310,287,59,224,121,103,27,0,7,17,18,29,47,0.383,0.617,5,33,28,9,38,0.132,0.868,0.903,0.29,1628402,Frank Jackson,0.24510828025477707,0.09554140127388536,2519.5,0.5050505050505051,70.72649572649573,38.86010362694301,34.67131961302945,5.858421480878763,20.0,14.343368592351506,5.357142857142857,11.585365853658537,0.0,6.19773519163763,74.85626628665243,70.66639064630728,72.76132846647985,8.256880733944955,3.230769230769231,5.99513055751588,28.52941176470588,18.823529411764707,10.294117647058822,91.57894736842105,11.176470588235295,Below Average,Below Average,Poor,Elite,Poor,2018-19
1626163,Frank Kaminsky,Frank,1610612766,CHA,26.0,47,22,25,0.468,754.69,109.1,124,0.164,0.243,12,0.111,12,0.152,193.0,184.0,183.0,742.0,2.11,2.1120137507391057,310,276,255,304,318,307,273,141,145,369,459,277,256,179,197,197,208,310,46,297,219,78,28,2,66,148,13,6,19,0.684,0.316,16,197,114,29,213,0.075,0.925,0.905,0.23,1626163,Frank Kaminsky,,,1754.9,5.555555555555555,90.66951566951566,50.259067357512976,46.52131954593094,13.83238405207486,12.647058823529411,13.121188914947592,5.714285714285714,3.6585365853658534,4.081632653061225,4.586610253857641,,,,10.222804718217562,28.46153846153846,18.430234902711966,73.82352941176471,15.588235294117647,7.352941176470589,,50.588235294117645,Above Average,Below Average,Poor,Poor,Average,2018-19
1628373,Frank Ntilikina,Frank,1610612752,NYK,20.0,43,9,34,0.209,903.6033333333334,110.6,75,0.08,0.124,30,0.213,14,0.143,297.0,288.0,196.0,954.0,2.17,2.1675989640281075,331,413,382,492,290,381,344,443,426,251,189,253,268,236,260,203,247,304,42,207,137,70,49,3,6,12,14,28,42,0.333,0.667,3,30,16,2,33,0.091,0.909,0.842,0.105,1628373,Frank Ntilikina,,,1831.7,6.565656565656567,83.11965811965813,42.487046632124375,42.33990462617406,7.160292921074044,10.294117647058822,9.04058775666491,13.214285714285715,14.634146341463413,6.122448979591836,11.93827775012444,,,,3.800786369593709,2.769230769230769,3.3365863494303865,57.94117647058824,8.823529411764707,29.117647058823533,,4.411764705882353,Average,Poor,Below Average,Poor,Poor,2018-19
1627832,Fred VanVleet,Fred,1610612761,TOR,25.0,64,46,18,0.719,1760.2533333333333,105.0,146,0.078,0.114,57,0.197,20,0.113,575.0,440.0,450.0,1710.0,6.97,6.973819685332816,201,61,168,48,144,126,247,449,450,119,236,206,324,377,361,359,378,65,64,359,166,193,138,0,9,22,19,41,60,0.317,0.683,0,96,62,5,96,0.0,1.0,0.873,0.07,1627832,Fred VanVleet,0.33571940298507463,0.11257910447761194,3780.4,9.595959595959595,56.1965811965812,71.50259067357513,41.38283492558104,9.51993490642799,46.470588235294116,31.690326903747664,45.0,31.097560975609756,0.0,28.884146341463413,22.6311536396989,58.814284022386786,40.72271883104284,13.106159895150721,12.923076923076923,13.023772557717514,52.94117647058824,58.235294117647065,71.47058823529412,37.89473684210527,32.05882352941177,Average,Average,Above Average,Below Average,Below Average,2018-19
1627788,Furkan Korkmaz,Furkan,1610612755,PHI,21.0,48,30,18,0.625,679.2316666666667,107.0,91,0.13,0.185,29,0.234,2,0.029,224.0,137.0,171.0,670.0,2.37,2.366866367362457,305,201,168,126,333,205,323,241,256,255,142,424,462,198,172,191,195,294,43,137,70,67,43,2,4,9,8,20,28,0.286,0.714,0,14,6,3,14,0.0,1.0,0.75,0.375,1627788,Furkan Korkmaz,,,1397.6,0.5050505050505051,93.23361823361823,61.13989637305699,48.11876067705082,1.7087062652563059,9.411764705882353,6.330541329631934,11.071428571428571,14.02439024390244,4.081632653061225,10.357516177202589,,,,5.897771952817824,0.3076923076923077,3.382236112511342,80.0,5.0,22.941176470588236,,5.0,Above Average,Poor,Below Average,Poor,Poor,2018-19
202066,Garrett Temple,Garrett,1610612746,LAC,33.0,75,37,38,0.493,2040.5916666666667,106.8,188,0.092,0.132,76,0.208,30,0.129,736.0,479.0,631.0,1862.0,6.84,6.840990176789412,98,139,426,273,97,202,187,391,403,59,200,138,289,456,387,457,402,68,75,431,218,213,149,2,6,12,26,44,70,0.371,0.629,3,53,32,7,56,0.054,0.946,0.762,0.167,202066,Garrett Temple,0.2893631284916201,0.10693854748603351,4234.5,14.646464646464647,50.78347578347579,62.176165803108816,39.17684383357958,13.751017087062653,52.352941176470594,36.91217154070742,48.92857142857142,42.68292682926829,4.081632653061225,35.53086112493778,49.34930461681141,62.738080679900186,56.0436926483558,18.610747051114025,6.3076923076923075,13.074372416574253,43.23529411764706,70.58823529411765,83.52941176470588,71.57894736842105,32.64705882352941,Average,Above Average,Above Average,Above Average,Below Average,2018-19
1629109,Gary Clark,Gary,1610612745,HOU,24.0,51,33,18,0.647,640.6066666666667,109.8,92,0.144,0.224,20,0.194,26,0.31,240.0,223.0,162.0,730.0,1.66,1.6631149882640104,284,169,168,103,340,346,320,198,167,311,240,161,107,206,227,185,205,346,47,178,123,55,37,0,11,30,10,17,27,0.37,0.63,4,55,29,13,59,0.068,0.932,0.829,0.371,1629109,Gary Clark,,,1342.0,12.626262626262626,91.0968660968661,46.63212435233161,48.592439272491085,6.021155410903174,5.88235294117647,5.937873929067152,8.928571428571429,8.536585365853659,0.0,6.559233449477352,,,,6.028833551769332,6.615384615384616,6.29278153039621,80.88235294117648,4.411764705882353,12.352941176470589,,12.058823529411764,Above Average,Poor,Poor,Poor,Poor,2018-19
203914,Gary Harris,Gary,1610612743,DEN,24.0,57,38,19,0.667,1639.2433333333333,105.3,119,0.07,0.1,55,0.199,19,0.129,560.0,406.0,447.0,1682.0,6.44,6.442164681791266,259,132,183,78,165,137,283,471,478,127,228,214,290,372,342,356,371,88,57,247,93,154,114,3,15,31,22,49,71,0.31,0.69,0,42,28,4,42,0.0,1.0,0.903,0.129,203914,Gary Harris,0.22232802547770703,0.07797133757961784,3542.9,9.090909090909092,57.193732193732195,69.94818652849743,41.141216536294266,3.580146460537022,35.0,22.432058584214808,36.42857142857142,29.878048780487802,6.122448979591836,26.559357889497257,87.98601610114164,82.88882848335007,85.43742229224586,9.567496723460026,4.615384615384616,7.339046274826092,50.294117647058826,38.23529411764706,67.05882352941175,98.24561403508771,15.0,Average,Below Average,Average,Elite,Below Average,2018-19
201588,George Hill,George,1610612749,MIL,33.0,60,39,21,0.65,1302.305,103.3,109,0.075,0.107,52,0.248,8,0.062,413.0,335.0,329.0,1156.0,5.77,5.769524345710495,232,118,202,101,218,79,295,460,464,143,116,319,413,293,294,290,285,111,58,294,125,169,81,0,18,39,20,24,44,0.455,0.545,19,56,46,9,75,0.253,0.747,0.852,0.167,201588,George Hill,0.28009440559440557,0.11677972027972028,2917.4,3.535353535353535,75.92592592592592,80.31088082901555,48.06593569546938,6.183889340927584,39.411764705882355,26.120614559900446,24.642857142857146,28.04878048780488,0.0,19.674216027874564,54.6914754542838,55.89216794973305,55.29182170200842,8.256880733944955,6.769230769230769,7.587438249823572,79.70588235294119,46.1764705882353,50.588235294117645,68.77192982456141,15.88235294117647,Above Average,Average,Average,Average,Below Average,2018-19
1627777,Georges Niang,Georges,1610612762,UTA,26.0,59,41,18,0.695,516.3483333333334,111.6,76,0.135,0.197,10,0.161,6,0.092,183.0,156.0,114.0,554.0,1.09,1.0885824065480305,240,103,168,63,359,424,342,224,223,387,342,358,359,174,180,152,178,382,53,121,73,48,18,0,5,11,6,10,16,0.375,0.625,1,74,37,10,75,0.013,0.987,0.949,0.256,1627777,Georges Niang,,,1323.4,2.525252525252525,97.36467236467237,37.305699481865304,44.414161208202664,1.9528071602929211,3.823529411764706,3.0752405111759917,2.142857142857143,2.4390243902439024,0.0,1.710801393728223,,,,3.9318479685452163,9.538461538461538,6.454824075007561,65.29411764705883,0.8823529411764706,0.8823529411764706,,12.352941176470589,Average,Poor,Poor,Poor,Poor,2018-19
101123,Gerald Green,Gerald,1610612745,HOU,33.0,73,47,26,0.644,1472.9816666666666,109.3,152,0.1,0.153,33,0.141,27,0.179,475.0,426.0,392.0,1602.0,4.08,4.084712714057093,124,51,262,108,187,322,242,356,340,230,396,152,218,329,353,327,360,195,72,364,203,161,53,0,13,33,11,31,42,0.262,0.738,0,72,42,10,72,0.0,1.0,0.84,0.2,101123,Gerald Green,0.31716621983914206,0.10612064343163538,3033.5,13.131313131313133,60.04273504273504,49.22279792746115,38.5731819993478,12.530512611879576,37.05882352941177,27.247499162398892,14.642857142857144,16.463414634146343,0.0,11.619337979094077,33.32456577895611,63.30704739712433,48.31580658804022,13.892529488859765,9.230769230769232,11.794737372719025,41.76470588235294,49.11764705882353,27.794117647058826,58.59649122807018,26.764705882352942,Average,Average,Below Average,Average,Below Average,2018-19
203507,Giannis Antetokounmpo,Giannis,1610612749,MIL,24.0,72,56,16,0.778,2358.221666666667,101.8,739,0.273,0.374,92,0.242,110,0.329,682.0,565.0,455.0,2014.0,11.83,11.829726754847563,135,4,156,21,47,58,2,14,20,33,124,12,96,429,438,364,433,3,72,685,393,292,152,1,144,337,61,55,116,0.526,0.474,35,234,120,60,269,0.13,0.87,0.916,0.458,203507,Giannis Antetokounmpo,0.2983657142857143,0.12758285714285714,5193.7,55.05050505050505,45.370370370370374,88.08290155440416,59.92055703843269,27.990235964198533,75.58823529411765,56.54903556215,50.0,52.4390243902439,2.0408163265306123,38.863862618218015,44.16052598739459,48.37707460389414,46.26880029564437,90.82568807339449,34.15384615384615,65.32335920959774,96.47058823529412,94.70588235294117,86.1764705882353,52.28070175438596,96.76470588235294,Elite,Elite,Above Average,Average,Elite,2018-19
203922,Glenn Robinson III,Glenn,1610612765,DET,25.0,47,24,23,0.511,610.1116666666667,103.1,54,0.089,0.128,14,0.137,8,0.178,213.0,128.0,132.0,620.0,2.83,2.82670952047492,310,262,230,248,345,75,371,406,414,348,402,319,219,193,168,162,188,268,44,139,86,53,28,0,5,11,9,12,21,0.429,0.571,3,32,18,5,35,0.086,0.914,0.9,0.25,203922,Glenn Robinson III,,,1272.9,3.535353535353535,95.01424501424502,81.34715025906738,55.00591473389401,3.010577705451587,5.294117647058823,4.380701670415929,5.714285714285714,4.878048780487805,0.0,3.993031358885018,,,,1.0484927916120577,3.076923076923077,1.9612864200020166,91.17647058823529,2.3529411764705883,5.0,,2.0588235294117645,Elite,Poor,Poor,Poor,Poor,2018-19
202330,Gordon Hayward,Gordon,1610612738,BOS,29.0,72,44,28,0.611,1863.3383333333334,105.2,271,0.141,0.206,62,0.182,23,0.116,589.0,510.0,475.0,1854.0,7.48,7.483882273183636,135,77,292,141,129,132,98,212,204,101,283,182,315,386,404,378,399,53,69,392,236,156,72,0,18,45,15,42,57,0.263,0.737,12,130,72,17,142,0.085,0.915,0.9,0.213,202330,Gordon Hayward,0.2688481375358166,0.10644699140401145,4102.2,11.11111111111111,51.06837606837607,70.4663212435233,39.93495637925689,15.215622457282343,35.588235294117645,27.439190159383525,21.428571428571427,34.146341463414636,0.0,20.522648083623693,61.173434826598886,63.08002671723272,62.1267307719158,29.48885976408912,18.153846153846153,24.388103639479787,45.0,50.0,54.70588235294118,79.64912280701755,67.3529411764706,Average,Average,Average,Above Average,Average,2018-19
203476,Gorgui Dieng,Gorgui,1610612750,MIN,29.0,76,33,43,0.434,1031.2216666666666,109.0,230,0.225,0.331,48,0.238,41,0.466,309.0,283.0,279.0,992.0,3.01,3.008843763194883,88,169,474,348,273,303,132,48,45,156,133,84,41,242,256,252,252,256,75,444,330,114,87,6,144,311,30,25,55,0.545,0.455,20,158,95,35,178,0.112,0.888,0.922,0.34,203476,Gorgui Dieng,0.27802549575070823,0.1048441926345609,2341.1,20.2020202020202,81.76638176638177,50.77720207253885,49.39334221717641,22.86411716842962,23.235294117647058,23.086823337960084,26.785714285714285,25.609756097560975,12.244897959183673,22.738924838227973,55.883923427421614,64.19499753724685,60.039460482334235,24.11533420707733,22.46153846153846,23.371126121584837,82.05882352941177,39.11764705882353,58.82352941176471,76.84210526315789,64.11764705882354,Above Average,Below Average,Average,Above Average,Average,2018-19
1628977,Hamidou Diallo,Hamidou,1610612760,OKC,20.0,51,29,22,0.569,526.28,110.3,59,0.11,0.169,21,0.202,10,0.13,198.0,186.0,154.0,596.0,1.29,1.2921912747380995,284,209,217,195,356,366,364,312,287,299,214,298,287,184,199,178,183,369,43,102,51,51,25,1,2,5,8,16,24,0.333,0.667,4,18,13,5,22,0.182,0.818,0.765,0.294,1628977,Hamidou Diallo,,,1094.7,4.545454545454546,95.86894586894587,44.04145077720208,46.38267556661339,0.16273393002441008,4.705882352941177,2.88862298377447,4.642857142857143,9.146341463414634,2.0408163265306123,5.568566450970633,,,,1.7038007863695939,0.9230769230769231,1.3524750478878922,72.94117647058823,0.5882352941176471,8.529411764705882,,0.8823529411764706,Above Average,Poor,Poor,Poor,Poor,2018-19
203084,Harrison Barnes,Harrison,1610612758,SAC,27.0,77,34,43,0.442,2532.5933333333332,109.4,304,0.111,0.158,50,0.132,13,0.06,847.0,691.0,884.0,2656.0,6.67,6.66574695115662,74,165,474,342,32,324,81,307,319,152,423,260,419,495,504,527,515,76,77,629,335,294,98,1,41,100,32,38,70,0.457,0.543,6,250,134,37,256,0.023,0.977,0.887,0.245,203084,Harrison Barnes,0.3050464480874317,0.14805464480874317,5498.2,6.0606060606060606,22.507122507122507,48.70466321243519,22.4779011048441,23.270951993490645,76.17647058823529,55.014263150337435,30.714285714285715,26.82926829268293,2.0408163265306123,22.186162269785964,40.30998242446466,34.136081713181525,37.22303206882309,33.81389252948886,36.61538461538461,35.07456396814195,3.5294117647058822,92.64705882352942,57.35294117647059,30.87719298245614,81.47058823529412,Poor,Elite,Average,Below Average,Above Average,2018-19
1628385,Harry Giles III,Harry,1610612758,SAC,21.0,58,26,32,0.448,819.99,109.1,156,0.171,0.258,31,0.22,22,0.301,308.0,256.0,238.0,884.0,2.34,2.3372752504978123,248,244,352,329,303,314,234,129,109,244,167,191,115,240,242,220,233,295,56,272,194,78,51,0,86,198,9,18,27,0.333,0.667,14,193,104,38,207,0.068,0.932,0.897,0.328,1628385,Harry Giles III,,,1764.9,10.606060606060606,85.61253561253561,50.259067357512976,46.77157854618995,11.798209926769731,12.647058823529411,12.30751926482554,13.928571428571429,15.24390243902439,0.0,10.906794425087108,,,,14.416775884665793,27.846153846153847,20.459995967335416,74.70588235294117,14.411764705882351,24.41176470588235,,58.235294117647065,Above Average,Poor,Below Average,Poor,Average,2018-19
202355,Hassan Whiteside,Hassan,1610612748,MIA,30.0,72,33,39,0.458,1674.2266666666667,106.2,560,0.305,0.441,46,0.197,136,0.61,605.0,491.0,494.0,1490.0,6.12,6.120861286448701,135,169,438,315,159,178,11,9,9,162,235,7,11,393,393,387,345,99,72,711,620,91,75,0,210,455,32,17,49,0.653,0.347,90,167,132,92,257,0.35,0.65,0.852,0.594,202355,Hassan Whiteside,0.3115278592375366,0.09197947214076246,3512.8,68.18181818181817,64.03133903133903,65.28497409326422,66.00493945701199,46.46053702196908,16.470588235294116,28.4665677499641,22.5,24.390243902439025,0.0,17.536585365853657,36.574321533991345,73.14421077075852,54.85926615237493,67.36566186107471,23.846153846153847,47.78188325436033,98.52941176470588,52.352941176470594,44.11764705882353,67.71929824561404,90.0,Elite,Average,Average,Average,Elite,2018-19
203546,Ian Clark,Ian,1610612740,NOP,28.0,60,24,36,0.4,972.5783333333334,109.6,76,0.071,0.103,22,0.173,8,0.076,353.0,280.0,319.0,1028.0,2.62,2.6169044028634305,232,262,406,377,282,331,342,467,471,294,312,319,388,260,254,280,260,286,55,193,80,113,37,0,8,20,13,12,25,0.52,0.48,0,29,19,1,29,0.0,1.0,0.95,0.05,203546,Ian Clark,0.26225,0.09847560975609755,2364.7,3.535353535353535,80.48433048433048,47.66839378238344,41.50075552925294,2.5223759153783565,22.941176470588236,14.773656248504283,8.928571428571429,9.75609756097561,0.0,6.986062717770035,64.97637276274803,68.6252380700384,66.80080541639322,3.9318479685452163,2.6153846153846154,3.3394394596229464,53.529411764705884,19.705882352941178,13.823529411764707,85.26315789473684,4.705882352941177,Average,Below Average,Poor,Above Average,Poor,2018-19
202697,Iman Shumpert,Iman,1610612745,HOU,29.0,62,39,23,0.629,1480.8,110.5,156,0.101,0.152,59,0.233,24,0.167,516.0,449.0,441.0,1642.0,3.72,3.7197222457799066,224,118,230,120,186,376,234,352,344,110,143,175,235,349,371,352,367,210,62,238,124,114,116,0,21,57,27,34,61,0.443,0.557,7,105,63,9,112,0.063,0.938,0.797,0.114,202697,Iman Shumpert,0.29739490445859873,0.11557006369426752,3228.2,11.616161616161616,58.61823361823362,43.00518134715025,35.91414174963398,6.102522375915378,23.235294117647058,16.382185420954386,37.142857142857146,32.31707317073171,0.0,26.168118466898957,44.72006714583261,56.733653369315775,50.72686025757419,14.416775884665793,14.307692307692307,14.367688275027724,32.35294117647059,23.38235294117647,65.0,63.50877192982456,38.82352941176471,Below Average,Below Average,Average,Average,Below Average,2018-19
202397,Ish Smith,Ish,1610612765,DET,30.0,56,33,23,0.589,1250.99,108.1,122,0.097,0.141,28,0.178,11,0.103,354.0,268.0,259.0,1272.0,3.85,3.8519035338309653,263,169,230,168,228,258,276,372,378,261,296,290,338,261,246,238,304,204,56,242,152,90,46,2,12,30,23,29,52,0.442,0.558,0,35,24,6,35,0.0,1.0,0.923,0.231,202397,Ish Smith,0.2563214285714286,0.07083116883116883,2719.4,5.05050505050505,71.7948717948718,55.44041450777204,41.00851077535016,8.380797396257119,16.176470588235293,13.058201311444023,12.142857142857142,13.414634146341465,4.081632653061225,10.572672971627677,68.39339598642258,87.85581495491232,78.12460547066745,9.960681520314548,3.5384615384615383,7.070682528480694,49.705882352941174,15.0,23.52941176470588,94.03508771929825,13.823529411764707,Average,Below Average,Below Average,Elite,Poor,2018-19
1628397,Ivan Rabb,Ivan,1610612763,MEM,22.0,49,20,29,0.408,720.6816666666666,109.5,136,0.197,0.286,17,0.134,14,0.219,296.0,168.0,282.0,676.0,1.94,1.9412991751072024,300,294,312,371,326,327,263,82,83,330,413,253,166,234,191,255,196,326,46,259,164,95,30,0,60,135,14,11,25,0.56,0.44,23,142,82,33,165,0.139,0.861,0.891,0.359,1628397,Ivan Rabb,,,1677.9,6.565656565656567,93.01994301994301,48.18652849740932,47.22987480759501,9.35720097640358,17.647058823529413,14.33111568467908,6.428571428571428,6.707317073170732,0.0,4.918989547038327,,,,11.795543905635649,20.0,15.487549148099607,77.3529411764706,18.529411764705884,8.235294117647058,,44.41176470588235,Above Average,Below Average,Poor,Poor,Average,2018-19
1627826,Ivica Zubac,Ivica,1610612746,LAC,22.0,59,32,27,0.542,1039.2,104.7,247,0.216,0.302,14,0.089,51,0.49,394.0,246.0,342.0,1098.0,4.3,4.301900491783244,240,179,271,219,271,119,122,57,66,348,487,61,34,283,237,297,275,184,58,521,446,75,27,1,141,325,11,10,21,0.524,0.476,41,212,133,52,253,0.162,0.838,0.899,0.351,1627826,Ivica Zubac,0.3149290322580645,0.09868709677419354,2343.0,25.252525252525253,77.99145299145299,73.05699481865283,55.66226735268185,32.302685109845406,11.76470588235294,19.979897573349927,5.357142857142857,4.878048780487805,2.0408163265306123,4.360378297660528,34.61400321128883,68.47811925607172,51.54606123368028,26.34338138925295,30.76923076923077,28.33501361024297,92.3529411764706,32.05882352941177,6.176470588235294,64.56140350877193,73.23529411764706,Elite,Below Average,Poor,Average,Above Average,2018-19
200755,JJ Redick,JJ,1610612755,PHI,35.0,76,49,27,0.645,2379.116666666667,104.7,166,0.062,0.089,32,0.092,17,0.06,897.0,621.0,760.0,2486.0,9.95,9.949525201977101,88,30,271,107,45,115,216,492,497,237,482,230,416,510,474,509,493,11,76,359,195,164,50,10,67,134,27,26,53,0.509,0.491,1,99,64,9,100,0.01,0.99,0.865,0.122,200755,JJ Redick,0.3200027932960894,0.12931005586592179,5073.7,8.080808080808081,28.561253561253565,73.05699481865283,31.493010683425187,11.879576891781937,37.94117647058823,27.516536639065713,13.571428571428571,15.853658536585366,20.408163265306122,16.079392732702836,31.689663088682973,47.175566209148535,39.43261464891575,15.727391874180865,13.384615384615383,14.6731424538764,19.705882352941178,50.882352941176464,40.294117647058826,34.385964912280706,39.411764705882355,Below Average,Average,Average,Below Average,Below Average,2018-19
203210,JaMychal Green,JaMychal,1610612746,LAC,29.0,65,31,34,0.477,1370.5833333333333,109.1,305,0.218,0.325,45,0.192,34,0.225,519.0,358.0,417.0,1230.0,3.82,3.8217521495395537,196,187,382,289,205,308,80,52,51,170,246,110,159,351,309,339,297,205,64,297,160,137,78,4,36,84,17,23,40,0.425,0.575,95,197,126,56,292,0.325,0.675,0.768,0.341,203210,JaMychal Green,0.2715548780487805,0.10471341463414635,2846.4,16.666666666666664,73.29059829059828,50.259067357512976,44.883142907754305,9.03173311635476,30.0,21.612693246541905,23.57142857142857,23.78048780487805,8.16326530612245,19.79255848680936,59.61336334821794,64.28597193599312,61.949667642105524,33.94495412844037,28.46153846153846,31.47741707833451,67.64705882352942,35.588235294117645,51.17647058823529,79.2982456140351,75.88235294117646,Average,Below Average,Average,Above Average,Above Average,2018-19
201580,JaVale McGee,JaVale,1610612747,LAL,31.0,75,35,40,0.467,1670.6933333333334,111.1,371,0.203,0.294,47,0.173,148,0.617,679.0,524.0,626.0,1802.0,3.72,3.7155809763562244,98,152,454,305,161,402,48,73,72,158,310,5,10,425,410,452,391,210,75,877,712,165,83,1,204,456,22,19,41,0.537,0.463,49,359,186,77,408,0.12,0.88,0.89,0.368,201580,JaVale McGee,0.3062711370262391,0.12766180758017492,3777.3,74.24242424242425,52.92022792022792,39.89637305699484,58.19314273329818,53.946297803091944,38.23529411764706,44.51969559182501,25.357142857142854,25.0,2.0408163265306123,19.403061224489797,39.60411413965079,48.322153527390654,43.96313383352072,42.59501965923984,53.38461538461539,47.450337735658835,94.41176470588235,83.23529411764706,49.705882352941174,47.368421052631575,89.70588235294117,Elite,Above Average,Average,Average,Above Average,2018-19
203953,Jabari Parker,Jabari,1610612764,WAS,24.0,64,18,46,0.281,1724.2716666666668,110.8,342,0.187,0.277,46,0.159,30,0.171,667.0,507.0,447.0,1810.0,3.94,3.9353688305943284,201,321,491,451,150,390,59,97,91,162,352,138,227,421,401,356,393,200,64,450,255,195,66,0,36,87,25,40,65,0.385,0.615,20,169,86,23,190,0.105,0.889,0.878,0.235,203953,Jabari Parker,0.34898148148148145,0.16682716049382715,3533.2,14.646464646464647,52.635327635327634,41.450777202072544,34.64364483146866,16.761594792514238,47.05882352941176,34.93993203465275,19.28571428571429,24.390243902439025,0.0,16.250871080139373,14.987350952592394,21.077170260247538,18.032260606419968,38.79423328964614,24.153846153846153,32.20605907853615,28.235294117647058,65.58823529411765,41.17647058823529,2.456140350877193,77.3529411764706,Below Average,Average,Average,Poor,Above Average,2018-19
203109,Jae Crowder,Jae,1610612762,UTA,28.0,80,48,32,0.6,2165.7316666666666,105.3,324,0.139,0.2,64,0.188,31,0.114,778.0,526.0,505.0,2100.0,8.61,8.606256439951066,42,38,352,154,76,136,65,217,218,99,257,131,320,470,413,395,446,32,80,451,261,190,93,6,49,117,25,54,79,0.316,0.684,3,206,83,27,209,0.014,0.986,0.902,0.293,203109,Jae Crowder,0.2660026455026455,0.123505291005291,4551.3,15.151515151515152,42.30769230769231,69.94818652849743,38.35534500042273,17.24979658258747,45.588235294117645,34.25285980950558,28.92857142857143,35.36585365853659,12.244897959183673,27.010701841712297,62.81347787529492,51.21359241680867,57.013535146051794,36.435124508519,29.846153846153843,33.47008771045468,41.17647058823529,63.8235294117647,68.52941176470588,74.03508771929825,79.70588235294119,Average,Average,Average,Above Average,Above Average,2018-19
1626143,Jahlil Okafor,Jahlil,1610612740,NOP,23.0,59,23,36,0.39,934.8483333333334,111.5,196,0.196,0.277,15,0.114,40,0.385,365.0,275.0,341.0,998.0,1.95,1.9493304790661858,240,272,406,391,287,414,177,85,90,345,454,88,75,267,251,295,254,324,52,419,349,70,19,0,86,197,12,10,22,0.545,0.455,42,205,129,54,247,0.17,0.83,0.896,0.375,1626143,Jahlil Okafor,0.2776105263157895,0.06297894736842106,2220.1,19.696969696969695,81.55270655270655,37.823834196891184,45.87819372145796,24.410089503661514,10.294117647058822,15.9405063896999,2.5,5.487804878048781,0.0,2.9207317073170733,56.12309743642467,93.31813372513056,74.72061558077762,19.65923984272608,29.69230769230769,24.174120375037806,71.17647058823529,22.058823529411764,3.823529411764706,91.9298245614035,66.17647058823529,Above Average,Below Average,Poor,Elite,Average,2018-19
1627774,Jake Layman,Jake,1610612757,POR,25.0,71,46,25,0.648,1326.9366666666667,108.9,161,0.115,0.165,31,0.182,30,0.233,486.0,373.0,350.0,1384.0,3.81,3.8085697544374826,144,61,255,102,215,299,228,284,299,244,281,138,152,336,323,301,325,207,69,291,179,112,62,6,21,51,20,22,42,0.476,0.524,18,72,42,13,90,0.2,0.8,0.84,0.26,1627774,Jake Layman,0.2720387811634349,0.08541274238227146,2849.6,14.646464646464647,67.80626780626781,51.29533678756473,42.414613787670774,10.577705451586656,22.647058823529413,17.81931747475231,17.857142857142858,15.24390243902439,12.244897959183673,15.539447486311598,59.33445835386908,77.7122901848361,68.52337426935259,15.072083879423328,9.230769230769232,12.443492287528986,58.529411764705884,27.35294117647059,38.23529411764706,88.0701754385965,29.117647058823533,Average,Below Average,Below Average,Above Average,Below Average,2018-19
1627751,Jakob Poeltl,Jakob,1610612759,SAS,23.0,77,43,34,0.558,1272.655,106.1,232,0.171,0.247,29,0.177,68,0.544,392.0,310.0,358.0,1240.0,4.79,4.7871844386601,74,88,382,204,223,171,131,126,135,255,301,36,21,282,273,308,299,154,77,681,549,132,54,5,214,487,21,19,40,0.525,0.475,55,298,208,78,353,0.156,0.844,0.874,0.328,1627751,Jakob Poeltl,0.3296566757493188,0.1129400544959128,2709.8,33.83838383838384,72.93447293447294,65.80310880829018,55.51319626449161,40.68348250610253,28.52941176470588,33.39104006126454,15.0,14.02439024390244,10.204081632653061,13.45955699352912,26.125499623883826,58.5631927777716,42.344346200827715,24.37745740498034,44.0,33.20760157273919,91.47058823529412,61.76470588235294,32.35294117647059,44.21052631578947,79.11764705882352,Elite,Average,Below Average,Average,Above Average,2018-19
1628973,Jalen Brunson,Jalen,1610612742,DAL,22.0,73,27,46,0.37,1591.2583333333334,110.4,144,0.087,0.127,37,0.184,4,0.029,485.0,395.0,526.0,1620.0,3.82,3.8229804070603324,124,229,491,402,172,373,250,414,419,211,277,388,461,335,334,411,363,205,70,302,146,156,63,12,11,28,20,28,48,0.417,0.583,1,53,40,7,54,0.019,0.981,0.93,0.163,1628973,Jalen Brunson,0.2657743732590529,0.09103899721448468,3446.8,1.5151515151515151,59.401709401709404,43.52331606217613,32.27748791220293,7.892595606183889,35.588235294117645,24.50997941894414,18.21428571428571,18.902439024390244,24.489795918367346,20.024016923842705,62.94504608984273,73.79844268042872,68.37174438513573,12.844036697247708,6.3076923076923075,9.90268172194778,22.058823529411764,41.76470588235294,52.352941176470594,87.36842105263159,21.176470588235293,Below Average,Average,Average,Above Average,Below Average,2018-19
2037,Jamal Crawford,Jamal,1610612756,PHX,39.0,64,13,51,0.203,1210.9116666666666,116.5,77,0.061,0.097,33,0.161,12,0.086,536.0,450.0,457.0,1372.0,0.73,0.7262411270568357,201,374,510,494,239,507,341,494,484,230,343,277,373,360,372,366,320,414,59,123,56,67,37,0,3,6,11,14,25,0.44,0.56,0,23,14,3,23,0.0,1.0,0.933,0.2,2037,Jamal Crawford,0.23265597667638485,0.06608163265306123,2793.6,5.555555555555555,68.23361823361823,11.917098445595842,29.08326321538756,0.5695687550854354,9.411764705882353,5.874886325563586,8.928571428571429,16.463414634146343,0.0,9.333623693379792,82.03334275916532,91.15978195821044,86.59656235868789,4.062909567496723,1.6923076923076923,2.9961387236616592,14.117647058823529,4.117647058823529,20.588235294117645,98.59649122807016,4.117647058823529,Poor,Poor,Below Average,Elite,Poor,2018-19
1627750,Jamal Murray,Jamal,1610612743,DEN,22.0,75,49,26,0.653,2447.3116666666665,108.0,252,0.101,0.142,67,0.178,27,0.12,816.0,570.0,639.0,2512.0,7.67,7.672548314568967,98,30,262,99,39,253,118,353,373,87,298,152,304,485,442,465,497,49,75,486,239,247,123,4,64,139,43,53,96,0.448,0.552,5,74,50,12,79,0.063,0.937,0.909,0.218,1627750,Jamal Murray,0.29160433604336045,0.14343631436314364,5145.4,13.131313131313133,27.635327635327634,55.95854922279793,28.914527230589407,15.459723352318958,62.35294117647059,43.59565404680993,39.64285714285714,37.19512195121951,8.16326530612245,30.916251866600298,48.05755021262826,37.34877677021078,42.70316349141952,26.998689384010483,9.538461538461538,19.14158685351346,13.823529411764707,81.76470588235294,76.17647058823529,45.26315789473684,52.94117647058824,Poor,Above Average,Above Average,Average,Average,2018-19
203516,James Ennis III,James,1610612755,PHI,28.0,58,35,23,0.603,1229.6383333333333,109.8,122,0.099,0.152,41,0.178,23,0.158,529.0,345.0,332.0,1358.0,3.13,3.128200107069025,248,152,230,150,236,344,276,360,343,192,297,182,250,354,300,292,319,247,58,249,142,107,88,2,19,51,19,27,46,0.413,0.587,16,67,44,10,83,0.193,0.807,0.772,0.175,203516,James Ennis III,0.30754,0.07686,2578.0,11.11111111111111,68.73219373219374,46.63212435233161,40.15874333879515,7.5671277461350686,21.176470588235293,15.732733451395204,27.142857142857142,21.341463414634145,4.081632653061225,19.347063215530113,38.872785471144475,83.66191927682742,61.26735237398594,9.960681520314548,8.461538461538462,9.28606714386531,45.88235294117647,21.470588235294116,49.411764705882355,78.59649122807018,19.11764705882353,Average,Below Average,Average,Above Average,Below Average,2018-19
201935,James Harden,James,1610612745,HOU,29.0,78,51,27,0.654,2866.725,110.3,452,0.157,0.244,158,0.309,58,0.201,1000.0,812.0,876.0,3060.0,6.93,6.934216034075859,68,21,271,98,2,372,29,156,142,2,49,46,193,527,528,525,528,66,78,528,344,184,277,6,21,51,47,73,120,0.392,0.608,5,201,105,35,206,0.024,0.976,0.905,0.302,201935,James Harden,0.3504027777777778,0.1544361111111111,5935.8,28.78787878787879,8.11965811965812,44.04145077720208,25.367394551332374,24.003254678600488,43.8235294117647,35.89541951849902,94.64285714285714,92.6829268292683,12.244897959183673,73.35739173718268,14.16816499680515,29.69687895631713,21.93252197656114,53.21100917431193,29.076923076923077,42.35067043048695,5.88235294117647,68.23529411764706,99.70588235294117,5.614035087719298,87.3529411764706,Poor,Average,Elite,Poor,Above Average,2018-19
201949,James Johnson,James,1610612748,MIA,32.0,55,27,28,0.491,1163.8383333333334,107.9,154,0.123,0.177,35,0.219,27,0.205,396.0,317.0,325.0,1042.0,3.67,3.6674005157997316,270,229,292,276,249,248,237,265,275,224,170,152,191,285,280,285,262,214,54,348,170,178,88,2,46,120,17,19,36,0.472,0.528,8,106,53,20,114,0.07,0.93,0.779,0.294,201949,James Johnson,0.2545198675496689,0.13971192052980133,2529.5,13.131313131313133,79.98575498575498,56.4766839378238,47.36671048199545,9.845402766476811,42.05882352941177,29.173455224237784,27.142857142857142,17.682926829268293,4.081632653061225,18.066575410652064,69.43175335874881,39.93961382696794,54.685683592858375,14.154652686762779,14.461538461538462,14.292751285411835,77.94117647058823,53.529411764705884,45.588235294117645,67.36842105263158,38.23529411764706,Above Average,Average,Average,Average,Below Average,2018-19
201162,Jared Dudley,Jared,1610612751,BKN,33.0,59,28,31,0.475,1219.6483333333333,108.6,121,0.096,0.145,36,0.211,16,0.17,426.0,349.0,254.0,1208.0,3.52,3.5246044812362425,240,219,335,298,237,278,281,376,364,217,192,238,229,300,303,230,292,224,58,322,210,112,51,7,77,187,8,21,29,0.276,0.724,12,250,146,22,262,0.046,0.954,0.864,0.13,201162,Jared Dudley,0.24669375000000002,0.115471875,2645.9,7.575757575757576,74.07407407407408,52.84974093264251,42.16866418938958,13.100081366965014,22.647058823529413,18.828267840903653,13.928571428571429,18.29268292682927,14.285714285714285,15.545296167247388,73.94245644137482,56.801957345491836,65.37220689343333,9.82961992136304,36.61538461538461,21.883214033672747,57.35294117647059,29.411764705882355,38.529411764705884,82.80701754385966,60.882352941176464,Average,Below Average,Below Average,Above Average,Average,2018-19
1628991,Jaren Jackson Jr.,Jaren,1610612763,MEM,19.0,58,23,35,0.397,1514.6883333333333,103.6,199,0.132,0.195,52,0.199,82,0.421,488.0,375.0,503.0,1322.0,6.65,6.653456448440637,248,272,397,382,180,89,170,235,227,143,229,26,61,338,324,391,313,79,58,625,439,186,78,0,99,230,34,33,67,0.507,0.493,16,198,103,25,214,0.075,0.925,0.866,0.21,1628991,Jaren Jackson Jr.,0.31294516129032257,0.1323258064516129,2955.2,40.909090909090914,70.01424501424502,78.75647668393785,60.55774128960659,31.733116354759964,44.41176470588235,39.340305365433395,23.57142857142857,28.04878048780488,0.0,19.245644599303134,35.757437721814995,45.07768968991536,40.41756370586518,20.0524246395806,28.615384615384613,23.90575662869241,97.35294117647058,74.41176470588235,48.8235294117647,37.19298245614035,65.29411764705883,Elite,Above Average,Average,Below Average,Average,2018-19
1628386,Jarrett Allen,Jarrett,1610612751,BKN,21.0,80,42,38,0.525,2095.97,111.6,481,0.208,0.317,43,0.158,120,0.561,806.0,713.0,535.0,2370.0,4.33,4.330650114001446,42,95,426,233,88,421,23,67,58,181,353,11,18,480,511,419,480,183,79,1257,1109,148,78,0,374,871,33,22,55,0.6,0.4,38,370,202,92,408,0.093,0.907,0.91,0.414,1628386,Jarrett Allen,0.3290207715133531,0.11715430267062316,4582.3,60.1010101010101,32.69230769230769,37.305699481865304,44.80913660317806,86.24898291293735,33.23529411764706,54.440769635763175,23.57142857142857,22.5609756097561,0.0,17.324912891986063,26.492012799698134,55.631593482427334,41.06180314106273,57.01179554390564,55.07692307692308,56.14110293376349,67.05882352941175,92.05882352941175,43.8235294117647,39.29824561403509,93.82352941176471,Average,Elite,Average,Below Average,Elite,2018-19
1627759,Jaylen Brown,Jaylen,1610612738,BOS,22.0,74,41,33,0.554,1913.3516666666667,105.9,248,0.122,0.178,69,0.194,32,0.15,604.0,542.0,521.0,1824.0,7.27,7.266204623930187,112,103,372,208,119,161,121,270,272,78,242,129,258,391,424,402,395,56,74,439,193,246,122,3,8,20,28,41,69,0.406,0.594,12,117,64,22,129,0.093,0.907,0.853,0.293,1627759,Jaylen Brown,0.28629608938547485,0.11745251396648045,4085.4,15.656565656565657,52.13675213675214,66.83937823834194,41.220334070075,11.716842961757527,62.05882352941177,41.92203130235007,39.285714285714285,38.41463414634146,6.122448979591836,30.690019910403187,51.117039724650326,55.42414579815349,53.27059276140191,26.474442988204455,16.153846153846153,21.830174412743222,51.470588235294116,79.11764705882352,75.58823529411765,65.6140350877193,60.588235294117645,Average,Above Average,Above Average,Average,Average,2018-19
1628369,Jayson Tatum,Jayson,1610612738,BOS,21.0,79,48,31,0.608,2454.6966666666667,105.1,407,0.157,0.232,84,0.191,57,0.201,695.0,668.0,664.0,2280.0,9.75,9.753592749849384,56,38,335,146,37,129,40,157,157,46,250,49,192,436,498,478,467,14,79,601,281,320,154,0,23,55,33,50,83,0.398,0.602,6,101,53,15,107,0.056,0.944,0.803,0.227,1628369,Jayson Tatum,0.2970421348314607,0.15210393258426966,5217.5,28.28282828282828,35.8974358974359,70.98445595854925,41.623347866871185,18.87713588283157,83.82352941176471,57.844972000191454,50.71428571428571,47.5609756097561,0.0,36.93205574912892,44.923391340043786,31.319235457990242,38.12131339901701,47.313237221494106,13.692307692307693,32.18381893336022,54.41176470588235,95.58823529411765,84.70588235294117,31.57894736842105,77.05882352941177,Average,Elite,Above Average,Below Average,Above Average,2018-19
201145,Jeff Green,Jeff,1610612764,WAS,32.0,77,29,48,0.377,2096.6883333333335,113.2,252,0.117,0.18,43,0.126,39,0.209,750.0,610.0,570.0,2276.0,3.26,3.264151220599367,74,209,500,400,87,471,118,281,269,181,435,92,181,461,470,427,466,241,77,683,393,290,69,12,100,223,19,21,40,0.475,0.525,13,255,126,34,268,0.049,0.951,0.834,0.225,201145,Jeff Green,0.3322404371584699,0.16280874316939892,4399.8,19.19191919191919,36.039886039886035,29.015544041450752,27.544613801090474,27.990235964198533,75.0,56.196094385679416,20.357142857142858,22.5609756097561,24.489795918367346,22.161647585863616,24.63630904131697,23.872541797070383,24.254425419193677,26.998689384010483,37.38461538461538,31.67235608428269,9.411764705882353,94.11764705882352,57.05882352941176,7.719298245614035,76.47058823529412,Poor,Elite,Average,Poor,Above Average,2018-19
201952,Jeff Teague,Jeff,1610612750,MIN,31.0,42,23,19,0.548,1264.035,113.1,90,0.067,0.104,43,0.195,18,0.119,478.0,410.0,383.0,1246.0,2.05,2.0543715083923373,341,272,183,211,225,466,325,479,469,181,239,222,306,332,344,319,301,319,42,223,99,124,93,9,11,27,11,22,33,0.333,0.667,0,17,8,0,17,0.0,1.0,1.0,0.0,201952,Jeff Teague,0.2936165413533835,0.1409924812030075,2609.7,8.585858585858585,72.72079772079772,29.533678756476707,36.27004232574181,4.068348250610252,26.176470588235297,17.333221653185277,28.92857142857143,22.5609756097561,18.367346938775512,24.059606769537083,46.89778476862704,39.04880469291053,42.973294730768785,5.766710353866317,0.7692307692307693,3.517844540780321,33.52941176470588,26.764705882352942,62.64705882352941,46.31578947368421,5.294117647058823,Below Average,Below Average,Average,Average,Poor,2018-19
203924,Jerami Grant,Jerami,1610612760,OKC,25.0,80,48,32,0.6,2612.26,105.6,321,0.118,0.165,61,0.121,100,0.376,855.0,636.0,661.0,2600.0,10.11,10.11129235225092,42,38,352,154,19,147,69,280,302,102,441,19,78,499,482,476,507,9,80,794,510,284,89,12,67,157,37,45,82,0.451,0.549,15,391,174,32,407,0.037,0.961,0.941,0.173,203924,Jerami Grant,0.31537465564738293,0.14277134986225895,5737.4,50.0,24.501424501424502,68.3937823834197,45.6739441713535,37.510170870626524,73.23529411764706,58.945244818838844,27.500000000000004,33.53658536585366,24.489795918367346,28.860253857640622,34.357161324729915,37.81135262749438,36.084256976112144,36.04193971166448,58.30769230769231,46.061528379877004,70.29411764705881,96.76470588235294,70.88235294117648,27.368421052631582,89.41176470588236,Above Average,Elite,Above Average,Below Average,Above Average,2018-19
203087,Jeremy Lamb,Jeremy,1610612766,CHA,27.0,79,38,41,0.481,2250.09,109.6,369,0.159,0.234,88,0.255,32,0.142,625.0,634.0,601.0,2210.0,5.95,5.949483301138283,56,132,462,286,62,334,49,153,153,40,104,129,273,399,481,441,463,103,79,507,233,274,160,1,13,30,34,44,78,0.436,0.564,5,48,34,13,53,0.094,0.906,0.85,0.325,203087,Jeremy Lamb,0.3393247126436782,0.15361494252873562,4773.6,15.656565656565657,38.39031339031339,47.66839378238344,31.61633439483181,14.97152156224573,70.29411764705881,48.16507921313357,52.85714285714286,50.0,2.0408163265306123,39.1530612244898,20.553178029484297,30.268116609547242,25.410647319515768,42.33289646133683,5.538461538461538,25.775400746042948,20.588235294117645,86.76470588235294,86.47058823529412,10.526315789473683,69.70588235294117,Below Average,Above Average,Above Average,Poor,Average,2018-19
202391,Jeremy Lin,Jeremy,1610612761,TOR,30.0,74,31,43,0.419,1436.3133333333333,106.8,157,0.102,0.146,47,0.201,13,0.083,636.0,413.0,482.0,1382.0,5.27,5.26912251480525,112,187,474,362,195,201,233,348,360,158,217,260,375,402,345,380,324,131,74,311,188,123,74,16,10,23,26,40,66,0.394,0.606,0,43,26,4,43,0.0,1.0,0.963,0.148,202391,Jeremy Lin,0.30922070844686644,0.11911989100817438,3176.9,6.0606060606060606,67.87749287749287,62.176165803108816,41.72540638214213,11.310008136696501,25.882352941176475,20.053415019384484,22.142857142857142,25.0,32.6530612244898,25.77040816326531,37.90408333701963,54.26425175350836,46.084167545263995,14.547837483617302,4.769230769230769,10.147464462143363,55.294117647058826,32.64705882352941,64.70588235294117,51.92982456140351,21.764705882352942,Average,Below Average,Average,Average,Below Average,2018-19
1626170,Jerian Grant,Jerian,1610612753,ORL,26.0,60,28,32,0.467,938.7733333333333,107.7,79,0.083,0.12,44,0.326,6,0.052,297.0,229.0,226.0,888.0,3.05,3.0505646155809263,232,219,352,305,286,241,340,436,441,174,34,358,428,236,231,216,234,253,57,194,108,86,78,2,14,30,13,11,24,0.542,0.458,2,48,33,2,50,0.04,0.96,0.868,0.053,1626170,Jerian Grant,,,1862.2,2.525252525252525,85.47008547008546,57.51295336787563,45.30286926659983,4.800650935720097,15.0,10.92026037428804,23.57142857142857,23.170731707317074,4.081632653061225,18.55873568939771,,,,4.3250327653997385,5.538461538461538,4.871075713277548,69.11764705882352,11.76470588235294,46.911764705882355,,7.352941176470589,Average,Poor,Average,Poor,Poor,2018-19
202710,Jimmy Butler III,Jimmy,1610612755,PHI,29.0,65,38,27,0.585,2184.9766666666665,108.3,221,0.094,0.136,123,0.342,39,0.173,746.0,585.0,701.0,2324.0,6.56,6.564084350778331,196,132,271,180,72,266,142,385,388,9,24,92,225,460,453,492,476,84,65,491,272,219,198,1,19,44,45,47,92,0.489,0.511,21,125,76,16,146,0.144,0.856,0.826,0.174,202710,Jimmy Butler III,0.3437222222222222,0.1356169590643275,4499.8,19.19191919191919,34.33048433048433,54.40414507772021,33.293473461867244,18.144833197721724,54.11764705882353,39.728521514382805,66.42857142857143,71.34146341463415,2.0408163265306123,52.05114484818317,18.018605824821314,42.7882325245296,30.403419174675456,22.93577981651376,17.384615384615383,20.43775582215949,23.52941176470588,75.0,96.47058823529412,18.596491228070175,57.94117647058824,Below Average,Above Average,Elite,Below Average,Average,2018-19
201149,Joakim Noah,Joakim,1610612763,MEM,34.0,42,14,28,0.333,692.485,101.7,180,0.247,0.363,20,0.16,31,0.373,219.0,172.0,240.0,560.0,3.58,3.580666387119999,341,361,292,422,331,57,197,28,25,311,345,131,79,197,194,223,179,220,42,239,156,83,40,3,98,224,13,11,24,0.542,0.458,37,159,77,39,196,0.189,0.811,0.846,0.429,201149,Joakim Noah,,,1402.8,15.151515151515152,97.15099715099716,88.60103626943004,62.213714130812576,8.70626525630594,14.117647058823529,11.953094337816495,10.0,8.536585365853659,6.122448979591836,8.51841712294674,,,,17.562254259501966,22.615384615384613,19.83616291964916,98.23529411764706,13.529411764705882,17.647058823529413,,55.58823529411765,Elite,Poor,Below Average,Poor,Average,2018-19
203925,Joe Harris,Joe,1610612751,BKN,27.0,76,41,35,0.539,2293.5216666666665,111.2,239,0.096,0.145,38,0.126,17,0.083,894.0,726.0,528.0,2494.0,5.04,5.036438953008905,88,103,397,220,56,406,127,373,363,208,436,230,377,508,513,413,494,142,76,564,335,229,54,2,27,69,33,44,77,0.429,0.571,11,217,126,21,228,0.048,0.952,0.913,0.152,203925,Joe Harris,0.3282305475504323,0.16027089337175793,5060.3,8.080808080808081,28.276353276353277,39.37823834196889,22.973606464539102,23.270951993490645,57.05882352941176,43.54367491504332,15.0,19.51219512195122,4.081632653061225,13.849676455948233,26.947470520961563,25.637971446681668,26.292720983821617,25.29488859764089,31.538461538461537,28.104496421010182,3.823529411764706,81.47058823529412,32.94117647058823,11.929824561403509,72.6470588235294,Poor,Above Average,Below Average,Poor,Above Average,2018-19
204060,Joe Ingles,Joe,1610612762,UTA,31.0,82,50,32,0.61,2567.5666666666666,101.6,295,0.108,0.153,98,0.217,20,0.065,834.0,605.0,610.0,2506.0,13.03,13.026200942880273,1,25,352,142,25,53,86,322,338,27,179,206,406,494,465,447,496,1,82,398,190,208,212,0,31,65,24,56,80,0.3,0.7,2,120,68,16,122,0.016,0.984,0.919,0.216,204060,Joe Ingles,0.31519895287958116,0.1206675392670157,5473.3,9.595959595959595,27.849002849002847,89.11917098445599,35.86532758164883,11.472742066720912,50.882352941176464,35.11850859139424,71.42857142857143,56.09756097560976,0.0,48.20557491289199,34.458430314279255,53.187645830704156,43.823038072491705,32.634338138925294,16.615384615384617,25.425809053331992,32.05882352941177,66.17647058823529,93.52941176470588,47.01754385964912,68.82352941176471,Below Average,Average,Elite,Average,Average,2018-19
203954,Joel Embiid,Joel,1610612755,PHI,25.0,64,43,21,0.672,2154.305,104.8,711,0.292,0.414,46,0.15,122,0.496,755.0,556.0,645.0,2104.0,8.81,8.80912191039332,201,88,202,77,81,121,5,12,13,162,365,10,32,462,432,469,448,27,64,834,663,171,79,1,247,577,54,36,90,0.6,0.4,105,394,281,144,499,0.21,0.79,0.892,0.457,203954,Joel Embiid,0.31581962025316457,0.17359493670886075,4434.0,61.111111111111114,42.16524216524217,72.53886010362696,57.336994228185944,49.959316517493896,40.0,43.983726606997564,23.92857142857143,24.390243902439025,2.0408163265306123,18.618218018914884,34.10069913818332,16.369234903686866,25.234967020935095,87.1559633027523,58.769230769230774,74.38193366266762,94.11764705882352,82.05882352941177,47.647058823529406,10.175438596491228,99.11764705882354,Elite,Above Average,Average,Poor,Elite,2018-19
1628381,John Collins,John,1610612737,ATL,21.0,61,24,37,0.393,1828.4016666666666,113.0,376,0.196,0.287,22,0.071,39,0.22,821.0,542.0,675.0,1972.0,2.98,2.983320659992809,227,262,416,386,135,465,46,83,81,294,493,92,165,488,424,485,424,258,61,640,387,253,42,0,146,325,41,17,58,0.707,0.293,144,243,179,83,387,0.372,0.628,0.817,0.379,1628381,John Collins,0.32701488095238096,0.14057738095238095,4022.2,19.19191919191919,46.86609686609687,30.05181347150258,31.592854947777226,27.502034174125306,64.11764705882354,49.471401904944244,10.714285714285714,9.75609756097561,0.0,7.700348432055749,27.64813864107019,39.33756500122285,33.492851821146516,43.25032765399738,35.53846153846154,39.779987902006255,20.0,87.94117647058823,14.705882352941178,22.807017543859647,86.1764705882353,Below Average,Above Average,Poor,Below Average,Above Average,2018-19
1628413,Jonah Bolden,Jonah,1610612755,PHI,23.0,44,24,20,0.545,638.6716666666666,107.9,118,0.173,0.243,17,0.16,39,0.433,270.0,157.0,206.0,714.0,2.07,2.070665951207865,326,262,195,214,341,252,284,120,144,330,344,92,57,221,182,211,202,315,41,201,143,58,39,0,50,122,7,12,19,0.368,0.632,12,96,45,20,108,0.111,0.889,0.978,0.435,1628413,Jonah Bolden,,,1570.2,19.19191919191919,91.66666666666666,56.4766839378238,53.87927199455695,7.648494711147275,6.764705882352941,7.118221413870675,9.642857142857144,6.707317073170732,0.0,6.204703832752614,,,,9.436435124508519,12.923076923076923,11.005423933864302,89.41176470588236,6.470588235294119,11.176470588235295,,23.235294117647058,Above Average,Poor,Poor,Poor,Below Average,2018-19
201973,Jonas Jerebko,Jonas,1610612744,GSW,32.0,73,52,21,0.712,1217.9633333333334,108.1,216,0.168,0.242,27,0.166,18,0.114,439.0,326.0,378.0,1198.0,3.78,3.7758823711454634,124,18,202,52,238,255,147,134,146,267,334,222,321,307,289,314,291,208,71,305,176,129,38,10,43,101,22,17,39,0.564,0.436,24,138,68,35,162,0.148,0.852,0.907,0.467,201973,Jonas Jerebko,0.2759756756756757,0.09779189189189189,2668.3,8.585858585858585,74.43019943019942,55.44041450777204,43.34501686185624,10.333604556550041,27.647058823529413,20.721677116737666,9.285714285714286,12.804878048780488,20.408163265306122,13.298033847685415,57.06536871911276,69.10085951562577,63.08311411736926,22.280471821756226,19.384615384615383,20.97733642504285,62.35294117647059,34.411764705882355,32.05882352941177,80.35087719298247,59.411764705882355,Average,Below Average,Below Average,Above Average,Average,2018-19
202685,Jonas Valanciunas,Jonas,1610612763,MEM,27.0,49,31,18,0.633,1091.1733333333334,107.0,313,0.268,0.389,19,0.109,53,0.482,401.0,280.0,415.0,1014.0,3.89,3.893793051149949,300,187,168,118,261,206,73,17,16,318,464,56,35,288,254,337,256,201,49,545,475,70,40,0,149,337,13,16,29,0.448,0.552,57,269,163,73,326,0.175,0.825,0.911,0.408,202685,Jonas Valanciunas,0.2906754098360656,0.07650491803278689,2237.8,26.262626262626267,80.98290598290599,61.13989637305699,54.13404169233185,34.662327095199345,10.294117647058822,20.041401426315034,10.0,7.926829268292683,0.0,6.774390243902439,48.592951103323315,83.90892847080849,66.2509397870659,34.99344692005242,39.53846153846154,37.03870349833653,90.29411764705883,32.35294117647059,13.23529411764706,83.50877192982456,83.82352941176471,Elite,Below Average,Poor,Above Average,Above Average,2018-19
1628371,Jonathan Isaac,Jonathan,1610612753,ORL,21.0,75,37,38,0.493,1996.1833333333334,107.3,312,0.152,0.21,59,0.215,98,0.422,643.0,443.0,612.0,1982.0,6.73,6.734569728792607,98,139,426,273,104,219,74,169,196,110,186,20,60,405,365,448,425,73,75,578,407,171,139,5,74,167,23,33,56,0.411,0.589,65,209,99,37,274,0.237,0.763,0.818,0.306,1628371,Jonathan Isaac,0.30181470588235293,0.1346970588235294,4091.2,48.98989898989899,46.50997150997151,59.58549222797929,50.77082268144444,29.12937347436941,40.0,35.65174938974776,45.357142857142854,32.31707317073171,10.204081632653061,32.004853160776506,42.172646693712466,43.42815186148133,42.800399277596895,34.862385321100916,30.307692307692307,32.81277346506704,85.29411764705883,67.94117647058823,77.94117647058823,45.614035087719294,78.52941176470588,Above Average,Average,Above Average,Average,Above Average,2018-19
203613,Jonathon Simmons,Jonathon,1610612755,PHI,29.0,56,25,31,0.446,1064.265,107.2,99,0.09,0.13,29,0.2,15,0.112,380.0,269.0,320.0,1046.0,3.56,3.562428467924256,263,251,335,332,267,217,310,400,410,255,219,245,327,276,248,283,263,221,52,183,90,93,49,4,5,11,18,14,32,0.563,0.438,3,38,23,3,41,0.073,0.927,0.885,0.115,203613,Jonathon Simmons,0.26026923076923075,0.10214423076923076,2185.7,7.07070707070707,79.84330484330484,60.10362694300516,45.799346259190806,3.336045565500407,17.058823529411764,11.569712343847222,13.214285714285715,14.02439024390244,8.16326530612245,12.235067197610752,66.11801953951789,66.07319881389621,66.09560917670706,6.946264744429882,4.0,5.620445609436436,70.88235294117648,13.23529411764706,29.705882352941178,83.15789473684211,10.0,Above Average,Poor,Below Average,Above Average,Poor,2018-19
1628395,Jordan Bell,Jordan,1610612744,GSW,24.0,68,46,22,0.676,788.29,111.2,129,0.154,0.232,20,0.206,51,0.425,326.0,236.0,284.0,792.0,1.73,1.7267698084545595,165,61,217,75,310,405,269,161,156,311,206,61,59,248,233,258,218,341,66,355,251,104,49,5,84,195,15,15,30,0.5,0.5,14,112,55,15,126,0.111,0.889,0.859,0.234,1628395,Jordan Bell,,,1728.4,25.252525252525253,88.88888888888889,39.37823834196889,51.05668079761343,16.43612693246542,20.294117647058822,18.75092136122146,13.214285714285715,8.536585365853659,10.204081632653061,10.824539571926334,,,,10.878112712975097,15.384615384615385,12.906038915213227,85.58823529411764,29.117647058823533,24.11764705882353,,31.176470588235293,Above Average,Below Average,Below Average,Poor,Below Average,2018-19
203903,Jordan Clarkson,Jordan,1610612739,CLE,27.0,81,18,63,0.222,2214.48,115.0,188,0.087,0.129,57,0.182,13,0.107,788.0,568.0,582.0,2316.0,2.33,2.334301580843529,22,321,528,484,67,497,187,418,411,119,282,260,334,476,441,432,474,296,81,478,220,258,97,1,19,45,32,34,66,0.485,0.515,8,102,64,10,110,0.073,0.927,0.853,0.133,203903,Jordan Clarkson,0.30874015748031497,0.13601049868766404,4696.6,6.0606060606060606,34.61538461538461,19.689119170984444,19.46190683237315,13.913751017087062,65.58823529411765,44.91844158330541,30.357142857142854,31.097560975609756,2.0408163265306123,23.53720756595321,38.18105626931022,42.51447064942532,40.34776345936777,18.610747051114025,13.846153846153847,16.466680108881945,2.0588235294117645,83.82352941176471,61.47058823529412,36.84210526315789,46.1764705882353,Poor,Above Average,Average,Below Average,Average,2018-19
101181,Jose Calderon,Jose,1610612765,DET,37.0,49,22,27,0.449,631.9633333333334,107.8,49,0.078,0.11,16,0.157,3,0.064,230.0,145.0,159.0,640.0,2.07,2.067155909037786,300,276,271,327,342,243,382,451,460,338,357,408,407,201,177,180,189,315,42,112,53,59,37,2,4,8,10,11,21,0.476,0.524,0,25,18,0,25,0.0,1.0,0.947,0.0,101181,Jose Calderon,,,1278.5,1.0101010101010102,94.30199430199431,56.99481865284975,47.658443072950845,0.32546786004882017,7.0588235294117645,4.365481261666587,8.928571428571429,6.097560975609756,4.081632653061225,6.725983076157292,,,,0.39318479685452157,2.0,1.116251638269987,78.82352941176471,2.0588235294117645,12.941176470588237,,0.5882352941176471,Above Average,Poor,Poor,Poor,Poor,2018-19
1628404,Josh Hart,Josh,1610612747,LAL,24.0,67,31,36,0.463,1714.815,104.7,213,0.109,0.158,64,0.235,40,0.209,612.0,470.0,501.0,1758.0,7.14,7.144167080729368,179,187,406,314,152,116,152,316,322,99,139,88,180,396,380,390,385,59,67,567,348,219,101,1,14,30,29,39,68,0.426,0.574,0,79,34,7,79,0.0,1.0,0.895,0.184,1628404,Josh Hart,0.29356497175141244,0.12198022598870056,3660.8,19.696969696969695,54.48717948717948,73.05699481865283,45.2135494039639,24.32872253864931,54.11764705882353,42.20207725075384,31.785714285714285,35.36585365853659,2.0408163265306123,25.60253857640617,46.92750770098838,52.274488534607435,49.60099811779791,21.887287024901703,10.307692307692308,16.676469402157476,68.52941176470588,80.0,63.8235294117647,60.70175438596491,46.470588235294116,Average,Above Average,Average,Average,Average,2018-19
1628367,Josh Jackson,Josh,1610612756,PHX,22.0,79,19,60,0.241,1988.1266666666668,112.4,281,0.136,0.22,74,0.199,56,0.242,775.0,666.0,661.0,2090.0,3.64,3.6430993514631558,56,307,525,471,106,449,91,220,179,60,226,50,149,468,497,476,444,216,79,493,280,213,114,12,10,21,26,35,61,0.426,0.574,11,137,64,14,148,0.074,0.926,0.81,0.177,1628367,Josh Jackson,0.3195752688172043,0.15741129032258064,4511.0,27.77777777777778,42.66381766381767,33.16062176165799,34.333602733861795,18.795768917819366,52.352941176470594,38.930072273010104,36.42857142857142,41.46341463414634,24.489795918367346,35.20607267297162,31.936073390159535,27.62722550491202,29.781649447535777,30.799475753604195,19.230769230769234,25.593557818328463,27.058823529411764,73.52941176470588,82.6470588235294,16.49122807017544,69.41176470588235,Below Average,Above Average,Above Average,Below Average,Average,2018-19
1629006,Josh Okogie,Josh,1610612750,MIN,20.0,74,32,42,0.432,1757.17,110.6,177,0.098,0.143,88,0.278,33,0.192,547.0,504.0,522.0,1860.0,4.22,4.2176032681526525,112,179,465,349,146,384,201,371,369,40,79,119,206,366,400,406,401,189,72,431,225,206,158,13,3,7,20,42,62,0.323,0.677,4,69,44,10,73,0.055,0.945,0.936,0.213,1629006,Josh Okogie,0.29891117478510026,0.12048424068767909,3967.5,16.161616161616163,50.85470085470085,42.487046632124375,34.88555342182286,14.320585842148088,50.294117647058826,35.90470492509453,52.142857142857146,50.0,26.53061224489796,44.98979591836735,43.84614144864777,53.315155641171785,48.58064854490978,17.169069462647442,8.76923076923077,13.38914205060994,29.705882352941178,68.52941176470588,90.88235294117646,58.94736842105262,35.0,Below Average,Average,Elite,Average,Below Average,2018-19
1626196,Josh Richardson,Josh,1610612748,MIA,25.0,73,35,38,0.479,2539.43,105.6,209,0.078,0.114,79,0.195,34,0.115,911.0,725.0,671.0,2182.0,9.73,9.725106577869477,124,152,426,288,31,149,157,450,452,56,238,110,316,518,512,483,459,15,73,588,293,295,185,1,21,50,45,54,99,0.455,0.545,10,104,61,11,114,0.088,0.912,0.847,0.153,1626196,Josh Richardson,0.31129444444444443,0.15105555555555555,5136.1,16.666666666666664,39.38746438746439,68.3937823834197,37.55072479813413,19.85353946297803,76.47058823529412,53.82376872636768,61.78571428571429,44.51219512195122,2.0408163265306123,40.8037580886013,36.70885373594837,32.048528378392255,34.378691057170315,21.363040629095675,14.153846153846153,18.11890311523339,38.23529411764706,90.88235294117646,89.11764705882354,23.859649122807017,50.0,Below Average,Elite,Above Average,Below Average,Average,2018-19
201950,Jrue Holiday,Jrue,1610612740,NOP,29.0,67,30,37,0.448,2401.9283333333333,109.1,259,0.099,0.141,109,0.284,54,0.179,904.0,674.0,702.0,2466.0,6.67,6.665735357146353,179,201,416,330,43,313,110,365,375,18,67,54,217,516,500,494,491,76,67,578,278,300,211,2,40,104,48,52,100,0.48,0.52,11,108,63,13,119,0.092,0.908,0.829,0.171,201950,Jrue Holiday,0.35035502958579884,0.15783136094674557,5051.6,26.767676767676768,29.273504273504276,50.259067357512976,33.51756404217545,18.633034987794954,77.94117647058823,54.21791987747092,71.07142857142857,62.80487804878049,4.081632653061225,51.43068690890991,14.195685400809097,27.335007606311066,20.76534650356008,27.916120576671034,14.76923076923077,22.000020163322915,24.41176470588235,91.47058823529412,95.58823529411765,4.2105263157894735,61.47058823529412,Below Average,Elite,Elite,Poor,Average,2018-19
1627823,Juancho Hernangomez,Juancho,1610612743,DEN,23.0,70,44,26,0.629,1358.1566666666668,107.3,201,0.144,0.208,27,0.123,24,0.167,390.0,367.0,339.0,1322.0,4.55,4.549294173171296,148,77,262,121,209,222,169,197,202,267,440,175,235,280,316,294,313,166,69,408,237,171,46,1,10,21,19,22,41,0.463,0.537,14,93,39,15,107,0.131,0.869,0.83,0.319,1627823,Juancho Hernangomez,0.2583323943661972,0.10091830985915493,2803.3,11.616161616161616,70.01424501424502,59.58549222797929,44.04782345844522,15.29698942229455,40.0,30.11879576891782,12.142857142857142,12.804878048780488,2.0408163265306123,9.84905425584868,67.23434495608096,66.92599834708297,67.08017165158196,20.31454783748362,12.461538461538462,16.780693618308298,64.11764705882354,55.294117647058826,21.764705882352942,85.96491228070175,46.76470588235294,Average,Average,Below Average,Above Average,Average,2018-19
203944,Julius Randle,Julius,1610612740,NOP,24.0,73,31,42,0.425,2231.635,111.4,472,0.198,0.286,52,0.15,45,0.192,853.0,627.0,708.0,2360.0,4.71,4.711617208102255,124,187,465,354,65,413,26,81,82,143,368,74,204,498,478,495,479,157,73,710,436,274,78,2,104,241,38,48,86,0.442,0.558,68,261,171,89,329,0.207,0.793,0.826,0.43,203944,Julius Randle,0.3230942857142857,0.17022285714285715,4823.8,22.22222222222222,33.04843304843305,38.341968911917064,30.04133268381972,31.48901545972335,70.29411764705881,54.77207677212462,23.57142857142857,28.04878048780488,4.081632653061225,20.26605276256844,29.907833938766466,18.714988089003338,24.3114110138849,55.83224115334207,38.30769230769231,47.94619417279968,15.294117647058824,92.3529411764706,53.23529411764706,8.421052631578947,90.58823529411765,Below Average,Elite,Average,Poor,Elite,2018-19
203200,Justin Holiday,Justin,1610612763,MEM,30.0,82,25,57,0.305,2606.6116666666667,110.1,277,0.103,0.154,121,0.279,36,0.146,930.0,705.0,822.0,2498.0,6.63,6.625649372806477,1,251,522,443,20,357,95,346,335,11,76,105,261,521,509,519,495,80,82,603,301,302,185,1,15,37,27,55,82,0.329,0.671,4,139,80,18,143,0.028,0.972,0.889,0.2,203200,Justin Holiday,0.31811079545454546,0.1635227272727273,5418.4,17.67676767676768,28.133903133903132,45.077720207253904,28.187003219386643,20.50447518307567,78.52941176470588,55.3194371320538,61.78571428571429,70.1219512195122,2.0408163265306123,49.76717272274764,32.78014511147537,23.375865947089544,28.078005529282457,30.275229357798167,19.538461538461537,25.443683839096686,12.352941176470589,92.94117647058823,94.70588235294117,14.035087719298245,69.11764705882352,Poor,Elite,Elite,Poor,Average,2018-19
1628382,Justin Jackson,Justin,1610612742,DAL,24.0,81,36,45,0.444,1613.25,108.3,168,0.096,0.144,32,0.133,14,0.095,490.0,458.0,490.0,1670.0,5.08,5.077592400340845,22,146,488,335,167,265,211,378,365,237,420,253,350,340,375,384,370,140,78,374,207,167,31,1,12,26,18,37,55,0.327,0.673,6,103,58,12,109,0.055,0.945,0.853,0.176,1628382,Justin Jackson,0.2644456824512535,0.0886183844011142,3667.5,6.565656565656567,57.62108262108262,54.40414507772021,36.394677813071596,12.855980471928397,38.82352941176471,28.436509835830186,6.785714285714286,15.853658536585366,2.0408163265306123,8.773270283723244,63.71085744963392,75.48231760278445,69.59658752620919,15.98951507208388,14.000000000000002,15.094233289646136,34.705882352941174,52.05882352941177,19.11764705882353,89.12280701754386,42.64705882352941,Below Average,Average,Below Average,Above Average,Average,2018-19
1626159,Justise Winslow,Justise,1610612748,MIA,23.0,66,30,36,0.455,1959.505,104.2,292,0.141,0.199,72,0.225,19,0.086,698.0,524.0,521.0,1692.0,8.35,8.354603247026485,190,201,406,321,112,103,88,213,219,66,161,214,371,440,410,402,375,35,66,443,244,199,107,5,16,44,38,49,87,0.437,0.563,12,82,58,20,94,0.128,0.872,0.866,0.299,1626159,Justise Winslow,0.30327247191011236,0.12247471910112359,4143.1,9.090909090909092,56.837606837606835,75.64766839378237,42.441443127971624,15.866558177379982,48.23529411764706,35.287799741540226,33.92857142857143,40.243902439024396,10.204081632653061,30.207814833250374,41.33244084791091,51.93049938165927,46.63147011478509,32.241153342070774,10.76923076923077,22.578788184292772,58.82352941176471,66.76470588235294,75.0,53.68421052631579,62.64705882352941,Average,Average,Above Average,Average,Average,2018-19
203994,Jusuf Nurkić,Jusuf,1610612757,POR,24.0,72,45,27,0.625,1973.5533333333333,106.5,505,0.241,0.335,71,0.228,103,0.452,534.0,528.0,532.0,1944.0,7.14,7.140143567257388,135,70,271,126,108,189,17,31,39,71,154,16,47,358,415,415,414,59,72,923,785,138,131,0,357,839,33,47,80,0.413,0.588,164,438,317,157,602,0.272,0.728,0.871,0.431,203994,Jusuf Nurkić,0.3113262195121951,0.13008536585365854,4073.0,51.515151515151516,47.863247863247864,63.73056994818652,53.29083984524399,59.88608624898292,30.294117647058822,42.13090508782847,42.5,39.63414634146341,0.0,30.871951219512194,36.69053968748898,46.63622962537493,41.66338465643196,60.15727391874181,65.53846153846153,62.578808347615684,88.8235294117647,79.41176470588235,75.88235294117646,41.40350877192983,96.17647058823529,Above Average,Above Average,Above Average,Average,Elite,2018-19
1626157,Karl-Anthony Towns,Karl-Anthony,1610612750,MIN,23.0,77,34,43,0.442,2544.66,111.3,691,0.257,0.39,67,0.157,125,0.439,830.0,799.0,711.0,2596.0,5.41,5.408701790076184,74,165,474,342,29,411,7,20,15,87,355,9,53,492,524,496,506,126,77,1134,897,237,121,3,185,404,50,56,106,0.472,0.528,53,368,208,100,421,0.126,0.874,0.893,0.429,1626157,Karl-Anthony Towns,0.3431828571428572,0.16739142857142858,5462.5,62.62626262626263,24.643874643874643,38.86010362694301,43.390887082596926,68.99918633034989,59.411764705882355,63.24673335566937,38.92857142857143,37.19512195121951,6.122448979591836,30.120333499253363,18.329477174594945,20.684642855571063,19.507060015083006,84.53473132372214,54.769230769230774,71.14025607420103,62.64705882352941,98.82352941176471,74.41176470588235,3.508771929824561,98.52941176470588,Average,Elite,Above Average,Poor,Elite,2018-19
202695,Kawhi Leonard,Kawhi,1610612761,TOR,28.0,60,41,19,0.683,2040.1833333333334,107.8,361,0.165,0.241,106,0.305,24,0.106,580.0,555.0,490.0,1992.0,6.46,6.460598734020906,232,103,183,73,98,242,53,139,147,20,53,175,336,379,431,384,428,87,60,426,223,203,193,0,11,25,41,60,101,0.406,0.594,12,131,89,34,143,0.084,0.916,0.848,0.324,202695,Kawhi Leonard,0.2920282131661442,0.1713793103448276,4395.7,11.616161616161616,46.15384615384615,56.99481865284975,35.04901546352324,14.157851912123679,49.411764705882355,35.310199588378886,64.64285714285715,60.97560975609756,0.0,47.19860627177701,47.813242120875124,17.91051306725686,32.861877594065994,41.284403669724774,18.307692307692307,30.94488355681017,30.58823529411765,67.3529411764706,92.3529411764706,21.403508771929825,75.58823529411765,Below Average,Average,Elite,Below Average,Above Average,2018-19
203482,Kelly Olynyk,Kelly,1610612748,MIA,28.0,79,39,40,0.494,1812.2533333333333,106.0,303,0.16,0.231,53,0.169,37,0.197,649.0,521.0,470.0,1544.0,6.75,6.74659569010886,56,118,454,270,137,165,83,151,160,140,327,102,199,408,408,374,353,72,78,542,328,214,118,15,72,176,26,28,54,0.481,0.519,47,244,135,45,291,0.162,0.838,0.849,0.283,203482,Kelly Olynyk,0.3399118457300276,0.15308539944903582,3849.1,18.181818181818183,62.10826210826211,66.32124352331606,45.59092989144803,22.701383238405207,52.64705882352941,40.66878858947973,37.857142857142854,28.65853658536585,30.612244897959183,32.826406172224985,20.214774855023933,30.636487919195858,25.425631387109895,33.68283093053736,35.69230769230769,34.58709547333401,70.0,76.17647058823529,79.11764705882352,10.87719298245614,80.58823529411765,Above Average,Above Average,Above Average,Poor,Above Average,2018-19
1626162,Kelly Oubre Jr.,Kelly,1610612756,PHX,23.0,69,21,48,0.304,1934.7933333333333,113.3,254,0.126,0.206,84,0.25,59,0.246,743.0,641.0,637.0,2048.0,3.09,3.0882406727477982,157,284,500,444,115,472,115,254,205,46,110,44,148,459,489,463,439,251,69,440,259,181,208,6,10,22,25,31,56,0.446,0.554,2,50,20,5,52,0.038,0.962,0.87,0.217,1626162,Kelly Oubre Jr.,0.369593567251462,0.1410233918128655,4079.9,29.292929292929294,44.15954415954416,28.497409326424876,34.29736450461839,17.08706265256306,42.94117647058823,32.59953094337816,70.0,47.5609756097561,12.244897959183673,47.70756595321055,3.1072586549835144,39.02730203850537,21.06728034674444,27.260812581913502,5.846153846153846,17.62421615082166,26.764705882352942,60.0,93.23529411764706,4.56140350877193,48.23529411764706,Below Average,Average,Elite,Poor,Average,2018-19
202689,Kemba Walker,Kemba,1610612766,CHA,29.0,82,39,43,0.476,2862.605,111.8,309,0.106,0.153,102,0.239,34,0.118,820.0,769.0,800.0,2864.0,5.72,5.717140973067955,1,118,474,293,3,427,77,333,337,24,131,110,308,487,521,517,525,114,82,589,278,311,156,27,28,65,45,88,133,0.338,0.662,0,74,50,8,74,0.0,1.0,0.909,0.145,202689,Kemba Walker,0.363191135734072,0.1691135734072022,6062.1,16.666666666666664,15.0997150997151,36.26943005181348,21.01892446452032,18.633034987794954,81.17647058823529,56.15909634805916,51.42857142857142,58.536585365853654,55.10204081632652,54.834743653558974,6.7973984207751315,19.486650146614927,13.14202428369503,34.469200524246396,9.538461538461538,23.25036798064321,2.941176470588235,93.52941176470588,97.35294117647058,1.4035087719298245,63.8235294117647,Poor,Elite,Elite,Poor,Average,2018-19
1629026,Kenrich Williams,Kenrich,1610612740,NOP,24.0,46,17,29,0.37,1079.22,111.6,164,0.145,0.205,45,0.238,19,0.168,424.0,323.0,402.0,1252.0,2.25,2.2516436406627576,316,328,312,403,264,420,223,192,206,170,132,214,232,298,284,331,302,301,43,281,166,115,80,9,11,27,19,27,46,0.413,0.587,11,93,55,17,104,0.106,0.894,0.932,0.288,1629026,Kenrich Williams,0.31723048327137543,0.11845724907063197,2567.6,9.090909090909092,72.50712250712252,37.305699481865304,38.34028138432284,9.51993490642799,23.52941176470588,17.925621021394722,24.285714285714285,23.78048780487805,18.367346938775512,22.629293180686908,33.2875265625074,54.72521194299659,44.006369252751995,15.465268676277852,12.461538461538462,14.113590079645128,40.88235294117647,27.647058823529413,58.235294117647065,47.719298245614034,37.35294117647059,Average,Below Average,Average,Average,Below Average,2018-19
203145,Kent Bazemore,Kent,1610612737,ATL,29.0,67,24,43,0.358,1643.4133333333334,110.2,224,0.126,0.195,89,0.306,42,0.211,688.0,531.0,484.0,1600.0,4.11,4.112602956045766,179,262,474,412,163,361,138,255,230,38,52,80,176,434,416,382,359,194,67,351,212,139,143,6,11,27,40,51,91,0.44,0.56,0,48,28,9,48,0.0,1.0,0.875,0.281,203145,Kent Bazemore,0.3422753623188406,0.14082028985507247,3659.5,20.707070707070706,60.11396011396012,44.55958549222795,40.4626106957713,13.262815296989421,30.58823529411765,23.658067295266356,46.785714285714285,50.609756097560975,12.244897959183673,39.48892483822797,18.852525758286607,39.168587869729585,29.010556814008098,23.32896461336828,5.538461538461538,15.323238229660248,46.76470588235294,40.0,87.3529411764706,15.43859649122807,43.529411764705884,Average,Average,Above Average,Below Average,Average,2018-19
203484,Kentavious Caldwell-Pope,Kentavious,1610612747,LAL,26.0,82,37,45,0.451,2035.135,110.1,190,0.088,0.131,73,0.23,13,0.064,824.0,639.0,609.0,2162.0,5.1,5.098777925615175,1,139,488,325,99,354,183,411,407,62,149,260,408,489,485,446,454,139,81,267,102,165,105,5,17,36,34,47,81,0.42,0.58,7,77,43,8,84,0.083,0.917,0.896,0.167,203484,Kentavious Caldwell-Pope,0.3642632978723404,0.1518377659574468,4663.5,6.0606060606060606,40.0997150997151,45.077720207253904,27.728572760956183,4.312449145646868,38.23529411764706,24.666156128846982,33.214285714285715,40.853658536585364,10.204081632653061,30.135515181682425,6.1794413007256495,31.50439159101548,18.841916445870567,18.872870249017037,10.0,14.880078636959372,10.294117647058822,42.35294117647059,74.70588235294117,3.1578947368421053,40.88235294117647,Poor,Average,Above Average,Poor,Average,2018-19
201142,Kevin Durant,Kevin,1610612744,GSW,30.0,78,54,24,0.692,2701.5316666666668,107.3,464,0.153,0.224,58,0.133,84,0.225,954.0,786.0,842.0,2590.0,9.06,9.063397463692352,68,10,245,65,8,224,28,162,166,115,421,25,160,524,522,522,504,20,78,609,326,283,118,3,60,157,35,40,75,0.467,0.533,5,105,70,28,110,0.045,0.955,1.0,0.4,201142,Kevin Durant,0.2698219178082192,0.15868767123287672,5935.3,41.91919191919192,24.857549857549856,59.58549222797929,40.364192274814044,22.538649308380798,72.94117647058823,52.78016560570526,37.857142857142854,31.70731707317073,6.122448979591836,27.771030363364858,60.61218160638465,26.73932398082296,43.675752793603806,54.78374836173001,14.307692307692307,36.56952313741304,46.470588235294116,90.0,70.29411764705881,46.666666666666664,83.23529411764706,Average,Elite,Above Average,Average,Above Average,2018-19
1628989,Kevin Huerter,Kevin,1610612737,ATL,20.0,75,27,48,0.36,2048.53,111.6,185,0.087,0.126,65,0.188,25,0.121,871.0,579.0,740.0,2180.0,4.25,4.252538304398173,98,229,500,410,95,418,190,421,422,96,259,166,301,505,447,504,458,187,75,437,224,213,118,0,10,24,36,45,81,0.444,0.556,4,91,59,11,96,0.042,0.948,0.881,0.164,1628989,Kevin Huerter,0.3172754820936639,0.10837465564738293,4540.6,12.121212121212121,39.45868945868946,37.305699481865304,27.985451029492484,14.239218877135883,52.352941176470594,37.10745225673671,37.857142857142854,35.97560975609756,0.0,27.734320557491287,33.2615907999632,61.73906650244505,47.50032865120413,18.2175622542595,12.153846153846153,15.488890009073495,11.176470588235295,71.47058823529412,70.0,55.78947368421052,44.70588235294118,Poor,Above Average,Above Average,Average,Average,2018-19
1628995,Kevin Knox II,Kevin,1610612752,NYK,19.0,75,15,60,0.2,2157.8933333333334,115.1,274,0.12,0.179,43,0.149,24,0.101,740.0,657.0,548.0,2298.0,2.2,2.200169336609879,98,352,525,496,80,500,97,273,271,181,372,175,341,458,495,421,470,303,75,512,251,261,62,0,21,48,30,36,66,0.455,0.545,3,123,57,17,126,0.024,0.976,0.919,0.274,1628995,Kevin Knox II,0.3181313672922252,0.1494906166219839,4676.6,11.616161616161616,35.256410256410255,19.170984455958568,21.77895435019788,16.43612693246542,66.47058823529412,46.45680371416264,17.857142857142858,22.5609756097561,0.0,15.039198606271778,32.768288216782906,33.137162384914845,32.952725300848876,29.882044560943644,17.076923076923077,24.11973989313439,3.2352941176470593,85.29411764705883,37.05882352941177,22.105263157894736,65.88235294117646,Poor,Above Average,Below Average,Below Average,Average,2018-19
1626172,Kevon Looney,Kevon,1610612744,GSW,23.0,80,56,24,0.7,1481.3233333333333,106.1,223,0.133,0.193,46,0.21,53,0.29,493.0,404.0,434.0,1426.0,5.55,5.545107036442309,42,4,245,58,185,170,139,230,236,162,193,56,122,341,339,347,332,120,78,741,526,215,57,0,178,448,32,33,65,0.492,0.508,50,360,203,73,410,0.122,0.878,0.894,0.322,1626172,Kevon Looney,0.27968918918918917,0.11132702702702703,3236.8,26.262626262626267,66.31054131054131,65.80310880829018,50.164517165812505,38.8120423108218,52.94117647058824,47.28952280668166,16.071428571428573,24.390243902439025,0.0,14.965156794425088,54.92502815478183,59.68527908952078,57.30515362215131,23.197903014416777,53.53846153846153,36.85115435023692,83.82352941176471,85.88235294117646,36.470588235294116,74.3859649122807,83.52941176470588,Above Average,Above Average,Below Average,Above Average,Above Average,2018-19
203920,Khem Birch,Khem,1610612753,ORL,26.0,50,26,24,0.52,642.8616666666667,102.7,111,0.166,0.234,18,0.205,29,0.397,187.0,126.0,133.0,650.0,3.08,3.076407753510859,294,244,245,235,339,72,292,137,154,321,210,144,71,177,165,163,192,252,49,238,203,35,33,3,125,289,12,16,28,0.429,0.571,27,164,103,42,191,0.141,0.859,0.896,0.365,203920,Khem Birch,,,1406.8,14.14141414141414,93.94586894586895,83.41968911917097,59.39254206741252,12.530512611879576,0.0,5.0122050447518305,7.5,7.317073170731707,6.122448979591836,7.0915878546540565,,,,8.51900393184797,23.384615384615383,15.208529085593305,95.58823529411765,3.2352941176470593,14.117647058823529,,42.94117647058823,Elite,Poor,Poor,Poor,Average,2018-19
203114,Khris Middleton,Khris,1610612749,MIL,27.0,77,56,21,0.727,2393.338333333333,104.2,411,0.149,0.204,80,0.212,7,0.021,738.0,605.0,523.0,2124.0,10.21,10.209848251783944,74,4,202,42,44,101,37,182,207,55,190,339,467,457,465,407,451,8,77,415,170,245,136,1,29,61,31,35,66,0.47,0.53,25,96,58,18,121,0.207,0.793,0.795,0.247,203114,Khris Middleton,0.29887142857142857,0.13787714285714286,5254.4,3.0303030303030303,41.452991452991455,75.64766839378237,34.632585319113815,9.845402766476811,61.76470588235294,40.99698463600249,44.285714285714285,45.1219512195122,2.0408163265306123,34.01717272274763,43.86904978951971,41.21595843442539,42.54250411197255,47.83748361730013,12.923076923076923,32.12600060489969,27.941176470588236,76.76470588235294,80.0,44.56140350877193,76.76470588235294,Below Average,Above Average,Above Average,Average,Above Average,2018-19
202691,Klay Thompson,Klay,1610612744,GSW,29.0,78,55,23,0.705,2652.3333333333335,108.5,262,0.089,0.133,84,0.198,47,0.135,973.0,762.0,832.0,2628.0,7.91,7.905586042037196,68,8,230,54,13,276,106,404,402,46,233,70,282,525,518,521,511,44,77,456,282,174,166,1,24,54,29,52,81,0.358,0.642,6,84,55,15,90,0.067,0.933,0.846,0.231,202691,Klay Thompson,0.2988271276595745,0.13033244680851064,5821.4,23.232323232323232,23.504273504273502,53.367875647668384,30.861393931342114,18.958502847843775,40.88235294117647,32.11281290384339,55.00000000000001,47.5609756097561,2.0408163265306123,39.15654554504729,43.89458330066303,46.46435024781853,45.17946677424078,28.309305373525557,11.076923076923077,20.55473334005444,17.647058823529413,58.529411764705884,86.76470588235294,50.526315789473685,58.529411764705884,Below Average,Average,Above Average,Average,Average,2018-19
201585,Kosta Koufos,Kosta,1610612758,SAC,30.0,42,21,21,0.5,501.56166666666667,107.4,125,0.229,0.35,15,0.174,18,0.409,163.0,162.0,149.0,480.0,1.7,1.6962155156648278,341,284,202,251,361,227,272,44,31,345,307,222,65,163,187,175,168,344,42,232,185,47,32,0,75,175,12,8,20,0.6,0.4,24,120,66,34,144,0.167,0.833,0.857,0.442,201585,Kosta Koufos,,,1147.0,8.585858585858585,100.0,59.067357512953336,53.20118281258176,11.065907241659886,3.5294117647058822,6.544009955487484,7.142857142857142,5.487804878048781,0.0,4.77787456445993,,,,10.35386631716907,16.615384615384617,13.171549551366066,88.52941176470588,5.294117647058823,7.941176470588235,,33.52941176470588,Above Average,Poor,Poor,Poor,Below Average,2018-19
1627739,Kris Dunn,Kris,1610612741,CHI,25.0,46,14,32,0.304,1389.3533333333332,113.7,168,0.119,0.171,68,0.322,21,0.158,498.0,387.0,363.0,1430.0,1.98,1.9756063921627882,316,361,352,444,203,481,211,274,285,83,37,200,249,342,328,310,333,321,45,355,169,186,142,0,13,29,21,40,61,0.344,0.656,2,34,19,7,36,0.056,0.944,0.905,0.333,1627739,Kris Dunn,0.2920716723549488,0.10907849829351536,2745.3,10.1010101010101,66.16809116809117,26.424870466321217,33.80545356581625,9.764035801464606,44.41176470588235,30.552673144115253,46.42857142857143,37.80487804878049,0.0,31.803135888501743,47.788193749742796,61.249445455014225,54.518819602378514,15.98951507208388,3.3846153846153846,10.317310212723058,25.0,56.76470588235294,76.76470588235294,66.66666666666666,22.058823529411764,Below Average,Average,Above Average,Average,Below Average,2018-19
203937,Kyle Anderson,Kyle,1610612763,MEM,25.0,43,19,24,0.442,1281.5266666666666,104.7,203,0.161,0.235,54,0.254,37,0.215,461.0,295.0,414.0,1136.0,5.21,5.210565011123119,331,307,245,340,222,117,166,148,152,132,107,102,170,319,265,336,282,134,43,267,159,108,118,2,12,28,22,25,47,0.468,0.532,18,70,35,16,88,0.205,0.795,0.795,0.364,203937,Kyle Anderson,0.2420566037735849,0.1135811320754717,2497.9,18.181818181818183,76.63817663817663,73.05699481865283,52.36033780075229,8.950366151342555,21.470588235294116,16.46249940171349,37.857142857142854,29.268292682926827,4.081632653061225,26.407167745146836,76.61514690958317,58.117233616710784,67.36619026314698,20.57667103538663,8.923076923076923,15.332553684847264,87.94117647058823,23.823529411764703,66.47058823529412,86.66666666666667,43.8235294117647,Above Average,Below Average,Average,Above Average,Average,2018-19
2594,Kyle Korver,Kyle,1610612762,UTA,38.0,70,39,31,0.557,1333.89,103.9,153,0.105,0.148,25,0.12,12,0.076,520.0,325.0,323.0,1328.0,5.89,5.891914925881717,148,118,335,206,213,92,239,341,353,280,445,277,387,352,288,284,316,106,69,269,141,128,57,5,18,40,11,8,19,0.579,0.421,0,79,42,3,79,0.0,1.0,0.857,0.061,2594,Kyle Korver,0.26385416666666667,0.1280327380952381,2721.3,5.555555555555555,69.8005698005698,77.20207253886007,45.95293978713667,7.485760781122865,27.35294117647059,19.4060690183315,16.071428571428573,11.585365853658537,10.204081632653061,13.034469885515183,64.05178665955495,48.06411945072984,56.05795305514239,14.02359108781127,10.307692307692308,12.35143663675774,71.47058823529412,30.58823529411765,31.76470588235294,71.9298245614035,27.941176470588236,Above Average,Below Average,Below Average,Above Average,Below Average,2018-19
1628398,Kyle Kuzma,Kyle,1610612747,LAL,23.0,70,33,37,0.471,2313.5816666666665,109.7,322,0.127,0.182,41,0.115,26,0.099,871.0,642.0,724.0,2450.0,6.07,6.066966230263439,148,169,416,301,55,342,67,251,261,192,452,161,345,505,490,500,488,100,70,597,369,228,50,7,47,109,28,37,65,0.431,0.569,22,247,122,27,269,0.082,0.918,0.878,0.194,1628398,Kyle Kuzma,0.32567897727272727,0.14337784090909092,4913.3,12.626262626262626,29.843304843304843,47.15025906735749,27.283226512501116,26.037428803905616,56.76470588235294,44.473795050974005,13.571428571428571,21.341463414634145,14.285714285714285,16.46951219512195,28.418107250366166,37.38945323955732,32.903780244961744,36.17300131061599,36.15384615384615,36.164381490069566,8.529411764705882,82.94117647058825,41.47058823529412,21.75438596491228,82.35294117647058,Poor,Above Average,Average,Below Average,Above Average,2018-19
200768,Kyle Lowry,Kyle,1610612761,TOR,33.0,65,47,18,0.723,2213.2933333333335,105.5,271,0.114,0.167,91,0.237,31,0.133,703.0,587.0,589.0,2092.0,8.55,8.546111134773058,196,51,168,47,69,144,98,287,292,35,134,131,284,444,457,435,445,33,65,353,177,176,144,23,30,68,29,78,107,0.271,0.729,24,111,70,22,135,0.178,0.822,0.778,0.244,200768,Kyle Lowry,0.30858160237388726,0.13727299703264095,4737.4,15.151515151515152,42.592592592592595,68.9119170984456,38.19599274262487,10.414971521562245,41.47058823529412,29.04834154980137,47.14285714285714,51.829268292682926,46.93877551020408,48.732080637132896,38.2724419407866,41.636226392070455,39.954334166428524,29.48885976408912,15.230769230769232,23.07271902409517,40.0,53.23529411764706,94.11764705882352,36.49122807017544,63.52941176470588,Average,Average,Elite,Below Average,Average,2018-19
202681,Kyrie Irving,Kyrie,1610612738,BOS,27.0,67,37,30,0.552,2213.846666666667,107.1,264,0.113,0.166,103,0.256,34,0.152,665.0,618.0,635.0,2122.0,7.52,7.523168532512239,179,139,324,209,68,214,104,298,298,23,102,110,257,419,473,461,450,52,67,357,180,177,170,12,21,47,51,67,118,0.432,0.568,12,54,41,8,66,0.182,0.818,0.854,0.167,202681,Kyrie Irving,0.3165258358662614,0.16920668693009117,4825.9,16.666666666666664,41.52421652421652,60.62176165803111,36.35558286465022,10.65907241659886,41.76470588235294,29.32245249605131,56.42857142857143,59.14634146341463,24.489795918367346,49.39509706321553,33.69366091996372,19.421876662289446,26.557768791126584,28.57142857142857,6.461538461538462,18.621978021978023,34.11764705882353,54.11764705882353,94.41176470588235,12.280701754385964,51.76470588235295,Below Average,Average,Elite,Poor,Average,2018-19
200746,LaMarcus Aldridge,LaMarcus,1610612759,SAS,33.0,81,48,33,0.593,2686.65,111.0,493,0.18,0.252,43,0.127,107,0.413,780.0,702.0,750.0,2554.0,5.93,5.928317971260808,22,38,372,165,11,397,22,111,120,181,432,14,64,471,508,507,501,104,81,1103,907,196,90,0,335,730,40,35,75,0.533,0.467,137,657,421,151,794,0.173,0.827,0.863,0.309,200746,LaMarcus Aldridge,0.34084931506849314,0.15435068493150686,5581.8,53.535353535353536,26.139601139601137,40.41450777202072,40.66662875600699,69.81285598047194,47.35294117647059,56.33690709807112,27.857142857142858,22.5609756097561,0.0,19.03919860627178,19.67444999943026,29.756304817716234,24.715377408573246,58.58453473132372,99.23076923076923,76.8753402560742,47.35294117647059,94.41176470588235,48.529411764705884,9.12280701754386,99.41176470588235,Average,Elite,Average,Poor,Elite,2018-19
202362,Lance Stephenson,Lance,1610612747,LAL,28.0,68,33,35,0.485,1122.7683333333334,108.4,183,0.15,0.222,41,0.229,7,0.066,427.0,322.0,391.0,1180.0,3.46,3.4609237308661234,165,169,397,279,256,267,192,178,171,192,153,339,405,301,283,326,288,231,66,189,84,105,48,0,8,19,15,25,40,0.375,0.625,3,50,30,10,53,0.057,0.943,0.968,0.323,202362,Lance Stephenson,0.25360550458715597,0.11493272171253822,2483.2,3.0303030303030303,75.07122507122507,53.88601036269426,40.95855257772355,2.8478437754271764,20.588235294117645,13.492078686641458,12.857142857142856,21.341463414634145,0.0,12.612369337979093,69.95876049957825,57.177013899372675,63.567887199475464,17.955439056356486,5.846153846153846,12.506260711765298,48.8235294117647,15.88235294117647,30.294117647058822,81.05263157894737,29.411764705882355,Average,Below Average,Below Average,Above Average,Below Average,2018-19
202498,Lance Thomas,Lance,1610612752,NYK,31.0,46,7,39,0.152,783.36,107.9,96,0.115,0.163,17,0.183,7,0.106,209.0,189.0,172.0,828.0,2.51,2.5093116829357127,316,433,438,513,312,250,314,285,306,330,280,339,337,190,200,192,227,289,46,170,88,82,30,2,34,79,7,16,23,0.304,0.696,11,147,80,22,158,0.07,0.93,0.87,0.239,202498,Lance Thomas,,,1699.3,3.0303030303030303,87.6068376068376,56.4766839378238,45.99368535897032,3.173311635475997,13.823529411764707,9.563442301249223,6.428571428571428,6.707317073170732,4.081632653061225,5.939397710303633,,,,6.553079947575361,20.76923076923077,12.950347817320296,72.05882352941177,9.411764705882353,9.411764705882353,,31.76470588235294,Above Average,Poor,Poor,Poor,Below Average,2018-19
1629013,Landry Shamet,Landry,1610612746,LAC,22.0,79,51,28,0.646,1801.8933333333334,109.3,113,0.06,0.086,37,0.134,10,0.058,670.0,445.0,510.0,1990.0,4.94,4.939390108645287,56,21,292,106,138,320,291,495,499,211,414,298,424,422,367,397,427,147,79,437,256,181,60,1,21,47,13,24,37,0.351,0.649,1,108,56,4,109,0.009,0.991,0.862,0.062,1629013,Landry Shamet,0.30525474254742546,0.09378861788617886,3828.8,4.545454545454546,46.225071225071225,49.22279792746115,30.302656228822038,16.842961757526446,42.94117647058823,32.50189058536352,17.142857142857142,18.902439024390244,2.0408163265306123,13.983200597312095,40.189928712413334,71.88569675531322,56.03781273386328,8.781127129750983,14.76923076923077,11.475773767516888,16.176470588235293,59.705882352941174,33.970588235294116,71.2280701754386,24.705882352941178,Below Average,Average,Below Average,Above Average,Below Average,2018-19
204038,Langston Galloway,Langston,1610612765,DET,27.0,80,41,39,0.513,1745.1716666666666,107.9,122,0.07,0.101,37,0.152,8,0.054,534.0,439.0,378.0,1858.0,5.58,5.578094393629793,42,103,438,246,147,249,276,473,477,211,363,319,427,358,360,314,400,118,79,379,229,150,63,2,7,17,32,33,65,0.492,0.508,3,56,33,1,59,0.051,0.949,0.917,0.028,204038,Langston Galloway,0.2504186666666667,0.084408,3712.0,3.535353535353535,50.92592592592593,56.4766839378238,33.35738647267144,14.646053702196907,33.82352941176471,26.15253912793759,18.21428571428571,18.902439024390244,4.081632653061225,14.921976107516176,71.79554349453706,78.41122910294384,75.10338629874045,9.960681520314548,6.769230769230769,8.524528682326848,23.823529411764703,46.470588235294116,36.17647058823529,92.28070175438596,17.941176470588236,Below Average,Average,Below Average,Elite,Below Average,2018-19
1626204,Larry Nance Jr.,Larry,1610612739,CLE,26.0,67,16,51,0.239,1795.4433333333334,114.6,384,0.224,0.32,100,0.391,40,0.46,647.0,441.0,533.0,1770.0,2.08,2.0803513991707403,179,341,510,473,139,488,44,49,54,25,13,88,43,407,363,417,388,314,67,571,416,155,187,3,191,445,45,44,89,0.506,0.494,80,370,224,105,450,0.178,0.822,0.842,0.395,1626204,Larry Nance Jr.,0.30067723342939484,0.11820172910662824,3859.8,19.696969696969695,54.059829059829056,21.761658031088103,32.24014255750007,29.86167615947925,35.294117647058826,33.12114105202699,62.5,57.3170731707317,6.122448979591836,46.59158785465406,42.828246416997644,54.90296183226865,48.86560412463315,44.29882044560944,55.07692307692308,49.14896662970058,21.764705882352942,61.1764705882353,91.76470588235294,59.29824561403508,91.47058823529412,Below Average,Average,Elite,Average,Elite,2018-19
1628374,Lauri Markkanen,Lauri,1610612741,CHI,22.0,52,16,36,0.308,1682.1283333333333,112.3,396,0.234,0.333,37,0.15,33,0.216,594.0,462.0,453.0,1736.0,3.11,3.11083007991585,281,341,406,441,158,447,43,38,40,211,369,119,168,387,377,361,382,248,52,424,261,163,56,2,59,132,20,24,44,0.455,0.545,14,172,83,32,186,0.075,0.925,0.847,0.327,1628374,Lauri Markkanen,0.3383527508090615,0.12061812297734628,3327.8,16.161616161616163,55.27065527065527,33.678756476683944,34.22906492854679,17.24979658258747,37.64705882352941,29.488153927152638,15.714285714285714,18.902439024390244,4.081632653061225,13.921976107516178,21.1133831651439,53.222021774874406,37.167702470009154,45.87155963302752,24.615384615384617,36.30628087508822,26.176470588235297,54.41176470588235,33.52941176470588,30.526315789473685,82.6470588235294,Below Average,Average,Below Average,Below Average,Above Average,2018-19
2544,LeBron James,LeBron,1610612747,LAL,34.0,55,28,27,0.509,1937.4016666666666,107.6,408,0.193,0.279,72,0.237,33,0.146,713.0,511.0,615.0,2044.0,6.25,6.245637435913718,270,219,271,249,114,238,38,87,89,66,135,119,262,446,405,450,438,95,55,314,177,137,98,6,40,88,37,47,84,0.44,0.56,13,119,68,40,132,0.098,0.902,0.944,0.556,2544,LeBron James,0.2858110749185668,0.13515635179153096,4083.1,16.161616161616163,44.3019943019943,58.03108808290158,36.47811649106986,10.414971521562245,30.0,22.1659886086249,30.714285714285715,40.243902439024396,12.244897959183673,29.43230462916874,51.39658526394433,43.108649334451705,47.25261729919802,47.44429882044561,16.46153846153846,33.50205665893739,35.588235294117645,37.64705882352941,72.94117647058823,55.43859649122807,80.0,Below Average,Below Average,Above Average,Average,Above Average,2018-19
1628366,Lonzo Ball,Lonzo,1610612747,LAL,21.0,47,25,22,0.532,1422.5383333333334,106.1,197,0.124,0.176,69,0.29,19,0.109,515.0,403.0,450.0,1486.0,5.28,5.282332058238188,310,251,217,228,197,169,174,258,277,78,60,214,332,348,338,359,342,129,47,319,155,164,124,0,36,86,37,31,68,0.544,0.456,9,23,17,10,32,0.281,0.719,0.773,0.455,1628366,Lonzo Ball,0.34229268292682924,0.13798257839721254,3025.9,9.090909090909092,64.17378917378917,65.80310880829018,42.54796704926239,8.624898291293736,37.94117647058823,26.214665198870435,40.0,38.41463414634146,0.0,29.445121951219512,18.84254275977534,41.14261326295984,29.99257801136759,19.790301441677588,1.6923076923076923,11.646204254461136,59.705882352941174,46.76470588235294,73.23529411764706,17.192982456140353,25.882352941176475,Average,Average,Above Average,Below Average,Below Average,2018-19
101150,Lou Williams,Lou,1610612746,LAC,32.0,75,47,28,0.627,1992.5883333333334,109.2,182,0.081,0.125,57,0.198,11,0.051,709.0,654.0,598.0,2100.0,5.61,5.610958507556123,98,51,292,125,105,317,194,440,424,119,234,290,430,445,494,440,446,117,75,277,109,168,95,0,18,41,21,46,67,0.313,0.687,1,61,33,4,62,0.016,0.984,0.825,0.1,101150,Lou Williams,0.3058484042553191,0.12738297872340426,4386.7,5.05050505050505,42.30769230769231,49.740932642487024,29.263127488516083,4.882017900732303,39.11764705882353,25.423395395587036,29.642857142857142,31.097560975609756,0.0,22.74128919860627,39.84776266662652,48.51611801314064,44.18194033988358,17.82437745740498,7.538461538461538,13.195715293880433,14.411764705882351,44.41176470588235,59.11764705882353,48.421052631578945,33.82352941176471,Poor,Average,Average,Average,Below Average,2018-19
1629029,Luka Dončić,Luka,1610612742,DAL,20.0,72,28,44,0.389,2317.74,110.6,477,0.198,0.281,77,0.234,25,0.125,827.0,612.0,889.0,2302.0,5.45,5.45329377414938,135,219,485,392,53,385,25,77,88,58,141,166,296,490,472,529,471,125,72,454,258,196,145,8,7,15,51,50,101,0.505,0.495,5,50,36,15,55,0.091,0.909,0.923,0.385,1629029,Luka Dončić,0.34928729281767956,0.13059944751381217,4838.2,12.121212121212121,35.11396011396011,42.487046632124375,27.76013254640198,17.005695687550855,47.35294117647059,35.21404298090269,47.5,43.292682926829265,16.3265306122449,38.23407167745147,14.811091890786049,46.27861389650074,30.544852893643395,56.4875491480996,5.846153846153846,33.69892126222401,10.588235294117647,66.47058823529412,85.88235294117646,18.947368421052634,80.29411764705883,Poor,Average,Above Average,Below Average,Above Average,2018-19
1628379,Luke Kennard,Luke,1610612765,DET,23.0,63,30,33,0.476,1436.63,108.2,171,0.121,0.172,26,0.138,10,0.083,424.0,343.0,343.0,1486.0,4.34,4.343173813997921,218,201,372,290,194,260,207,271,282,272,401,298,375,298,299,299,342,181,62,223,116,107,56,0,6,14,10,25,35,0.286,0.714,1,65,46,3,66,0.015,0.985,0.902,0.059,1628379,Luke Kennard,0.253231884057971,0.08161159420289854,2989.9,4.545454545454546,64.17378917378917,54.922279792746096,38.00957797719455,5.451586655817739,21.176470588235293,14.886517015268272,15.714285714285714,12.195121951219512,0.0,10.554006968641115,70.1741024315172,80.35652062931263,75.26531153041492,16.382699868938403,8.153846153846153,12.679715697146891,39.11764705882353,20.294117647058822,23.235294117647058,92.63157894736842,30.0,Below Average,Below Average,Below Average,Elite,Below Average,2018-19
1628436,Luke Kornet,Luke,1610612752,NYK,23.0,46,9,37,0.196,784.0033333333333,106.0,107,0.123,0.181,27,0.235,42,0.494,253.0,228.0,167.0,786.0,2.95,2.947461218172444,316,413,416,501,311,167,301,263,264,267,140,80,33,212,229,189,217,260,45,451,343,108,38,0,63,145,4,15,19,0.211,0.789,12,166,93,28,178,0.067,0.933,0.903,0.272,1628436,Luke Kornet,,,1788.4,20.707070707070706,89.1025641025641,66.32124352331606,56.049036599554725,23.921887713588283,21.470588235294116,22.451108026611784,9.285714285714286,12.804878048780488,0.0,8.195993031358885,,,,7.99475753604194,23.692307692307693,15.058655106361531,92.94117647058823,38.529411764705884,15.88235294117647,,42.05882352941177,Elite,Below Average,Below Average,Poor,Average,2018-19
1627763,Malcolm Brogdon,Malcolm,1610612749,MIL,26.0,64,49,15,0.766,1831.5916666666667,102.7,223,0.107,0.146,46,0.163,13,0.058,554.0,418.0,368.0,1566.0,8.67,8.670215110497402,201,30,145,26,134,71,139,326,359,162,339,260,425,369,347,311,356,31,64,402,223,179,64,0,13,31,41,35,76,0.539,0.461,8,40,29,8,48,0.167,0.833,0.935,0.258,1627763,Malcolm Brogdon,0.3048088235294118,0.14378235294117647,3867.5,6.0606060606060606,61.32478632478633,83.41968911917097,44.742839917710384,14.157851912123679,42.35294117647059,31.074905470731824,18.571428571428573,24.390243902439025,0.0,15.965156794425088,40.44694098911251,37.10805851882476,38.77749975396864,23.197903014416777,4.3076923076923075,14.697308196390766,66.47058823529412,57.647058823529406,39.705882352941174,34.03508771929825,39.705882352941174,Average,Average,Below Average,Below Average,Below Average,2018-19
1627736,Malik Beasley,Malik,1610612743,DEN,22.0,81,53,28,0.654,1878.7233333333334,107.3,165,0.085,0.123,55,0.187,10,0.061,581.0,493.0,456.0,1946.0,6.37,6.370512255411765,22,13,292,97,128,221,221,427,429,127,264,298,415,380,394,365,415,91,80,354,182,172,91,4,5,10,29,37,66,0.439,0.561,1,80,48,9,81,0.012,0.988,0.873,0.164,1627736,Malik Beasley,0.3023868421052632,0.1276236842105263,4006.0,4.545454545454546,47.79202279202279,59.58549222797929,33.44176285238461,10.821806346623271,40.294117647058826,28.505193126884603,28.214285714285715,29.878048780487802,8.16326530612245,23.78384768541563,41.8428871918925,48.348673665494694,45.0957804286936,15.59633027522936,10.461538461538462,13.285673959068458,24.11764705882353,52.64705882352941,62.05882352941177,50.175438596491226,34.705882352941174,Below Average,Average,Average,Average,Below Average,2018-19
1628370,Malik Monk,Malik,1610612766,CHA,21.0,73,34,39,0.466,1258.095,111.1,121,0.095,0.138,37,0.199,19,0.139,372.0,350.0,353.0,1314.0,2.81,2.806153602565317,124,165,438,310,227,404,281,382,385,211,230,214,277,270,305,304,312,269,72,217,114,103,60,1,6,16,10,26,36,0.278,0.722,1,23,13,1,24,0.042,0.958,0.929,0.071,1628370,Malik Monk,0.2684833333333333,0.1125,2754.1,9.090909090909092,70.2991452991453,39.89637305699484,38.2151577553132,5.288852725793328,20.0,14.11554109031733,17.142857142857142,18.902439024390244,2.0408163265306123,13.983200597312095,61.38369533319783,58.86931225546934,60.12650379433359,9.82961992136304,1.6923076923076923,6.167829418288134,40.588235294117645,18.235294117647058,33.970588235294116,77.19298245614034,11.76470588235294,Average,Below Average,Below Average,Above Average,Poor,2018-19
201188,Marc Gasol,Marc,1610612761,TOR,34.0,79,39,40,0.494,2435.985,104.9,547,0.227,0.327,84,0.191,86,0.326,786.0,553.0,683.0,2146.0,9.49,9.49021567278263,56,118,454,270,41,123,13,46,48,46,250,23,98,474,429,488,453,18,79,741,627,114,131,27,217,497,30,44,74,0.405,0.595,27,517,307,118,544,0.05,0.95,0.927,0.356,201188,Marc Gasol,0.33318367346938776,0.12074927113702624,4993.7,42.92929292929293,40.66951566951567,72.02072538860101,49.4112290031979,47.030105777054516,23.235294117647058,32.75321878141004,42.5,47.5609756097561,55.10204081632652,47.421851667496256,24.09266030255224,53.13078987856353,38.61172509055788,65.66186107470512,77.6923076923077,71.07556205262628,82.35294117647058,60.588235294117645,92.64705882352942,33.33333333333333,98.23529411764706,Above Average,Average,Elite,Below Average,Elite,2018-19
101162,Marcin Gortat,Marcin,1610612746,LAC,35.0,47,25,22,0.532,750.4816666666667,112.5,194,0.253,0.364,6,0.065,24,0.453,273.0,204.0,262.0,892.0,1.3,1.297341420916789,310,251,217,228,320,453,179,22,24,416,497,175,46,224,211,240,236,368,47,276,237,39,21,6,169,369,17,12,29,0.586,0.414,49,160,105,54,209,0.234,0.766,0.833,0.429,101162,Marcin Gortat,,,1532.6,11.616161616161616,85.32763532763533,32.64248704663211,42.67175877279504,15.29698942229455,1.1764705882352942,6.824678121858997,3.214285714285714,0.0,12.244897959183673,4.346938775510203,,,,19.39711664482307,22.76923076923077,20.914568000806536,60.29411764705882,6.176470588235294,5.88235294117647,,59.11764705882353,Average,Poor,Poor,Poor,Average,2018-19
201158,Marco Belinelli,Marco,1610612759,SAS,33.0,79,46,33,0.582,1815.3566666666666,110.1,182,0.093,0.135,35,0.168,8,0.045,604.0,497.0,555.0,1828.0,4.64,4.642637902451981,56,61,372,181,136,358,194,390,391,224,328,319,442,391,396,423,397,161,79,412,186,226,66,0,17,36,21,18,39,0.538,0.462,1,49,36,3,50,0.02,0.98,0.923,0.077,201158,Marco Belinelli,0.31464130434782606,0.1247663043478261,3875.1,3.535353535353535,51.99430199430199,45.077720207253904,30.881577163960586,11.14727420667209,56.1764705882353,38.16479203561001,19.28571428571429,17.682926829268293,0.0,13.903310104529616,34.77983961272712,50.33638118644499,42.558110399586056,17.82437745740498,5.6923076923076925,12.364946063111201,17.941176470588236,72.94117647058823,33.23529411764706,44.91228070175438,28.235294117647058,Below Average,Above Average,Below Average,Average,Below Average,2018-19
202694,Marcus Morris Sr.,Marcus,1610612738,BOS,29.0,75,44,31,0.587,2090.5066666666667,108.9,382,0.176,0.254,43,0.12,25,0.12,682.0,522.0,633.0,2008.0,6.03,6.0332796802297635,98,77,335,173,90,298,45,114,118,181,443,166,303,429,409,458,430,102,75,436,226,210,75,0,50,111,24,32,56,0.429,0.571,49,311,181,60,361,0.136,0.861,0.883,0.293,202694,Marcus Morris Sr.,0.3199657142857143,0.15697428571428573,4461.4,12.121212121212121,45.58404558404558,51.29533678756473,33.626734999791985,14.401952807160292,51.470588235294116,36.64313406404058,22.5,22.5609756097561,0.0,16.896341463414636,31.711034145958582,27.93122335900793,29.821128752483254,44.03669724770643,46.0,44.920183486238535,24.705882352941178,69.70588235294117,42.35294117647059,16.842105263157894,88.52941176470588,Below Average,Average,Average,Below Average,Above Average,2018-19
203935,Marcus Smart,Marcus,1610612738,BOS,25.0,80,48,32,0.6,2199.7833333333333,106.7,177,0.077,0.114,143,0.345,28,0.118,683.0,623.0,643.0,2076.0,7.78,7.78360294191262,42,38,352,154,71,195,201,456,454,3,23,149,310,431,475,468,442,47,80,557,227,330,228,14,20,50,29,54,83,0.349,0.651,36,164,114,21,200,0.18,0.82,0.844,0.156,203935,Marcus Smart,0.2951129943502825,0.14670621468926553,4721.3,13.636363636363635,43.162393162393165,62.694300518134696,36.234958190916736,14.483319772172498,86.76470588235294,57.85215143828076,77.14285714285715,83.53658536585365,28.57142857142857,67.23780487804878,46.035281093812856,35.07410354393271,40.55469231887278,17.169069462647442,23.384615384615383,19.966065127533017,33.23529411764706,95.88235294117648,99.11764705882354,37.54385964912281,55.88235294117647,Below Average,Elite,Elite,Below Average,Average,2018-19
1626209,Mario Hezonja,Mario,1610612752,NYK,24.0,58,12,46,0.207,1206.27,112.0,211,0.168,0.251,57,0.308,8,0.073,399.0,367.0,288.0,1284.0,2.33,2.3302256965710004,248,387,491,493,241,437,155,132,122,119,50,319,393,287,316,262,309,296,57,334,189,145,98,1,24,55,19,18,37,0.514,0.486,4,98,43,14,102,0.039,0.961,0.896,0.292,1626209,Mario Hezonja,0.3298653846153846,0.1549102564102564,2603.5,3.535353535353535,71.36752136752136,35.23316062176165,35.201064048214306,11.391375101708705,32.35294117647059,23.968314746565834,30.714285714285715,31.097560975609756,2.0408163265306123,23.680064708810352,26.005207062526324,29.367044554725275,27.6861258086258,21.62516382699869,13.230769230769232,17.847686258695433,31.176470588235293,40.588235294117645,61.76470588235294,13.684210526315791,49.11764705882353,Below Average,Average,Average,Poor,Average,2018-19
202693,Markieff Morris,Markieff,1610612760,OKC,29.0,58,24,34,0.414,1270.5266666666666,113.0,204,0.161,0.25,36,0.164,22,0.169,455.0,387.0,380.0,1208.0,2.07,2.0687096021472438,248,262,382,367,224,461,163,147,124,217,337,191,231,313,328,317,292,315,58,353,228,125,66,5,72,158,20,20,40,0.5,0.5,50,254,138,46,304,0.164,0.836,0.847,0.282,202693,Markieff Morris,0.3366655844155844,0.1324642857142857,2783.3,10.606060606060606,74.07407407407408,30.05181347150258,37.68130353622581,14.564686737184704,26.47058823529412,21.708227636050353,19.28571428571429,18.29268292682927,10.204081632653061,16.667745146839223,22.08580743601141,44.98135798564897,33.53358271083019,20.70773263433814,37.230769230769226,28.14309910273213,38.529411764705884,35.88235294117647,41.76470588235294,23.157894736842106,72.94117647058823,Below Average,Below Average,Average,Below Average,Above Average,2018-19
1628963,Marvin Bagley III,Marvin,1610612758,SAC,20.0,62,30,32,0.484,1567.495,111.0,309,0.18,0.275,33,0.139,59,0.399,528.0,488.0,489.0,1684.0,3.49,3.4852907409275673,224,201,352,281,174,398,77,108,95,230,399,44,69,353,391,383,372,229,62,561,320,241,50,0,48,105,33,25,58,0.569,0.431,50,242,127,52,292,0.171,0.829,0.901,0.369,1628963,Marvin Bagley III,0.3109634831460674,0.14512640449438202,3529.5,29.292929292929294,57.12250712250713,40.41450777202072,41.813676153054395,22.050447518307568,60.588235294117645,45.173120183793614,13.571428571428571,16.463414634146343,0.0,11.19076655052265,36.899608364836126,36.1730825935983,36.53634547921722,34.469200524246396,35.38461538461539,34.881137211412444,55.88235294117647,84.41176470588235,25.588235294117645,28.421052631578945,80.88235294117648,Average,Above Average,Below Average,Below Average,Above Average,2018-19
101107,Marvin Williams,Marvin,1610612766,CHA,33.0,75,35,40,0.467,2133.2633333333333,110.9,331,0.152,0.22,71,0.216,61,0.28,571.0,562.0,630.0,2162.0,4.83,4.8268811808577885,98,152,454,305,85,395,62,167,177,71,184,42,126,376,435,455,454,153,75,666,420,246,138,0,134,318,24,46,70,0.343,0.657,20,365,177,37,385,0.052,0.948,0.863,0.18,101107,Marvin Williams,0.34574474474474476,0.19712612612612612,4280.8,30.303030303030305,40.0997150997151,40.93264248704659,36.389273027874054,30.187144019528073,62.05882352941177,49.31015172545829,45.0,39.63414634146341,0.0,31.871951219512194,16.852893896892375,0.0,8.426446948446188,37.352555701179554,54.307692307692314,44.982367174110294,34.411764705882355,87.6470588235294,77.64705882352942,0.7017543859649122,88.8235294117647,Below Average,Above Average,Above Average,Poor,Above Average,2018-19
203486,Mason Plumlee,Mason,1610612743,DEN,29.0,82,54,28,0.659,1730.92,106.1,359,0.198,0.291,66,0.232,76,0.434,459.0,514.0,390.0,1684.0,6.48,6.477276154395914,1,10,292,91,148,168,54,79,76,93,147,30,56,317,406,324,372,86,82,529,359,170,131,5,206,451,40,29,69,0.58,0.42,91,211,139,58,302,0.301,0.699,0.848,0.354,203486,Mason Plumlee,0.3248032345013477,0.12386522911051213,3718.2,37.878787878787875,57.12250712250713,65.80310880829018,51.59516984646519,25.223759153783565,39.705882352941174,33.91303307327813,42.5,36.58536585365854,10.204081632653061,32.355898456943756,28.92285505071277,50.96320509933505,39.94303007502391,41.02228047182175,30.615384615384617,36.339177336425045,86.47058823529412,62.94117647058823,78.23529411764706,36.140350877192986,82.94117647058825,Above Average,Average,Above Average,Below Average,Above Average,2018-19
203521,Matthew Dellavedova,Matthew,1610612739,CLE,28.0,48,20,28,0.417,812.1933333333334,107.0,71,0.081,0.122,14,0.128,2,0.034,271.0,202.0,181.0,778.0,2.86,2.8602552746397665,305,294,292,364,304,208,347,439,432,348,430,424,454,223,207,196,213,266,48,201,115,86,31,0,15,31,7,13,20,0.35,0.65,4,62,38,10,66,0.061,0.939,0.844,0.222,203521,Matthew Dellavedova,,,1648.8,0.5050505050505051,89.38746438746439,61.13989637305699,46.77260683089698,5.370219690805533,15.0,11.148087876322213,6.785714285714286,4.878048780487805,0.0,4.421602787456446,,,,3.2765399737876804,7.6923076923076925,5.263635447121686,75.0,12.058823529411764,6.61764705882353,,9.117647058823529,Above Average,Poor,Poor,Poor,Poor,2018-19
203090,Maurice Harkless,Maurice,1610612757,POR,26.0,60,37,23,0.617,1415.13,106.8,192,0.128,0.183,67,0.285,53,0.305,404.0,417.0,438.0,1380.0,4.99,4.9938909355310175,232,139,230,137,198,200,181,249,260,87,66,56,113,290,346,350,323,144,60,384,249,135,115,0,29,74,15,33,48,0.313,0.688,13,60,37,11,73,0.178,0.822,0.881,0.262,203090,Maurice Harkless,0.2616810631229236,0.10887043189368772,3189.4,26.262626262626267,67.94871794871796,62.176165803108816,49.83114323787899,16.273393002441008,29.411764705882355,24.156416024505816,36.78571428571429,37.19512195121951,0.0,27.732578397212546,65.30428827244499,61.39418475033621,63.3492365113906,19.134993446920053,7.384615384615385,13.847323318882953,82.6470588235294,41.17647058823529,69.70588235294117,80.7017543859649,36.470588235294116,Above Average,Average,Average,Above Average,Below Average,2018-19
1628467,Maxi Kleber,Maxi,1610612742,DAL,27.0,71,30,41,0.423,1502.1616666666666,105.3,239,0.149,0.219,36,0.188,78,0.479,481.0,397.0,514.0,1474.0,5.93,5.9285340193242035,144,201,462,358,183,135,127,180,184,217,260,28,37,333,335,400,341,104,70,604,416,188,53,5,73,180,19,21,40,0.475,0.525,39,266,155,54,305,0.128,0.872,0.886,0.309,1628467,Maxi Kleber,0.26174386920980924,0.09424523160762943,3232.3,38.88888888888889,64.60113960113961,69.94818652849743,55.65300104807878,29.86167615947925,45.0,38.9446704637917,14.642857142857144,18.29268292682927,10.204081632653061,14.810602289696366,65.2680890193767,71.56805801916047,68.41807351926859,25.29488859764089,39.07692307692307,31.49680411331787,92.05882352941175,73.82352941176471,35.88235294117647,87.71929824561403,76.17647058823529,Elite,Above Average,Below Average,Above Average,Above Average,2018-19
203086,Meyers Leonard,Meyers,1610612757,POR,27.0,61,35,26,0.574,877.6783333333333,112.2,184,0.206,0.294,13,0.148,9,0.18,338.0,236.0,269.0,838.0,1.65,1.648449812718474,227,152,262,191,296,442,191,68,73,361,374,310,215,253,233,243,229,347,60,325,227,98,21,0,107,250,15,5,20,0.75,0.25,28,247,150,45,275,0.102,0.898,0.92,0.276,203086,Meyers Leonard,,,1810.2,4.040404040404041,87.25071225071225,34.196891191709824,40.70313370183836,14.483319772172498,18.529411764705884,16.910974967692532,3.214285714285714,4.2682926829268295,0.0,2.779616724738676,,,,18.086500655307994,36.15384615384615,26.216806129650166,48.23529411764706,25.294117647058822,2.941176470588235,,70.0,Average,Below Average,Poor,Poor,Above Average,2018-19
203077,Michael Kidd-Gilchrist,Michael,1610612766,CHA,25.0,64,29,35,0.453,1179.1633333333334,107.4,158,0.129,0.189,32,0.176,39,0.317,344.0,352.0,293.0,1086.0,3.96,3.9634091015193293,201,209,397,323,246,228,231,245,242,237,302,92,104,256,307,264,272,199,64,431,284,147,50,8,82,199,27,23,50,0.54,0.46,31,253,144,34,284,0.109,0.891,0.857,0.202,203077,Michael Kidd-Gilchrist,0.25047492625368734,0.10133038348082596,2516.3,19.19191919191919,78.41880341880342,59.067357512953336,49.890188251587205,19.121236777868187,32.94117647058823,27.413200593500214,13.571428571428571,15.853658536585366,16.3265306122449,15.05898456943753,71.76311741724001,66.63934348271826,69.20123044997914,14.678899082568808,37.07692307692308,24.758009880028233,83.23529411764706,49.411764705882355,37.35294117647059,88.7719298245614,67.64705882352942,Above Average,Average,Below Average,Above Average,Average,2018-19
1628969,Mikal Bridges,Mikal,1610612756,PHX,22.0,82,19,63,0.232,2417.115,112.0,208,0.085,0.134,129,0.269,38,0.146,952.0,799.0,718.0,2608.0,4.68,4.679650501946956,1,307,528,476,42,438,159,426,398,8,87,99,264,523,524,498,508,160,81,529,288,241,223,0,26,59,28,75,103,0.272,0.728,6,123,63,7,129,0.047,0.953,0.926,0.103,1628969,Mikal Bridges,0.36154755784061693,0.1669408740359897,5432.6,18.68686868686869,24.216524216524217,35.23316062176165,24.758821105971364,19.446704637917005,60.588235294117645,44.13162303163739,75.35714285714286,75.0,0.0,56.392857142857146,7.744699790003548,20.998066580005034,14.37138318500429,21.231979030144167,17.076923076923077,19.36220385119468,5.294117647058823,82.35294117647058,97.6470588235294,1.7543859649122806,53.8235294117647,Poor,Above Average,Elite,Poor,Average,2018-19
201144,Mike Conley,Mike,1610612763,MEM,31.0,70,30,40,0.429,2341.8,105.6,199,0.088,0.128,94,0.227,22,0.079,798.0,566.0,761.0,2028.0,9.01,9.010447739827313,148,201,454,350,50,150,170,413,416,31,157,191,380,479,439,510,436,23,70,452,189,263,148,5,20,44,56,63,119,0.471,0.529,0,47,33,5,47,0.0,1.0,0.971,0.147,201144,Mike Conley,0.31778409090909093,0.1624715909090909,4613.6,10.606060606060606,44.871794871794876,68.3937823834197,37.04599804340737,11.391375101708705,67.05882352941175,44.791844158330534,48.57142857142857,53.65853658536586,10.204081632653061,40.76007964161275,32.96844629541963,24.107078371037243,28.537762333228436,20.0524246395806,5.384615384615385,13.451910474846255,37.35294117647059,83.52941176470588,88.8235294117647,14.736842105263156,35.88235294117647,Below Average,Above Average,Above Average,Poor,Below Average,2018-19
203488,Mike Muscala,Mike,1610612747,LAL,27.0,64,35,29,0.547,1305.8816666666667,106.5,187,0.133,0.192,22,0.103,38,0.275,461.0,351.0,425.0,1384.0,4.69,4.693422808104025,201,152,312,213,216,190,189,229,237,294,470,99,128,319,306,344,325,159,64,570,402,168,39,0,80,189,9,11,20,0.45,0.55,28,299,141,30,327,0.086,0.914,0.892,0.19,203488,Mike Muscala,0.3028461538461539,0.12233333333333334,2934.0,18.68686868686869,67.80626780626781,63.73056994818652,47.13958369398784,28.722538649308383,39.11764705882353,34.95960369501747,9.642857142857144,9.75609756097561,0.0,7.2717770034843205,41.578155813610344,52.02885296693528,46.80350439027281,18.479685452162517,44.15384615384615,30.033057767920155,77.05882352941177,65.88235294117646,14.411764705882351,54.03508771929825,74.41176470588235,Above Average,Average,Poor,Average,Above Average,2018-19
203118,Mike Scott,Mike,1610612755,PHI,30.0,79,44,35,0.557,1395.7816666666668,106.4,233,0.147,0.217,26,0.132,13,0.093,468.0,392.0,425.0,1462.0,5.12,5.1236526623691825,56,77,397,207,201,186,130,189,185,272,424,260,357,325,331,344,337,137,78,324,200,124,47,0,35,78,18,22,40,0.45,0.55,25,261,129,41,286,0.087,0.913,0.884,0.281,203118,Mike Scott,0.2354491525423729,0.08686440677966102,3182.4,6.0606060606060606,65.02849002849003,64.2487046632124,41.24639010001703,12.286411716842961,26.176470588235297,20.62044703967836,12.5,12.195121951219512,0.0,9.268292682926829,80.42345293716005,76.70245446846752,78.56295370281379,24.50851900393185,38.30769230769231,30.718146990624057,52.352941176470594,34.11764705882353,20.294117647058822,94.38596491228071,75.0,Average,Below Average,Below Average,Elite,Above Average,2018-19
1628970,Miles Bridges,Miles,1610612766,CHA,21.0,80,38,42,0.475,1696.3333333333333,111.5,256,0.148,0.214,55,0.216,49,0.29,506.0,473.0,474.0,1826.0,3.61,3.606397001527044,42,132,465,296,155,415,114,183,189,127,185,68,121,345,384,377,396,218,79,483,282,201,83,0,36,83,17,21,38,0.447,0.553,8,152,82,28,160,0.05,0.95,0.911,0.311,1628970,Miles Bridges,0.3001084656084656,0.13016402116402115,3731.5,24.242424242424242,52.065527065527064,37.823834196891184,37.37586271912697,18.958502847843775,48.8235294117647,36.87751878619633,25.357142857142854,29.878048780487802,0.0,20.600174216027874,43.15606448858699,46.58151385096519,44.86878916977609,27.522935779816514,21.53846153846154,24.829922371206777,37.64705882352941,70.29411764705881,55.294117647058826,49.473684210526315,67.94117647058823,Below Average,Above Average,Average,Average,Average,2018-19
1629011,Mitchell Robinson,Mitchell,1610612752,NYK,21.0,66,16,50,0.242,1359.5083333333334,109.6,246,0.166,0.246,52,0.269,161,0.697,476.0,435.0,317.0,1394.0,3.64,3.6399436142988852,190,341,508,470,208,332,123,138,139,143,86,4,6,330,357,277,328,216,65,735,521,214,90,3,180,388,21,26,47,0.447,0.553,78,249,148,68,327,0.239,0.761,0.841,0.386,1629011,Mitchell Robinson,0.29193123209169053,0.13628939828080228,3026.2,80.8080808080808,67.45014245014245,47.66839378238344,67.84788062637804,38.405207485760776,52.64705882352941,46.950318288421954,27.857142857142858,28.04878048780488,6.122448979591836,22.49054255848681,47.8691386530596,42.32045695663372,45.094797804846664,26.212319790301443,36.46153846153846,30.824468192358104,99.11764705882354,85.58823529411764,57.94117647058824,49.824561403508774,75.29411764705883,Elite,Above Average,Average,Average,Above Average,2018-19
1628964,Mo Bamba,Mo,1610612753,ORL,21.0,47,19,28,0.404,766.1933333333334,109.2,169,0.213,0.319,13,0.133,64,0.587,239.0,205.0,202.0,720.0,2.14,2.1407708699346686,310,307,292,373,315,316,210,63,55,361,422,41,16,205,212,209,203,305,47,381,317,64,22,0,122,266,11,16,27,0.407,0.593,36,143,86,38,179,0.201,0.799,0.827,0.365,1628964,Mo Bamba,,,1488.7,31.818181818181817,91.45299145299145,49.740932642487024,57.17105289644149,21.806346623270954,8.529411764705882,13.84018570813191,3.571428571428571,4.2682926829268295,0.0,2.922473867595819,,,,16.120576671035387,20.153846153846153,17.935547938300232,93.52941176470588,17.058823529411764,4.117647058823529,,49.411764705882355,Elite,Below Average,Poor,Poor,Average,2018-19
1628420,Monte Morris,Monte,1610612743,DEN,24.0,82,54,28,0.659,1970.2083333333333,105.1,159,0.078,0.114,73,0.219,4,0.024,540.0,531.0,469.0,2014.0,7.87,7.869463210788857,1,10,292,91,110,128,230,448,451,62,171,388,464,361,416,373,433,45,81,356,146,210,110,7,21,48,24,45,69,0.348,0.652,2,79,61,8,81,0.025,0.975,0.938,0.123,1628420,Monte Morris,0.2824742268041237,0.12591237113402062,4115.1,1.5151515151515151,45.370370370370374,70.98445595854925,34.23180422532755,7.892595606183889,51.470588235294116,34.039391183650025,35.0,40.853658536585364,14.285714285714285,31.870209059233446,53.31982893879943,49.53913137021739,51.42948015450841,14.809960681520314,10.307692307692308,12.783939913297711,26.47058823529412,63.23529411764706,77.3529411764706,64.21052631578948,30.58823529411765,Below Average,Average,Above Average,Average,Below Average,2018-19
1626149,Montrezl Harrell,Montrezl,1610612746,LAC,25.0,82,48,34,0.585,2158.1483333333335,109.9,351,0.146,0.219,71,0.225,110,0.46,809.0,664.0,630.0,2208.0,5.57,5.566984299913677,1,38,382,175,78,350,58,191,182,71,163,12,42,481,496,455,462,119,82,999,756,243,94,19,265,589,49,37,86,0.57,0.43,52,520,299,100,572,0.091,0.909,0.901,0.301,1626149,Montrezl Harrell,0.33614322250639384,0.12552685421994886,4722.7,55.05050505050505,38.46153846153847,46.113989637305664,47.01023789106691,57.52644426362896,61.1764705882353,59.716460058392755,29.28571428571429,39.63414634146341,38.775510204081634,35.28011448481832,22.386878747434793,49.80731232842917,36.09709553793198,39.973787680209696,78.15384615384615,57.154813993346096,76.17647058823529,97.6470588235294,83.23529411764706,27.719298245614034,95.0,Above Average,Elite,Above Average,Below Average,Elite,2018-19
1626167,Myles Turner,Myles,1610612754,IND,23.0,74,43,31,0.581,2118.8166666666666,104.5,430,0.195,0.292,60,0.15,199,0.76,680.0,629.0,567.0,1940.0,8.78,8.78459862493046,112,88,335,182,86,111,33,86,75,105,371,1,3,426,479,426,412,29,74,893,732,161,108,1,216,496,26,32,58,0.448,0.552,38,448,263,94,486,0.078,0.922,0.883,0.315,1626167,Myles Turner,0.31964957264957267,0.14634472934472934,4460.3,100.0,48.00569800569801,74.09326424870466,75.32531036417046,55.57363710333605,37.05882352941177,44.46474895898148,34.285714285714285,32.926829268292686,2.0408163265306123,25.748880039820808,31.893247234842075,35.32556718285151,33.60940720884679,50.32765399737876,67.07692307692308,57.86482508317371,100.0,82.6470588235294,64.41176470588236,23.50877192982456,95.58823529411765,Elite,Above Average,Average,Below Average,Elite,2018-19
202357,Nemanja Bjelica,Nemanja,1610612758,SAC,31.0,77,38,39,0.494,1787.91,108.7,319,0.171,0.25,54,0.163,56,0.341,639.0,503.0,533.0,1940.0,5.26,5.259628010339484,74,132,438,272,141,286,71,127,130,132,338,50,90,403,399,417,412,132,76,735,435,300,125,0,36,89,24,19,43,0.558,0.442,31,163,86,35,194,0.16,0.84,0.896,0.365,202357,Nemanja Bjelica,0.3110680473372781,0.14013313609467457,3994.6,27.77777777777778,48.00569800569801,52.33160621761655,40.99600696750955,31.40764849471115,77.94117647058823,59.327765280237394,40.35714285714286,29.268292682926827,0.0,26.386759581881535,36.8393411868091,39.64659946189551,38.24297032435231,35.77981651376147,23.23076923076923,30.132745236414962,49.411764705882355,97.05882352941177,66.17647058823529,31.929824561403507,74.70588235294117,Average,Elite,Average,Below Average,Above Average,2018-19
2403,Nene,ene,1610612745,HOU,36.0,42,29,13,0.69,545.7833333333333,101.9,89,0.152,0.226,18,0.189,15,0.319,164.0,161.0,138.0,534.0,2.78,2.777374319482512,341,209,129,68,352,59,327,170,165,321,255,245,102,166,186,166,175,273,42,163,112,51,44,3,69,167,13,10,23,0.565,0.435,19,134,75,21,153,0.124,0.876,0.806,0.226,2403,Nene,,,1172.6,7.07070707070707,98.07692307692307,87.56476683937821,59.04639761505045,5.126118795768917,4.705882352941177,4.873976930072273,11.428571428571429,7.317073170731707,6.122448979591836,8.663016426082628,,,,5.6356487549148095,18.76923076923077,11.545760661356992,95.0,2.941176470588235,18.38235294117647,,25.294117647058822,Elite,Poor,Below Average,Poor,Below Average,2018-19
203457,Nerlens Noel,Nerlens,1610612760,OKC,25.0,77,48,29,0.623,1055.6166666666666,101.7,198,0.176,0.263,66,0.316,96,0.623,350.0,309.0,293.0,1062.0,5.3,5.302500916212466,74,38,312,131,270,56,172,115,105,93,41,21,9,258,272,264,267,128,77,463,371,92,149,5,102,224,20,18,38,0.526,0.474,27,201,112,37,228,0.118,0.882,0.855,0.282,203457,Nerlens Noel,0.24042415730337077,0.05337359550561798,2290.3,47.97979797979798,79.27350427350427,88.60103626943004,69.0879047550032,26.20016273393003,16.76470588235294,20.538888622983777,48.92857142857142,36.58536585365854,10.204081632653061,34.927327028372325,77.55603251201428,100.0,88.77801625600713,19.921363040629096,29.076923076923077,24.04136505696139,99.41176470588235,33.82352941176471,81.76470588235294,98.94736842105263,65.58823529411765,Elite,Below Average,Above Average,Elite,Average,2018-19
201587,Nicolas Batum,Nicolas,1610612766,CHA,30.0,75,35,40,0.467,2354.0183333333334,110.3,319,0.131,0.193,71,0.204,43,0.17,695.0,671.0,659.0,2390.0,5.77,5.7748453578388785,98,152,454,305,48,368,71,237,235,71,211,78,230,436,499,475,484,111,75,575,321,254,142,1,27,68,25,42,67,0.373,0.627,7,129,81,22,136,0.051,0.949,0.92,0.25,201587,Nicolas Batum,0.3104349112426036,0.12062721893491124,4827.2,21.21212121212121,31.980056980056982,44.04145077720208,30.688231122168943,22.131814483319772,64.41176470588236,47.499784616857326,46.42857142857143,39.63414634146341,2.0408163265306123,32.95358387257342,37.20425890186323,53.215694263612036,45.20997658273763,35.77981651376147,18.0,27.778899082568806,17.352941176470587,86.47058823529412,79.41176470588235,50.877192982456144,71.76470588235294,Below Average,Above Average,Above Average,Average,Above Average,2018-19
203917,Nik Stauskas,Nik,1610612739,CLE,25.0,68,33,35,0.485,1014.7966666666666,113.7,109,0.104,0.15,21,0.184,7,0.091,342.0,298.0,336.0,1018.0,1.49,1.4910757509633696,165,169,397,279,274,480,295,345,348,299,275,339,361,255,268,293,257,357,67,231,109,122,30,0,10,24,16,10,26,0.615,0.385,0,32,17,2,32,0.0,1.0,0.895,0.105,203917,Nik Stauskas,0.23480357142857144,0.1125952380952381,2190.6,3.0303030303030303,80.84045584045583,26.424870466321217,36.112498372861054,4.882017900732303,25.588235294117645,17.305748336763507,6.428571428571428,9.146341463414634,0.0,5.772648083623693,80.79554353018116,58.803060833788635,69.7993021819849,8.256880733944955,3.076923076923077,5.925899788285111,32.64705882352941,26.47058823529412,8.970588235294118,89.47368421052632,10.882352941176471,Below Average,Below Average,Poor,Above Average,Poor,2018-19
203999,Nikola Jokić,Nikola,1610612743,DEN,24.0,80,53,27,0.663,2503.5866666666666,107.5,637,0.249,0.349,108,0.281,55,0.247,829.0,571.0,668.0,2516.0,8.13,8.13388053841707,42,13,271,87,34,234,9,27,32,19,73,53,147,491,443,482,498,39,80,795,569,226,195,5,295,652,42,40,82,0.512,0.488,88,405,276,126,493,0.178,0.822,0.882,0.403,203999,Nikola Jokić,0.35199722222222224,0.1581,5182.1,27.27272727272727,27.492877492877493,58.549222797927456,35.168903731079894,42.310821806346624,56.1764705882353,50.63021107547982,65.35714285714286,62.19512195121951,10.204081632653061,50.46217023394724,13.249182445752641,27.148131554741866,20.198657000247252,77.45740498034075,60.46153846153847,69.80926504687973,30.88235294117647,89.41176470588236,95.0,3.8596491228070176,97.94117647058823,Below Average,Above Average,Elite,Poor,Elite,2018-19
202703,Nikola Mirotic,Nikola,1610612749,MIL,28.0,46,24,22,0.522,1245.195,108.3,279,0.198,0.289,31,0.16,34,0.21,415.0,357.0,387.0,1400.0,3.87,3.873371873459945,316,262,217,234,231,264,94,78,79,244,346,110,178,295,308,322,329,202,46,397,254,143,61,1,31,72,18,15,33,0.545,0.455,43,183,113,45,226,0.19,0.81,0.831,0.331,202703,Nikola Mirotic,0.2993202846975089,0.12812455516014234,2664.9,16.666666666666664,67.23646723646723,54.40414507772021,43.80046646886025,16.680227827502033,31.76470588235294,25.730914660412573,17.5,15.24390243902439,2.0408163265306123,12.84556993529119,43.610344665463444,48.00024783434304,45.80529624990324,30.53735255570118,26.30769230769231,28.63400544409719,63.52941176470588,45.294117647058826,30.88235294117647,51.578947368421055,73.82352941176471,Average,Average,Below Average,Average,Above Average,2018-19
202696,Nikola Vučević,Nikola,1610612753,ORL,28.0,80,41,39,0.513,2510.1766666666667,106.4,736,0.286,0.394,81,0.232,89,0.341,787.0,554.0,688.0,2462.0,9.06,9.056255005659036,42,103,438,246,33,181,3,13,14,53,144,22,91,475,430,489,490,20,80,853,741,112,127,0,351,797,52,30,82,0.634,0.366,57,662,348,163,719,0.079,0.921,0.874,0.41,202696,Nikola Vučević,0.34532865168539323,0.1333820224719101,5114.7,44.44444444444444,29.415954415954417,64.2487046632124,44.135537989164916,56.30593978844589,22.647058823529413,36.11061120949601,41.07142857142857,45.73170731707317,0.0,32.434668989547035,17.092715524099553,44.342943653975645,30.7178295890376,90.43250327653998,100.0,94.73787680209699,64.41176470588236,69.11764705882352,78.52941176470588,19.649122807017545,100.0,Average,Average,Above Average,Below Average,Elite,2018-19
203943,Noah Vonleh,Noah,1610612752,NYK,23.0,68,13,55,0.191,1721.695,112.4,415,0.234,0.347,46,0.185,51,0.305,597.0,483.0,423.0,1808.0,3.14,3.1365015070691555,165,374,521,504,151,450,36,39,33,162,272,61,110,389,389,343,392,246,67,558,378,180,77,4,197,459,29,46,75,0.387,0.613,60,220,137,64,280,0.214,0.786,0.851,0.398,203943,Noah Vonleh,0.294775,0.144428125,3487.5,25.252525252525253,52.70655270655271,33.16062176165799,36.838458988718045,26.76973148901546,42.64705882352941,36.296127889723834,23.214285714285715,24.390243902439025,8.16326530612245,19.86311597809856,46.23008933021532,36.65883369054798,41.44446151038165,48.36173001310616,32.0,40.99895150720839,36.470588235294116,69.41176470588235,51.470588235294116,40.70175438596491,86.47058823529412,Below Average,Average,Average,Average,Above Average,2018-19
1626181,Norman Powell,Norman,1610612761,TOR,26.0,60,45,15,0.75,1126.465,105.5,123,0.102,0.152,39,0.186,13,0.101,404.0,316.0,353.0,1140.0,4.46,4.457834848717355,232,70,145,29,254,142,274,347,345,206,267,260,342,290,276,304,283,173,59,236,116,120,69,0,6,15,12,25,37,0.324,0.676,0,39,21,5,39,0.0,1.0,0.913,0.217,1626181,Norman Powell,0.22316616314199395,0.08786404833836857,2482.1,6.0606060606060606,76.49572649572649,68.9119170984456,46.425725972358094,5.451586655817739,25.0,17.180634662327094,20.357142857142858,20.121951219512198,0.0,15.185540069686413,87.50294258199628,76.00706388689474,81.75500323444551,10.091743119266056,4.153846153846154,7.419689484827101,73.23529411764706,26.176470588235297,37.64705882352941,96.14035087719299,15.588235294117647,Above Average,Below Average,Below Average,Elite,Below Average,2018-19
1628384,OG Anunoby,OG,1610612761,TOR,21.0,67,46,21,0.687,1352.2666666666667,106.5,139,0.1,0.146,46,0.186,22,0.148,488.0,366.0,420.0,1376.0,4.9,4.904541636337365,179,61,202,70,211,192,256,358,362,162,266,191,260,338,315,340,322,148,66,364,198,166,101,3,16,39,19,20,39,0.487,0.513,12,166,75,16,178,0.067,0.933,0.843,0.18,1628384,OG Anunoby,0.25543098591549296,0.11333239436619717,2866.9,10.606060606060606,68.09116809116809,63.73056994818652,44.006975561379704,12.12367778681855,38.529411764705884,27.96711817355095,31.785714285714285,24.390243902439025,6.122448979591836,22.781483325037332,68.9066162910678,58.29026549879374,63.598440894930775,12.18872870249017,23.692307692307693,17.365339247908057,63.8235294117647,51.470588235294116,59.411764705882355,81.40350877192982,47.647058823529406,Average,Average,Average,Above Average,Average,2018-19
1629016,Omari Spellman,Omari,1610612737,ATL,21.0,46,15,31,0.326,804.5416666666666,112.8,122,0.144,0.221,26,0.198,25,0.305,374.0,268.0,281.0,826.0,1.39,1.3853054260516127,316,352,335,434,306,458,276,200,172,272,232,166,112,272,246,254,226,364,44,342,186,156,31,0,44,102,12,15,27,0.444,0.556,19,142,71,26,161,0.118,0.882,0.845,0.31,1629016,Omari Spellman,,,1714.8,12.121212121212121,87.67806267806267,31.088082901554408,43.307827511195384,11.14727420667209,35.588235294117645,25.811850859139422,6.785714285714286,12.195121951219512,0.0,6.982578397212543,,,,9.960681520314548,20.0,14.478374836173002,61.76470588235294,45.588235294117645,13.529411764705882,,39.11764705882353,Average,Average,Poor,Poor,Below Average,2018-19
203490,Otto Porter Jr.,Otto,1610612741,CHI,26.0,56,25,31,0.446,1683.7516666666668,111.6,260,0.153,0.23,82,0.265,31,0.185,576.0,470.0,507.0,1718.0,3.55,3.5538977004826147,263,251,335,332,157,423,109,163,162,51,92,131,211,378,380,396,379,223,56,338,179,159,144,3,29,68,29,46,75,0.387,0.613,18,88,41,12,106,0.17,0.83,0.759,0.222,203490,Otto Porter Jr.,0.3368185053380783,0.1392918149466192,3464.4,15.151515151515152,55.91168091168092,37.305699481865304,34.95611925016071,10.577705451586656,36.470588235294116,26.11343512181113,47.14285714285714,46.34146341463415,6.122448979591836,36.60726729716277,21.997669113003436,40.231856044457075,31.114762578730257,28.04718217562254,11.692307692307692,20.68748865813086,30.0,45.88235294117647,84.11764705882354,20.350877192982455,58.82352941176471,Below Average,Average,Above Average,Below Average,Average,2018-19
200782,P.J. Tucker,P.J.,1610612745,HOU,34.0,82,53,29,0.646,2802.1266666666666,109.5,358,0.129,0.198,132,0.259,39,0.138,936.0,746.0,865.0,2966.0,7.43,7.431302835719534,1,13,312,105,7,328,55,242,222,7,98,92,278,522,516,523,526,55,82,665,362,303,194,24,91,234,36,72,108,0.333,0.667,79,418,240,90,497,0.159,0.841,0.839,0.315,200782,P.J. Tucker,0.31703055555555554,0.1356111111111111,5766.9,19.19191919191919,11.467236467236468,48.18652849740932,23.73693256465277,25.467860048820178,78.82352941176471,57.481261666586896,65.0,76.82926829268293,48.97959183673469,65.1351418616227,33.40275797301558,42.79230059428193,38.097529283648754,40.89121887287025,62.46153846153846,50.59786268777094,4.117647058823529,95.29411764705881,98.82352941176471,31.2280701754386,92.3529411764706,Poor,Elite,Elite,Below Average,Elite,2018-19
1627783,Pascal Siakam,Pascal,1610612761,TOR,25.0,80,57,23,0.713,2547.6133333333332,104.2,425,0.154,0.222,73,0.172,52,0.19,769.0,647.0,690.0,2424.0,10.82,10.815067594344447,42,3,230,51,27,100,34,158,170,62,320,60,207,466,491,490,486,6,80,807,432,375,131,1,71,177,49,62,111,0.441,0.559,16,382,200,58,398,0.04,0.96,0.909,0.264,1627783,Pascal Siakam,0.3023763736263736,0.1389532967032967,5433.5,25.757575757575758,30.76923076923077,75.64766839378237,39.98417817070666,31.163547599674533,100.0,72.46541903986981,42.5,40.853658536585364,2.0408163265306123,31.80898456943753,41.84892086052806,40.46734285074932,41.158131855638686,49.67234600262123,56.92307692307692,52.9351749168263,45.294117647058826,99.70588235294117,77.05882352941177,40.35087719298245,92.94117647058823,Average,Elite,Above Average,Average,Elite,2018-19
1626192,Pat Connaughton,Pat,1610612749,MIL,26.0,61,43,18,0.705,1261.1733333333334,106.1,197,0.135,0.189,33,0.193,25,0.168,398.0,367.0,300.0,1092.0,4.71,4.706625810017568,227,88,168,55,226,172,174,223,244,230,245,166,234,286,316,271,273,157,60,388,179,209,53,0,10,25,25,26,51,0.49,0.51,2,45,23,7,47,0.043,0.957,0.885,0.269,1626192,Pat Connaughton,0.26312716763005783,0.14582080924855492,2923.9,12.121212121212121,78.2051282051282,65.80310880829018,48.671056922352264,10.577705451586656,51.17647058823529,34.93696453357584,14.642857142857144,16.463414634146343,0.0,11.619337979094077,64.47080372321206,35.69002692064737,50.08041532192971,19.790301441677588,5.076923076923077,13.16928117753806,81.17647058823529,65.29411764705883,27.794117647058826,61.40350877192983,33.23529411764706,Above Average,Average,Below Average,Average,Below Average,2018-19
201976,Patrick Beverley,Patrick,1610612746,LAC,30.0,78,48,30,0.615,2137.221666666667,108.7,312,0.135,0.201,67,0.216,43,0.208,735.0,623.0,613.0,2186.0,6.19,6.192597014740801,68,38,324,138,84,288,74,222,211,87,182,78,183,455,475,449,461,96,78,434,223,211,168,8,20,44,28,60,88,0.318,0.682,1,43,25,4,44,0.023,0.977,0.893,0.143,201976,Patrick Beverley,0.31927348066298344,0.13662154696132597,4435.7,21.21212121212121,39.24501424501424,52.33160621761655,35.30350502500761,14.157851912123679,51.76470588235295,36.72196429426124,55.714285714285715,37.19512195121951,16.3265306122449,39.385639621702346,32.11001362922504,42.08940107254598,37.09970735088551,34.862385321100916,4.769230769230769,21.320465772759352,31.76470588235294,70.0,87.05882352941177,30.175438596491226,59.705882352941174,Below Average,Above Average,Above Average,Below Average,Average,2018-19
202335,Patrick Patterson,Patrick,1610612760,OKC,30.0,63,40,23,0.635,860.6716666666666,107.3,105,0.114,0.173,16,0.096,13,0.119,312.0,275.0,240.0,952.0,2.91,2.9132014961672716,218,113,230,116,298,220,303,286,278,338,480,260,305,243,251,223,245,263,61,284,165,119,17,0,38,86,3,9,12,0.25,0.75,17,166,81,23,183,0.093,0.907,0.827,0.235,202335,Patrick Patterson,,,1802.8,6.0606060606060606,83.1908831908832,59.58549222797929,46.43742459804636,9.438567941415785,24.705882352941178,18.59895658833102,1.7857142857142856,6.097560975609756,0.0,2.8484320557491287,,,,7.732634338138926,23.692307692307693,14.914487347514871,73.52941176470588,28.52941176470588,3.3823529411764706,,41.47058823529412,Above Average,Below Average,Poor,Poor,Average,2018-19
201988,Patty Mills,Patty,1610612759,SAS,30.0,82,48,34,0.585,1907.7083333333333,109.1,158,0.076,0.113,49,0.216,10,0.055,595.0,535.0,553.0,1938.0,5.5,5.497979875010112,1,38,382,175,121,311,231,458,456,153,183,298,426,388,420,422,411,123,82,262,104,158,94,9,32,70,32,45,77,0.416,0.584,2,78,46,6,80,0.025,0.975,0.852,0.111,201988,Patty Mills,0.340142091152815,0.156171581769437,4065.8,4.545454545454546,48.07692307692308,50.259067357512976,31.209871734483137,4.475183075671278,36.17647058823529,23.495955583209685,29.28571428571429,26.21951219512195,18.367346938775512,25.482951717272275,20.082069368333183,28.489616273124895,24.285842820729037,14.678899082568808,10.153846153846153,12.642625264643614,18.235294117647058,39.411764705882355,63.52941176470588,8.070175438596491,29.705882352941178,Below Average,Below Average,Average,Poor,Below Average,2018-19
202331,Paul George,Paul,1610612760,OKC,29.0,77,46,31,0.597,2841.306666666667,103.9,523,0.173,0.246,170,0.301,34,0.114,898.0,683.0,665.0,2764.0,12.4,12.399108415981859,74,61,335,160,5,93,15,121,140,1,54,110,323,511,502,480,521,2,77,654,333,321,292,5,38,82,71,89,160,0.444,0.556,6,141,92,32,147,0.041,0.959,0.911,0.317,202331,Paul George,0.3208515406162465,0.13202240896358544,6214.2,16.666666666666664,18.66096866096866,77.20207253886007,32.498523832720714,23.108218063466232,84.11764705882354,59.71387546068062,100.0,100.0,10.204081632653061,77.55102040816327,31.200474531380358,45.28874509653523,38.244609813957794,62.516382699868934,19.846153846153847,43.31477971569715,22.647058823529413,97.35294117647058,100.0,32.280701754385966,87.94117647058823,Below Average,Elite,Elite,Below Average,Above Average,2018-19
200794,Paul Millsap,Paul,1610612743,DEN,34.0,70,49,21,0.7,1894.5183333333334,105.4,352,0.182,0.256,83,0.271,54,0.327,663.0,402.0,497.0,1926.0,7.44,7.436717841374405,148,30,202,58,124,139,57,103,113,50,85,54,97,418,337,389,408,54,70,602,333,269,148,4,62,146,32,35,67,0.478,0.522,59,199,123,54,258,0.229,0.771,0.911,0.4,200794,Paul Millsap,0.3168942598187311,0.1276012084592145,3965.7,26.767676767676768,48.504273504273506,69.43005181347147,45.0410793869343,23.108218063466232,68.82352941176471,50.53740487244532,48.57142857142857,46.95121951219512,8.16326530612245,37.90231458437033,33.481314114849766,48.36430869551107,40.92281140518042,40.1048492791612,28.76923076923077,35.00382094969251,67.94117647058823,89.11764705882354,85.29411764705883,38.94736842105263,81.17647058823529,Average,Above Average,Above Average,Below Average,Above Average,2018-19
1626188,Quinn Cook,Quinn,1610612744,GSW,26.0,74,49,25,0.662,1058.9016666666666,112.1,135,0.123,0.185,20,0.126,3,0.022,394.0,316.0,373.0,1094.0,1.98,1.9775409280076417,112,30,255,89,269,440,264,259,254,311,437,408,466,283,276,312,274,321,61,188,93,95,34,0,16,38,19,22,41,0.463,0.537,3,26,16,3,29,0.103,0.897,0.842,0.158,1626188,Quinn Cook,0.29123268698060945,0.11099999999999999,2344.1,1.0101010101010102,78.13390313390313,34.71502590673577,36.42966297759044,3.580146460537022,17.647058823529413,12.020293878332456,7.857142857142857,8.536585365853659,0.0,6.130662020905923,48.27175585960029,59.912772146940654,54.09226400327047,11.66448230668414,2.1538461538461537,7.384696037907047,35.294117647058826,13.823529411764707,9.705882352941178,65.96491228070175,15.294117647058824,Below Average,Poor,Poor,Average,Below Average,2018-19
200765,Rajon Rondo,Rajon,1610612747,LAL,33.0,46,19,27,0.413,1368.565,113.3,209,0.142,0.214,57,0.265,7,0.047,586.0,419.0,528.0,1510.0,2.12,2.118312313906872,316,307,271,368,206,473,157,210,188,119,94,339,436,383,349,413,348,309,46,205,65,140,98,6,24,59,25,41,66,0.379,0.621,1,12,5,1,13,0.077,0.923,0.714,0.143,200765,Rajon Rondo,0.3328503401360544,0.1260170068027211,3101.7,3.0303030303030303,63.31908831908832,28.497409326424876,30.49815445540834,1.3018714401952807,30.88235294117647,19.050160340783993,30.714285714285715,31.097560975609756,12.244897959183673,26.231085116973617,24.284782090228735,49.466342621213236,36.87556235572099,21.363040629095675,0.0,11.749672346002622,17.058823529411764,30.0,65.29411764705883,29.122807017543863,26.47058823529412,Below Average,Below Average,Average,Below Average,Below Average,2018-19
203493,Reggie Bullock Jr.,Reggie,1610612747,LAL,28.0,63,27,36,0.429,1878.89,110.3,151,0.082,0.117,40,0.156,12,0.078,672.0,462.0,579.0,2038.0,4.45,4.453104786540686,218,229,406,350,127,371,244,438,444,199,358,277,381,423,377,430,437,174,63,343,179,164,50,3,20,45,15,34,49,0.306,0.694,1,33,23,6,34,0.029,0.971,0.92,0.24,203493,Reggie Bullock Jr.,0.3157883435582822,0.10541411042944786,3901.6,5.555555555555555,44.515669515669515,44.04145077720208,28.81306924700707,10.577705451586656,37.94117647058823,26.9957880629876,13.571428571428571,20.73170731707317,6.122448979591836,14.215281234444998,34.118725941783545,63.79853996364665,48.95863295271509,13.761467889908257,3.230769230769231,9.022653493295696,12.941176470588237,48.529411764705884,34.705882352941174,59.64912280701754,18.823529411764707,Poor,Average,Below Average,Average,Below Average,2018-19
202704,Reggie Jackson,Reggie,1610612765,DET,29.0,82,41,41,0.5,2288.8683333333333,108.4,171,0.076,0.109,55,0.166,9,0.047,772.0,563.0,601.0,2354.0,6.92,6.915114370777064,1,103,462,251,59,268,207,457,461,127,333,310,435,467,436,441,477,67,82,472,223,249,78,7,23,55,37,38,75,0.493,0.507,6,77,37,8,83,0.072,0.928,0.787,0.17,202704,Reggie Jackson,0.3623472222222222,0.1442388888888889,4809.7,4.040404040404041,33.26210826210826,53.88601036269426,26.729402098573072,14.157851912123679,62.94117647058823,43.42784664720241,23.57142857142857,29.878048780487802,14.285714285714285,23.457317073170728,7.283800938397904,36.790473885189606,22.037137411793754,16.382699868938403,10.0,13.510484927916123,7.647058823529412,80.88235294117648,60.882352941176464,5.964912280701754,36.17647058823529,Poor,Above Average,Average,Poor,Below Average,2018-19
1626158,Richaun Holmes,Richaun,1610612756,PHX,25.0,70,16,54,0.229,1183.6883333333333,108.9,216,0.173,0.283,42,0.194,79,0.513,449.0,405.0,343.0,1184.0,3.41,3.4104053141577126,148,341,518,480,245,301,147,122,86,189,243,27,25,311,341,299,289,234,70,543,443,100,85,0,210,475,18,20,38,0.474,0.526,25,235,106,44,261,0.096,0.9,0.855,0.355,1626158,Richaun Holmes,0.2833972602739726,0.0820986301369863,2549.9,39.39393939393939,74.92877492877493,51.29533678756473,54.80648117953817,32.05858421480879,19.11764705882353,24.294021921217634,26.071428571428573,21.951219512195124,0.0,18.111498257839724,52.78782441786164,80.01771898736207,66.40277170261186,22.280471821756226,34.30769230769231,27.692721040427465,90.88235294117646,41.47058823529412,45.88235294117647,84.21052631578947,71.47058823529412,Elite,Average,Average,Above Average,Above Average,2018-19
201937,Ricky Rubio,Ricky,1610612762,UTA,28.0,68,40,28,0.588,1898.95,104.1,210,0.107,0.151,91,0.265,10,0.047,650.0,437.0,466.0,1786.0,8.16,8.158323381528874,165,113,292,169,123,98,156,327,347,35,93,298,437,410,359,371,390,37,68,396,226,170,201,4,21,49,37,62,100,0.37,0.62,1,59,33,5,60,0.017,0.983,0.786,0.119,201937,Ricky Rubio,0.3217962962962963,0.1212067901234568,3846.5,4.545454545454546,53.490028490028486,76.16580310880832,39.58114256689387,14.401952807160292,39.705882352941174,29.58431053462882,67.5,51.829268292682926,8.16326530612245,47.181060228969635,30.655950080874316,52.81252140394561,41.734235742409965,21.494102228047183,7.230769230769231,15.075602379272105,44.11764705882353,54.70588235294118,92.05882352941175,41.75438596491228,42.35294117647059,Average,Average,Elite,Average,Average,2018-19
201577,Robin Lopez,Robin,1610612741,CHI,31.0,74,20,54,0.27,1605.6816666666666,109.9,146,0.085,0.122,11,0.05,78,0.51,550.0,445.0,421.0,1628.0,4.13,4.126927107977719,112,294,518,458,171,347,247,430,435,378,503,28,26,367,367,341,365,193,74,716,584,132,25,0,263,583,20,7,27,0.741,0.259,120,378,263,75,498,0.241,0.759,0.838,0.239,201577,Robin Lopez,0.33331437125748503,0.12534131736526946,3387.4,38.88888888888889,59.11680911680912,46.113989637305664,47.77493615576516,43.5313262815297,28.52941176470588,34.53017757143541,4.642857142857143,3.048780487804878,0.0,2.9242160278745644,24.017330624468414,49.9363791725943,36.97685489853136,13.106159895150721,56.30769230769231,32.546849480794435,79.11764705882352,64.41176470588236,4.411764705882353,29.47368421052631,78.23529411764706,Above Average,Average,Poor,Below Average,Above Average,2018-19
1629066,Rodions Kurucs,Rodions,1610612751,BKN,21.0,63,36,27,0.571,1293.75,107.4,190,0.131,0.19,41,0.232,25,0.198,487.0,348.0,354.0,1400.0,4.45,4.4494592962225585,218,146,271,192,221,226,183,238,241,192,145,166,197,337,302,306,329,174,63,347,220,127,107,0,16,38,17,24,41,0.415,0.585,10,129,60,16,139,0.072,0.928,0.857,0.229,1629066,Rodions Kurucs,0.2601563517915309,0.09934201954397394,2939.9,12.121212121212121,67.23646723646723,59.067357512953336,43.148087759486714,13.913751017087062,27.058823529411764,21.800794524481883,33.92857142857143,21.341463414634145,0.0,21.040940766550523,66.18307907247825,68.02252882788696,67.1028039501826,18.872870249017037,18.0,18.48007863695937,61.1764705882353,36.470588235294116,55.58823529411765,86.31578947368422,50.882352941176464,Average,Below Average,Average,Above Average,Average,2018-19
203918,Rodney Hood,Rodney,1610612757,POR,26.0,72,29,43,0.403,1892.5633333333333,113.7,132,0.071,0.102,59,0.23,12,0.091,613.0,501.0,524.0,1970.0,2.65,2.653652415143752,135,209,474,374,125,478,265,470,474,110,148,277,361,397,398,408,422,282,72,343,192,151,105,4,14,34,15,23,38,0.395,0.605,3,90,41,5,93,0.032,0.968,0.891,0.109,203918,Rodney Hood,0.274487106017192,0.10553868194842407,4040.4,5.555555555555555,46.93732193732193,26.424870466321217,25.256502516865204,11.635475996745322,34.11764705882353,25.124778633992246,33.214285714285715,32.31707317073171,8.16326530612245,26.637506222000997,57.923328710719346,63.711883041199094,60.81760587595922,11.271297509829619,12.0,11.599213630406291,5.588235294117648,44.11764705882353,67.3529411764706,77.89473684210526,25.588235294117645,Poor,Average,Average,Above Average,Below Average,2018-19
203585,Rodney McGruder,Rodney,1610612746,LAC,27.0,66,31,35,0.47,1549.715,106.3,178,0.106,0.152,36,0.167,12,0.062,583.0,434.0,410.0,1384.0,5.5,5.4973726788499615,190,187,397,303,177,179,199,332,341,217,329,277,412,381,356,334,325,123,64,354,187,167,47,3,10,21,24,29,53,0.453,0.547,8,75,39,10,83,0.096,0.904,0.78,0.2,203585,Rodney McGruder,0.26967857142857143,0.11521428571428573,3199.2,5.555555555555555,67.80626780626781,64.76683937823834,42.14612579897554,11.228641171684297,38.82352941176471,27.785574115732544,12.5,18.29268292682927,6.122448979591836,12.933051269288203,60.69480149452928,56.98114673756889,58.83797411604908,17.300131061598954,9.692307692307692,13.876610545417886,57.05882352941176,51.17647058823529,31.470588235294116,75.43859649122807,36.76470588235294,Average,Average,Below Average,Above Average,Below Average,2018-19
1626178,Rondae Hollis-Jefferson,Rondae,1610612751,BKN,24.0,59,27,32,0.458,1233.9633333333334,105.6,227,0.17,0.246,44,0.26,27,0.255,447.0,369.0,285.0,1324.0,4.86,4.860493564651688,240,229,352,316,233,146,135,131,138,174,96,152,135,310,322,261,315,152,59,407,267,140,78,2,64,155,24,25,49,0.49,0.51,6,212,124,36,218,0.028,0.972,0.919,0.267,1626178,Rondae Hollis-Jefferson,0.2759528301886792,0.1159308176100629,2615.3,13.131313131313133,69.94301994301995,68.3937823834197,46.83102782843716,17.737998372660698,30.88235294117647,25.62461111377016,23.57142857142857,23.170731707317074,4.081632653061225,18.55873568939771,57.07853606651908,56.482698541433315,56.7806173039762,23.722149410222805,30.76923076923077,26.893336021776392,75.29411764705883,45.0,46.911764705882355,72.98245614035088,71.17647058823529,Above Average,Average,Average,Above Average,Above Average,2018-19
1626220,Royce O'Neale,Royce,1610612762,UTA,26.0,82,50,32,0.61,1671.105,101.9,263,0.146,0.203,54,0.209,24,0.111,598.0,367.0,376.0,1620.0,8.3,8.303706865790238,1,25,352,142,160,60,105,190,209,132,195,175,329,390,316,313,363,36,82,357,201,156,79,1,17,40,18,38,56,0.321,0.679,0,75,46,14,75,0.0,1.0,0.902,0.275,1626220,Royce O'Neale,0.278579634464752,0.10007832898172324,3695.8,11.616161616161616,59.401709401709404,87.56476683937821,47.32825464690749,12.367778681855167,35.588235294117645,26.300052649212653,23.92857142857143,29.268292682926827,2.0408163265306123,20.325535092085616,55.56453706633311,67.51032258388486,61.53742982510899,28.440366972477065,9.692307692307692,20.00374029640085,77.64705882352942,47.05882352941176,53.8235294117647,78.94736842105263,56.1764705882353,Above Average,Average,Average,Above Average,Average,2018-19
200752,Rudy Gay,Rudy,1610612759,SAS,32.0,69,42,27,0.609,1842.2933333333333,106.8,407,0.209,0.297,54,0.243,34,0.187,555.0,493.0,525.0,1764.0,6.4,6.397791146316202,157,95,271,144,132,203,40,65,70,132,123,110,210,370,394,409,387,90,69,426,233,193,126,3,55,124,24,34,58,0.414,0.586,13,175,110,43,188,0.069,0.931,0.948,0.371,200752,Rudy Gay,0.25859593023255817,0.1017267441860465,3825.6,16.666666666666664,54.27350427350427,62.176165803108816,41.20643461317036,14.97152156224573,46.470588235294116,33.87096156607476,40.714285714285715,29.268292682926827,6.122448979591836,28.060228969636636,67.08245201079454,66.36361915041633,66.72303558060543,47.313237221494106,25.076923076923073,37.306895856437144,51.17647058823529,62.64705882352941,70.58823529411765,84.91228070175438,84.11764705882354,Average,Average,Above Average,Above Average,Above Average,2018-19
203497,Rudy Gobert,Rudy,1610612762,UTA,27.0,81,50,31,0.617,2576.6866666666665,103.6,732,0.27,0.374,66,0.152,187,0.601,903.0,590.0,639.0,2454.0,11.38,11.384526381799194,22,25,335,136,23,87,4,15,21,93,364,2,13,514,459,465,489,5,81,1282,1109,173,127,4,478,1107,34,25,59,0.576,0.424,119,473,302,142,592,0.201,0.799,0.899,0.423,203497,Rudy Gobert,0.34734584450402145,0.13282573726541555,5506.9,93.93939393939394,29.700854700854702,78.75647668393785,67.6601758920412,86.24898291293735,40.588235294117645,58.85253434164553,41.07142857142857,36.58536585365854,8.16326530612245,31.27426580388253,15.93007545289051,44.729917854772914,30.329996653831714,89.90825688073394,70.92307692307692,81.36492589978829,98.82352941176471,96.47058823529412,76.47058823529412,17.894736842105264,99.70588235294117,Elite,Elite,Above Average,Below Average,Elite,2018-19
201566,Russell Westbrook,Russell,1610612760,OKC,30.0,73,44,29,0.603,2629.4333333333334,107.4,698,0.255,0.357,142,0.282,33,0.122,863.0,652.0,666.0,2620.0,8.75,8.746995471394143,124,77,312,153,16,230,6,21,27,4,71,119,299,502,493,481,510,30,73,341,175,166,226,5,5,12,72,62,134,0.537,0.463,8,38,28,15,46,0.174,0.826,0.757,0.405,201566,Russell Westbrook,0.3206260387811634,0.1628060941828255,5823.6,16.161616161616163,23.78917378917379,59.067357512953336,29.557696669095627,10.252237591537835,38.529411764705884,27.218542095438664,76.42857142857142,82.92682926829268,10.204081632653061,62.14683922349427,31.330445978421817,23.87438453789866,27.60241525816024,85.4521625163827,4.0,48.79868938401049,15.0,48.8235294117647,98.52941176470588,13.333333333333334,91.17647058823529,Below Average,Average,Elite,Poor,Elite,2018-19
1627853,Ryan Arcidiacono,Ryan,1610612741,CHI,25.0,81,22,59,0.272,1961.3,110.2,192,0.096,0.14,65,0.213,4,0.024,628.0,556.0,526.0,1952.0,4.87,4.8702049800176415,22,276,523,457,111,360,181,379,381,96,188,388,465,400,432,411,418,151,81,355,171,184,94,16,15,33,19,45,64,0.297,0.703,1,81,57,9,82,0.012,0.988,0.934,0.148,1627853,Ryan Arcidiacono,0.29212640449438204,0.1270140449438202,4034.0,1.5151515151515151,47.57834757834758,44.55958549222795,28.398378631539245,9.926769731489015,43.8235294117647,30.264825539654428,29.28571428571429,35.97560975609756,32.6530612244898,32.46901443504231,47.756648040328976,48.77276308087722,48.2647055606031,19.134993446920053,10.615384615384615,15.301169472729107,12.647058823529411,55.58823529411765,78.82352941176471,58.245614035087726,43.23529411764706,Poor,Average,Above Average,Average,Average,2018-19
1626155,Sam Dekker,Sam,1610612764,WAS,25.0,47,14,33,0.298,788.605,112.2,95,0.123,0.189,38,0.25,7,0.117,291.0,221.0,255.0,856.0,1.47,1.4656855513102598,310,361,372,447,309,444,316,262,243,208,110,339,312,230,224,232,232,358,46,222,124,98,45,0,15,34,14,32,46,0.304,0.696,15,64,40,15,79,0.19,0.81,0.8,0.3,1626155,Sam Dekker,,,1765.4,3.0303030303030303,86.6096866096866,34.196891191709824,40.074734323438975,6.102522375915378,18.529411764705884,13.558656009189683,11.785714285714285,19.51219512195122,0.0,11.543554006968641,,,,6.422018348623854,8.0,7.132110091743121,45.588235294117645,16.176470588235293,27.058823529411764,,14.117647058823529,Average,Below Average,Below Average,Poor,Poor,2018-19
1628400,Semi Ojeleye,Semi,1610612738,BOS,24.0,56,39,17,0.696,594.4383333333334,100.2,62,0.093,0.138,10,0.099,4,0.06,172.0,168.0,159.0,568.0,3.27,3.2666705533113345,263,118,164,62,348,45,357,388,383,387,476,388,418,171,191,180,180,240,50,148,66,82,12,3,4,8,8,9,17,0.471,0.529,4,67,36,12,71,0.056,0.944,0.9,0.3,1628400,Semi Ojeleye,,,1346.1,1.5151515151515151,96.86609686609687,96.37305699481864,58.60245875789917,1.3832384052074858,13.823529411764707,8.84741300914182,0.0,2.4390243902439024,6.122448979591836,2.384270781483325,,,,2.0969855832241153,8.461538461538462,4.9610343784655715,94.70588235294117,8.235294117647058,2.6470588235294117,,8.235294117647058,Elite,Poor,Poor,Poor,Poor,2018-19
201586,Serge Ibaka,Serge,1610612761,TOR,29.0,74,53,21,0.716,2010.375,107.4,445,0.204,0.298,29,0.098,103,0.44,649.0,539.0,521.0,1960.0,6.6,6.598429248872684,112,13,202,49,102,229,30,72,68,255,477,16,52,408,421,402,420,82,73,869,699,170,53,0,206,473,32,30,62,0.516,0.484,85,417,275,111,502,0.169,0.831,0.893,0.36,201586,Serge Ibaka,0.347514450867052,0.13337861271676302,4217.4,51.515151515151516,47.293447293447294,59.067357512953336,51.92560653700549,52.88852725793328,39.705882352941174,44.978940314938015,14.642857142857144,14.02439024390244,0.0,10.765679442508711,15.832896585253323,44.34531561579947,30.089106100526397,52.293577981651374,62.30769230769231,56.79992942836979,87.3529411764706,84.11764705882354,23.823529411764703,17.543859649122805,94.70588235294117,Above Average,Above Average,Below Average,Below Average,Elite,2018-19
203552,Seth Curry,Seth,1610612757,POR,28.0,74,49,25,0.662,1399.3916666666667,105.1,93,0.062,0.09,36,0.221,12,0.089,455.0,397.0,422.0,1308.0,5.53,5.5342068765266035,112,30,255,89,200,131,318,491,496,217,166,277,367,313,335,342,311,122,74,216,94,122,78,2,4,10,25,26,51,0.49,0.51,0,31,22,4,31,0.0,1.0,0.917,0.167,203552,Seth Curry,0.25860056657223796,0.08592634560906516,3027.2,5.555555555555555,70.51282051282051,70.98445595854925,44.64782339134671,3.6615134255492268,25.588235294117645,16.817546546690277,23.57142857142857,18.29268292682927,4.081632653061225,16.85141861622698,67.07977978519189,77.3550072733098,72.21739352925084,6.159895150720838,2.923076923076923,4.7033269482810764,66.17647058823529,24.41176470588235,42.05882352941177,90.87719298245615,7.0588235294117645,Average,Below Average,Average,Elite,Poor,2018-19
203894,Shabazz Napier,Shabazz,1610612751,BKN,27.0,56,26,30,0.464,982.8366666666667,104.3,82,0.079,0.112,41,0.313,16,0.205,354.0,221.0,239.0,1018.0,4.21,4.2080068461403615,263,244,324,313,280,105,333,446,457,192,47,238,190,261,224,221,257,190,54,191,93,98,85,1,10,25,16,22,38,0.421,0.579,1,27,17,2,28,0.036,0.964,0.944,0.111,203894,Shabazz Napier,0.23812460063897764,0.07769009584664537,2028.5,7.575757575757576,80.84045584045583,75.12953367875649,50.10684599415169,3.580146460537022,18.529411764705884,12.54970564303834,26.071428571428573,21.341463414634145,2.0408163265306123,18.408287705326035,78.88141732369401,83.0844714621265,80.98294439291026,4.718217562254259,2.307692307692308,3.6334811977013812,83.52941176470588,14.705882352941178,46.470588235294116,95.43859649122807,5.88235294117647,Above Average,Poor,Average,Elite,Poor,2018-19
1628983,Shai Gilgeous-Alexander,Shai,1610612746,LAC,20.0,82,48,34,0.585,2173.9066666666668,110.8,175,0.078,0.111,96,0.315,45,0.215,793.0,606.0,701.0,2404.0,4.99,4.985279367102406,1,38,382,175,74,389,205,453,459,28,46,74,169,478,467,492,485,144,82,564,357,207,158,1,25,56,43,55,98,0.439,0.561,0,66,36,7,66,0.0,1.0,0.9,0.175,1628983,Shai Gilgeous-Alexander,0.2898298429319372,0.10416230366492146,4775.4,22.22222222222222,31.48148148148148,41.450777202072544,30.27010170792554,25.061025223759152,50.588235294117645,40.37735126597425,52.142857142857146,54.87804878048781,2.0408163265306123,40.57466401194624,49.08030657898696,64.66934673075048,56.87482665486872,16.90694626474443,8.307692307692308,13.037281984070978,15.88235294117647,75.58823529411765,88.52941176470588,73.33333333333333,32.35294117647059,Below Average,Above Average,Above Average,Above Average,Below Average,2018-19
1627885,Shaquille Harrison,Shaquille,1610612741,CHI,25.0,73,20,53,0.274,1429.97,110.5,189,0.132,0.195,89,0.376,30,0.268,461.0,421.0,390.0,1530.0,3.44,3.4380878650931175,124,294,516,456,196,379,185,234,229,38,15,138,131,319,350,324,350,232,72,379,198,181,148,0,1,3,21,59,80,0.263,0.738,2,57,38,14,59,0.034,0.966,0.95,0.35,1627885,Shaquille Harrison,0.29352043596730243,0.12216076294277929,3127.5,14.646464646464647,62.60683760683761,43.00518134715025,38.522274357766584,12.12367778681855,42.94117647058823,30.61417699708036,48.57142857142857,50.609756097560975,0.0,37.14198606271777,46.95317658436475,52.1488998209344,49.55103820264958,18.74180865006553,6.923076923076923,13.423379372920657,41.47058823529412,57.05882352941176,85.0,60.35087719298245,35.588235294117645,Average,Average,Above Average,Average,Below Average,2018-19
2733,Shaun Livingston,Shaun,1610612744,GSW,33.0,64,45,19,0.703,966.8916666666667,107.3,75,0.071,0.106,31,0.199,27,0.208,357.0,272.0,303.0,980.0,3.2,3.202472745876448,201,70,183,56,284,223,344,469,466,244,231,152,184,265,249,273,251,244,63,204,100,104,43,0,40,99,11,16,27,0.407,0.593,3,20,14,2,23,0.13,0.87,0.824,0.118,2733,Shaun Livingston,0.22042727272727272,0.08181515151515151,2102.9,13.131313131313133,82.19373219373219,59.58549222797929,48.91670457732634,4.149715215622457,20.294117647058822,13.836356674484277,11.071428571428571,15.24390243902439,0.0,9.763937282229964,89.08154415017493,80.21491803534485,84.64823109275989,3.800786369593709,1.2307692307692308,2.644278657122694,81.76470588235294,16.76470588235294,21.470588235294116,97.54385964912281,3.2352941176470593,Above Average,Below Average,Below Average,Elite,Poor,2018-19
202714,Shelvin Mack,Shelvin,1610612766,CHA,29.0,57,22,35,0.386,1246.645,108.4,86,0.069,0.108,47,0.229,4,0.03,429.0,324.0,400.0,1112.0,3.69,3.689016736194642,259,276,397,397,230,271,328,476,463,158,152,388,459,303,286,330,279,213,57,319,146,173,59,3,10,22,21,33,54,0.389,0.611,0,53,24,4,53,0.0,1.0,0.727,0.121,202714,Shelvin Mack,0.2846006493506493,0.13360389610389609,2442.1,1.5151515151515151,77.49287749287748,53.88601036269426,41.200070319241284,7.892595606183889,40.588235294117645,27.50997941894414,16.785714285714285,25.0,6.122448979591836,16.994897959183675,52.09423263581719,44.18859949667403,48.14141606624561,5.242463958060288,6.3076923076923075,5.721816715394697,50.882352941176464,50.588235294117645,42.64705882352941,57.89473684210527,10.294117647058822,Average,Average,Average,Average,Poor,2018-19
203524,Solomon Hill,Solomon,1610612740,NOP,28.0,44,14,30,0.318,878.525,113.0,99,0.102,0.149,23,0.185,10,0.127,334.0,292.0,296.0,900.0,1.44,1.4412396042372402,326,361,324,437,294,462,310,350,351,289,269,298,294,251,262,269,237,361,43,237,125,112,43,1,21,51,12,18,30,0.4,0.6,6,72,34,4,78,0.077,0.923,0.773,0.091,203524,Solomon Hill,0.2129485294117647,0.09377941176470588,2067.5,4.545454545454546,85.04273504273505,30.05181347150258,39.09609245101473,6.183889340927584,22.647058823529413,16.06179103048868,11.071428571428571,10.365853658536585,2.0408163265306123,8.566824290691885,93.39203275622175,71.89210090098861,82.64206682860518,6.946264744429882,9.230769230769232,7.97429176328259,42.35294117647059,22.647058823529413,17.941176470588236,96.49122807017544,17.352941176470587,Average,Below Average,Below Average,Elite,Below Average,2018-19
203915,Spencer Dinwiddie,Spencer,1610612751,BKN,26.0,68,36,32,0.529,1914.0033333333333,109.8,140,0.069,0.103,40,0.172,17,0.116,654.0,584.0,459.0,1962.0,4.95,4.949738950439607,165,146,352,230,118,343,254,477,473,199,315,230,313,412,452,368,421,146,67,375,209,166,82,1,11,27,26,23,49,0.531,0.469,0,76,44,12,76,0.0,1.0,0.898,0.245,203915,Spencer Dinwiddie,0.28096793002915454,0.11510787172011662,4170.9,8.080808080808081,47.22222222222222,46.63212435233161,31.41813209818391,13.018714401952808,38.529411764705884,28.325132819604654,25.0,20.73170731707317,2.0408163265306123,17.766301642608262,54.188006226334615,57.05517256077337,55.62158939355399,12.319790301441676,9.846153846153847,11.206653896562154,19.411764705882355,51.76470588235295,44.41176470588235,70.17543859649122,23.823529411764703,Below Average,Average,Average,Above Average,Below Average,2018-19
1626169,Stanley Johnson,Stanley,1610612740,NOP,23.0,66,28,38,0.424,1207.37,103.4,183,0.142,0.204,60,0.316,14,0.149,476.0,298.0,274.0,1282.0,5.34,5.341966046237449,190,219,426,356,240,84,192,208,208,105,41,253,259,330,268,246,308,127,63,220,138,82,96,0,17,38,19,38,57,0.333,0.667,10,96,46,17,106,0.094,0.906,0.852,0.315,1626169,Stanley Johnson,0.25267761194029853,0.06661194029850746,2531.9,6.565656565656567,71.43874643874643,79.79274611398961,47.578010408321276,7.241659886086249,13.823529411764707,11.190781601493324,30.0,32.926829268292686,0.0,23.524390243902438,70.49356568183657,90.79087878610127,80.64222223396892,17.955439056356486,12.923076923076923,15.690876096380684,78.23529411764706,12.647058823529411,61.1764705882353,95.08771929824562,45.588235294117645,Above Average,Poor,Average,Elite,Average,2018-19
201939,Stephen Curry,Stephen,1610612744,GSW,31.0,69,52,17,0.754,2331.1666666666665,105.8,324,0.122,0.177,92,0.237,25,0.082,831.0,648.0,729.0,2240.0,8.97,8.965295312973769,157,18,164,28,51,155,65,268,274,33,136,166,378,493,492,503,465,24,69,358,171,187,166,11,65,151,44,59,103,0.427,0.573,18,74,51,20,92,0.196,0.804,0.75,0.294,201939,Stephen Curry,0.31569774011299434,0.12572881355932203,5243.8,12.121212121212121,37.32193732193732,67.35751295336789,34.75054114950488,9.926769731489015,44.70588235294118,30.794237304360312,55.00000000000001,52.4390243902439,22.448979591836736,45.96590343454456,34.170946629418616,49.666821348199875,41.91888398880924,36.435124508519,9.538461538461538,24.331626171993143,28.823529411764703,57.35294117647059,91.47058823529412,42.80701754385965,67.05882352941175,Below Average,Average,Elite,Average,Average,2018-19
1628425,Sterling Brown,Sterling,1610612749,MIL,24.0,58,45,13,0.776,1034.3633333333332,106.1,155,0.13,0.181,25,0.157,8,0.074,322.0,246.0,301.0,956.0,3.87,3.8676303414423883,248,70,129,22,272,173,236,240,267,280,356,319,389,247,237,272,248,202,57,216,76,140,74,0,11,31,17,28,45,0.378,0.622,7,69,46,7,76,0.092,0.908,0.939,0.143,1628425,Sterling Brown,0.25315853658536586,0.12570426829268294,2490.2,3.535353535353535,83.04843304843304,65.80310880829018,46.93187018316552,2.196908055329536,30.88235294117647,19.408174986837693,22.142857142857142,11.585365853658537,0.0,12.912020905923345,70.21637737419255,49.683896015708775,59.95013669495066,14.285714285714285,8.76923076923077,11.803296703296704,75.88235294117646,30.88235294117647,31.176470588235293,76.49122807017544,27.058823529411764,Above Average,Below Average,Below Average,Above Average,Below Average,2018-19
203500,Steven Adams,Steven,1610612760,OKC,25.0,80,47,33,0.588,2669.258333333333,105.9,369,0.133,0.185,117,0.226,76,0.304,903.0,630.0,651.0,2654.0,10.11,10.108363127946168,42,51,372,172,12,160,49,231,255,13,159,30,114,514,480,471,514,9,80,1133,848,285,179,0,275,615,63,55,118,0.534,0.466,222,491,360,143,713,0.311,0.689,0.861,0.342,203500,Steven Adams,0.3409376770538244,0.15896317280453257,5816.7,37.878787878787875,22.57834757834758,66.83937823834194,39.763781363522284,65.01220504475184,73.52941176470588,70.12252907672426,59.64285714285714,67.6829268292683,0.0,47.54616724738676,19.623521211676813,26.547674087449508,23.085597649563162,42.33289646133683,73.6923076923077,56.44463151527372,44.70588235294118,99.41176470588235,92.94117647058823,6.666666666666667,94.11764705882352,Average,Elite,Elite,Poor,Elite,2018-19
1628388,T.J. Leaf,T.J.,1610612754,IND,22.0,58,35,23,0.603,521.5666666666667,101.5,82,0.145,0.213,9,0.13,19,0.352,163.0,138.0,152.0,490.0,2.81,2.813035056017544,248,152,230,150,357,52,333,194,190,394,426,214,84,163,174,177,170,269,55,200,128,72,17,0,15,37,4,8,12,0.333,0.667,10,80,37,13,90,0.111,0.889,0.86,0.302,1628388,T.J. Leaf,,,1173.0,9.090909090909092,99.64387464387464,89.63730569948186,60.921046186590225,6.427990235964199,10.882352941176471,9.100607859091562,1.7857142857142856,1.8292682926829267,0.0,1.3545296167247387,,,,4.718217562254259,10.461538461538462,7.302711966932151,97.6470588235294,9.117647058823529,0.5882352941176471,,14.705882352941178,Elite,Poor,Poor,Poor,Poor,2018-19
204456,T.J. McConnell,T.J.,1610612755,PHI,27.0,76,46,30,0.605,1470.285,108.8,146,0.094,0.137,79,0.341,17,0.11,456.0,393.0,437.0,1542.0,4.25,4.246034705667977,88,61,324,148,188,291,247,386,387,56,25,230,330,315,332,349,352,187,75,259,163,96,146,1,3,7,23,38,61,0.377,0.623,0,29,22,4,29,0.0,1.0,0.957,0.174,204456,T.J. McConnell,0.2632359249329759,0.07292225201072386,3157.3,8.080808080808081,62.17948717948718,51.81347150259068,37.948511620791415,9.275834011391375,17.941176470588236,14.475039486909491,47.85714285714286,44.51219512195122,2.0408163265306123,35.23232951717272,64.4081197808336,86.40117400318168,75.40464689200763,13.106159895150721,2.6153846153846154,8.385311019255974,38.82352941176471,19.11764705882353,82.94117647058825,93.33333333333333,17.647058823529413,Below Average,Below Average,Above Average,Elite,Below Average,2018-19
203933,T.J. Warren,T.J.,1610612756,PHX,25.0,43,10,33,0.233,1359.9983333333332,114.1,143,0.108,0.171,51,0.185,29,0.197,531.0,409.0,416.0,1472.0,1.78,1.7839354135128611,331,400,372,475,207,484,252,320,284,149,271,144,198,356,343,338,339,332,43,241,126,115,92,1,30,65,18,26,44,0.409,0.591,3,178,53,12,181,0.017,0.983,0.898,0.203,203933,T.J. Warren,0.3231908396946565,0.1400648854961832,2805.2,14.14141414141414,64.67236467236467,24.352331606217632,34.379976193447696,6.265256305939788,23.52941176470588,16.62374958119944,28.57142857142857,27.439024390243905,2.0408163265306123,21.54243404678945,29.85218356881812,39.69407730329194,34.77313043605503,12.7129750982962,25.538461538461537,18.4844439963706,27.35294117647059,24.11764705882353,56.470588235294116,24.561403508771928,51.17647058823529,Below Average,Below Average,Average,Below Average,Average,2018-19
201959,Taj Gibson,Taj,1610612750,MIN,34.0,70,32,38,0.457,1686.35,111.6,286,0.161,0.25,53,0.173,39,0.189,540.0,540.0,525.0,1740.0,3.48,3.475241665423641,148,179,426,318,156,422,90,144,123,140,313,92,208,361,423,409,383,230,70,558,344,214,81,0,151,325,42,30,72,0.583,0.417,90,228,133,64,318,0.283,0.717,0.773,0.372,201959,Taj Gibson,0.3315636942675159,0.1608312101910828,3480.5,19.19191919191919,55.12820512820513,37.305699481865304,36.298064342105796,24.003254678600488,52.64705882352941,41.18953716555784,24.642857142857146,28.65853658536585,0.0,19.887630662020907,25.02636020333926,25.248192695026823,25.13727644918304,31.45478374836173,33.23076923076923,32.25397721544511,33.82352941176471,77.64705882352942,52.05882352941177,9.473684210526317,77.64705882352942,Below Average,Above Average,Average,Poor,Above Average,2018-19
1627752,Taurean Prince,Taurean,1610612737,ATL,25.0,55,19,36,0.345,1552.2916666666667,115.4,177,0.11,0.161,53,0.205,19,0.114,699.0,475.0,601.0,1616.0,1.47,1.469215286391201,270,307,406,420,176,504,201,311,311,140,208,214,322,441,385,441,362,358,55,264,127,137,112,5,5,12,23,25,48,0.479,0.521,0,47,30,8,47,0.0,1.0,0.882,0.235,1627752,Taurean Prince,0.2851943573667712,0.11115047021943573,3511.3,9.090909090909092,59.54415954415955,17.616580310880785,28.880964554539673,6.346623270951994,30.0,20.538649308380798,35.714285714285715,28.65853658536585,10.204081632653061,26.8672224987556,51.752039899571635,59.80809905437926,55.78006947697545,17.169069462647442,5.384615384615385,11.866065127533018,13.23529411764706,33.52941176470588,67.94117647058823,70.52631578947368,27.647058823529413,Poor,Below Average,Average,Above Average,Below Average,2018-19
1628390,Terrance Ferguson,Terrance,1610612760,OKC,21.0,74,44,30,0.595,1931.0783333333334,107.1,108,0.055,0.076,40,0.11,16,0.095,641.0,468.0,445.0,1950.0,6.57,6.572111929303713,112,77,324,163,117,213,300,503,507,199,463,238,351,404,379,354,417,83,74,506,284,222,61,0,8,18,11,35,46,0.239,0.761,4,83,57,3,87,0.046,0.954,0.877,0.046,1628390,Terrance Ferguson,0.3166753623188406,0.11759710144927536,4223.6,7.575757575757576,47.64957264957265,60.62176165803111,34.86309387216124,19.121236777868187,55.00000000000001,40.64849471114728,17.5,20.73170731707317,0.0,14.256097560975608,33.6074790518404,55.323564972083304,44.46552201196185,8.125819134993446,10.923076923076923,9.38458513963101,29.411764705882355,75.88235294117646,35.0,49.122807017543856,19.411764705882355,Below Average,Above Average,Below Average,Average,Below Average,2018-19
203082,Terrence Ross,Terrence,1610612753,ORL,28.0,81,42,39,0.519,2150.0533333333333,105.9,253,0.113,0.16,72,0.261,29,0.115,607.0,489.0,503.0,1970.0,8.12,8.124046194699451,22,95,438,237,82,157,117,297,315,66,95,144,319,394,392,391,422,40,81,431,172,259,119,0,7,15,24,42,66,0.364,0.636,6,78,55,16,84,0.071,0.929,0.917,0.267,203082,Terrence Ross,0.3092785145888594,0.11814854111405836,4392.7,14.14141414141414,46.93732193732193,66.83937823834194,38.79447289421382,10.00813669650122,65.88235294117646,43.53266644330637,38.21428571428571,40.243902439024396,0.0,29.371080139372822,37.87076587900452,54.93996152357168,46.4053637012881,27.12975098296199,10.153846153846153,19.490593809859867,42.05882352941177,81.17647058823529,72.6470588235294,52.98245614035088,54.41176470588235,Average,Above Average,Above Average,Average,Average,2018-19
1626179,Terry Rozier,Terry,1610612738,BOS,25.0,79,47,32,0.595,1791.385,105.9,275,0.145,0.22,68,0.227,21,0.099,567.0,531.0,466.0,1720.0,6.7,6.695198630606976,56,51,352,161,140,162,96,195,178,83,155,200,346,375,416,371,380,74,79,279,117,162,97,3,15,32,19,46,65,0.292,0.708,1,46,30,7,47,0.021,0.979,0.857,0.2,1626179,Terry Rozier,0.3012384823848238,0.12019241192411924,3842.7,10.1010101010101,55.84045584045584,66.83937823834194,40.29440814414907,5.532953620829943,37.35294117647059,24.624946154214328,30.357142857142854,37.80487804878049,6.122448979591836,26.90517670482827,42.504761959051926,53.51816338114003,48.01146267009598,30.013106159895152,5.230769230769231,18.861054541788487,46.1764705882353,42.05882352941177,68.23529411764706,57.54385964912281,52.352941176470594,Average,Average,Average,Average,Average,2018-19
200757,Thabo Sefolosha,Thabo,1610612762,UTA,35.0,50,28,22,0.56,608.6566666666666,99.5,115,0.181,0.246,43,0.321,5,0.062,186.0,123.0,145.0,612.0,3.43,3.4325952348742406,294,219,217,203,346,39,287,107,137,181,38,369,414,176,163,169,187,233,47,110,63,47,63,1,7,18,8,20,28,0.286,0.714,6,86,44,11,92,0.065,0.935,0.936,0.234,200757,Thabo Sefolosha,,,1409.1,2.0202020202020203,95.2991452991453,100.0,59.16278166278166,1.1391375101708707,3.5294117647058822,2.573302062891878,18.21428571428571,22.5609756097561,2.0408163265306123,15.692259830761571,,,,9.043250327653997,11.384615384615385,10.096864603286622,95.29411764705881,0.29411764705882354,39.11764705882353,,21.470588235294116,Elite,Poor,Below Average,Poor,Below Average,2018-19
201152,Thaddeus Young,Thaddeus,1610612754,IND,31.0,81,47,34,0.58,2488.838333333333,106.5,331,0.132,0.196,123,0.252,36,0.143,761.0,695.0,728.0,2322.0,8.81,8.806956782256938,22,51,382,184,36,187,62,236,225,9,109,105,267,463,506,502,475,27,81,753,398,355,263,23,103,232,49,47,96,0.51,0.49,62,268,156,59,330,0.188,0.812,0.867,0.328,201152,Thaddeus Young,0.2923232876712329,0.1481972602739726,5208.6,17.67676767676768,34.401709401709404,63.73056994818652,35.04394784835199,28.39707078925956,94.11764705882352,67.82941655099793,89.64285714285715,71.34146341463415,46.93877551020408,72.56134892981584,47.643171396628944,34.03687270126791,40.84002204894843,37.352555701179554,39.38461538461539,38.26698255872568,30.294117647058822,99.11764705882354,99.41176470588235,38.24561403508772,85.0,Below Average,Elite,Elite,Below Average,Above Average,2018-19
1628418,Thomas Bryant,Thomas,1610612764,WAS,21.0,72,29,43,0.403,1496.3433333333332,112.6,341,0.219,0.326,25,0.106,67,0.479,517.0,425.0,459.0,1720.0,2.64,2.6354358250622654,135,209,474,374,184,455,60,51,49,280,468,37,36,350,352,368,380,284,72,666,526,140,48,2,188,417,23,23,46,0.5,0.5,44,259,160,65,303,0.145,0.855,0.909,0.369,1628418,Thomas Bryant,0.28916239316239317,0.12516524216524216,3264.5,33.33333333333333,55.84045584045584,32.12435233160624,40.90858096039443,38.8120423108218,30.88235294117647,34.0542286890346,12.857142857142856,11.585365853658537,4.081632653061225,10.218143354902937,49.46500150771413,50.058864112001814,49.76193280985797,38.663171690694625,38.0,38.36474442988205,48.529411764705884,63.52941176470588,22.647058823529413,61.05263157894737,85.29411764705883,Average,Average,Below Average,Average,Above Average,2018-19
1627748,Thon Maker,Thon,1610612765,DET,22.0,64,44,20,0.688,972.3016666666666,103.4,161,0.149,0.22,21,0.135,51,0.443,270.0,249.0,261.0,920.0,4.51,4.510693606456797,201,77,195,69,283,83,228,179,180,299,412,61,48,221,241,239,241,170,64,438,316,122,36,0,64,148,17,10,27,0.63,0.37,15,169,81,24,184,0.082,0.918,0.835,0.247,1627748,Thon Maker,0.3032257053291536,0.08258620689655172,2218.9,25.252525252525253,84.33048433048434,79.79274611398961,59.56486614517702,21.724979658258746,25.588235294117645,24.042933039774084,8.571428571428571,9.146341463414634,0.0,6.629790940766551,41.35939548532284,79.67854112561538,60.518968305469116,15.072083879423328,24.153846153846153,19.1588769029136,96.17647058823529,40.88235294117647,12.647058823529411,77.54385964912281,53.23529411764706,Elite,Average,Poor,Above Average,Average,2018-19
204025,Tim Frazier,Tim,1610612749,MIL,28.0,59,27,32,0.458,1119.6633333333334,110.6,127,0.106,0.149,30,0.173,5,0.045,403.0,273.0,327.0,1140.0,2.64,2.6386156626648845,240,229,352,316,258,382,271,330,350,251,311,369,442,289,250,288,283,284,55,197,76,121,69,4,14,38,20,22,42,0.476,0.524,6,40,23,3,46,0.13,0.87,0.742,0.097,204025,Tim Frazier,0.2763982035928144,0.10741017964071856,2534.4,2.0202020202020203,76.49572649572649,42.487046632124375,38.20334673961617,2.196908055329536,25.294117647058822,16.055233810367106,20.357142857142858,14.634146341463413,8.16326530612245,15.30562468889995,56.821838262761034,62.40999452193883,59.61591639234993,10.615989515072084,4.3076923076923075,7.777255771751185,40.294117647058826,22.35294117647059,37.94117647058823,75.78947368421053,16.76470588235294,Average,Below Average,Below Average,Above Average,Below Average,2018-19
203501,Tim Hardaway Jr.,Tim,1610612742,DAL,27.0,65,14,51,0.215,2056.6066666666666,114.5,189,0.09,0.135,54,0.177,8,0.046,695.0,597.0,573.0,2182.0,2.46,2.4550100301538946,196,361,510,487,94,487,185,402,392,132,300,319,441,436,462,429,459,292,65,447,201,246,83,18,16,35,27,44,71,0.38,0.62,3,89,55,13,92,0.033,0.967,0.859,0.203,203501,Tim Hardaway Jr.,0.3155436241610738,0.16891275167785236,4172.6,3.535353535353535,39.38746438746439,22.279792746113976,20.769702136282444,12.367778681855167,62.05882352941177,42.18240559038912,25.357142857142854,29.268292682926827,36.734693877551024,29.570433051269287,34.259773725995935,19.62634975988991,26.943061742942923,18.74180865006553,11.846153846153847,15.638763988305273,2.3529411764705883,79.70588235294119,73.82352941176471,12.631578947368421,45.294117647058826,Poor,Above Average,Above Average,Poor,Average,2018-19
1627789,Timothe Luwawu-Cabarrot,Timothe,1610612741,CHI,24.0,50,25,25,0.5,669.29,112.9,86,0.125,0.181,19,0.181,8,0.143,215.0,208.0,213.0,726.0,1.15,1.1549630382311398,294,251,255,251,335,459,328,257,265,318,290,319,268,195,214,213,204,380,42,123,72,51,22,1,0,0,8,11,19,0.421,0.579,3,66,33,9,69,0.043,0.957,0.825,0.225,1627789,Timothe Luwawu-Cabarrot,,,1605.9,3.535353535353535,91.23931623931624,30.569948186528457,40.990389144534205,1.8714401952807163,4.705882352941177,3.572105489876993,3.571428571428571,7.926829268292683,2.0408163265306123,4.713165754106521,,,,5.242463958060288,8.307692307692308,6.621816715394697,49.11764705882353,1.1764705882352942,7.647058823529412,,12.941176470588237,Average,Poor,Poor,Poor,Poor,2018-19
202699,Tobias Harris,Tobias,1610612755,PHI,26.0,82,46,36,0.561,2847.82,110.5,576,0.188,0.267,51,0.142,37,0.137,995.0,744.0,885.0,3062.0,6.69,6.692869095624313,1,61,406,202,4,377,10,93,100,149,393,102,280,526,515,528,529,75,82,695,421,274,87,0,28,59,39,38,77,0.506,0.494,16,257,137,48,273,0.059,0.941,0.895,0.314,202699,Tobias Harris,0.35625626740947075,0.17848746518105849,6213.2,18.181818181818183,8.048433048433049,43.00518134715025,20.840974176466403,30.268510984540274,70.29411764705881,54.283874982051394,26.785714285714285,27.439024390243905,0.0,20.31794425087108,10.794416320245343,12.965796751273743,11.880106535759543,69.46264744429882,37.69230769230769,55.16599455590281,2.6470588235294117,91.76470588235294,53.529411764705884,1.0526315789473684,93.23529411764706,Poor,Elite,Average,Poor,Elite,2018-19
203107,Tomas Satoransky,Tomas,1610612764,WAS,27.0,80,32,48,0.4,2163.5666666666666,110.5,197,0.09,0.136,82,0.232,13,0.073,766.0,607.0,590.0,2380.0,5.13,5.129973895041207,42,179,500,377,77,378,174,398,390,51,145,260,392,464,468,436,482,136,79,474,264,210,133,2,21,46,45,33,78,0.577,0.423,33,116,71,13,149,0.221,0.779,0.724,0.133,203107,Tomas Satoransky,0.347490765171504,0.16798153034300792,4630.7,6.0606060606060606,32.33618233618233,43.00518134715025,24.4932015786938,17.493897477624085,51.470588235294116,37.8799119322261,43.214285714285715,46.34146341463415,4.081632653061225,34.52563464410155,15.846548199766453,20.274144501884933,18.060346350825693,19.790301441677588,16.0,18.084665792922674,5.0,72.6470588235294,80.88235294117648,2.807017543859649,49.705882352941174,Poor,Above Average,Above Average,Poor,Average,2018-19
2225,Tony Parker,Tony,1610612766,CHA,37.0,56,30,26,0.536,1002.8016666666666,107.5,69,0.067,0.1,21,0.147,7,0.06,252.0,296.0,276.0,1054.0,3.33,3.329165618872022,263,201,262,222,276,233,350,480,481,299,379,339,417,211,266,247,266,238,53,118,49,69,30,0,4,10,10,12,22,0.455,0.545,1,30,18,3,31,0.032,0.968,0.783,0.13,2225,Tony Parker,0.20319453924914677,0.06859726962457338,2011.4,3.0303030303030303,79.55840455840456,58.549222797927456,43.694868507044674,0.0,10.0,6.0,6.428571428571428,9.146341463414634,0.0,5.772648083623693,99.01389483728468,89.40980443736025,94.21184963732247,3.014416775884666,2.769230769230769,2.904083072890413,63.23529411764706,4.705882352941177,8.970588235294118,100.0,3.823529411764706,Average,Poor,Poor,Elite,Poor,2018-19
203503,Tony Snell,Tony,1610612749,MIL,27.0,74,55,19,0.743,1303.915,103.4,128,0.086,0.119,26,0.144,18,0.131,413.0,358.0,284.0,1164.0,5.89,5.892757447532941,112,8,183,37,217,85,270,424,442,272,384,222,286,293,309,258,287,106,73,323,156,167,60,0,20,48,19,19,38,0.5,0.5,1,78,41,5,79,0.013,0.987,0.872,0.106,203503,Tony Snell,0.2607363896848138,0.11155300859598855,2751.5,8.585858585858585,75.64102564102564,79.79274611398961,49.856888937199805,8.70626525630594,38.82352941176471,26.7766237495812,17.142857142857142,12.195121951219512,0.0,11.125435540069686,65.84876532154544,59.52807728723871,62.68842130439208,10.747051114023591,10.153846153846153,10.480108881943746,82.94117647058825,47.647058823529406,25.0,80.0,22.647058823529413,Above Average,Average,Below Average,Above Average,Below Average,2018-19
1628470,Torrey Craig,Torrey,1610612743,DEN,28.0,75,50,25,0.667,1503.015,108.7,174,0.112,0.164,37,0.159,46,0.291,464.0,362.0,378.0,1494.0,4.39,4.387091556267182,98,25,255,78,182,287,206,302,303,211,348,73,119,324,312,314,346,177,72,417,215,202,75,1,9,19,36,38,74,0.486,0.514,17,58,37,15,75,0.227,0.773,0.74,0.3,1628470,Torrey Craig,0.2551857142857143,0.10568,3216.1,22.727272727272727,63.888888888888886,52.33160621761655,44.53492175642434,13.506916192026036,49.11764705882353,34.87335471210453,22.5,18.902439024390244,2.0408163265306123,16.126057740169237,69.04798236300603,63.61357656202552,66.33077946251578,16.775884665792923,7.076923076923077,12.411351950801492,65.88235294117646,65.0,40.88235294117647,83.85964912280703,28.823529411764703,Average,Average,Average,Above Average,Below Average,2018-19
1629027,Trae Young,Trae,1610612737,ATL,20.0,81,29,52,0.358,2503.2816666666668,114.8,237,0.091,0.135,72,0.176,15,0.059,1129.0,766.0,948.0,2722.0,2.76,2.763669650818232,22,209,515,413,35,494,129,395,394,66,303,245,423,530,520,530,519,276,81,426,180,246,103,4,13,29,49,62,111,0.441,0.559,0,20,14,3,20,0.0,1.0,0.933,0.2,1629027,Trae Young,0.3209005376344086,0.13931451612903226,5536.7,7.07070707070707,20.156695156695157,20.725388601036272,15.064473283385201,10.65907241659886,62.05882352941177,41.4989230842866,32.5,40.243902439024396,8.16326530612245,29.12618218018915,31.17223434721998,40.21606419556576,35.69414927139287,25.032765399737876,1.2307692307692308,14.321867123701987,0.8823529411764706,78.52941176470588,72.05882352941177,25.964912280701753,38.529411764705884,Poor,Above Average,Above Average,Below Average,Below Average,2018-19
2772,Trevor Ariza,Trevor,1610612764,WAS,33.0,69,22,47,0.319,2348.866666666667,114.4,321,0.139,0.208,91,0.227,21,0.112,917.0,640.0,753.0,2684.0,2.85,2.8515768104404886,157,276,498,436,49,486,69,215,200,35,156,200,326,519,488,508,517,267,69,380,183,197,168,2,12,25,38,46,84,0.452,0.548,11,131,65,18,142,0.077,0.923,0.915,0.254,2772,Trevor Ariza,0.3377846607669617,0.1433952802359882,4779.4,10.1010101010101,21.50997150997151,22.797927461139857,17.268375934179033,10.903173311635477,47.647058823529406,32.94950461877183,55.714285714285715,51.829268292682926,4.081632653061225,41.44636635141862,21.44081058849219,37.377321747456286,29.40906616797424,36.04193971166448,18.307692307692307,28.061528379877004,1.4705882352941175,60.882352941176464,89.41176470588236,16.140350877192983,72.35294117647058,Poor,Average,Above Average,Below Average,Above Average,2018-19
203504,Trey Burke,Trey,1610612742,DAL,26.0,58,16,42,0.276,1124.595,108.4,71,0.059,0.09,33,0.209,7,0.071,296.0,346.0,293.0,1162.0,3.4,3.400069193322551,248,341,465,454,255,273,347,497,495,230,198,339,396,234,301,264,286,235,57,234,116,118,54,0,7,16,17,23,40,0.425,0.575,1,15,10,2,16,0.063,0.938,0.833,0.167,203504,Trey Burke,0.21301562500000001,0.073815625,2537.6,3.0303030303030303,75.71225071225072,53.88601036269426,41.18291155208253,5.451586655817739,24.41176470588235,16.827693485856503,15.0,16.463414634146343,0.0,11.762195121951219,93.35336118315082,85.77970808155936,89.56653463235509,3.2765399737876804,0.46153846153846156,2.009789293275532,50.588235294117645,24.705882352941178,28.235294117647058,99.29824561403508,2.3529411764705883,Average,Below Average,Below Average,Elite,Poor,2018-19
1626168,Trey Lyles,Trey,1610612743,DEN,23.0,64,42,22,0.656,1119.695,105.7,202,0.172,0.254,30,0.165,23,0.223,319.0,316.0,270.0,1184.0,4.34,4.3391874386137665,201,95,217,95,257,151,168,123,117,251,336,182,162,245,276,244,289,181,63,373,231,142,35,1,34,78,10,22,32,0.313,0.688,15,182,86,26,197,0.076,0.924,0.878,0.265,1626168,Trey Lyles,0.2565530726256983,0.10893575418994414,2362.1,11.11111111111111,74.92877492877493,67.87564766839377,47.638427586614114,14.808787632221318,31.470588235294116,24.805867994064997,8.214285714285714,14.634146341463413,2.0408163265306123,8.917869586859132,68.25988437698979,61.34874395289462,64.80431416494221,20.445609436435124,26.153846153846157,23.01431595927009,78.52941176470588,42.94117647058823,20.0,82.10526315789474,63.23529411764706,Above Average,Average,Below Average,Above Average,Average,2018-19
202684,Tristan Thompson,Tristan,1610612739,CLE,28.0,43,8,35,0.186,1197.6883333333333,118.8,265,0.237,0.339,28,0.183,16,0.291,428.0,331.0,327.0,1278.0,-0.11,-0.11386427547107722,331,424,397,506,243,516,103,35,37,261,279,238,120,302,292,288,306,523,43,330,250,80,35,1,226,503,28,27,55,0.509,0.491,75,292,164,73,367,0.204,0.796,0.832,0.371,202684,Tristan Thompson,0.3357703703703704,0.13567777777777779,2442.7,7.575757575757576,71.58119658119658,0.0,28.08372183372183,16.354759967453212,13.23529411764706,14.483080457569521,8.214285714285714,13.414634146341465,2.0408163265306123,8.491040318566451,22.601777804170254,42.745924599105415,32.67385120163783,28.70249017038008,43.07692307692308,35.170984978324434,11.76470588235294,19.411764705882355,17.352941176470587,21.052631578947366,81.76470588235294,Poor,Below Average,Below Average,Below Average,Above Average,2018-19
1628972,Troy Brown Jr.,Troy,1610612764,WAS,19.0,52,20,32,0.385,729.7366666666667,110.3,110,0.149,0.217,21,0.179,5,0.086,230.0,202.0,196.0,800.0,1.79,1.7850514399454338,281,294,352,398,324,370,294,181,186,299,294,369,372,201,207,203,220,331,43,172,79,93,40,2,2,6,16,15,31,0.516,0.484,0,29,19,7,29,0.0,1.0,0.864,0.318,1628972,Troy Brown Jr.,,,1694.1,2.0202020202020203,88.6039886039886,44.04145077720208,42.82983951377734,2.4410089503661516,17.058823529411764,11.211697697793518,10.0,9.146341463414634,4.081632653061225,8.221627675460429,,,,8.387942332896461,2.6153846153846154,5.790291360016131,60.588235294117645,12.941176470588237,16.470588235294116,,10.588235294117647,Average,Poor,Below Average,Poor,Poor,2018-19
203584,Troy Daniels,Troy,1610612756,PHX,27.0,51,13,38,0.255,759.73,110.8,60,0.079,0.124,26,0.194,5,0.067,291.0,218.0,187.0,840.0,1.75,1.7548679270698635,284,374,426,463,316,392,361,447,425,272,241,369,401,230,223,199,230,338,47,130,59,71,33,1,7,15,6,16,22,0.273,0.727,2,34,21,0,36,0.056,0.944,0.955,0.0,203584,Troy Daniels,,,1808.6,2.0202020202020203,87.17948717948718,41.450777202072544,41.68359562141946,0.8136696501220505,10.588235294117647,6.678409036519408,7.5,12.195121951219512,2.0408163265306123,7.778496764559482,,,,1.834862385321101,3.3846153846153846,2.5322512350035287,54.70588235294118,5.88235294117647,15.0,,2.941176470588235,Average,Poor,Below Average,Poor,Poor,2018-19
1628416,Tyler Dorsey,Tyler,1610612763,MEM,23.0,48,11,37,0.229,697.8533333333334,108.4,86,0.118,0.167,14,0.115,2,0.03,259.0,151.0,251.0,696.0,2.24,2.2368717994172904,305,394,416,479,329,272,328,278,291,348,453,424,460,216,178,227,199,302,41,143,62,81,31,0,2,5,15,16,31,0.484,0.516,2,26,16,4,28,0.071,0.929,0.941,0.235,1628416,Tyler Dorsey,,,1698.2,0.5050505050505051,92.3076923076923,53.88601036269426,45.98121510038607,1.0577705451586654,13.529411764705882,8.540755276886996,6.785714285714286,4.878048780487805,0.0,4.421602787456446,,,,5.242463958060288,2.1538461538461537,3.852585946163928,71.76470588235294,7.352941176470589,6.61764705882353,,6.176470588235294,Above Average,Poor,Poor,Poor,Poor,2018-19
204020,Tyler Johnson,Tyler,1610612756,PHX,27.0,57,26,31,0.456,1529.075,108.5,139,0.087,0.132,54,0.211,27,0.165,587.0,477.0,431.0,1472.0,4.54,4.539727046373555,259,244,335,320,179,274,256,417,404,132,191,152,240,384,386,346,339,167,57,380,185,195,87,4,17,38,30,44,74,0.405,0.595,0,57,33,7,57,0.0,1.0,0.825,0.175,204020,Tyler Johnson,0.3033567073170732,0.13635975609756099,3110.8,13.131313131313133,64.67236467236467,53.367875647668384,41.22982179976998,11.065907241659886,47.05882352941176,32.66165701431101,26.785714285714285,29.268292682926827,8.16326530612245,22.999004479840718,41.28389047699799,42.27151325007425,41.77770186353612,12.18872870249017,6.923076923076923,9.81918540175421,52.05882352941177,60.29411764705882,59.705882352941174,42.45614035087719,20.88235294117647,Average,Average,Average,Average,Below Average,2018-19
201936,Tyreke Evans,Tyreke,1610612754,IND,29.0,69,41,28,0.594,1401.9833333333333,103.9,168,0.114,0.165,58,0.242,18,0.119,444.0,367.0,440.0,1338.0,6.15,6.148419537835293,157,103,292,164,199,95,211,288,300,115,125,222,306,309,316,351,317,98,69,294,140,154,100,4,0,0,26,40,66,0.394,0.606,1,25,18,7,26,0.038,0.962,1.0,0.389,201936,Tyreke Evans,0.23190704225352113,0.09898028169014084,3008.4,8.585858585858585,69.44444444444444,77.20207253886007,47.04041712461401,7.404393816110659,35.0,23.961757526444263,31.428571428571427,31.70731707317073,8.16326530612245,25.709805873568943,82.46500261968441,68.2741681223548,75.36958537101961,15.98951507208388,2.0,9.694233289646135,76.47058823529412,40.294117647058826,64.11764705882354,92.98245614035088,20.588235294117645,Above Average,Average,Average,Elite,Below Average,2018-19
1627820,Tyrone Wallace,Tyrone,1610612746,LAC,25.0,62,34,28,0.548,627.7183333333334,104.2,81,0.111,0.167,21,0.208,7,0.099,237.0,215.0,201.0,610.0,2.78,2.7841486565663414,224,165,292,210,344,104,337,306,290,299,202,339,347,204,219,208,186,273,55,138,69,69,33,0,0,0,11,10,21,0.524,0.476,2,15,11,2,17,0.118,0.882,0.846,0.154,1627820,Tyrone Wallace,,,1444.4,3.0303030303030303,95.37037037037037,75.64766839378237,53.50366794019643,1.627339300244101,10.0,6.650935720097641,7.5,9.146341463414634,0.0,6.201219512195122,,,,4.587155963302752,0.46153846153846156,2.730628087508822,89.11764705882354,5.588235294117648,10.735294117647058,,3.5294117647058822,Above Average,Poor,Poor,Poor,Poor,2018-19
2199,Tyson Chandler,Tyson,1610612747,LAL,36.0,55,26,29,0.473,874.7566666666667,104.4,215,0.213,0.305,21,0.165,23,0.338,340.0,247.0,277.0,814.0,3.71,3.7129283515628004,270,244,312,300,297,108,150,61,65,299,335,182,92,254,240,248,222,212,55,331,282,49,29,1,134,317,12,9,21,0.571,0.429,37,247,146,56,284,0.13,0.87,0.874,0.335,2199,Tyson Chandler,,,1850.8,11.11111111111111,88.1054131054131,74.61139896373054,53.93418877227167,18.958502847843775,4.117647058823529,10.053989374431628,6.071428571428571,9.146341463414634,2.0408163265306123,6.139995022399204,,,,22.14941022280472,36.15384615384615,28.451406391773368,89.70588235294117,10.588235294117647,10.0,,73.52941176470588,Above Average,Poor,Poor,Poor,Above Average,2018-19
1626145,Tyus Jones,Tyus,1610612750,MIN,23.0,68,29,39,0.426,1560.4233333333334,108.7,111,0.069,0.103,81,0.285,5,0.034,438.0,445.0,446.0,1632.0,4.56,4.56473575430906,165,209,438,353,175,289,292,478,472,53,65,369,456,306,367,355,366,165,68,271,115,156,127,4,3,6,13,41,54,0.241,0.759,0,23,14,1,23,0.0,1.0,0.824,0.059,1626145,Tyus Jones,0.25872549019607843,0.10661064425770309,3572.5,2.0202020202020203,58.97435897435898,52.33160621761655,34.53200800351059,5.370219690805533,35.588235294117645,23.501029052792802,41.07142857142857,45.73170731707317,8.16326530612245,34.475485316077645,67.0077781353861,62.96618325793135,64.98698069665872,8.51900393184797,1.6923076923076923,5.446990624054845,27.647058823529413,39.705882352941174,80.58823529411765,82.45614035087719,9.411764705882353,Below Average,Below Average,Above Average,Above Average,Poor,2018-19
1713,Vince Carter,Vince,1610612737,ATL,42.0,76,25,51,0.329,1330.3566666666666,108.0,163,0.114,0.172,44,0.186,27,0.18,566.0,404.0,386.0,1268.0,4.21,4.205625792572084,88,251,510,433,214,254,224,292,280,174,268,152,215,374,339,320,303,190,76,296,135,161,82,6,42,97,13,20,33,0.394,0.606,10,181,100,28,191,0.052,0.948,0.909,0.255,1713,Vince Carter,0.26652762430939225,0.12854419889502763,3022.1,13.131313131313133,71.93732193732194,55.95854922279793,44.42022523628741,6.997558991049633,37.05882352941177,25.034317714066916,25.0,23.170731707317074,12.244897959183673,21.170980587356894,62.51089827476157,47.7083268969697,55.109612585865634,15.334207077326342,26.0,20.13381389252949,65.58823529411765,43.529411764705884,55.88235294117647,68.42105263157895,56.76470588235294,Average,Average,Average,Average,Average,2018-19
201961,Wayne Ellington,Wayne,1610612765,DET,31.0,53,26,27,0.491,1296.8483333333334,107.2,93,0.073,0.106,54,0.245,6,0.043,435.0,316.0,325.0,1238.0,4.37,4.368067589702385,275,244,271,277,220,215,318,465,467,132,118,358,446,304,276,285,298,179,53,255,126,129,69,0,12,27,12,30,42,0.286,0.714,0,34,20,4,34,0.0,1.0,0.833,0.167,201961,Wayne Ellington,0.26505734767025085,0.092247311827957,2931.3,2.525252525252525,73.00569800569801,60.10362694300516,41.5880020478466,6.265256305939788,27.647058823529413,19.094337816493564,20.357142857142858,29.268292682926827,0.0,18.386759581881535,63.358314803634016,72.95789079013738,68.1581027968857,6.159895150720838,3.3846153846153846,4.911019255973384,53.8235294117647,30.294117647058822,46.1764705882353,87.01754385964912,7.941176470588235,Average,Below Average,Average,Above Average,Poor,2018-19
1627782,Wayne Selden,Wayne,1610612741,CHI,24.0,75,27,48,0.36,1438.58,112.1,143,0.098,0.146,33,0.154,13,0.093,462.0,393.0,409.0,1436.0,2.75,2.749272884397194,98,229,500,410,193,441,252,368,361,230,361,260,357,323,332,333,336,277,71,317,148,169,50,5,11,26,14,21,35,0.4,0.6,1,82,36,6,83,0.012,0.988,0.783,0.13,1627782,Wayne Selden,0.26690677966101695,0.12734463276836158,3078.3,6.0606060606060606,65.95441595441596,34.71502590673577,34.187044484971956,8.0553295362083,39.411764705882355,26.869190638012732,13.571428571428571,16.463414634146343,10.204081632653061,13.741786958685914,62.29236626287785,48.5427929905321,55.41757962670498,12.7129750982962,10.76923076923077,11.838290150216757,25.882352941176475,47.94117647058824,32.64705882352941,69.47368421052632,27.35294117647059,Below Average,Average,Below Average,Average,Below Average,2018-19
1628976,Wendell Carter Jr.,Wendell,1610612741,CHI,20.0,44,10,34,0.227,1109.8,109.5,220,0.198,0.288,26,0.135,58,0.542,381.0,293.0,316.0,1006.0,2.95,2.9495826584780542,326,400,382,481,259,330,144,76,80,272,411,46,22,277,263,276,255,260,44,467,370,97,53,0,101,233,18,20,38,0.474,0.526,41,260,137,42,301,0.136,0.864,0.846,0.259,1628976,Wendell Carter Jr.,0.2813204633204633,0.10955984555984556,2156.5,28.78787878787879,81.26780626780626,48.18652849740932,52.00551583323603,26.118795768917817,18.235294117647058,21.38869477815536,14.642857142857144,12.195121951219512,0.0,10.125435540069686,53.98481824790948,60.91460107749095,57.449709662700215,22.804718217562254,38.15384615384615,29.71182578889001,87.6470588235294,35.0,22.058823529411764,74.73684210526315,74.11764705882354,Above Average,Below Average,Below Average,Above Average,Above Average,2018-19
1628411,Wes Iwundu,Wes,1610612753,ORL,24.0,68,36,32,0.529,1233.2,103.1,147,0.108,0.157,28,0.162,22,0.168,356.0,318.0,284.0,1226.0,5.77,5.76859190275518,165,146,352,230,234,76,246,319,325,261,340,191,233,263,282,258,296,111,68,288,161,127,62,1,4,9,13,20,33,0.394,0.606,0,18,10,0,18,0.0,1.0,0.909,0.0,1628411,Wes Iwundu,0.22658739255014324,0.08035816618911175,2643.1,10.606060606060606,73.43304843304843,81.34715025906738,50.28077875875803,9.113100081366966,27.058823529411764,19.880534150193846,17.857142857142858,13.414634146341465,2.0408163265306123,12.348183175709307,85.5310644521613,81.22845520213467,83.37975982714798,13.237221494102227,0.9230769230769231,7.695856437140842,84.11764705882354,31.470588235294116,30.0,97.19298245614036,16.470588235294116,Above Average,Below Average,Below Average,Elite,Below Average,2018-19
202083,Wesley Matthews,Wesley,1610612754,IND,32.0,69,27,42,0.391,2091.0233333333335,109.4,138,0.063,0.092,54,0.171,17,0.091,730.0,576.0,773.0,2108.0,5.72,5.715779217390463,157,229,465,387,89,325,259,490,491,132,322,230,360,454,445,513,449,114,69,397,209,188,101,7,12,27,39,40,79,0.494,0.506,4,121,66,11,125,0.032,0.968,0.815,0.136,202083,Wesley Matthews,0.2686492307692308,0.12168615384615385,4347.6,8.080808080808081,42.02279202279202,48.70466321243519,30.116466243409235,13.018714401952808,45.0,32.207485760781125,31.785714285714285,29.268292682926827,14.285714285714285,26.529616724738673,61.288077797331106,52.47905685857178,56.88356732795144,12.057667103538664,16.76923076923077,14.177870753100112,15.588235294117647,59.11764705882353,66.76470588235294,73.68421052631578,37.64705882352941,Below Average,Average,Average,Above Average,Below Average,2018-19
203115,Will Barton,Will,1610612743,DEN,28.0,43,27,16,0.628,1188.9783333333332,109.1,167,0.137,0.194,18,0.097,22,0.21,382.0,291.0,341.0,1242.0,3.38,3.3842787875657105,331,229,156,122,244,305,214,219,231,321,479,191,179,278,261,295,300,236,43,238,124,114,50,0,4,8,10,10,20,0.5,0.5,0,26,14,5,26,0.0,1.0,0.737,0.263,203115,Will Barton,0.29100784313725486,0.10771372549019607,2636.3,10.606060606060606,72.86324786324786,50.259067357512976,42.309327833939236,6.102522375915378,23.235294117647058,16.382185420954386,13.571428571428571,7.317073170731707,0.0,7.989547038327526,48.40134806300029,62.19883590917058,55.300091986085434,15.858453473132371,2.1538461538461537,9.691380179453574,57.647058823529406,23.38235294117647,15.294117647058824,69.12280701754386,20.294117647058822,Average,Below Average,Below Average,Average,Below Average,2018-19
1626161,Willie Cauley-Stein,Willie,1610612758,SAC,25.0,81,39,42,0.481,2212.5466666666666,108.7,497,0.213,0.313,96,0.24,51,0.248,714.0,639.0,658.0,2354.0,6.43,6.4278293289187935,22,118,465,283,70,290,21,60,61,28,128,61,145,448,485,474,477,89,81,692,523,169,175,2,302,670,36,36,72,0.5,0.5,42,454,284,112,497,0.085,0.913,0.91,0.359,1626161,Willie Cauley-Stein,0.33901146131805154,0.15870200573065904,4823.5,25.252525252525253,33.26210826210826,52.33160621761655,34.82564954715213,38.56794141578519,39.411764705882355,39.074235389843494,58.214285714285715,54.87804878048781,4.081632653061225,43.51343952215033,20.733725243498554,26.729352331822803,23.73153878766068,59.10878112712975,68.0,63.10982961992137,29.117647058823533,74.11764705882354,90.0,7.368421052631578,96.47058823529412,Below Average,Above Average,Elite,Poor,Elite,2018-19
1626195,Willy Hernangomez,Willy,1610612766,CHA,25.0,58,31,27,0.534,811.8533333333334,115.3,194,0.24,0.344,16,0.148,20,0.253,283.0,228.0,256.0,910.0,0.78,0.7813456385383598,248,187,271,224,305,503,179,32,34,338,373,206,137,228,229,236,239,409,58,320,263,57,26,0,117,259,10,16,26,0.385,0.615,25,169,108,48,194,0.129,0.871,0.939,0.417,1626195,Willy Hernangomez,,,1771.6,9.595959595959595,84.68660968660969,18.13471502590674,38.01237598517391,17.41253051261188,6.470588235294119,10.847365146221223,5.0,6.097560975609756,0.0,4.134146341463414,,,,19.39711664482307,24.153846153846153,21.53764492388346,39.411764705882355,11.470588235294118,5.294117647058823,,60.29411764705882,Below Average,Poor,Poor,Poor,Average,2018-19
201163,Wilson Chandler,Wilson,1610612746,LAC,32.0,51,35,16,0.686,1176.3283333333334,108.5,167,0.132,0.192,25,0.13,21,0.152,457.0,300.0,317.0,1214.0,3.51,3.5112750067225043,284,152,156,71,247,275,214,233,239,280,428,200,255,316,270,277,294,226,50,296,177,119,42,0,20,46,16,17,33,0.485,0.515,6,101,48,19,107,0.056,0.944,0.96,0.38,201163,Wilson Chandler,0.2382274247491639,0.10679598662207357,2480.6,10.1010101010101,73.86039886039886,53.367875647668384,43.23351255346074,10.414971521562245,24.705882352941178,18.989518020389603,10.714285714285714,11.585365853658537,0.0,8.340592334494772,78.82215306809833,62.83725170899065,70.82970238854449,15.858453473132371,13.692307692307693,14.883687871761268,61.47058823529412,29.705882352941178,16.76470588235294,89.82456140350877,41.17647058823529,Average,Below Average,Below Average,Above Average,Average,2018-19
1627812,Yogi Ferrell,Yogi,1610612758,SAC,26.0,71,33,38,0.465,1066.6483333333333,108.9,96,0.085,0.131,36,0.218,4,0.048,384.0,333.0,282.0,1100.0,3.02,3.0179924068461137,144,169,426,312,266,300,314,428,408,217,172,388,434,279,293,255,276,255,64,155,66,89,55,7,7,17,14,17,31,0.452,0.548,0,34,28,5,34,0.0,1.0,0.966,0.172,1627812,Yogi Ferrell,0.2137235294117647,0.09199117647058824,2415.2,1.5151515151515151,77.92022792022793,51.29533678756473,40.701974575031564,1.3832384052074858,15.88235294117647,10.082707126788875,15.357142857142858,18.29268292682927,14.285714285714285,16.116724738675956,92.94534959987394,73.13606877160535,83.04070918573964,6.553079947575361,3.3846153846153846,5.127270894243372,47.94117647058824,10.882352941176471,40.588235294117645,96.84210526315789,8.529411764705882,Average,Poor,Average,Elite,Poor,2018-19
1628380,Zach Collins,Zach,1610612757,POR,21.0,77,51,26,0.662,1355.7366666666667,107.8,215,0.144,0.21,25,0.17,66,0.508,471.0,440.0,399.0,1280.0,4.29,4.292701964498032,74,21,262,88,210,245,150,199,194,280,326,39,27,328,361,329,307,186,77,622,467,155,46,0,147,347,31,12,43,0.721,0.279,49,315,209,70,364,0.135,0.865,0.905,0.303,1628380,Zach Collins,0.33440871934604904,0.11598365122615804,2946.8,32.82828282828283,71.50997150997152,56.99481865284975,52.4085078230156,34.01139137510171,35.294117647058826,34.781027138275974,12.142857142857142,11.585365853658537,0.0,8.912020905923345,23.386586291122637,56.44594536855553,39.916265829839084,22.14941022280472,46.61538461538461,33.15909869946567,88.23529411764706,64.70588235294117,19.705882352941178,35.78947368421053,78.82352941176471,Above Average,Average,Below Average,Below Average,Above Average,2018-19
203897,Zach LaVine,Zach,1610612741,CHI,24.0,63,16,47,0.254,2170.855,112.4,254,0.113,0.163,60,0.185,26,0.129,776.0,591.0,566.0,2162.0,3.97,3.9745273743034955,218,341,498,464,75,448,115,294,305,105,273,161,292,469,460,425,454,198,63,411,165,246,103,0,14,33,31,34,65,0.477,0.523,6,71,49,10,77,0.078,0.922,0.891,0.182,203897,Zach LaVine,0.29390963855421687,0.1535903614457831,4266.9,12.626262626262626,40.0997150997151,33.16062176165799,27.37556077581983,9.438567941415785,62.05882352941177,41.01072129421337,32.5,32.926829268292686,0.0,24.524390243902438,46.728853694065805,30.28521619231382,38.50703494318981,27.260812581913502,9.076923076923077,19.07806230466781,8.823529411764707,77.05882352941177,63.23529411764706,32.98245614035088,52.64705882352941,Poor,Above Average,Average,Below Average,Average,2018-19
2585,Zaza Pachulia,Zaza,1610612765,DET,35.0,68,35,33,0.515,878.165,105.3,166,0.184,0.262,31,0.256,17,0.321,294.0,198.0,193.0,900.0,3.5,3.5005055999128496,165,152,372,244,295,138,216,101,107,244,100,230,101,232,204,201,237,227,67,304,228,76,70,4,137,313,12,13,25,0.48,0.52,59,248,162,53,308,0.192,0.805,0.848,0.277,2585,Zaza Pachulia,,,1833.4,8.080808080808081,85.04273504273505,69.94818652849743,50.48432712940486,14.564686737184704,12.058823529411764,13.06116881252094,20.714285714285715,15.24390243902439,8.16326530612245,15.661896465903434,,,,15.727391874180865,36.30769230769231,24.988527069261014,84.41176470588235,15.294117647058824,38.82352941176471,,68.23529411764706,Above Average,Below Average,Below Average,Poor,Average,2018-19
