PLAYER_ID,PLAYER_NAME,NICKNAME,TEAM_ID,TEAM_ABBREVIATION,AGE,GP,W,L,W_PCT,MIN,DEF_RATING,DREB,DREB_PCT,PCT_DREB,STL,PCT_STL,BLK,PCT_BLK,OPP_PTS_OFF_TOV,OPP_PTS_2ND_CHANCE,OPP_PTS_FB,OPP_PTS_PAINT,DEF_WS,DEF_WS_RAW,GP_RANK,W_RANK,L_RANK,W_PCT_RANK,MIN_RANK,DEF_RATING_RANK,DREB_RANK,DREB_PCT_RANK,PCT_DREB_RANK,STL_RANK,PCT_STL_RANK,BLK_RANK,PCT_BLK_RANK,OPP_PTS_OFF_TOV_RANK,OPP_PTS_2ND_CHANCE_RANK,OPP_PTS_FB_RANK,OPP_PTS_PAINT_RANK,DEF_WS_RANK,G,CONTESTED_SHOTS,CONTESTED_SHOTS_2PT,CONTESTED_SHOTS_3PT,DEFLECTIONS,CHARGES_DRAWN,SCREEN_ASSISTS,SCREEN_AST_PTS,OFF_LOOSE_BALLS_RECOVERED,DEF_LOOSE_BALLS_RECOVERED,LOOSE_BALLS_RECOVERED,PCT_LOOSE_BALLS_RECOVERED_OFF,PCT_LOOSE_BALLS_RECOVERED_DEF,OFF_BOXOUTS,DEF_BOXOUTS,BOX_OUT_PLAYER_TEAM_REBS,BOX_OUT_PLAYER_REBS,BOX_OUTS,PCT_BOX_OUTS_OFF,PCT_BOX_OUTS_DEF,PCT_BOX_OUTS_TEAM_REB,PCT_BOX_OUTS_REB,DEF_PLAYER_ID,DEF_PLAYER_NAME,avg_fg_pct_allowed,avg_3fg_pct_allowed,total_possessions,BLK_score,OPP_PTS_PAINT_score,DEF_RATING_score,rim_protection_score,CONTESTED_SHOTS_2PT_score,CONTESTED_SHOTS_3PT_score,shot_contesting_score,DEFLECTIONS_score,STL_score,CHARGES_DRAWN_score,ball_disruption_score,avg_fg_pct_allowed_score,avg_3fg_pct_allowed_score,on_ball_matchup_def_score,DREB_score,DEF_BOXOUTS_score,def_reb_score,SEASON
203932,Aaron Gordon,Aaron,1610612743,DEN,28.0,73,49,24,0.671,2296.81,111.1,297,0.129,0.184,56,0.162,45,0.193,733.0,582.0,681.0,2510.0,8.27,8.268102749511968,99,29,282,75,55,218,70,240,267,119,381,79,225,506,475,518,528,32,73,346,237,109,101,2,92,225,23,20,43,0.535,0.465,18,27,44,32,45,0.4,0.6,0.978,0.711,203932,Aaron Gordon,0.28265671641791046,0.13721791044776122,4509.4,16.06425702811245,38.11764705882353,65.51724137931035,36.1461896266608,18.954248366013072,22.869955156950674,21.30367244057563,26.521739130434785,26.5625,5.263157894736842,21.221360125858123,78.92678379147206,68.70482837176924,73.81580608162065,26.629680998613036,12.755102040816327,20.38612046760452,2023-24
1630174,Aaron Nesmith,Aaron,1610612754,IND,24.0,72,41,31,0.569,1994.655,115.0,212,0.103,0.158,65,0.21,49,0.191,621.0,606.0,492.0,2304.0,4.96,4.958131032906335,108,97,406,227,105,403,144,368,353,87,213,61,229,432,489,409,500,144,72,465,299,166,114,8,16,34,24,23,47,0.511,0.489,5,27,32,15,32,0.156,0.844,1.0,0.469,1630174,Aaron Nesmith,0.30635905044510386,0.12663798219584568,4125.1,17.670682730923694,50.23529411764706,43.10344827586206,35.42648810251146,24.743230625583568,48.4304932735426,38.95558821435898,32.17391304347826,33.59375,21.052631578947366,29.890535612128147,64.32235485430695,76.69371019332469,70.50803252381581,14.840499306518723,12.755102040816327,13.902070536952646,2023-24
201143,Al Horford,Al,1610612738,BOS,38.0,65,51,14,0.785,1739.7966666666666,109.5,331,0.178,0.255,38,0.167,62,0.258,481.0,463.0,422.0,1710.0,7.07,7.071758962296191,181,26,162,22,153,148,55,104,124,223,357,38,151,373,397,375,406,67,65,527,327,200,65,0,88,219,7,19,26,0.269,0.731,22,82,99,62,104,0.212,0.788,0.961,0.602,201143,Al Horford,0.35043962848297217,0.1513560371517028,3476.0,22.89156626506024,85.1764705882353,74.7126436781609,57.646552131446676,27.35760971055089,63.67713004484305,49.14932191112619,10.869565217391305,12.5,0.0,8.722826086956523,37.16166811667947,58.02915829853252,47.595413207606,31.345353675450767,40.816326530612244,35.60729146027343,2023-24
1627936,Alex Caruso,Alex,1610612741,CHI,30.0,71,34,37,0.479,2040.3433333333332,110.6,211,0.103,0.154,120,0.342,70,0.33,630.0,573.0,536.0,1854.0,7.8,7.797194353359697,118,165,475,335,97,192,146,370,365,3,25,30,110,441,469,423,428,41,70,355,136,219,265,12,38,82,34,39,73,0.466,0.534,2,27,28,9,29,0.069,0.931,0.966,0.31,1627936,Alex Caruso,0.2930886426592798,0.16147368421052632,4042.9,26.104417670682732,76.70588235294117,68.39080459770116,54.386527041227794,9.523809523809524,72.19730941704036,47.127909459748025,97.82608695652173,76.5625,31.57894736842105,73.82204662471395,72.49904864542971,50.389344044545034,61.444196344987375,14.701803051317613,12.755102040816327,13.825787596592036,2023-24
1630578,Alperen Sengun,Alperen,1610612745,HOU,21.0,63,29,34,0.46,2045.635,113.2,406,0.193,0.281,76,0.241,46,0.277,589.0,582.0,463.0,2006.0,6.08,6.084967387497825,191,213,446,351,94,310,35,82,91,42,140,77,138,419,475,395,456,97,63,582,442,140,150,8,259,605,36,17,53,0.679,0.321,46,118,155,84,164,0.28,0.72,0.957,0.519,1630578,Alperen Sengun,0.35228096676737164,0.1201570996978852,4103.9,16.46586345381526,67.76470588235294,53.448275862068925,43.66606140586686,38.095238095238095,36.771300448430495,37.300875507153535,47.82608695652174,42.1875,21.052631578947366,39.15921767734554,36.02710921235633,81.58741109023005,58.80726015129319,41.74757281553398,59.183673469387756,49.59381810976818,2023-24
1629614,Andrew Nembhard,Andrew,1610612754,IND,24.0,68,41,27,0.603,1696.685,114.0,105,0.06,0.093,63,0.23,6,0.028,546.0,503.0,463.0,1934.0,4.69,4.691861585095723,148,97,344,167,159,348,288,531,534,94,163,370,512,396,427,395,440,159,67,218,153,65,109,4,12,33,21,21,42,0.5,0.5,1,15,16,4,16,0.063,0.938,1.0,0.25,1629614,Andrew Nembhard,0.2708768768768769,0.11198498498498498,3492.5,0.4016064257028112,72.0,48.85057471264366,37.57328624844204,11.11111111111111,3.1390134529147984,6.327852516193324,30.0,32.03125,10.526315789473683,25.84251644736842,86.18504912816233,87.75815791563825,86.97160352190029,0.0,6.63265306122449,2.9846938775510203,2023-24
203952,Andrew Wiggins,Andrew,1610612744,GSW,29.0,71,38,33,0.535,1920.4483333333333,116.3,213,0.105,0.158,42,0.175,41,0.229,741.0,592.0,595.0,2004.0,4.09,4.092766724875818,118,124,437,279,120,461,140,355,352,194,331,98,187,511,480,470,455,186,71,379,188,191,88,0,53,149,27,14,41,0.659,0.341,10,42,51,22,52,0.192,0.808,0.981,0.423,203952,Andrew Wiggins,0.3426521739130435,0.13938198757763975,3929.3,14.457831325301203,67.88235294117648,35.63218390804598,38.450002036543744,14.37908496732026,59.64125560538116,41.5363873501568,20.869565217391305,15.625,0.0,13.816576086956522,41.95998573119974,67.07073823129969,54.51536198124971,14.979195561719832,20.408163265306122,17.422231028333663,2023-24
1629014,Anfernee Simons,Anfernee,1610612757,POR,25.0,46,11,35,0.239,1581.7433333333333,120.5,145,0.097,0.148,23,0.095,5,0.042,645.0,450.0,558.0,1802.0,1.46,1.4573065106154208,315,392,461,495,177,540,222,399,392,301,523,387,495,450,393,446,417,362,46,157,77,80,43,1,15,34,16,18,34,0.471,0.529,0,4,4,2,4,0.0,1.0,1.0,0.5,1629014,Anfernee Simons,0.39385603112840467,0.1428910505836576,3137.3,0.0,79.76470588235294,11.494252873563214,30.791210277214333,4.014939309056956,9.865470852017937,7.5252582348335455,1.3043478260869565,0.78125,2.631578947368421,1.4530713672768878,10.410219655312613,64.4210520527197,37.41563585401616,5.547850208044383,1.0204081632653061,3.5105012878937987,2023-24
203076,Anthony Davis,Anthony,1610612747,LAL,31.0,76,45,31,0.592,2700.2433333333333,114.0,722,0.252,0.366,91,0.219,178,0.525,911.0,802.0,882.0,2764.0,7.51,7.510920428654773,61,66,406,184,12,350,3,19,20,18,193,4,31,563,563,569,555,51,76,848,590,258,194,1,309,693,47,29,76,0.618,0.382,49,140,186,130,189,0.259,0.741,0.984,0.688,203076,Anthony Davis,0.3480394366197183,0.2043492957746479,5543.7,69.47791164658635,23.176470588235293,48.85057471264366,48.11557304267781,51.91409897292251,89.68609865470853,74.57729878199413,66.95652173913044,53.90625,2.631578947368421,46.307690932494275,38.64057021392595,18.01405891435835,28.32731456414215,85.5755894590846,70.40816326530613,78.7502476718843,2023-24
1630162,Anthony Edwards,Anthony,1610612750,MIN,22.0,79,54,25,0.684,2770.383333333333,108.5,378,0.131,0.191,101,0.224,42,0.115,948.0,715.0,765.0,2666.0,12.02,12.016411569321075,30,18,311,67,8,117,40,230,249,12,175,90,371,569,544,551,544,2,78,238,138,100,160,0,17,40,32,40,72,0.444,0.556,3,14,15,11,17,0.176,0.824,0.882,0.647,1630162,Anthony Edwards,0.2970302267002519,0.1339571788413098,5524.8,14.859437751004014,28.941176470588236,80.4597701149425,36.18812939384311,9.710550887021476,18.83408071748879,15.184668785301863,52.17391304347826,61.71875,0.0,42.471127717391305,70.07040242180473,71.16700002695363,70.61870122437918,37.86407766990291,6.122448979591836,23.58034475926293,2023-24
1641709,Ausar Thompson,Ausar,1610612765,DET,21.0,63,10,53,0.159,1582.805,113.1,273,0.173,0.252,68,0.318,59,0.331,617.0,436.0,484.0,1658.0,4.88,4.875751776783851,191,403,555,535,176,305,87,117,131,74,45,48,109,429,389,404,399,148,63,302,173,129,130,2,28,64,33,20,53,0.623,0.377,7,17,24,17,24,0.292,0.708,1.0,0.708,1641709,Ausar Thompson,0.294189701897019,0.12740921409214093,3271.8,21.686746987951807,88.23529411764706,54.022988505747136,53.06279886279397,12.978524743230627,31.838565022421523,24.294548910745164,39.130434782608695,35.9375,5.263157894736842,29.546088386727686,71.82062004111074,76.1113545922457,73.96598731667822,23.300970873786408,7.653061224489796,16.259411531602932,2023-24
1630559,Austin Reaves,Austin,1610612747,LAL,26.0,82,47,35,0.573,2628.95,115.6,295,0.107,0.157,66,0.175,25,0.082,908.0,772.0,891.0,2788.0,6.06,6.058093213138984,2,45,461,222,17,435,73,342,356,82,330,175,438,560,561,570,559,98,82,428,246,182,106,8,22,47,38,42,80,0.475,0.525,2,48,49,13,50,0.04,0.96,0.98,0.26,1630559,Austin Reaves,0.3561455525606469,0.1642830188679245,5393.7,8.032128514056225,21.764705882352942,39.655172413793125,20.7442915678943,19.794584500466854,55.60538116591929,41.28106249973831,28.695652173913043,34.375,21.052631578947366,28.77266876430206,33.64590622514363,48.26802128688923,40.95696375601643,26.352288488210817,23.46938775510204,25.05498315831187,2023-24
1630245,Ayo Dosunmu,Ayo,1610612741,CHI,24.0,76,37,39,0.487,2212.4683333333332,114.9,162,0.072,0.108,68,0.199,36,0.158,715.0,635.0,611.0,2106.0,5.6,5.59522104813157,61,139,497,329,68,401,203,512,510,74,256,122,291,494,507,480,473,120,76,384,217,167,101,0,10,21,25,36,61,0.41,0.59,1,18,19,6,19,0.053,0.947,1.0,0.316,1630245,Ayo Dosunmu,0.31490106951871655,0.15912566844919784,4367.6,12.449799196787147,61.882352941176464,43.67816091954018,37.558283438011664,17.086834733893557,48.87892376681614,36.162088153647105,26.521739130434785,35.9375,0.0,23.186820652173914,59.05910481330425,52.16232586311328,55.61071533820876,7.905686546463246,8.16326530612245,8.021596988309888,2023-24
1628389,Bam Adebayo,Bam,1610612748,MIA,26.0,71,40,31,0.563,2416.4733333333334,109.3,578,0.242,0.349,81,0.2,66,0.373,746.0,677.0,667.0,2268.0,9.93,9.9276592318447,118,110,406,241,39,142,10,23,31,29,243,36,81,516,529,512,494,11,71,476,316,160,157,2,244,573,33,30,63,0.524,0.476,22,198,204,102,220,0.1,0.9,0.976,0.488,1628389,Bam Adebayo,0.2988370786516854,0.1267050561797753,4759.3,24.497991967871485,52.352941176470594,75.86206896551724,47.088243440292615,26.330532212885156,45.73991031390135,37.97615907349487,50.8695652173913,46.09375,5.263157894736842,37.79642806064073,68.95709261466025,76.64306276754299,72.80007769110162,65.60332871012483,100.0,81.08183079056866,2023-24
1631097,Bennedict Mathurin,Bennedict,1610612754,IND,22.0,59,33,26,0.559,1538.39,117.9,174,0.113,0.178,35,0.139,14,0.084,582.0,532.0,457.0,1972.0,2.56,2.562727178994302,225,173,332,252,179,499,193,312,282,239,447,267,436,412,446,391,444,280,59,182,107,75,53,0,17,36,18,15,33,0.545,0.455,3,25,28,9,28,0.107,0.893,1.0,0.321,1631097,Bennedict Mathurin,0.3621732026143791,0.12276470588235294,3210.7,3.614457831325301,69.76470588235294,26.436781609195357,32.47262559365249,6.816059757236228,7.623318385650224,7.300414934284626,5.6521739130434785,10.15625,0.0,5.815557065217391,29.931909672448224,79.61841308298003,54.77516137771413,9.57004160887656,11.73469387755102,10.544135129780067,2023-24
1641731,Bilal Coulibaly,Bilal,1610612764,WAS,19.0,63,11,52,0.175,1715.25,118.4,200,0.116,0.188,57,0.191,48,0.257,625.0,632.0,554.0,2182.0,2.59,2.5889603122960265,191,392,551,529,156,509,161,299,254,115,279,64,153,436,502,443,485,278,63,248,159,89,111,2,30,67,13,26,39,0.333,0.667,2,16,18,11,18,0.111,0.889,1.0,0.611,1641731,Bilal Coulibaly,0.31732102272727275,0.12973863636363636,3572.8,17.269076305220885,57.41176470588235,23.563218390804558,32.89255276684831,11.671335200746965,13.901345291479823,13.00934125518668,30.869565217391305,27.34375,5.263157894736842,23.233928060640732,57.56802656653428,74.35241267918434,65.96021962285931,13.176144244105409,7.142857142857142,10.46116504854369,2023-24
1626171,Bobby Portis Jr.,Bobby,1610612749,MIL,29.0,82,49,33,0.598,2008.1666666666667,116.0,465,0.228,0.34,68,0.231,34,0.179,563.0,577.0,536.0,2178.0,4.38,4.376075256705451,2,29,437,177,104,452,20,39,36,74,161,132,254,405,472,423,484,170,82,399,266,133,135,0,115,265,20,25,45,0.444,0.556,48,52,96,73,100,0.48,0.52,0.96,0.73,1626171,Bobby Portis Jr.,0.37140211640211646,0.11467460317460318,4090.3,11.646586345381527,57.647058823529406,37.35632183908045,34.17418558615802,21.66199813258637,33.6322869955157,28.844171450343968,41.30434782608695,35.9375,0.0,29.09986413043478,24.245422619080447,85.72723281384698,54.98632771646371,49.930651872399444,25.510204081632654,38.94145036655439,2023-24
203992,Bogdan Bogdanović,Bogdan,1610612737,ATL,31.0,79,35,44,0.443,2401.4083333333333,114.4,219,0.092,0.134,96,0.249,26,0.125,785.0,611.0,780.0,2496.0,6.37,6.374076032241108,30,155,528,364,43,373,135,428,445,17,124,173,352,531,491,555,525,88,79,508,227,281,183,0,43,109,19,21,40,0.475,0.525,2,49,48,17,51,0.039,0.961,0.96,0.34,203992,Bogdan Bogdanović,0.3755374331550802,0.22820588235294118,4894.9,8.433734939759036,38.94117647058823,46.55172413793099,28.640836775092243,18.020541549953315,100.0,67.20821661998133,62.17391304347826,57.8125,0.0,45.103940217391305,21.697406057418707,0.0,10.848703028709354,15.811373092926493,23.97959183673469,19.487071527640182,2023-24
203078,Bradley Beal,Bradley,1610612756,PHX,31.0,53,33,20,0.623,1766.7333333333333,113.2,178,0.099,0.146,52,0.184,27,0.141,677.0,509.0,566.0,1850.0,5.35,5.349930079113684,278,173,237,135,147,308,188,389,396,135,305,170,320,474,430,451,427,128,53,228,104,124,104,6,21,45,21,15,36,0.583,0.417,1,9,9,4,10,0.1,0.9,1.0,0.444,203078,Bradley Beal,0.35593247588424437,0.2129742765273312,3574.6,8.835341365461847,76.94117647058823,53.448275862068925,43.825617276407854,6.535947712418301,29.596412556053814,20.37222661859961,27.82608695652174,23.4375,15.789473684210526,23.280928203661325,33.77719553931487,11.50135388406649,22.63927471169068,10.124826629680998,3.571428571428571,7.175797503467406,2023-24
1641764,Brandin Podziemski,Brandin,1610612744,GSW,21.0,74,41,33,0.554,1968.2533333333333,111.6,309,0.149,0.215,61,0.216,14,0.074,684.0,587.0,576.0,1972.0,6.78,6.776200901479317,87,97,437,262,109,242,65,171,191,103,201,267,452,480,477,459,444,77,72,237,126,111,117,38,60,155,21,29,50,0.42,0.58,5,44,46,14,49,0.102,0.898,0.939,0.286,1641764,Brandin Podziemski,0.3459217877094972,0.15481843575418994,3957.5,3.614457831325301,69.76470588235294,62.64367816091955,41.52434973158354,8.590102707749766,23.766816143497756,17.69613076919856,33.47826086956522,30.46875,100.0,49.055366847826086,39.94538065950092,55.4147083140177,47.680044486759314,28.29403606102635,21.428571428571427,25.204576976421635,2023-24
1627742,Brandon Ingram,Brandon,1610612740,NOP,26.0,64,38,26,0.594,2102.68,112.6,281,0.133,0.189,50,0.149,40,0.188,689.0,555.0,611.0,2058.0,6.65,6.65305550425539,185,124,332,181,84,289,82,220,253,148,422,102,238,482,459,480,467,79,64,337,166,171,100,1,29,71,20,19,39,0.513,0.487,1,17,18,8,18,0.056,0.944,1.0,0.444,1627742,Brandon Ingram,0.33364264264264265,0.15887987987987987,4159.0,14.056224899598394,64.70588235294117,56.89655172413794,42.49368671440325,12.324929971988796,50.672645739910315,35.33355943274171,26.08695652173913,21.875,2.631578947368421,18.74892734553776,47.51129806376482,52.34792030067622,49.92960918222052,24.410540915395284,7.653061224489796,16.869675054487814,2023-24
1641706,Brandon Miller,Brandon,1610612766,CHA,21.0,74,18,56,0.243,2382.963333333333,119.1,255,0.112,0.166,66,0.193,42,0.189,851.0,704.0,654.0,2710.0,3.17,3.1652605428336114,87,316,563,491,44,521,96,315,325,82,270,90,235,549,538,504,550,236,74,413,221,192,126,11,38,89,23,26,49,0.469,0.531,1,28,29,12,29,0.034,0.966,1.0,0.414,1641706,Brandon Miller,0.36329213483146067,0.15454775280898875,4767.8,14.859437751004014,26.35294117647059,19.540229885057496,20.052361983430686,17.46031746031746,60.0896860986547,43.037938643319805,37.391304347826086,34.375,28.947368421052634,34.224613844393595,29.24246845408026,55.619100443041006,42.43078444856063,20.804438280166433,13.26530612244898,17.41182880919358,2023-24
201572,Brook Lopez,Brook,1610612749,MIL,36.0,79,48,31,0.608,2411.1516666666666,111.9,292,0.11,0.157,43,0.147,189,0.659,774.0,685.0,757.0,2594.0,8.21,8.20748412202689,30,36,406,160,41,252,76,325,355,183,428,3,12,523,532,548,538,34,79,1234,1105,129,107,0,243,564,17,23,40,0.425,0.575,33,123,152,76,156,0.212,0.788,0.974,0.487,201572,Brook Lopez,0.3704494382022472,0.17860674157303372,4994.2,73.89558232931726,33.1764705882353,60.91954022988501,56.39988269508051,100.0,31.838565022421523,59.10313901345292,29.130434782608695,16.40625,0.0,17.394361413043477,24.832424770599136,37.452208059126576,31.142316414862854,25.93619972260749,61.73469387755102,42.04552209233208,2023-24
1628971,Bruce Brown,Bruce,1610612761,TOR,27.0,67,26,41,0.388,1865.3666666666666,121.4,231,0.126,0.193,59,0.2,17,0.081,714.0,645.0,556.0,2340.0,1.26,1.2586037455771395,166,241,507,398,131,549,123,254,244,108,243,240,440,491,516,444,510,375,67,268,128,140,115,0,21,43,19,12,31,0.613,0.387,4,20,23,14,24,0.167,0.833,1.0,0.609,1628971,Bruce Brown,0.35427761194029855,0.15652835820895522,3896.3,4.819277108433735,48.11764705882353,6.321839080459736,20.349347084076662,8.776844070961717,36.771300448430495,25.573517897442983,32.608695652173914,28.90625,0.0,23.160665760869566,34.79685642344153,54.12354942428983,44.46020292386568,17.475728155339805,9.183673469387756,13.744303546661385,2023-24
1627741,Buddy Hield,Buddy,1610612755,PHI,31.0,84,46,38,0.548,2159.8883333333333,115.7,208,0.098,0.151,70,0.21,42,0.153,725.0,632.0,645.0,2516.0,5.07,5.071425770913552,1,52,488,266,72,439,150,393,379,66,215,90,300,503,502,499,530,138,83,388,257,131,137,0,42,90,25,28,53,0.472,0.528,1,17,18,7,18,0.056,0.944,1.0,0.389,1627741,Buddy Hield,0.3880450704225352,0.15710140845070422,4394.2,14.859437751004014,37.76470588235294,39.08045977011491,28.93153710175386,20.821661998132587,32.73542600896861,27.969920404634202,42.173913043478265,37.5,0.0,29.994565217391308,13.990700910372292,53.690840378430494,33.840770644401395,14.285714285714285,7.653061224489796,11.301020408163266,2023-24
203468,CJ McCollum,CJ,1610612740,NOP,32.0,66,42,24,0.636,2158.536666666667,112.2,247,0.116,0.164,62,0.173,41,0.192,655.0,550.0,594.0,2116.0,7.06,7.059631679172989,170,88,282,108,73,272,101,296,334,100,339,98,228,456,456,469,475,69,66,316,152,164,97,1,19,39,31,27,58,0.534,0.466,0,29,27,15,29,0.0,1.0,0.931,0.517,203468,CJ McCollum,0.3530594900849858,0.14762606232294617,4282.0,14.457831325301203,61.29411764705882,59.19540229885054,42.0349242813037,11.017740429505135,47.53363228699551,32.927275543999365,24.782608695652176,31.25,2.631578947368421,21.508438215102977,35.54741432429265,60.84565453506588,48.19653442967927,19.694868238557557,13.77551020408163,17.031157123043393,2023-24
1630595,Cade Cunningham,Cade,1610612765,DET,22.0,62,9,53,0.145,2074.225,117.8,235,0.115,0.163,56,0.203,22,0.106,865.0,557.0,589.0,2302.0,3.52,3.517130623627761,200,412,555,541,90,495,115,303,337,119,237,193,389,551,462,464,499,215,62,339,184,155,102,1,12,25,22,15,37,0.595,0.405,1,30,30,9,31,0.032,0.968,0.968,0.29,1630595,Cade Cunningham,0.3513813813813814,0.15404504504504504,4250.8,6.827309236947792,50.35294117647059,27.011494252873568,27.107326669762216,14.005602240896359,43.49775784753363,31.70089560487872,26.956521739130434,26.5625,2.631578947368421,20.73737843249428,36.581397698356625,55.9986940301901,46.29004586427337,18.030513176144243,14.285714285714285,16.345353675450763,2023-24
1628997,Caleb Martin,Caleb,1610612748,MIA,28.0,64,36,28,0.563,1756.5533333333333,111.1,207,0.119,0.174,47,0.186,29,0.25,540.0,483.0,447.0,1588.0,6.27,6.267510293263833,185,146,361,243,151,217,153,284,296,162,297,155,162,393,415,385,386,91,64,223,117,106,86,9,28,68,13,14,27,0.481,0.519,1,31,31,9,32,0.031,0.969,1.0,0.29,1628997,Caleb Martin,0.30950308641975305,0.13043518518518518,3425.4,9.63855421686747,92.3529411764706,65.51724137931035,52.558261443339276,7.749766573295985,21.524663677130047,16.014704835596422,20.0,19.53125,23.684210526315788,20.756990131578945,62.385125806949226,73.82645011253936,68.10578795974429,14.147018030513175,14.795918367346939,14.43902318208837,2023-24
1630560,Cam Thomas,Cam,1610612751,BKN,22.0,66,23,43,0.348,2074.85,116.7,186,0.089,0.135,45,0.16,16,0.072,674.0,597.0,742.0,2176.0,4.22,4.21839907177792,170,270,525,425,88,470,176,439,440,173,392,248,457,468,484,544,483,176,65,263,122,141,63,0,16,37,16,16,32,0.5,0.5,0,22,21,3,22,0.0,1.0,0.955,0.136,1630560,Cam Thomas,0.3372301369863014,0.16276986301369864,4090.6,4.417670682730924,57.76470588235294,33.3333333333333,30.318048665249222,8.216619981325863,37.219730941704036,25.618486557552764,10.0,17.96875,0.0,10.2890625,45.300827730153976,49.41060212573534,47.35571492794466,11.234396671289876,10.204081632653061,10.77075490390331,2023-24
1629661,Cameron Johnson,Cameron,1610612751,BKN,28.0,58,21,37,0.362,1599.0383333333334,114.9,196,0.124,0.184,49,0.224,15,0.085,456.0,478.0,505.0,1588.0,4.02,4.017234248365293,232,289,475,416,173,400,165,262,268,154,176,258,434,363,409,414,386,192,57,217,108,109,92,2,19,43,13,18,31,0.419,0.581,5,37,40,11,42,0.119,0.881,0.952,0.262,1629661,Cameron Johnson,0.31519148936170216,0.14010942249240121,3105.6,4.016064257028113,92.3529411764706,43.67816091954018,44.84949534446099,6.909430438842204,22.869955156950674,16.485745269707284,22.608695652173914,21.09375,5.263157894736842,17.742080234553775,58.88015973751721,66.52145363989895,62.700806688708084,12.62135922330097,17.857142857142858,14.977461858529821,2023-24
1627747,Caris LeVert,Caris,1610612739,CLE,29.0,68,38,30,0.559,1958.0833333333333,111.2,241,0.121,0.182,76,0.256,34,0.166,662.0,556.0,571.0,1890.0,7.11,7.113917870603481,148,124,395,253,111,225,111,276,271,42,109,132,279,460,460,456,435,63,68,262,137,125,146,0,16,40,17,21,38,0.447,0.553,0,24,22,10,24,0.0,1.0,0.917,0.417,1627747,Caris LeVert,0.28332386363636364,0.15563352272727274,3939.0,11.646586345381527,74.58823529411764,64.94252873563214,47.000149075001815,9.617180205415501,30.04484304932735,21.87377791176261,46.08695652173913,42.1875,0.0,33.20040760869565,78.51571439504265,54.799237835655155,66.6574761153489,18.8626907073509,11.224489795918368,15.425500297206263,2023-24
1641717,Cason Wallace,Cason,1610612760,OKC,20.0,82,57,25,0.695,1691.9216666666666,110.0,135,0.077,0.121,76,0.224,37,0.163,558.0,546.0,400.0,1740.0,6.65,6.650455514399713,2,4,311,60,160,169,245,497,482,42,177,117,281,401,454,368,410,79,82,304,137,167,161,0,43,99,14,26,40,0.35,0.65,1,16,16,5,17,0.059,0.941,0.941,0.294,1641717,Cason Wallace,0.2809263959390863,0.12200761421319796,3486.5,12.851405622489958,83.41176470588235,71.83908045977009,52.29445001099733,9.617180205415501,48.87892376681614,33.174226342255885,52.60869565217391,42.1875,0.0,35.80910326086956,79.99293797031861,80.19009142795068,80.09151469913465,4.160887656033287,7.142857142857142,5.502773925104022,2023-24
1631096,Chet Holmgren,Chet,1610612760,OKC,22.0,82,57,25,0.695,2412.7966666666666,109.2,519,0.198,0.307,53,0.133,190,0.509,674.0,817.0,608.0,2320.0,10.16,10.164850508551593,2,4,311,60,40,137,15,77,62,129,463,2,36,468,566,477,504,7,82,951,778,173,96,4,176,368,23,20,43,0.535,0.465,15,151,158,81,166,0.09,0.91,0.975,0.5,1631096,Chet Holmgren,0.3309265091863517,0.14544356955380577,5003.4,74.29718875502009,49.29411764705882,76.43678160919536,66.08101208077746,69.46778711484593,51.569506726457405,58.72881888181281,24.347826086956523,24.21875,10.526315789473683,20.84727188215103,49.18487071702115,62.49365028644588,55.83926050173351,57.42024965325936,76.0204081632653,65.79032098276204,2023-24
101108,Chris Paul,Chris,1610612744,GSW,39.0,58,33,25,0.569,1530.89,111.0,207,0.126,0.193,70,0.293,6,0.046,509.0,475.0,403.0,1508.0,5.5,5.501598025095671,232,173,311,229,181,213,153,249,245,66,68,370,489,385,407,370,379,121,58,117,34,83,115,2,37,97,13,28,41,0.317,0.683,0,20,20,9,20,0.0,1.0,1.0,0.45,101108,Chris Paul,0.3506303630363036,0.14326402640264027,3054.4,0.4016064257028112,97.05882352941177,66.09195402298849,50.654219311322365,0.0,11.210762331838566,6.72645739910314,32.608695652173914,37.5,5.263157894736842,27.484267734553775,37.04414512393136,64.13941878742689,50.591781955679124,14.147018030513175,9.183673469387756,11.913512978006738,2023-24
1631128,Christian Braun,Christian,1610612743,DEN,23.0,82,57,25,0.695,1655.565,109.3,227,0.126,0.195,42,0.171,35,0.158,559.0,515.0,394.0,1642.0,6.92,6.921282045154422,2,4,311,60,167,141,131,256,238,194,343,128,292,403,434,365,393,74,82,277,176,101,65,3,20,47,19,21,40,0.475,0.525,8,26,34,18,34,0.235,0.765,1.0,0.529,1631128,Christian Braun,0.26503076923076924,0.1099974358974359,3284.6,12.048192771084338,89.17647058823529,75.86206896551724,54.99655905569539,13.258636788048554,19.282511210762333,16.87296144167682,10.869565217391305,15.625,7.894736842105263,11.790260297482838,89.78718652014418,89.25895209844332,89.52306930929375,16.920943134535367,12.244897959183673,14.816722805627105,2023-24
203991,Clint Capela,Clint,1610612737,ATL,30.0,73,33,40,0.452,1883.0866666666666,115.6,441,0.232,0.335,43,0.15,106,0.564,623.0,522.0,688.0,2078.0,4.41,4.406737329963749,99,173,501,356,128,433,26,35,40,183,421,11,22,434,440,524,469,167,73,626,511,115,86,14,229,523,33,18,51,0.647,0.353,54,122,173,123,176,0.307,0.693,0.989,0.703,203991,Clint Capela,0.31465361445783135,0.1412921686746988,3874.8,40.562248995983936,63.52941176470588,39.655172413793125,48.373986819488906,44.537815126050425,25.56053811659193,33.15144892037533,20.0,16.40625,36.84210526315789,22.952713815789473,59.211576711122134,65.62836445722321,62.419970584172674,46.601941747572816,61.224489795918366,53.18208836932831,2023-24
1629632,Coby White,Coby,1610612741,CHI,24.0,79,37,42,0.468,2881.3566666666666,115.8,314,0.11,0.162,53,0.125,18,0.068,910.0,825.0,776.0,2728.0,6.54,6.539104101284248,30,139,515,346,3,441,62,330,338,129,475,228,463,562,569,553,554,82,79,489,214,275,88,10,29,60,29,43,72,0.403,0.597,0,19,19,9,19,0.0,1.0,1.0,0.474,1629632,Coby White,0.4107513513513514,0.19323243243243243,5665.7,5.220883534136546,25.294117647058822,38.50574712643679,20.567731371734403,16.80672268907563,97.30941704035875,65.1083392998455,20.869565217391305,24.21875,26.31578947368421,23.403335955377575,0.0,26.408379306017103,13.204189653008552,28.9875173370319,8.673469387755102,19.84619575985734,2023-24
1630175,Cole Anthony,Cole,1610612753,ORL,24.0,81,47,34,0.58,1817.3116666666667,110.0,247,0.14,0.214,64,0.214,37,0.18,620.0,469.0,508.0,1764.0,7.09,7.088806177573689,18,45,446,207,139,168,101,195,193,90,206,117,251,431,401,416,411,64,78,207,109,98,125,1,12,28,25,26,51,0.49,0.51,2,9,11,4,11,0.182,0.818,1.0,0.364,1630175,Cole Anthony,0.3084892473118279,0.1335967741935484,3556.5,12.851405622489958,82.0,71.83908045977009,51.8003323639385,7.002801120448179,17.937219730941703,13.563452286744294,36.95652173913043,32.8125,2.631578947368421,26.92487843249428,63.009812860486825,71.4391408269996,67.22447684374322,19.694868238557557,3.571428571428571,12.439320388349515,2023-24
1629012,Collin Sexton,Collin,1610612762,UTA,25.0,78,29,49,0.372,2074.7633333333333,120.4,134,0.064,0.096,62,0.207,18,0.08,833.0,580.0,795.0,2222.0,1.95,1.9548675273818683,43,213,543,411,89,539,246,526,530,100,224,228,444,546,474,558,490,317,78,169,75,94,130,1,44,110,36,25,61,0.59,0.41,1,6,7,1,7,0.143,0.857,1.0,0.143,1629012,Collin Sexton,0.31046965699208445,0.16816358839050133,4287.4,5.220883534136546,55.05882352941176,12.068965517241342,24.37618302825907,3.828197945845005,16.143497757847534,11.217377833046521,39.130434782608695,31.25,2.631578947368421,27.247568649885583,61.78956373191586,45.337811310221085,53.56368752106847,4.0221914008321775,2.0408163265306123,3.1305726173964734,2023-24
1630557,Corey Kispert,Corey,1610612764,WAS,25.0,80,15,65,0.188,2067.435,119.4,195,0.091,0.141,42,0.134,16,0.085,801.0,696.0,643.0,2482.0,2.53,2.5337991368326573,23,347,572,517,91,529,168,434,418,194,459,248,432,536,536,498,523,283,80,359,216,143,67,2,27,62,14,14,28,0.5,0.5,0,37,34,5,37,0.0,1.0,0.919,0.135,1630557,Corey Kispert,0.35409018567639255,0.1594323607427056,4323.2,4.417670682730924,39.76470588235294,17.81609195402295,20.138738320421638,16.99346405228758,38.11659192825112,29.667340777865704,11.73913043478261,15.625,5.263157894736842,11.480191647597254,34.912340980744325,51.930743150066846,43.42154206540559,12.482662968099861,17.857142857142858,14.901178918169212,2023-24
1626156,D'Angelo Russell,D'Angelo,1610612747,LAL,28.0,76,46,30,0.605,2484.1283333333336,113.9,208,0.079,0.116,69,0.181,36,0.12,783.0,792.0,809.0,2718.0,7.0,7.000926453568801,61,52,395,161,33,344,150,490,494,70,317,122,365,530,562,560,552,71,74,215,93,122,166,2,34,80,16,25,41,0.39,0.61,0,34,34,11,34,0.0,1.0,1.0,0.324,1626156,D'Angelo Russell,0.38406868131868127,0.17345054945054947,5120.9,12.449799196787147,25.882352941176475,49.42528735632179,26.395065047207073,5.508870214752568,28.699551569506728,19.423279027605062,54.78260869565217,36.71875,5.263157894736842,36.08039545194509,16.440792619784805,41.34563800826671,28.89321531402576,14.285714285714285,16.3265306122449,15.204081632653061,2023-24
203081,Damian Lillard,Damian,1610612749,MIL,33.0,73,48,25,0.658,2578.4283333333333,112.4,284,0.102,0.147,72,0.207,18,0.064,811.0,719.0,789.0,2786.0,8.39,8.393187232285443,99,36,311,91,25,282,78,377,393,58,225,228,470,539,546,557,558,27,71,196,68,128,180,5,10,24,24,28,52,0.462,0.538,0,11,11,6,11,0.0,1.0,1.0,0.545,203081,Damian Lillard,0.32884873949579835,0.13777310924369748,5358.5,5.220883534136546,21.88235294117647,58.0459770114942,24.258671195939932,3.1746031746031744,31.390134529147986,20.10392198733006,60.86956521739131,39.0625,13.157894736842104,41.30917477116706,50.46510918461965,68.28559891552017,59.37535405006991,24.826629680998614,4.591836734693878,15.720972855161484,2023-24
1629655,Daniel Gafford,Daniel,1610612742,DAL,25.0,74,30,44,0.405,1814.355,116.0,367,0.186,0.293,65,0.228,153,0.577,577.0,641.0,580.0,2010.0,4.07,4.070588352219041,87,201,528,383,141,451,42,93,76,87,167,7,19,408,512,460,457,188,74,653,533,120,115,5,277,613,21,24,45,0.467,0.533,48,119,159,84,167,0.287,0.713,0.964,0.509,1629655,Daniel Gafford,0.34550154798761606,0.15328173374613002,3816.8,59.43775100401606,67.52941176470588,37.35632183908045,56.74947497902359,46.591970121381884,27.802690582959645,35.318402398328544,32.608695652173914,33.59375,13.157894736842104,28.090764445080094,40.204315545312,56.575068804658535,48.38969217498527,36.33841886269071,59.693877551020414,46.84837527243908,2023-24
1629636,Darius Garland,Darius,1610612739,CLE,24.0,57,31,26,0.544,1900.4383333333333,111.4,122,0.064,0.096,74,0.243,7,0.04,691.0,538.0,541.0,1804.0,6.65,6.646641267499311,241,193,332,274,123,231,260,527,531,50,134,343,498,484,450,429,418,79,57,152,71,81,114,3,14,36,21,24,45,0.467,0.533,0,15,14,0,15,0.0,1.0,0.933,0.0,1629636,Darius Garland,0.3089006211180124,0.16972670807453416,3755.4,0.8032128514056224,79.64705882352942,63.793103448275815,44.1460315908665,3.454715219421102,10.31390134529148,7.570226894943329,32.17391304347826,40.625,7.894736842105263,29.06199942791762,62.756340796843645,44.15750288738992,53.456921842116785,2.3578363384188625,6.63265306122449,4.281503863681395,2023-24
1628368,De'Aaron Fox,De'Aaron,1610612758,SAC,26.0,74,42,32,0.568,2658.7633333333333,112.3,273,0.104,0.148,150,0.35,31,0.132,862.0,576.0,664.0,2678.0,8.78,8.775846429570326,87,88,425,232,14,278,87,364,391,1,20,145,342,550,471,507,546,20,74,306,109,197,270,3,28,71,32,38,70,0.457,0.543,0,15,15,8,15,0.0,1.0,1.0,0.533,1628368,De'Aaron Fox,0.3839810298102981,0.200029810298103,5447.4,10.441767068273093,28.235294117647058,58.620689655172406,28.714232182278806,7.002801120448179,62.33183856502242,40.200223587192724,100.0,100.0,7.894736842105263,76.97368421052632,16.49479996876356,21.275693415121104,18.88524669194233,23.300970873786408,6.63265306122449,15.800227858133546,2023-24
1629631,De'Andre Hunter,De'Andre,1610612737,ATL,26.0,57,26,31,0.456,1681.0933333333332,117.9,191,0.116,0.175,40,0.149,16,0.1,583.0,486.0,564.0,1856.0,2.77,2.7703914667890044,241,241,406,353,165,498,171,293,294,210,423,248,400,413,418,450,429,263,57,268,117,151,77,3,36,87,15,8,23,0.652,0.348,2,26,26,6,28,0.071,0.929,0.929,0.214,1629631,De'Andre Hunter,0.33518902439024395,0.12431707317073172,3449.3,4.417670682730924,76.58823529411765,26.436781609195357,35.18214602833238,7.749766573295985,41.70403587443946,28.12232815398207,16.08695652173913,14.0625,7.894736842105263,13.330341819221967,46.55847956425916,78.4462237717471,62.50235166800313,11.927877947295423,12.244897959183673,12.070536952645135,2023-24
201942,DeMar DeRozan,DeMar,1610612741,CHI,34.0,79,37,42,0.468,2988.568333333333,114.6,297,0.101,0.15,90,0.195,45,0.154,930.0,829.0,784.0,2804.0,7.84,7.839976612906228,30,139,515,346,1,384,70,383,386,19,267,79,297,566,572,556,562,40,78,320,129,191,137,5,15,33,26,23,49,0.531,0.469,0,50,49,11,50,0.0,1.0,1.0,0.224,201942,DeMar DeRozan,0.35655968169761276,0.16080636604774537,5894.8,16.06425702811245,20.823529411764703,45.40229885057473,25.064512818006307,8.870214752567694,59.64125560538116,39.332839264255774,42.173913043478265,53.125,13.157894736842104,38.75278890160184,33.390736437025346,50.89323460154095,42.141985519283146,26.629680998613036,24.489795918367346,25.666732712502476,2023-24
1629028,Deandre Ayton,Deandre,1610612757,POR,25.0,55,14,41,0.255,1783.4983333333332,115.3,433,0.25,0.374,56,0.2,42,0.275,714.0,496.0,607.0,1994.0,4.27,4.267539672645798,258,361,507,472,143,422,28,20,17,119,243,90,142,491,423,475,451,175,55,476,344,132,87,0,210,473,24,21,45,0.533,0.467,26,46,70,51,72,0.361,0.639,0.972,0.708,1629028,Deandre Ayton,0.3437903225806452,0.1602741935483871,3547.2,14.859437751004014,68.47058823529412,41.379310344827594,40.253308568961444,28.944911297852478,33.18385650224215,31.48827842048628,20.434782608695652,26.5625,0.0,17.47078804347826,41.25870410564978,51.29507694912826,46.276890527389014,45.49237170596394,22.448979591836736,35.1228452546067,2023-24
1627749,Dejounte Murray,Dejounte,1610612737,ATL,27.0,78,34,44,0.436,2783.3433333333332,119.5,354,0.13,0.191,111,0.262,24,0.094,981.0,809.0,977.0,3158.0,3.3,3.303399620994278,43,165,528,368,7,531,46,236,250,6,103,183,414,570,565,572,572,227,78,280,135,145,235,0,12,30,26,33,59,0.441,0.559,0,19,19,9,19,0.0,1.0,1.0,0.474,1627749,Dejounte Murray,0.35707506702412867,0.15339142091152816,5734.5,7.630522088353414,0.0,17.241379310344822,7.362553662927572,9.430438842203548,39.01345291479821,27.180247285760345,84.78260869565217,69.53125,0.0,58.24898097826087,33.073176640267626,56.4922442541661,44.782710447216864,34.535367545076284,8.673469387755102,22.897513374281754,2023-24
1630166,Deni Avdija,Deni,1610612764,WAS,23.0,75,14,61,0.187,2256.6433333333334,116.2,456,0.192,0.293,59,0.169,36,0.163,831.0,768.0,712.0,2792.0,4.92,4.915426201943857,76,361,569,519,59,457,23,83,78,108,353,122,282,544,560,535,560,147,75,469,304,165,96,0,20,48,25,21,46,0.543,0.457,7,34,41,23,41,0.171,0.829,1.0,0.561,1630166,Deni Avdija,0.3692794520547945,0.16767671232876713,4774.1,12.449799196787147,21.529411764705884,36.206896551724114,21.566937934292945,25.210084033613445,47.98206278026906,38.87327128160682,24.347826086956523,28.90625,0.0,19.85631793478261,25.55332337612619,45.705450411954565,35.62938689404038,48.68238557558946,16.3265306122449,34.12225084208441,2023-24
203471,Dennis Schröder,Dennis,1610612751,BKN,30.0,80,30,50,0.375,2485.945,115.4,203,0.082,0.121,63,0.183,17,0.071,778.0,722.0,740.0,2644.0,5.92,5.923448082468043,23,201,544,407,32,426,157,477,483,94,307,240,459,526,547,543,542,104,79,267,137,130,107,3,25,56,28,39,67,0.418,0.582,1,21,19,0,22,0.045,0.955,0.95,0.0,203471,Dennis Schröder,0.33740374331550804,0.12112566844919787,4929.9,4.819277108433735,30.23529411764706,40.80459770114938,22.71121320983731,9.617180205415501,32.28699551569507,23.21906939158324,29.130434782608695,32.03125,7.894736842105263,24.83679562356979,45.19385846311758,80.85604684029882,63.0249526517082,13.592233009708737,9.693877551020408,11.83797305329899,2023-24
1627884,Derrick Jones Jr.,Derrick,1610612742,DAL,27.0,76,47,29,0.618,1782.8566666666666,112.3,168,0.089,0.135,53,0.202,51,0.244,578.0,515.0,600.0,1894.0,5.87,5.869689983892832,61,45,381,141,144,274,196,442,439,129,239,58,176,409,434,473,437,108,76,270,157,113,122,1,50,118,30,15,45,0.667,0.333,3,30,31,12,33,0.091,0.909,0.969,0.375,1627884,Derrick Jones Jr.,0.29042241379310346,0.11262068965517241,3674.9,18.473895582329316,74.3529411764706,58.620689655172406,48.068260058489535,11.484593837535014,24.663677130044842,19.39204381304091,35.65217391304348,24.21875,2.631578947368421,23.395326802059497,74.14187208896135,87.27813864115794,80.71000536505964,8.737864077669903,14.285714285714285,11.234396671289876,2023-24
1628401,Derrick White,Derrick,1610612738,BOS,29.0,73,58,15,0.795,2380.985,109.9,259,0.1,0.146,74,0.224,87,0.255,624.0,686.0,625.0,2374.0,9.49,9.49401446367376,99,3,168,20,45,163,94,388,401,50,174,16,154,435,533,492,512,15,73,480,300,180,153,7,41,100,14,24,38,0.368,0.632,2,21,21,5,23,0.087,0.913,0.955,0.227,1628401,Derrick White,0.32543296089385476,0.14185474860335195,4808.0,32.93172690763052,46.11764705882353,72.41379310344823,47.4173155095025,24.836601307189543,54.7085201793722,42.759752630499136,49.130434782608695,40.625,18.421052631578945,38.47618707093821,52.569775155487385,65.20356152300903,58.8866683392482,21.35922330097087,9.693877551020408,16.109817713493165,2023-24
1626164,Devin Booker,Devin,1610612756,PHX,27.0,68,43,25,0.632,2446.6566666666668,113.5,252,0.098,0.146,61,0.165,28,0.098,883.0,712.0,697.0,2474.0,7.14,7.144852037269934,148,79,311,118,35,323,97,397,398,103,374,160,407,555,541,525,521,62,68,288,164,124,104,1,17,37,35,34,69,0.507,0.493,2,31,31,9,33,0.061,0.939,0.939,0.273,1626164,Devin Booker,0.3554404761904762,0.1784136904761905,4957.6,9.236947791164658,40.23529411764706,51.72413793103446,30.70816654040095,12.138188608776844,29.596412556053814,22.613122977143025,27.82608695652174,30.46875,2.631578947368421,22.4523920194508,34.080346045779784,37.59798054089392,35.83916329333685,20.388349514563107,14.795918367346939,17.87175549831583,2023-24
1630170,Devin Vassell,Devin,1610612759,SAS,23.0,68,17,51,0.25,2247.7433333333333,114.6,234,0.102,0.15,73,0.203,23,0.078,919.0,661.0,684.0,2684.0,5.88,5.880814922534297,148,331,548,474,60,382,118,378,385,56,236,188,446,565,522,519,548,106,68,194,107,87,142,0,14,37,14,25,39,0.359,0.641,1,18,18,11,19,0.053,0.947,0.947,0.579,1630170,Devin Vassell,0.3649044776119403,0.1569223880597015,4686.0,7.228915662650602,27.88235294117647,45.40229885057473,24.00096450711569,6.816059757236228,13.004484304932735,10.529114485854132,44.34782608695652,39.84375,0.0,31.68444293478261,28.249007407887504,53.82601830339521,41.03751285564135,17.891816920943135,8.16326530612245,13.513968694273826,2023-24
1628415,Dillon Brooks,Dillon,1610612745,HOU,28.0,72,36,36,0.5,2226.7383333333332,113.6,193,0.084,0.127,64,0.187,10,0.05,720.0,657.0,502.0,2238.0,6.4,6.402931185431638,108,146,469,300,63,332,170,463,466,90,293,308,485,497,520,412,491,87,72,339,148,191,103,0,33,82,12,17,29,0.414,0.586,5,35,35,15,40,0.125,0.875,0.946,0.405,1628415,Dillon Brooks,0.35234571428571426,0.1986885714285714,4527.9,2.0080321285140563,54.11764705882353,51.149425287356344,32.53174564383294,10.644257703081232,59.64125560538116,40.04245644446119,27.391304347826086,32.8125,0.0,22.440896739130437,35.98721438472426,22.288460096334127,29.137837240529194,12.205270457697642,16.83673469387755,14.289429363978602,2023-24
1627734,Domantas Sabonis,Domantas,1610612758,SAC,28.0,82,46,36,0.561,2928.0216666666665,115.2,826,0.295,0.413,74,0.155,48,0.216,984.0,623.0,718.0,3004.0,7.08,7.079628121011225,2,52,469,248,2,417,1,7,7,50,407,64,203,571,497,536,570,65,82,643,497,146,159,2,488,1157,43,29,72,0.597,0.403,85,134,215,160,219,0.388,0.612,0.982,0.731,1627734,Domantas Sabonis,0.3620972972972973,0.1564054054054054,5936.6,17.269076305220885,9.058823529411764,41.95402298850572,20.5667245045089,43.23062558356676,39.46188340807175,40.96938027826975,51.73913043478261,40.625,5.263157894736842,36.23019164759726,29.978679488787925,54.216390830564066,42.097535159676,100.0,67.3469387755102,85.3061224489796,2023-24
1628378,Donovan Mitchell,Donovan,1610612739,CLE,27.0,55,36,19,0.655,1942.65,108.6,234,0.116,0.17,101,0.304,30,0.147,649.0,532.0,563.0,1880.0,8.47,8.46790509076532,258,146,226,95,114,120,118,295,314,12,56,148,310,453,446,449,434,23,54,163,65,98,168,0,5,11,25,31,56,0.446,0.554,0,25,23,13,25,0.0,1.0,0.92,0.52,1628378,Donovan Mitchell,0.33747666666666665,0.16082000000000002,3920.7,10.040160642570282,75.17647058823529,79.88505747126437,50.299093330726556,2.8944911297852474,17.937219730941703,11.92012829047912,55.65217391304348,61.71875,0.0,43.86243206521739,45.148926014750515,50.88293963254592,48.015932823648214,17.891816920943135,11.73469387755102,15.121111551416684,2023-24
1628978,Donte DiVincenzo,Donte,1610612752,NYK,27.0,81,50,31,0.617,2360.3933333333334,114.2,234,0.102,0.151,107,0.279,36,0.173,743.0,619.0,687.0,2326.0,6.43,6.426895474929367,18,28,406,147,48,366,118,373,382,9,79,122,259,514,496,523,506,85,80,264,113,151,241,1,18,43,24,32,56,0.429,0.571,1,17,18,10,18,0.056,0.944,1.0,0.556,1628978,Donte DiVincenzo,0.34788617886178863,0.1471788617886179,4649.8,12.449799196787147,48.94117647058824,47.701149425287326,34.034618799742574,7.376283846872083,41.70403587443946,27.97293506341251,87.39130434782608,66.40625,2.631578947368421,58.85660397597253,38.73500150631198,61.18333472856231,49.959168117437144,17.891816920943135,7.653061224489796,13.284376857539133,2023-24
1627827,Dorian Finney-Smith,Dorian,1610612751,BKN,31.0,68,28,40,0.412,1934.5933333333332,113.2,208,0.107,0.159,56,0.208,38,0.193,588.0,544.0,571.0,1978.0,5.81,5.8112817064840545,148,221,501,375,116,313,150,346,347,119,220,108,226,418,452,456,447,110,68,354,231,123,111,0,62,143,16,21,37,0.432,0.568,11,45,54,22,56,0.196,0.804,0.982,0.4,1627827,Dorian Finney-Smith,0.32308035714285716,0.13967857142857143,3796.1,13.253012048192772,69.41176470588235,53.448275862068925,42.95739143185316,18.39402427637722,29.14798206278027,24.84639894821905,30.869565217391305,26.5625,0.0,21.644701086956523,54.019355363889375,66.84678838222146,60.43307187305542,14.285714285714285,21.93877551020408,17.729591836734695,2023-24
1629130,Duncan Robinson,Duncan,1610612748,MIA,30.0,68,38,30,0.559,1905.4483333333333,111.0,158,0.084,0.121,46,0.159,16,0.108,617.0,515.0,521.0,1816.0,6.94,6.944851329762306,148,124,395,253,121,214,209,462,479,168,393,248,386,429,434,420,419,72,67,223,115,108,94,3,35,74,10,19,29,0.345,0.655,0,28,24,5,28,0.0,1.0,0.889,0.185,1629130,Duncan Robinson,0.3034431818181818,0.14107386363636365,3757.6,4.417670682730924,78.94117647058823,66.09195402298849,45.91946854354537,7.563025210084033,22.421524663677133,16.478124882239893,23.47826086956522,18.75,7.894736842105263,17.927488558352405,66.1189963202122,65.79320613769433,65.95610122895326,7.350901525658807,13.26530612244898,10.012383594214384,2023-24
201569,Eric Gordon,Eric,1610612756,PHX,35.0,68,41,27,0.603,1892.63,112.2,106,0.052,0.08,66,0.221,30,0.118,736.0,587.0,552.0,1978.0,6.3,6.295118601529222,148,97,344,167,125,268,284,542,541,82,187,148,368,508,477,440,447,90,68,132,65,67,99,0,15,33,13,22,35,0.371,0.629,0,15,15,5,15,0.0,1.0,1.0,0.333,201569,Eric Gordon,0.2711037463976945,0.11229106628242076,3847.4,10.040160642570282,69.41176470588235,59.19540229885054,43.10903247879956,2.8944911297852474,4.0358744394618835,3.5793211155912292,25.65217391304348,34.375,0.0,22.29211956521739,86.04526121567287,87.52703656445516,86.78614889006401,0.13869625520110956,6.63265306122449,3.0609768179116306,2023-24
1630596,Evan Mobley,Evan,1610612739,CLE,23.0,50,29,21,0.58,1532.35,110.1,357,0.221,0.328,45,0.186,72,0.45,552.0,441.0,461.0,1458.0,6.11,6.1119272835210205,291,213,253,208,180,172,44,46,46,173,295,28,54,400,392,393,374,96,50,515,367,148,111,0,105,247,16,18,34,0.471,0.529,11,75,83,56,86,0.128,0.872,0.988,0.667,1630596,Evan Mobley,0.32719727891156464,0.15031632653061225,3117.0,26.907630522088354,100.0,71.26436781609196,63.57914416285833,31.092436974789916,40.35874439461883,36.65222142668726,30.869565217391305,17.96875,0.0,18.636888586956523,51.48267305479798,58.81424162639011,55.14845734059404,34.95145631067961,37.244897959183675,35.983505052506445,2023-24
1630532,Franz Wagner,Franz,1610612753,ORL,22.0,72,44,28,0.611,2337.4166666666665,108.2,309,0.137,0.196,76,0.19,28,0.113,729.0,540.0,703.0,2240.0,10.38,10.383759762402683,108,72,361,158,51,113,65,211,233,42,280,160,373,504,451,529,492,3,72,346,186,160,143,4,17,39,26,30,56,0.464,0.536,0,37,37,12,37,0.0,1.0,1.0,0.324,1630532,Franz Wagner,0.32348169014084505,0.18568450704225353,4658.9,9.236947791164658,54.0,82.18390804597698,43.1407561279601,14.19234360410831,45.73991031390135,33.12088362998413,44.78260869565218,42.1875,10.526315789473683,35.310247425629285,53.77207004411753,32.10780207186994,42.939936057993734,28.29403606102635,17.857142857142858,23.59743411927878,2023-24
1627832,Fred VanVleet,Fred,1610612745,HOU,30.0,73,38,35,0.521,2684.4266666666667,111.6,245,0.089,0.132,101,0.239,59,0.237,800.0,733.0,573.0,2658.0,9.2,9.204764051829807,99,124,461,295,13,240,106,440,456,12,146,48,183,535,550,458,543,17,73,282,121,161,224,0,55,132,18,29,47,0.383,0.617,0,45,44,10,45,0.0,1.0,0.978,0.222,1627832,Fred VanVleet,0.3448448753462604,0.15589473684210525,5365.4,21.686746987951807,29.411764705882355,62.64367816091955,34.629735982469434,8.123249299719888,46.18834080717489,30.962304204192886,80.0,61.71875,0.0,53.6015625,40.608930926846,54.60199560075235,47.60546326379918,19.41747572815534,21.93877551020408,20.552060630077275,2023-24
1629018,Gary Trent Jr.,Gary,1610612761,TOR,25.0,71,24,47,0.338,1993.5983333333334,118.2,163,0.083,0.128,77,0.243,10,0.053,683.0,665.0,591.0,2324.0,3.12,3.1241254851419566,118,257,534,431,106,505,202,470,460,38,136,308,482,479,526,467,505,240,69,106,39,67,146,1,11,23,16,26,42,0.381,0.619,0,14,14,5,14,0.0,1.0,1.0,0.357,1629018,Gary Trent Jr.,0.301366391184573,0.11786225895316804,4054.3,2.0080321285140563,49.05882352941177,24.712643678160894,24.151962006239962,0.4668534080298786,4.0358744394618835,2.6082660268890816,46.08695652173913,42.96875,2.631578947368421,34.13173984553775,67.39863153213321,83.32024056433505,75.35943604823413,8.044382801664355,6.122448979591836,7.179512581731722,2023-24
1627777,Georges Niang,Georges,1610612739,CLE,31.0,82,48,34,0.585,1831.125,113.9,256,0.138,0.206,30,0.121,18,0.102,656.0,522.0,558.0,1798.0,5.17,5.165737638537656,2,36,446,199,134,343,95,208,212,263,484,228,399,457,440,446,416,133,82,306,170,136,72,3,71,169,15,13,28,0.536,0.464,0,60,59,24,60,0.0,1.0,0.983,0.4,1627777,Georges Niang,0.35196791443850267,0.1626283422459893,3648.8,5.220883534136546,80.0,49.42528735632179,42.44467525273507,12.698412698412698,34.97757847533632,26.06591216456687,13.91304347826087,6.25,7.894736842105263,9.726401601830663,36.21999951950227,49.51746416313347,42.86873184131787,20.943134535367545,29.591836734693878,24.835050525064396,2023-24
203507,Giannis Antetokounmpo,Giannis,1610612749,MIL,29.0,73,45,28,0.616,2567.2433333333333,113.2,645,0.237,0.343,87,0.239,79,0.285,772.0,692.0,653.0,2704.0,7.8,7.798067533981302,99,66,361,150,26,311,5,29,33,23,145,22,134,522,535,503,549,41,73,472,263,209,159,1,150,364,37,25,62,0.597,0.403,33,37,66,50,70,0.471,0.529,0.943,0.714,203507,Giannis Antetokounmpo,0.3296831955922865,0.15690358126721765,5323.0,29.71887550200803,26.705882352941174,53.448275862068925,34.59667798984985,21.38188608776844,67.71300448430493,49.180557125690335,51.73913043478261,50.78125,2.631578947368421,39.12698441075515,49.950950758349755,53.840219273290124,51.89558501581994,74.89597780859917,17.857142857142858,49.22850208044383,2023-24
1629684,Grant Williams,Grant,1610612766,CHA,25.0,76,34,42,0.447,2129.56,116.6,232,0.11,0.168,44,0.146,39,0.2,715.0,641.0,674.0,2384.0,4.41,4.405657570204109,61,165,515,358,76,468,121,326,317,179,431,104,219,494,512,516,513,167,76,383,248,135,77,12,144,333,23,13,36,0.639,0.361,28,125,139,55,153,0.183,0.817,0.933,0.369,1629684,Grant Williams,0.3503050847457627,0.1613276836158192,4296.2,13.654618473895583,45.529411764705884,33.90804597701151,29.87415300145817,19.981325863678805,34.52914798206278,28.71001913470919,16.08695652173913,17.1875,31.57894736842105,20.345144450800916,37.24456857900363,50.499588789993176,43.872078684498405,17.614424410540916,62.755102040816325,37.92772934416485,2023-24
1628960,Grayson Allen,Grayson,1610612756,PHX,28.0,75,45,30,0.6,2513.3,113.9,247,0.094,0.14,69,0.185,45,0.153,945.0,734.0,732.0,2668.0,7.05,7.053034473610221,76,66,395,170,29,347,101,419,423,70,300,79,299,568,551,540,545,70,75,391,216,175,158,1,52,114,26,34,60,0.433,0.567,0,27,25,10,27,0.0,1.0,0.962,0.385,1628960,Grayson Allen,0.3163703703703704,0.1403960113960114,5102.8,16.06425702811245,28.823529411764703,49.42528735632179,28.870259944443074,16.99346405228758,52.46636771300448,38.27720624871772,51.30434782608696,36.71875,2.631578947368421,34.031196367276884,58.15378047475278,66.3050509547582,62.22941571475549,19.694868238557557,12.755102040816327,16.571973449574003,2023-24
203084,Harrison Barnes,Harrison,1610612758,SAC,32.0,82,46,36,0.561,2380.87,115.7,182,0.079,0.111,54,0.141,12,0.072,794.0,503.0,585.0,2502.0,5.45,5.450834503972525,2,52,469,248,46,440,180,488,506,126,446,286,455,534,427,462,526,124,82,431,272,159,101,0,43,102,20,14,34,0.588,0.412,7,53,58,23,60,0.117,0.883,0.967,0.383,203084,Harrison Barnes,0.31868888888888885,0.18871111111111114,4876.6,2.8112449799196786,38.588235294117645,39.08045977011491,24.400495287437774,22.22222222222222,45.2914798206278,36.06377678126557,26.521739130434785,25.0,0.0,19.358695652173914,56.72520222147376,29.822419633443243,43.2738109274585,10.679611650485436,26.02040816326531,17.58297008123638,2023-24
1630529,Herbert Jones,Herbert,1610612740,NOP,25.0,76,46,30,0.605,2321.4283333333333,111.0,198,0.084,0.121,105,0.263,62,0.253,722.0,587.0,617.0,2218.0,8.44,8.443877138929361,61,52,395,161,54,210,163,460,478,11,99,38,159,499,477,487,488,24,76,463,206,257,195,12,43,106,22,29,51,0.431,0.569,1,62,59,19,63,0.016,0.984,0.952,0.306,1630529,Herbert Jones,0.28243396226415096,0.13537196765498652,4634.6,22.89156626506024,55.294117647058826,66.09195402298849,45.032556188241806,16.059757236227824,89.23766816143498,59.96650379135212,67.3913043478261,64.84375,31.57894736842105,57.5465710812357,79.06403597960285,70.09869593586724,74.58136595773504,12.89875173370319,30.612244897959183,20.869823657618387,2023-24
1630193,Immanuel Quickley,Immanuel,1610612761,TOR,25.0,68,28,40,0.412,1985.3366666666666,114.2,242,0.12,0.178,50,0.161,10,0.055,603.0,562.0,540.0,2056.0,5.38,5.376615085581129,148,221,501,375,108,365,110,281,281,148,383,308,480,424,463,427,466,126,68,302,131,171,88,0,23,50,17,22,39,0.436,0.564,0,22,22,5,22,0.0,1.0,1.0,0.227,1630193,Immanuel Quickley,0.35671676300578037,0.1563670520231214,4040.0,2.0080321285140563,64.8235294117647,47.701149425287326,35.416735501845096,9.056956115779645,50.672645739910315,34.026369890258046,20.869565217391305,21.875,0.0,16.00407608695652,33.29394922611782,54.24535138976903,43.76965030794342,19.00138696255201,10.204081632653061,15.042599564097484,2023-24
1630171,Isaac Okoro,Isaac,1610612739,CLE,23.0,69,41,28,0.594,1887.0566666666666,110.7,139,0.072,0.106,57,0.202,34,0.18,682.0,474.0,545.0,1848.0,7.07,7.069182679887259,138,97,361,180,127,199,236,513,511,115,240,132,252,478,406,433,426,67,69,283,196,87,106,6,27,67,22,18,40,0.55,0.45,2,38,39,4,40,0.05,0.95,0.975,0.1,1630171,Isaac Okoro,0.29942492012779554,0.15034824281150158,3780.6,11.646586345381527,77.05882352941177,67.81609195402295,48.58324576195247,15.126050420168067,13.004484304932735,13.853110751026868,28.695652173913043,27.34375,15.789473684210526,24.99594179061785,68.59488824042779,58.790141709062006,63.692514974744896,4.715672676837725,18.367346938775512,10.85892609470973,2023-24
1628392,Isaiah Hartenstein,Isaiah,1610612752,NYK,26.0,75,47,28,0.627,1896.3483333333334,110.3,382,0.201,0.29,87,0.279,85,0.491,551.0,471.0,547.0,1830.0,7.37,7.369643499024459,76,45,361,126,124,178,38,69,84,23,80,17,47,398,404,437,423,58,75,553,461,92,146,0,264,623,28,28,56,0.5,0.5,68,114,175,120,182,0.374,0.626,0.978,0.67,1628392,Isaiah Hartenstein,0.32350700280112044,0.11703921568627451,3758.7,32.1285140562249,78.11764705882352,70.11494252873563,57.7213177252621,39.869281045751634,15.246636771300448,25.095694481080923,46.08695652173913,50.78125,0.0,36.208220108695656,53.7564733966406,83.9417188236086,68.8490961101246,38.41886269070735,57.14285714285714,46.84466019417476,2023-24
1627826,Ivica Zubac,Ivica,1610612746,LAC,27.0,68,42,26,0.618,1794.4483333333333,112.4,430,0.235,0.336,22,0.077,83,0.474,558.0,481.0,506.0,1692.0,5.71,5.708293878474778,148,88,332,142,142,279,29,32,39,306,531,19,49,401,413,415,402,115,68,669,525,144,40,0,218,509,24,12,36,0.667,0.333,41,93,132,76,135,0.304,0.689,0.985,0.567,1627826,Ivica Zubac,0.36014106583072103,0.17211912225705328,3545.7,31.32530120481928,86.23529411764706,58.0459770114942,57.22396767597773,45.84500466853408,38.56502242152467,41.477015320328434,0.0,0.0,0.0,0.0,31.1840309704387,42.350995913309255,36.76751344187398,45.07628294036061,46.42857142857143,45.684812760055486,2023-24
1631095,Jabari Smith Jr.,Jabari,1610612745,HOU,21.0,76,39,37,0.513,2423.845,113.8,477,0.191,0.285,52,0.149,61,0.288,722.0,710.0,560.0,2454.0,6.81,6.806786464717232,61,117,475,296,37,342,18,85,89,135,425,40,128,499,540,448,519,76,76,538,329,209,129,0,51,124,27,23,50,0.54,0.46,22,63,81,55,85,0.259,0.741,0.976,0.663,1631095,Jabari Smith Jr.,0.3398898071625344,0.16063360881542701,4858.9,22.48995983935743,41.411764705882355,50.0,35.9901015828018,27.54435107376284,67.71300448430493,51.6455431200881,38.69565217391304,23.4375,0.0,23.68138586956522,43.66204548868659,51.023683228407634,47.34286435854711,51.59500693481276,31.122448979591837,42.38235585496334,2023-24
1631133,Jabari Walker,Jabari,1610612757,POR,21.0,72,18,54,0.25,1700.5733333333333,116.5,357,0.222,0.349,42,0.162,22,0.141,674.0,511.0,620.0,1916.0,3.49,3.4894817261243,108,316,558,474,158,466,44,42,30,194,382,193,321,468,432,489,438,217,72,225,134,91,76,4,79,180,13,17,30,0.433,0.567,12,22,34,17,34,0.353,0.647,1.0,0.5,1631133,Jabari Walker,0.3057955182072829,0.09952380952380953,3372.8,6.827309236947792,73.05882352941177,34.482758620689644,36.922201585245645,9.337068160597573,14.798206278026907,12.613751031055173,15.65217391304348,15.625,10.526315789473683,14.361198512585814,64.66958084950285,97.16756559276244,80.91857322113265,34.95145631067961,10.204081632653061,23.815137705567665,2023-24
1631093,Jaden Ivey,Jaden,1610612765,DET,22.0,77,14,63,0.182,2217.4766666666665,117.7,178,0.081,0.114,57,0.206,41,0.19,908.0,635.0,657.0,2544.0,3.85,3.851712656380213,54,361,570,523,67,492,188,482,500,115,227,98,233,560,507,505,533,199,77,309,188,121,102,1,21,48,42,20,62,0.677,0.323,6,32,38,15,38,0.158,0.842,1.0,0.395,1631093,Jaden Ivey,0.3144863523573201,0.14209429280397023,4587.9,14.457831325301203,36.11764705882353,27.5862068965517,25.320860724846643,14.37908496732026,28.251121076233183,22.702306632668016,26.956521739130434,27.34375,2.631578947368421,21.01081593249428,59.314636918525984,65.02268219526577,62.168659556895875,10.124826629680998,15.306122448979592,12.456409748365365,2023-24
1630183,Jaden McDaniels,Jaden,1610612750,MIN,23.0,72,48,24,0.667,2105.4533333333334,110.4,168,0.078,0.115,63,0.192,42,0.173,712.0,572.0,567.0,2020.0,7.93,7.929057692452316,108,36,282,76,83,183,196,493,498,94,274,90,260,489,468,453,458,38,71,374,233,141,140,0,13,33,20,25,45,0.444,0.556,1,22,21,5,23,0.043,0.957,0.913,0.217,1630183,Jaden McDaniels,0.27487430167597765,0.12879888268156425,4166.4,14.859437751004014,66.94117647058823,69.54022988505741,46.75824433637184,18.58076563958917,37.219730941704036,29.76414482085809,43.47826086956522,32.03125,0.0,28.60224184782609,83.72199606582892,75.06201873025434,79.39200739804163,8.737864077669903,10.204081632653061,9.397661977412325,2023-24
1631170,Jaime Jaquez Jr.,Jaime,1610612748,MIA,23.0,75,44,31,0.587,2113.195,110.4,203,0.094,0.138,77,0.242,20,0.129,684.0,595.0,552.0,2038.0,8.12,8.1190959302373,76,72,406,195,80,182,157,414,429,38,138,209,347,480,482,440,459,37,75,355,220,135,140,1,23,57,21,24,45,0.467,0.533,4,49,50,15,53,0.075,0.925,0.962,0.288,1631170,Jaime Jaquez Jr.,0.37567307692307694,0.16707417582417583,4202.0,6.024096385542169,65.88235294117646,69.54022988505741,42.85351955489298,17.366946778711483,34.52914798206278,27.66426750072226,43.47826086956522,42.96875,2.631578947368421,33.08826158466819,21.613827800180204,46.16042447356802,33.887126136874116,13.592233009708737,23.97959183673469,18.26654448187042,2023-24
1628973,Jalen Brunson,Jalen,1610612752,NYK,27.0,77,49,28,0.636,2726.3033333333333,112.6,235,0.088,0.128,70,0.161,13,0.058,793.0,714.0,819.0,2720.0,8.67,8.67496120821845,54,29,361,108,10,287,115,446,463,66,383,277,476,533,543,563,553,22,77,281,113,168,112,35,13,28,28,30,58,0.483,0.517,2,20,22,7,22,0.091,0.909,1.0,0.318,1628973,Jalen Brunson,0.3535573770491804,0.16585792349726777,5338.7,3.2128514056224895,25.76470588235294,56.89655172413794,24.52692555210701,7.376283846872083,49.327354260089685,32.54692609480264,31.30434782608696,37.5,92.10526315789474,48.673054919908466,35.24063631757914,47.07881407636151,41.15972519697033,18.030513176144243,9.183673469387756,14.049435308103824,2023-24
1631105,Jalen Duren,Jalen,1610612765,DET,20.0,61,13,48,0.213,1777.4816666666666,117.0,517,0.285,0.398,33,0.15,47,0.26,737.0,481.0,514.0,1994.0,3.44,3.4400190492808727,206,377,539,507,146,477,16,9,10,250,418,68,150,509,413,418,451,222,61,486,329,157,71,0,286,633,28,21,49,0.571,0.429,48,89,133,105,137,0.35,0.65,0.971,0.766,1631105,Jalen Duren,0.3341406727828746,0.1670611620795107,3660.0,16.867469879518072,68.47058823529412,31.60919540229884,38.613992684734875,27.54435107376284,44.39461883408072,37.65451172995357,13.478260869565217,8.59375,0.0,8.399116847826086,47.20443183771132,46.17025112510197,46.68734148140665,57.14285714285714,44.38775510204081,51.4030612244898,2023-24
1630224,Jalen Green,Jalen,1610612745,HOU,22.0,82,41,41,0.5,2601.3816666666667,113.8,382,0.143,0.211,66,0.171,28,0.126,791.0,760.0,646.0,2680.0,7.33,7.3305158903869785,2,97,507,300,21,341,38,186,200,82,343,160,350,532,557,500,547,59,82,331,182,149,124,3,10,21,19,18,37,0.514,0.486,2,17,18,5,19,0.105,0.895,0.947,0.263,1630224,Jalen Green,0.3593945945945946,0.1414972972972973,5246.4,9.236947791164658,28.11764705882353,50.0,26.035955587054097,13.818860877684408,40.80717488789238,30.01184928380919,36.52173913043478,34.375,7.894736842105263,28.61362986270023,31.643976649591593,65.47347226087385,48.55872445523272,38.41886269070735,7.653061224489796,24.574252030909452,2023-24
1630552,Jalen Johnson,Jalen,1610612737,ATL,22.0,56,27,29,0.482,1888.8666666666666,115.2,414,0.211,0.312,67,0.22,47,0.24,627.0,531.0,705.0,2048.0,4.7,4.702836494767353,252,231,381,333,126,415,34,56,56,80,188,68,181,437,445,530,463,158,56,364,222,142,116,3,77,183,15,15,30,0.5,0.5,4,28,31,19,32,0.125,0.875,0.969,0.594,1630552,Jalen Johnson,0.34363608562691134,0.1346544342507645,3970.4,16.867469879518072,65.29411764705883,41.95402298850572,40.088434875404246,17.553688141923434,37.66816143497758,29.62237211775592,33.04347826086956,35.15625,7.894736842105263,27.495763014874143,41.353738739273055,70.64050391725031,55.997121328261684,42.857142857142854,13.26530612244898,29.540816326530614,2023-24
1630591,Jalen Suggs,Jalen,1610612753,ORL,23.0,75,43,32,0.573,2024.59,110.8,181,0.095,0.134,106,0.299,47,0.225,733.0,489.0,621.0,1996.0,7.63,7.634000308652061,76,79,425,221,101,204,183,412,446,10,63,68,191,506,420,490,453,47,75,292,167,125,190,7,22,50,24,39,63,0.381,0.619,4,4,8,4,8,0.5,0.5,1.0,0.5,1630591,Jalen Suggs,0.2967521613832853,0.11279827089337176,4079.3,16.867469879518072,68.35294117647058,67.24137931034481,47.48086219115814,12.418300653594772,30.04484304932735,22.994226091034317,65.21739130434783,65.625,18.421052631578945,53.660969679633865,70.24173513346385,87.14404741748227,78.69289127547306,10.540915395284326,1.0204081632653061,6.256687140875768,2023-24
1631114,Jalen Williams,Jalen,1610612760,OKC,23.0,71,51,20,0.718,2223.5983333333334,108.9,245,0.102,0.158,80,0.205,45,0.138,632.0,718.0,567.0,2190.0,9.56,9.559032182845755,118,26,237,45,64,125,106,376,354,32,232,79,326,442,545,453,486,14,71,282,164,118,195,1,20,46,22,29,51,0.431,0.569,4,48,49,26,52,0.077,0.923,0.942,0.5,1631114,Jalen Williams,0.2974714714714715,0.10935735735735735,4635.6,16.06425702811245,56.94117647058824,78.16091954022983,45.89534446100832,12.138188608776844,26.905829596412556,20.998773201358272,67.3913043478261,45.3125,2.631578947368421,43.47379147597254,69.7985250658541,89.74227407298274,79.77039956941842,19.41747572815534,23.46938775510204,21.240836140281356,2023-24
1627750,Jamal Murray,Jamal,1610612743,DEN,27.0,59,44,15,0.746,1861.37,112.4,200,0.105,0.156,57,0.204,39,0.163,635.0,545.0,566.0,2042.0,5.98,5.982164275885012,225,72,168,37,132,283,161,363,359,115,235,104,280,443,453,451,461,101,59,328,166,162,108,1,17,39,17,21,38,0.447,0.553,4,9,13,5,13,0.308,0.692,1.0,0.385,1627750,Jamal Murray,0.31519631901840495,0.13541717791411043,3623.7,13.654618473895583,65.64705882352942,58.0459770114942,42.94981223066708,12.324929971988796,46.63677130044843,32.912034769064576,29.565217391304348,27.34375,2.631578947368421,22.054294193363848,58.877183896487125,70.06455776321967,64.4708708298534,13.176144244105409,3.571428571428571,8.854022191400832,2023-24
201935,James Harden,James,1610612746,LAC,34.0,72,46,26,0.639,2469.6683333333335,115.2,335,0.134,0.201,77,0.191,57,0.221,757.0,675.0,706.0,2506.0,5.88,5.880917216526617,108,52,332,107,34,418,52,216,221,38,278,53,198,520,528,531,527,106,72,320,142,178,137,0,15,33,21,31,52,0.404,0.596,0,44,43,25,44,0.0,1.0,0.977,0.568,201935,James Harden,0.3663651685393258,0.15982865168539326,4883.4,20.883534136546185,38.35294117647059,41.95402298850572,32.26544881350961,10.084033613445378,53.81165919282511,36.32060896107322,42.173913043478265,42.96875,0.0,31.908627717391305,27.34898815983837,51.63150468334933,39.49024642159385,31.900138696255205,21.428571428571427,27.187933425797507,2023-24
1628991,Jaren Jackson Jr.,Jaren,1610612763,MEM,24.0,66,22,44,0.333,2124.18,113.9,280,0.132,0.201,80,0.222,106,0.371,749.0,636.0,668.0,2074.0,6.0,5.995549882671909,170,276,528,432,77,345,83,224,222,32,180,11,82,518,509,514,468,100,66,549,406,143,180,2,113,277,30,22,52,0.577,0.423,7,55,58,26,62,0.113,0.887,0.951,0.426,1628991,Jaren Jackson Jr.,0.33164285714285713,0.13521739130434782,4309.6,40.562248995983936,63.76470588235294,49.42528735632179,50.89886849629755,34.73389355742297,38.11659192825112,36.76351257991986,60.86956521739131,45.3125,5.263157894736842,41.522990560640736,48.743485796318225,70.21541621678563,59.479451006551926,24.271844660194176,27.040816326530614,25.517881910045574,2023-24
1628386,Jarrett Allen,Jarrett,1610612739,CLE,26.0,77,46,31,0.597,2442.0616666666665,110.7,568,0.231,0.336,53,0.135,81,0.363,883.0,642.0,725.0,2388.0,9.16,9.161889773223102,54,52,406,179,36,200,11,36,38,129,458,20,91,555,515,539,514,18,77,738,582,156,124,0,312,743,36,18,54,0.667,0.333,21,134,148,88,155,0.135,0.865,0.974,0.579,1628386,Jarrett Allen,0.316558988764045,0.12056460674157303,4894.5,30.522088353413658,45.294117647058826,67.81609195402295,45.01579950634179,51.16713352007469,43.946188340807176,46.83456641251418,36.52173913043478,24.21875,0.0,23.085258152173914,58.03756137483198,81.27970336897171,69.65863237190185,64.21636615811373,67.3469387755102,65.62512383594215,2023-24
1627759,Jaylen Brown,Jaylen,1610612738,BOS,27.0,70,52,18,0.743,2342.5216666666665,111.6,303,0.119,0.175,83,0.255,37,0.11,663.0,690.0,669.0,2334.0,8.25,8.252060239995155,128,25,215,38,50,239,68,285,292,27,111,117,382,461,534,515,508,33,70,291,142,149,125,1,17,42,40,34,74,0.541,0.459,9,52,58,31,61,0.148,0.852,0.983,0.525,1627759,Jaylen Brown,0.3011785714285714,0.16061011904761907,4752.9,12.851405622489958,48.470588235294116,62.64367816091955,37.766187671578805,10.084033613445378,40.80717488789238,28.517918378113578,36.95652173913043,47.65625,2.631578947368421,32.120190932494275,67.51435854350574,51.04142030323131,59.27788942336852,27.461858529819693,25.510204081632654,26.58361402813553,2023-24
1628369,Jayson Tatum,Jayson,1610612738,BOS,26.0,74,57,17,0.77,2645.213333333333,110.5,534,0.187,0.275,75,0.201,43,0.123,708.0,766.0,698.0,2636.0,9.97,9.96708367668554,87,4,199,29,16,190,14,91,97,47,242,88,361,488,558,526,541,10,74,274,138,136,146,0,35,89,24,23,47,0.511,0.489,3,37,39,24,40,0.075,0.925,1.0,0.615,1628369,Jayson Tatum,0.333328729281768,0.16482320441988949,5284.4,15.261044176706829,30.705882352941178,68.96551724137929,34.09285580455696,9.710550887021476,34.97757847533632,24.870767440010383,46.08695652173913,41.40625,0.0,32.92697010869565,47.7047189043479,47.860128299942126,47.782423602145016,59.500693481276,17.857142857142858,40.761095700416085,2023-24
203924,Jerami Grant,Jerami,1610612757,POR,30.0,54,17,37,0.315,1830.1866666666667,117.5,154,0.087,0.137,45,0.164,34,0.193,671.0,548.0,622.0,2132.0,3.26,3.2600288978726657,271,331,475,448,135,487,214,451,430,173,376,132,224,466,455,491,478,230,54,207,114,93,93,4,15,34,13,17,30,0.433,0.567,0,39,36,5,39,0.0,1.0,0.947,0.132,203924,Jerami Grant,0.30910932475884245,0.13765916398713826,3656.6,11.646586345381527,60.35294117647059,28.735632183908038,32.966071995894325,7.469654528478058,15.695067264573993,12.40490217013562,23.043478260869566,17.96875,10.526315789473683,18.138032751716246,62.627745972049894,68.37163874179345,65.49969235692167,6.796116504854369,18.877551020408163,12.232762036853575,2023-24
1631110,Jeremy Sochan,Jeremy,1610612759,SAS,21.0,74,18,56,0.243,2193.095,115.0,339,0.153,0.223,62,0.19,40,0.137,881.0,613.0,664.0,2562.0,5.41,5.4083863207837695,87,316,563,491,71,406,51,159,172,100,284,102,329,554,493,507,536,125,74,490,293,197,136,0,41,95,29,24,53,0.547,0.453,3,16,18,5,19,0.158,0.842,0.947,0.263,1631110,Jeremy Sochan,0.3436842105263158,0.16214619883040937,4558.6,14.056224899598394,35.05882352941177,43.10344827586206,28.668940264098993,24.18300653594771,62.33183856502242,47.07230575339254,41.73913043478261,31.25,0.0,27.633152173913043,41.324086103686426,49.88152965359761,45.60280787864202,32.45492371705964,7.142857142857142,21.06449375866852,2023-24
202710,Jimmy Butler III,Jimmy,1610612748,MIA,34.0,60,33,27,0.55,2042.0583333333334,110.5,213,0.106,0.153,79,0.237,17,0.113,663.0,570.0,569.0,1968.0,7.72,7.720631560515728,215,173,344,263,95,185,140,352,370,34,150,240,377,461,465,455,442,44,60,194,80,114,136,1,43,100,31,27,58,0.534,0.466,13,24,35,18,37,0.351,0.649,0.946,0.486,202710,Jimmy Butler III,0.309742946708464,0.17029153605015673,4030.4,4.819277108433735,70.0,68.96551724137929,43.669090153718315,4.295051353874883,25.112107623318387,16.785285115540987,41.73913043478261,44.53125,2.631578947368421,32.93948441075514,62.23733350357068,43.731002457584054,52.98416798057737,14.979195561719832,11.224489795918368,13.289577967109174,2023-24
1628381,John Collins,John,1610612762,UTA,26.0,68,27,41,0.397,1901.06,121.7,418,0.222,0.325,40,0.161,61,0.303,722.0,532.0,769.0,2106.0,1.07,1.0700970686573779,148,231,507,393,122,552,33,45,48,210,383,40,120,499,446,552,473,399,68,433,271,162,63,7,120,280,39,19,58,0.672,0.328,33,47,77,47,80,0.413,0.588,0.963,0.588,1628381,John Collins,0.32782890855457225,0.1699911504424779,3923.2,22.48995983935743,61.882352941176464,4.597701149425269,31.804232752511048,22.128851540616246,46.63677130044843,36.83360339651556,10.0,14.0625,18.421052631578945,13.527138157894736,51.093488165861366,43.95782300527614,47.52565558556876,43.41192787794729,22.95918367346939,34.208192985932236,2023-24
202685,Jonas Valanciunas,Jonas,1610612740,NOP,32.0,82,49,33,0.598,1924.8316666666667,113.4,535,0.272,0.382,33,0.11,68,0.337,597.0,499.0,552.0,1834.0,5.61,5.614921492092003,2,29,437,177,118,319,13,12,14,250,498,32,102,423,424,440,425,118,82,525,413,112,52,0,200,447,20,22,42,0.476,0.524,85,142,212,152,227,0.374,0.626,0.959,0.688,202685,Jonas Valanciunas,0.33724022346368715,0.12786871508379888,3804.3,25.301204819277107,77.88235294117646,52.298850574712596,50.45401810080075,35.3874883286648,24.2152466367713,28.6841433135287,5.217391304347826,8.59375,0.0,5.094769021739131,45.29461284675736,75.76438634899904,60.5294995978782,59.63938973647711,71.42857142857143,64.94452149791957,2023-24
1630228,Jonathan Kuminga,Jonathan,1610612744,GSW,21.0,74,40,34,0.541,1949.5133333333333,112.2,263,0.126,0.186,55,0.186,36,0.188,652.0,556.0,592.0,2050.0,6.48,6.483457199977078,87,110,446,275,113,273,91,250,258,124,294,122,237,454,460,468,464,84,74,362,219,143,92,1,45,115,25,28,53,0.472,0.528,10,36,43,18,46,0.217,0.783,0.956,0.4,1630228,Jonathan Kuminga,0.32703621169916436,0.16454038997214485,4008.8,12.449799196787147,65.17647058823529,59.19540229885054,42.59053495930985,17.273576097105508,38.11659192825112,29.779385595792874,22.608695652173914,25.78125,2.631578947368421,18.724810497711672,51.58191622025622,48.07368090130795,49.827798560782085,21.914008321775313,17.346938775510203,19.858827025956014,2023-24
203903,Jordan Clarkson,Jordan,1610612762,UTA,32.0,55,22,33,0.4,1682.3416666666667,119.7,139,0.083,0.123,35,0.163,6,0.031,672.0,501.0,637.0,1816.0,1.93,1.933540895615983,258,276,437,385,164,535,236,471,475,239,378,370,507,467,426,496,419,318,55,154,60,94,72,0,39,93,13,16,29,0.448,0.552,0,21,21,5,21,0.0,1.0,1.0,0.238,203903,Jordan Clarkson,0.33957272727272725,0.14916363636363636,3446.5,0.4016064257028112,78.94117647058823,16.09195402298848,31.81304284073412,2.427637721755369,16.143497757847534,10.657153743410667,13.91304347826087,10.15625,0.0,9.119904891304348,43.857417417576805,59.68463557439936,51.77102649598808,4.715672676837725,9.693877551020408,6.9558648702199335,2023-24
1629673,Jordan Poole,Jordan,1610612764,WAS,25.0,78,15,63,0.192,2345.555,119.5,180,0.074,0.115,86,0.242,25,0.098,814.0,817.0,752.0,2892.0,2.83,2.834273430293751,43,347,570,516,49,530,186,506,496,25,137,175,408,540,566,547,566,261,78,248,97,151,141,1,19,42,19,31,50,0.38,0.62,1,8,9,2,9,0.111,0.889,1.0,0.222,1629673,Jordan Poole,0.337574931880109,0.15207629427792915,4979.1,8.032128514056225,15.647058823529411,17.241379310344822,12.999666821443988,5.88235294117647,41.70403587443946,27.375362701134264,43.913043478260875,50.0,2.631578947368421,35.723112128146454,45.08837892579852,57.48529364032808,51.2868362830633,10.402219140083217,3.061224489795918,7.098771547453932,2023-24
1630581,Josh Giddey,Josh,1610612760,OKC,21.0,80,56,24,0.7,2011.5583333333334,111.5,403,0.19,0.29,52,0.158,44,0.149,592.0,663.0,546.0,2044.0,7.08,7.080604467176967,23,10,282,52,103,235,36,87,83,135,399,83,308,420,523,435,462,65,80,317,156,161,89,0,26,54,32,24,56,0.571,0.429,3,18,20,7,21,0.143,0.857,1.0,0.35,1630581,Josh Giddey,0.3435094339622642,0.13937466307277627,4160.5,15.66265060240964,65.52941176470588,63.21839080459768,45.004952059760335,11.391223155929039,46.18834080717489,32.269493746676545,21.304347826086957,23.4375,0.0,16.72486413043478,41.4317764225658,67.07626894969046,54.254022686128124,41.33148404993065,8.16326530612245,26.405785615216963,2023-24
1630182,Josh Green,Josh,1610612742,DAL,23.0,57,32,25,0.561,1504.72,118.8,144,0.096,0.144,47,0.216,9,0.065,526.0,472.0,495.0,1646.0,2.13,2.130571164154988,241,183,311,246,185,515,226,405,407,162,202,319,468,390,405,410,396,304,57,157,90,67,91,3,40,93,31,18,49,0.633,0.367,0,19,18,7,19,0.0,1.0,1.0,0.389,1630182,Josh Green,0.29419710144927536,0.13811304347826087,3100.7,1.6064257028112447,88.94117647058823,21.264367816091966,37.08807399985337,5.228758169934641,4.0358744394618835,4.513027931650987,22.17391304347826,19.53125,7.894736842105263,17.67918692791762,71.81606073336614,68.02891528191084,69.92248800763849,5.409153952843273,8.673469387755102,6.878095898553596,2023-24
1628404,Josh Hart,Josh,1610612752,NYK,29.0,81,49,32,0.605,2706.7716666666665,110.6,547,0.205,0.3,75,0.179,23,0.097,778.0,678.0,722.0,2584.0,10.06,10.05809220551949,18,29,425,163,11,196,12,64,65,47,323,188,409,526,530,537,537,9,81,363,148,215,150,6,67,160,40,40,80,0.5,0.5,5,17,21,14,22,0.227,0.773,0.955,0.636,1628404,Josh Hart,0.33120942408376963,0.17167277486910998,5259.2,7.228915662650602,33.76470588235294,68.39080459770116,31.80691447330906,10.644257703081232,70.4035874439462,46.499855547600205,47.82608695652174,41.40625,15.789473684210526,37.569990703661325,49.01054988811606,42.68803189774454,45.8492908929303,61.30374479889043,7.653061224489796,37.160937190410145,2023-24
201950,Jrue Holiday,Jrue,1610612738,BOS,34.0,69,53,16,0.768,2263.278333333333,110.9,289,0.117,0.172,61,0.197,53,0.176,629.0,664.0,610.0,2198.0,8.32,8.320456070276132,138,22,184,30,58,207,77,291,303,103,260,55,257,439,525,478,487,29,69,349,164,185,155,6,34,86,25,27,52,0.481,0.519,4,46,46,17,50,0.08,0.92,0.958,0.354,201950,Jrue Holiday,0.3245284090909091,0.16467613636363637,4536.9,19.27710843373494,56.470588235294116,66.6666666666666,44.142215922513564,12.138188608776844,56.95067264573991,39.02567903095468,50.0,30.46875,15.789473684210526,34.61143092105263,53.12712374870815,47.97117908338381,50.54915141604598,25.52011095700416,22.448979591836736,24.13810184267882,2023-24
203944,Julius Randle,Julius,1610612752,NYK,29.0,46,29,17,0.63,1630.095,113.8,324,0.198,0.286,25,0.099,12,0.09,540.0,406.0,539.0,1642.0,4.73,4.729512712774943,315,213,199,121,170,337,58,76,86,293,518,286,424,393,374,426,393,154,46,247,112,135,49,0,48,112,24,13,37,0.649,0.351,21,21,42,27,42,0.5,0.5,1.0,0.643,203944,Julius Randle,0.28574418604651164,0.13977740863787375,3260.5,2.8112449799196786,89.17647058823529,50.0,44.83626269785022,7.282913165266107,34.52914798206278,23.63065405534411,3.91304347826087,2.34375,0.0,2.385529891304348,77.02440866103852,66.77215661101398,71.89828263602625,30.374479889042995,9.693877551020408,21.068208836932833,2023-24
203994,Jusuf Nurkić,Jusuf,1610612756,PHX,29.0,76,48,28,0.632,2078.035,111.3,613,0.284,0.4,81,0.253,80,0.359,747.0,509.0,605.0,2148.0,7.4,7.4043129712463625,61,36,361,119,86,229,6,10,9,29,112,21,96,517,430,474,479,57,76,567,483,84,166,1,337,748,35,24,59,0.593,0.407,97,163,247,171,260,0.373,0.627,0.965,0.668,203994,Jusuf Nurkić,0.3374780058651026,0.1326217008797654,4218.4,30.120481927710845,59.411764705882355,64.36781609195403,48.93426444113166,41.9234360410831,11.659192825112108,23.764890111500506,54.78260869565217,46.09375,2.631578947368421,38.70375071510298,45.14810085430984,72.17541665852562,58.661758756417726,70.45769764216367,82.14285714285714,75.71601941747574,2023-24
1626157,Karl-Anthony Towns,Karl-Anthony,1610612750,MIN,28.0,62,42,20,0.677,2025.565,109.1,421,0.204,0.294,43,0.147,41,0.182,691.0,530.0,546.0,1992.0,8.44,8.440375953519904,200,88,237,73,100,134,31,65,74,183,428,98,248,484,444,435,450,24,62,459,292,167,83,1,60,133,28,22,50,0.56,0.44,19,64,78,54,83,0.229,0.771,0.975,0.675,1626157,Karl-Anthony Towns,0.34283431952662724,0.1691360946745562,4017.3,14.457831325301203,68.58823529411765,77.01149425287358,49.041888446280055,24.089635854341736,48.87892376681614,38.96320860182638,18.695652173913043,16.40625,2.631578947368421,13.878343106407323,41.8477548991328,44.60347383750451,43.22561436831866,43.828016643550626,31.63265306122449,38.340103031503865,2023-24
202695,Kawhi Leonard,Kawhi,1610612746,LAC,33.0,68,44,24,0.647,2330.04,111.1,332,0.138,0.205,111,0.27,59,0.243,678.0,647.0,631.0,2274.0,8.32,8.319101459985749,148,72,282,103,53,219,54,203,216,6,90,48,178,475,518,494,495,29,68,368,197,171,192,3,33,74,38,43,81,0.469,0.531,3,50,50,19,53,0.057,0.943,0.943,0.358,202695,Kawhi Leonard,0.36381952662721895,0.21010650887573967,4645.8,21.686746987951807,52.0,65.51724137931035,43.25400914000831,15.219421101774042,50.672645739910315,36.4913558846558,66.08695652173913,69.53125,7.894736842105263,52.74440431922197,28.917510751840513,13.666799274123488,21.292155012982,31.484049930651874,24.489795918367346,28.336635625123836,2023-24
1631099,Keegan Murray,Keegan,1610612758,SAC,23.0,77,43,34,0.558,2588.5666666666666,113.4,314,0.126,0.178,79,0.18,59,0.277,869.0,550.0,581.0,2630.0,7.59,7.587336140226336,54,79,446,255,23,320,62,251,284,34,320,48,139,552,456,461,540,49,77,421,295,126,127,13,26,64,28,36,64,0.438,0.563,9,53,57,23,62,0.145,0.855,0.95,0.383,1631099,Keegan Murray,0.32680851063829786,0.16150265957446808,5248.2,21.686746987951807,31.058823529411768,52.298850574712596,32.619999674152986,24.369747899159663,30.493273542600896,28.043863285224404,37.826086956521735,44.53125,34.21052631578947,39.269003861556065,51.722216494420216,50.36746480748827,51.04484065095424,28.9875173370319,26.02040816326531,27.652318208836938,2023-24
1629640,Keldon Johnson,Keldon,1610612759,SAS,24.0,69,17,52,0.246,2038.3616666666667,116.1,282,0.135,0.198,51,0.175,20,0.084,745.0,631.0,626.0,2316.0,4.47,4.4691855625186925,138,331,551,489,98,456,81,214,227,139,332,209,435,515,501,493,503,163,68,253,133,120,95,2,20,45,30,16,46,0.652,0.348,9,36,39,14,45,0.2,0.8,0.975,0.35,1629640,Keldon Johnson,0.34965633802816903,0.14948732394366196,4265.9,6.024096385542169,49.529411764705884,36.78160919540232,28.94033497071451,9.243697478991598,27.802690582959645,20.379093341372425,23.91304347826087,22.65625,5.263157894736842,18.810694364988557,37.64430032375273,59.44021975584582,48.542260039799274,24.549237170596395,17.346938775510203,21.30820289280761,2023-24
203482,Kelly Olynyk,Kelly,1610612761,TOR,33.0,78,31,47,0.397,1758.73,119.1,303,0.169,0.264,74,0.264,30,0.17,775.0,612.0,611.0,1966.0,2.37,2.3713829325736246,43,193,534,391,150,519,68,125,109,50,98,148,266,524,492,480,441,292,78,336,203,133,176,10,125,291,21,15,36,0.583,0.417,21,50,67,43,71,0.296,0.704,0.944,0.606,203482,Kelly Olynyk,0.3665901639344262,0.1705846994535519,3635.4,10.040160642570282,70.11764705882354,19.540229885057496,33.44229819888072,15.779645191409896,33.6322869955157,26.491230273873377,59.130434782608695,40.625,26.31578947368421,44.44987128146453,27.21035500855617,43.50963538132767,35.35999519494192,27.461858529819693,24.489795918367346,26.12443035466614,2023-24
1626162,Kelly Oubre Jr.,Kelly,1610612755,PHI,28.0,68,40,28,0.588,2055.32,114.0,247,0.121,0.183,77,0.212,47,0.184,613.0,601.0,679.0,2080.0,5.76,5.764412347211731,148,110,361,191,93,351,101,277,270,38,208,68,245,427,487,517,470,111,68,221,124,97,166,5,7,16,28,23,51,0.549,0.451,2,18,20,7,20,0.1,0.9,1.0,0.35,1626162,Kelly Oubre Jr.,0.3300057803468208,0.1321127167630058,4124.4,16.867469879518072,63.411764705882355,48.85057471264366,41.15374927702697,8.403361344537815,17.48878923766816,13.854618080416023,54.78260869565217,42.96875,13.157894736842104,40.241579662471395,49.75218695228726,72.55974950663403,61.15596822946065,19.694868238557557,8.16326530612245,14.505646918961759,2023-24
203484,Kentavious Caldwell-Pope,Kentavious,1610612743,DEN,31.0,76,54,22,0.711,2401.7566666666667,111.0,152,0.062,0.09,98,0.266,42,0.169,740.0,634.0,701.0,2554.0,8.68,8.680602587123829,61,18,262,47,42,215,216,530,538,16,96,90,269,510,504,527,535,21,74,179,110,69,182,0,39,88,27,30,57,0.474,0.526,2,14,14,7,16,0.125,0.875,0.933,0.467,203484,Kentavious Caldwell-Pope,0.2607159090909091,0.09577272727272729,4734.7,14.859437751004014,35.529411764705884,66.09195402298849,34.902057723795785,7.096171802054155,4.932735426008969,5.798109976427043,61.73913043478261,59.375,0.0,45.47690217391305,92.44583052600859,100.0,96.2229152630043,6.51872399445215,6.122448979591836,6.340400237765008,2023-24
201142,Kevin Durant,Kevin,1610612756,PHX,35.0,75,44,31,0.587,2790.6366666666668,113.3,454,0.155,0.229,69,0.158,91,0.277,1062.0,827.0,851.0,2990.0,8.35,8.349201357826214,76,72,406,195,6,316,24,156,161,70,400,13,140,572,571,565,569,28,75,444,247,197,117,4,34,77,25,32,57,0.439,0.561,0,44,40,20,44,0.0,1.0,0.93,0.465,201142,Kevin Durant,0.30694134078212293,0.16089385474860335,5685.1,34.53815261044177,9.88235294117647,52.87356321839081,30.49247537818617,19.88795518207283,62.33183856502242,45.35428521184259,33.47826086956522,36.71875,10.526315789473683,28.874445795194507,63.963570869656486,50.827172065460026,57.395371467558256,48.40499306518724,21.428571428571427,36.26560332871013,2023-24
1628989,Kevin Huerter,Kevin,1610612758,SAC,25.0,64,37,27,0.578,1562.2266666666667,115.0,186,0.124,0.174,45,0.177,23,0.183,500.0,367.0,379.0,1712.0,3.91,3.9120920200306855,185,139,344,214,178,405,176,261,295,173,324,188,247,380,356,358,407,195,63,263,141,122,111,0,24,56,10,11,21,0.476,0.524,5,21,25,12,26,0.192,0.808,1.0,0.48,1628989,Kevin Huerter,0.3288,0.1447174603174603,3205.3,7.228915662650602,85.05882352941177,43.10344827586206,43.43801656931987,9.990662931839402,28.699551569506728,21.215996114439797,30.869565217391305,17.96875,0.0,18.636888586956523,50.4951405098893,63.04193386083152,56.768537185360415,11.234396671289876,9.693877551020408,10.541163067168615,2023-24
1641718,Keyonte George,Keyonte,1610612762,UTA,20.0,75,27,48,0.36,2022.5766666666666,118.9,196,0.095,0.139,36,0.148,7,0.029,824.0,605.0,847.0,2244.0,2.78,2.782679115553801,76,231,539,418,102,516,165,411,424,230,427,343,511,543,488,564,493,262,72,196,55,141,56,6,15,33,10,20,30,0.333,0.667,0,9,9,0,9,0.0,1.0,1.0,0.0,1641718,Keyonte George,0.3303829787234043,0.16076329787234042,4158.3,0.8032128514056224,53.764705882352935,20.689655172413755,24.311345992489212,1.9607843137254901,37.219730941704036,23.116152290512616,6.956521739130435,10.9375,15.789473684210526,10.558102116704806,49.51977241962111,50.925755291226906,50.222763855424006,12.62135922330097,3.571428571428571,8.54889042995839,2023-24
202691,Klay Thompson,Klay,1610612744,GSW,34.0,77,41,36,0.532,2284.1683333333335,116.1,219,0.093,0.138,50,0.161,35,0.172,808.0,636.0,702.0,2470.0,5.04,5.040621991278629,54,97,469,284,56,454,135,427,426,148,387,128,261,538,509,528,520,139,76,284,160,124,81,0,41,93,23,13,36,0.639,0.361,1,20,21,6,21,0.048,0.952,1.0,0.286,202691,Klay Thompson,0.3094770114942529,0.15280459770114943,4697.4,12.048192771084338,40.470588235294116,36.78160919540232,28.179385289637253,11.76470588235294,29.596412556053814,22.463729886573464,17.82608695652174,21.875,0.0,14.786684782608695,62.40119213172856,56.9353532399962,59.66827268586238,15.811373092926493,9.183673469387756,12.828908262334064,2023-24
204001,Kristaps Porziņģis,Kristaps,1610612738,BOS,28.0,57,43,14,0.754,1689.9483333333333,109.6,312,0.163,0.238,42,0.193,111,0.422,469.0,503.0,513.0,1626.0,6.94,6.940617069993822,241,79,162,33,162,150,64,142,145,194,271,10,62,366,427,417,390,72,57,665,495,170,66,0,134,307,11,13,24,0.458,0.542,19,93,110,47,112,0.17,0.83,0.991,0.423,204001,Kristaps Porziņģis,0.3238682432432432,0.18283445945945945,3430.1,42.570281124497996,90.11764705882352,74.13793103448276,67.10377167900812,43.04388422035481,50.224215246636774,47.35208283612399,11.304347826086957,15.625,0.0,9.990489130434783,53.533891504065835,34.25986707482772,43.89687928944677,28.71012482662968,46.42857142857143,36.683425797503475,2023-24
203937,Kyle Anderson,Kyle,1610612750,MIN,30.0,79,55,24,0.696,1781.8816666666667,105.1,213,0.116,0.171,71,0.228,47,0.196,603.0,484.0,466.0,1656.0,9.67,9.668846043530253,30,14,282,57,145,70,140,302,309,62,166,68,223,424,417,397,398,13,79,285,159,126,158,0,59,141,12,11,23,0.522,0.478,5,24,28,12,29,0.172,0.828,0.966,0.414,203937,Kyle Anderson,0.2965113924050633,0.13312151898734176,3571.1,16.867469879518072,88.3529411764706,100.0,62.67051736357193,11.671335200746965,30.493273542600896,22.964498205859325,51.30434782608696,38.28125,0.0,33.92017663043478,70.39008733492564,71.79800504489035,71.094046189908,14.979195561719832,11.224489795918368,13.289577967109174,2023-24
1628398,Kyle Kuzma,Kyle,1610612764,WAS,28.0,70,13,57,0.186,2281.141666666667,120.8,402,0.17,0.271,37,0.106,49,0.19,775.0,817.0,733.0,2918.0,1.92,1.916133170313846,128,377,566,521,57,543,37,122,102,227,505,61,232,524,566,541,568,319,70,371,227,144,56,5,31,70,12,14,26,0.462,0.538,2,26,27,14,28,0.071,0.929,0.964,0.5,1628398,Kyle Kuzma,0.337201166180758,0.14635276967930028,4817.9,17.670682730923694,14.117647058823529,9.770114942528748,14.4519782985899,18.020541549953315,38.56502242152467,30.347230072896124,6.956521739130435,11.71875,13.157894736842104,10.1736448798627,45.31867838023448,61.80711516241006,53.56289677132227,41.19278779472954,12.244897959183673,28.166237368733903,2023-24
200768,Kyle Lowry,Kyle,1610612755,PHI,38.0,60,32,28,0.533,1689.7666666666667,111.6,160,0.098,0.145,59,0.222,21,0.14,578.0,432.0,544.0,1606.0,5.74,5.735757572703146,215,183,361,280,163,243,206,398,402,108,186,202,322,409,386,431,389,113,60,177,73,104,116,19,36,82,14,20,34,0.412,0.588,1,20,21,6,21,0.048,0.952,1.0,0.286,200768,Kyle Lowry,0.33473378839590445,0.18848122866894199,3313.1,6.425702811244979,91.29411764705883,62.64367816091955,50.18414184119847,3.6414565826330536,20.62780269058296,13.833264247402997,33.04347826086956,28.90625,50.0,35.83457880434783,46.83897775154077,29.996003387473653,38.41749056950721,7.628294036061026,9.183673469387756,8.328214781058055,2023-24
202681,Kyrie Irving,Kyrie,1610612742,DAL,32.0,58,39,19,0.672,2029.6083333333333,112.6,246,0.116,0.175,74,0.25,28,0.122,583.0,599.0,587.0,2088.0,6.41,6.411378597614113,232,117,226,74,99,291,105,300,293,50,115,160,363,413,486,463,472,86,58,176,100,76,146,5,35,80,28,42,70,0.4,0.6,0,15,14,5,15,0.0,1.0,0.933,0.333,202681,Kyrie Irving,0.33627002967359054,0.14925519287833827,4151.6,9.236947791164658,62.94117647058823,56.89655172413794,39.94832881220623,6.162464985994398,8.071748878923767,7.308035321752019,46.08695652173913,40.625,13.157894736842104,35.943006292906176,45.89240740346594,59.615501440544094,52.753954422005016,19.55617198335645,6.63265306122449,13.740588468397068,2023-24
1628374,Lauri Markkanen,Lauri,1610612762,UTA,27.0,55,22,33,0.4,1819.7466666666667,116.9,327,0.176,0.258,50,0.195,26,0.136,703.0,516.0,666.0,1974.0,3.58,3.5829152359863836,258,276,437,385,138,475,56,110,118,148,266,173,332,487,439,510,446,214,55,427,295,132,77,0,87,202,16,21,37,0.432,0.568,8,46,54,30,54,0.148,0.852,1.0,0.556,1628374,Lauri Markkanen,0.33294224924012156,0.15187537993920971,3769.5,8.433734939759036,69.6470588235294,32.18390804597696,35.795941575633144,24.369747899159663,33.18385650224215,29.658213061009157,16.08695652173913,21.875,0.0,14.091032608695652,47.9428524272905,57.63700363968417,52.78992803348733,30.79056865464632,22.448979591836736,27.036853576382008,2023-24
2544,LeBron James,LeBron,1610612747,LAL,39.0,71,41,30,0.577,2503.6833333333334,113.6,457,0.172,0.253,89,0.231,38,0.13,886.0,767.0,815.0,2626.0,7.2,7.202759734406472,118,97,395,215,30,327,22,118,127,20,162,108,345,557,559,562,539,61,71,269,133,136,128,8,43,95,20,19,39,0.513,0.487,10,48,57,34,58,0.172,0.828,0.983,0.586,2544,LeBron James,0.30810404624277454,0.1533063583815029,5131.2,13.253012048192772,31.294117647058822,51.149425287356344,29.041502317586783,9.243697478991598,34.97757847533632,24.684026076798432,38.26086956521739,52.34375,21.052631578947366,38.887818220823796,63.24715833174108,56.5564747936966,59.90181656271884,48.82108183079057,23.46938775510204,37.412819496730734,2023-24
1629652,Luguentz Dort,Luguentz,1610612760,OKC,25.0,79,54,25,0.684,2245.971666666667,112.1,210,0.089,0.137,71,0.19,47,0.152,676.0,735.0,615.0,2150.0,7.5,7.495874058421485,30,18,311,67,61,263,147,441,431,62,283,68,301,473,552,483,481,53,79,335,135,200,132,4,60,131,23,44,67,0.343,0.657,14,32,40,17,46,0.304,0.696,0.909,0.386,1629652,Luguentz Dort,0.2793943661971831,0.1356225352112676,4673.9,16.867469879518072,59.29411764705882,59.77011494252875,42.44245786391,9.430438842203548,63.67713004484305,41.97845356378725,40.0,38.28125,10.526315789473683,32.03001644736842,80.93691333871814,69.9094928951866,75.42320311695238,14.563106796116504,15.306122448979592,14.897463839904894,2023-24
1629029,Luka Dončić,Luka,1610612742,DAL,25.0,70,46,24,0.657,2624.04,113.8,588,0.218,0.322,99,0.257,38,0.135,780.0,728.0,879.0,2766.0,7.45,7.449062214873966,128,52,282,92,19,336,9,51,52,15,107,108,334,528,548,568,556,56,70,333,138,195,184,7,13,31,35,42,77,0.455,0.545,1,40,41,24,41,0.024,0.976,1.0,0.585,1629029,Luka Dončić,0.35584848484848486,0.17688980716253444,5401.7,13.253012048192772,23.058823529411764,50.0,25.871793054571228,9.710550887021476,61.43497757847533,40.74520690189379,62.60869565217392,60.15625,18.421052631578945,50.7034289187643,33.82894745166668,38.74866166204749,36.28880455685709,66.99029126213593,19.387755102040817,45.56914999009313,2023-24
1631103,Malaki Branham,Malaki,1610612759,SAS,21.0,75,18,57,0.24,1594.3266666666666,117.0,120,0.074,0.109,27,0.13,8,0.038,641.0,479.0,491.0,1866.0,3.08,3.0766699935223163,76,316,566,493,174,479,265,505,508,281,470,331,502,446,411,408,431,244,72,158,80,78,40,0,11,25,18,15,33,0.545,0.455,0,8,8,0,8,0.0,1.0,1.0,0.0,1631103,Malaki Branham,0.29935483870967744,0.11536559139784945,3362.0,1.2048192771084338,76.0,31.60919540229884,34.98422656141808,4.295051353874883,8.968609865470851,7.099186460832464,0.0,3.90625,0.0,1.3671875,68.63806960347614,85.20546904341674,76.92176932344644,2.0804438280166435,3.061224489795918,2.5217951258173175,2023-24
1627736,Malik Beasley,Malik,1610612749,MIL,27.0,79,46,33,0.582,2337.3716666666664,112.6,249,0.098,0.141,59,0.187,9,0.034,713.0,641.0,709.0,2532.0,7.53,7.5283833136889715,30,52,437,203,52,288,100,396,420,108,291,319,504,490,512,533,532,50,78,228,118,110,110,2,21,50,10,19,29,0.345,0.655,1,16,16,4,17,0.059,0.941,0.941,0.235,1627736,Malik Beasley,0.29567877094972067,0.11893296089385476,4868.5,1.6064257028112447,36.8235294117647,56.89655172413794,27.754943506276632,7.8431372549019605,23.318385650224215,17.128286292095314,30.434782608695656,28.90625,5.263157894736842,23.606890017162474,70.90311532879998,82.51175575549833,76.70743554214916,19.972260748959776,7.142857142857142,14.199029126213592,2023-24
1628370,Malik Monk,Malik,1610612758,SAC,26.0,72,42,30,0.583,1872.3066666666666,115.1,184,0.101,0.146,45,0.172,39,0.229,648.0,459.0,453.0,1890.0,4.71,4.713123072538965,108,88,395,201,130,408,179,384,397,173,342,104,186,452,395,388,435,157,71,253,138,115,96,2,23,55,17,19,36,0.472,0.528,0,9,9,1,9,0.0,1.0,1.0,0.111,1628370,Malik Monk,0.30881267217630853,0.13632231404958678,3818.7,13.654618473895583,74.58823529411764,42.52873563218393,42.19991365054539,9.710550887021476,25.56053811659193,19.220543224763745,24.347826086956523,17.96875,5.263157894736842,17.343982408466818,62.810531412322256,69.3810913495953,66.09581138095878,10.957004160887656,3.571428571428571,7.633495145631068,2023-24
1629622,Max Strus,Max,1610612739,CLE,28.0,70,43,27,0.614,2239.175,109.7,272,0.117,0.173,64,0.168,29,0.134,803.0,613.0,667.0,2148.0,9.09,9.094730253451077,128,79,344,152,62,157,89,290,302,90,356,155,336,537,493,512,479,19,70,341,181,160,116,5,53,119,15,22,37,0.405,0.595,5,24,28,14,29,0.172,0.828,0.966,0.483,1629622,Max Strus,0.3266519174041298,0.18820058997050146,4522.1,9.63855421686747,59.411764705882355,73.56321839080455,43.04034393150695,13.725490196078432,45.73991031390135,32.93414226677218,33.04347826086956,32.8125,13.157894736842104,27.991239988558355,51.818702973676835,30.20791308506452,41.01330802937068,23.1622746185853,11.224489795918368,17.79027144838518,2023-24
1629008,Michael Porter Jr.,Michael,1610612743,DEN,26.0,81,57,24,0.704,2564.605,112.1,459,0.177,0.253,42,0.114,53,0.201,766.0,638.0,762.0,2716.0,8.42,8.418660122207529,18,4,282,51,27,265,21,108,125,194,494,55,218,521,511,550,551,26,81,316,195,121,86,0,30,71,24,8,32,0.75,0.25,12,22,32,26,34,0.353,0.647,0.97,0.788,1629008,Michael Porter Jr.,0.3402907608695652,0.1463070652173913,5012.5,19.27710843373494,26.0,59.77011494252875,31.753372109126165,15.032679738562091,28.251121076233183,22.963744541164747,20.0,15.625,0.0,13.46875,43.414993872811706,61.841626506552906,52.62831018968231,49.09847434119279,10.204081632653061,31.595997622349916,2023-24
1628969,Mikal Bridges,Mikal,1610612751,BKN,27.0,82,32,50,0.39,2854.24,114.3,304,0.105,0.156,81,0.209,30,0.093,878.0,826.0,932.0,2902.0,7.66,7.662915895758479,2,183,544,397,4,368,67,354,358,29,218,148,416,553,570,571,567,46,82,337,173,164,124,1,14,32,27,23,50,0.54,0.46,1,37,37,8,38,0.026,0.974,0.974,0.211,1628969,Mikal Bridges,0.3210911528150134,0.15528150134048258,5614.2,10.040160642570282,15.058823529411763,47.1264367816092,21.06826168772453,12.978524743230627,47.53363228699551,33.71158926948956,36.52173913043478,46.09375,2.631578947368421,31.39940288901602,55.245023402073535,55.06504845277512,55.15503592742433,27.600554785020805,17.857142857142858,23.216019417475728,2023-24
201144,Mike Conley,Mike,1610612750,MIN,36.0,76,53,23,0.697,2193.4583333333335,108.0,181,0.081,0.118,88,0.262,17,0.063,782.0,598.0,597.0,2116.0,9.72,9.72059995079994,61,22,272,55,70,107,183,483,489,21,102,240,472,529,485,471,475,12,76,192,94,98,168,1,21,51,23,26,49,0.469,0.531,0,10,9,2,10,0.0,1.0,1.0,0.222,201144,Mike Conley,0.3140254957507082,0.13637960339943345,4306.9,4.819277108433735,61.29411764705882,83.3333333333333,44.21398535317741,5.602240896358544,17.937219730941703,13.00322819710844,55.65217391304348,51.5625,2.631578947368421,40.96563930205949,59.59859830198149,69.33783228066201,64.46821529132175,10.540915395284326,4.081632653061225,7.634238161283931,2023-24
1628970,Miles Bridges,Miles,1610612766,CHA,26.0,69,17,52,0.246,2581.116666666667,120.1,434,0.176,0.261,65,0.185,33,0.151,887.0,748.0,747.0,2864.0,2.65,2.6541941635612334,138,331,551,489,24,537,27,112,112,87,301,137,302,558,555,545,564,275,68,472,261,211,106,2,35,82,19,23,42,0.452,0.548,9,44,51,33,53,0.17,0.83,0.981,0.635,1628970,Miles Bridges,0.31547142857142857,0.16272857142857142,5173.6,11.244979919678714,17.294117647058822,13.79310344827589,13.999209006411046,21.19514472455649,68.60986547085201,49.6439771723338,28.695652173913043,33.59375,5.263157894736842,24.551862843249427,58.70767240818985,49.44178131579708,54.07472686199347,45.63106796116505,21.428571428571427,34.73994452149792,2023-24
1626167,Myles Turner,Myles,1610612754,IND,28.0,77,45,32,0.584,2076.4366666666665,115.5,420,0.198,0.291,39,0.135,144,0.533,642.0,574.0,540.0,2514.0,4.86,4.858691501651646,54,66,425,200,87,430,32,78,81,218,457,9,28,449,470,427,529,149,77,679,526,153,111,3,235,537,13,9,22,0.591,0.409,33,110,139,82,143,0.231,0.769,0.979,0.577,1626167,Myles Turner,0.3470536277602524,0.11897476340694008,4314.1,55.82329317269076,37.88235294117647,40.22988505747125,45.64561206285588,45.938375350140056,42.600896860986545,43.93588825664795,30.869565217391305,13.28125,7.894736842105263,18.96994779748284,39.24798615098852,82.48019076479794,60.86408845789323,43.689320388349515,55.10204081632652,48.82504458093917,2023-24
1629675,Naz Reid,Naz,1610612750,MIN,24.0,81,56,25,0.691,1963.8283333333334,105.5,350,0.17,0.252,63,0.182,73,0.264,654.0,523.0,549.0,1870.0,10.36,10.360491831499438,18,10,311,65,110,76,49,121,128,94,316,27,147,455,442,438,432,4,81,435,261,174,103,1,55,127,17,15,32,0.531,0.469,6,59,64,30,65,0.092,0.908,0.985,0.462,1629675,Naz Reid,0.3296405063291139,0.12983037974683545,3936.6,27.309236947791167,75.76470588235294,97.70114942528733,61.866629194261826,21.19514472455649,52.01793721973094,39.68882022166116,27.391304347826086,32.03125,2.631578947368421,22.825353975972543,49.97725417259025,74.28313744131546,62.130195806952855,33.980582524271846,29.081632653061224,31.776055082227067,2023-24
1629651,Nic Claxton,Nic,1610612751,BKN,25.0,71,27,44,0.38,2115.6633333333334,114.1,513,0.239,0.359,46,0.16,146,0.575,663.0,606.0,751.0,2116.0,5.87,5.867820114069447,118,231,528,404,79,357,17,27,25,168,391,8,20,461,489,546,475,108,71,772,587,185,112,0,247,545,22,19,41,0.537,0.463,51,111,156,92,162,0.315,0.685,0.981,0.579,1629651,Nic Claxton,0.3525297450424929,0.1668356940509915,4141.7,56.62650602409639,61.29411764705882,48.27586206896554,56.17250910335052,51.633986928104584,56.95067264573991,54.82399835868578,31.30434782608696,18.75,0.0,19.084239130434785,35.87382200292157,46.34050156456528,41.10716178374342,56.5880721220527,55.61224489795919,56.14894987121062,2023-24
1630208,Nick Richards,Nick,1610612766,CHA,26.0,67,14,53,0.209,1758.7366666666667,118.2,367,0.218,0.327,26,0.107,74,0.43,629.0,464.0,526.0,1988.0,2.74,2.7395878876519735,166,361,555,509,149,506,42,50,47,287,501,26,59,439,398,421,449,266,67,437,341,96,49,1,289,655,21,10,31,0.677,0.323,64,77,138,94,141,0.454,0.546,0.979,0.667,1630208,Nick Richards,0.31686880466472306,0.12167055393586004,3497.5,27.710843373493976,68.82352941176471,24.712643678160894,41.35073356305546,28.664799253034545,17.040358744394617,21.690134947850588,3.91304347826087,3.125,2.631578947368421,3.3168621281464534,57.8466652251167,80.44460494243559,69.14563508377614,36.33841886269071,38.265306122448976,37.20551812958193,2023-24
1629638,Nickeil Alexander-Walker,Nickeil,1610612750,MIN,25.0,82,56,26,0.683,1920.9183333333333,105.5,132,0.066,0.097,64,0.199,42,0.167,609.0,490.0,497.0,1776.0,10.14,10.138028938342007,2,10,332,69,119,77,248,523,527,90,254,90,270,426,422,411,413,8,82,240,172,68,157,5,19,49,19,21,40,0.475,0.525,3,35,34,8,38,0.079,0.921,0.944,0.222,1629638,Nickeil Alexander-Walker,0.2876842105263158,0.1373859649122807,3864.2,14.859437751004014,81.29411764705883,97.70114942528733,58.82200363319403,12.885154061624648,4.484304932735426,7.844644584291115,50.8695652173913,32.8125,13.157894736842104,35.121674771167044,75.82904327553874,68.57793079508787,72.2034870353133,3.744798890429958,16.83673469387755,9.636170001981375,2023-24
201587,Nicolas Batum,Nicolas,1610612755,PHI,35.0,60,36,24,0.6,1529.5866666666666,111.9,178,0.115,0.175,48,0.189,38,0.179,478.0,433.0,450.0,1626.0,5.13,5.126137972915685,215,146,282,170,182,255,188,307,289,157,285,108,253,371,387,386,390,134,59,254,137,117,114,1,30,73,7,19,26,0.269,0.731,5,26,30,13,31,0.161,0.839,0.968,0.419,201587,Nicolas Batum,0.2804953271028037,0.0966760124610592,3050.2,13.253012048192772,90.11764705882352,60.91954022988501,52.07226634733659,9.617180205415501,26.45739910313901,19.721311544049605,32.17391304347826,20.3125,2.631578947368421,20.63683495423341,80.25854532271237,99.31793123271525,89.78823827771382,10.124826629680998,12.244897959183673,11.0788587279572,2023-24
203999,Nikola Jokić,Nikola,1610612743,DEN,29.0,79,55,24,0.696,2736.5333333333333,110.6,753,0.27,0.385,108,0.26,68,0.253,839.0,667.0,805.0,2882.0,10.25,10.252356030448672,30,14,282,57,9,193,2,13,13,8,104,32,160,547,527,559,565,6,79,556,393,163,238,4,345,790,31,24,55,0.564,0.436,46,119,165,110,165,0.279,0.721,1.0,0.667,203999,Nikola Jokić,0.3789782016348774,0.14010626702997275,5388.2,25.301204819277107,16.235294117647058,68.39080459770116,32.90053601831261,33.52007469654528,47.08520179372198,41.6591509548513,86.08695652173914,67.1875,10.526315789473683,60.581986556064074,19.577342324674756,66.52383632301675,43.050589323845756,89.875173370319,59.693877551020414,76.29359025163464,2023-24
202696,Nikola Vučević,Nikola,1610612741,CHI,33.0,76,36,40,0.474,2609.5016666666666,115.7,591,0.229,0.339,50,0.129,60,0.252,844.0,737.0,722.0,2476.0,5.98,5.978624413911663,61,146,501,340,20,437,8,37,37,148,472,45,161,548,553,537,522,101,76,624,405,219,137,1,317,676,21,17,38,0.553,0.447,53,117,164,110,170,0.312,0.688,0.976,0.655,202696,Nikola Vučević,0.35764606741573035,0.13411516853932584,5138.7,22.08835341365462,40.11764705882353,39.08045977011491,32.64663277857881,34.64052287581699,72.19730941704036,57.17459480055101,42.173913043478265,21.875,2.631578947368421,25.183709954233414,32.72134906781536,71.04770233452885,51.88452570117211,67.40638002773926,58.673469387755105,63.476570239746394,2023-24
1626181,Norman Powell,Norman,1610612746,LAC,31.0,76,48,28,0.632,1990.3783333333333,113.0,179,0.085,0.13,43,0.136,22,0.096,660.0,592.0,616.0,2054.0,6.23,6.22935232858435,61,36,361,119,107,300,187,454,458,183,453,193,413,458,480,484,465,93,76,207,105,102,93,0,25,57,12,16,28,0.429,0.571,0,26,26,9,26,0.0,1.0,1.0,0.346,1626181,Norman Powell,0.2944114441416894,0.1182534059945504,4034.3,6.827309236947792,64.94117647058823,54.59770114942527,39.10976074684131,6.629318394024277,19.730941704035875,14.490292380031235,23.043478260869566,16.40625,0.0,14.959578804347826,71.68399135083318,83.02488624679619,77.35443879881468,10.263522884882107,12.244897959183673,11.155141668317812,2023-24
1628384,OG Anunoby,OG,1610612752,NYK,26.0,50,31,19,0.62,1702.035,107.2,161,0.091,0.131,68,0.245,36,0.206,530.0,466.0,478.0,1766.0,8.2,8.19564148668966,291,193,226,139,157,94,204,432,457,74,131,122,212,391,399,403,412,36,50,356,236,120,130,0,18,41,18,12,30,0.6,0.4,1,48,48,18,49,0.02,0.98,0.98,0.367,1628384,OG Anunoby,0.2484558303886926,0.11757243816254419,3422.9,12.449799196787147,81.88235294117648,87.93103448275858,55.62150182881627,18.860877684407097,27.802690582959645,24.225965423538625,39.130434782608695,35.9375,0.0,28.230298913043477,100.0,83.53908364063896,91.76954182031949,7.766990291262135,23.46938775510204,14.833069149990093,2023-24
1630167,Obi Toppin,Obi,1610612754,IND,26.0,82,47,35,0.573,1730.6016666666667,116.6,235,0.137,0.212,47,0.165,43,0.197,585.0,515.0,544.0,2218.0,3.59,3.58751470678607,2,45,461,222,155,469,115,210,199,162,372,88,222,415,434,431,488,212,81,291,174,117,82,0,57,130,17,21,38,0.447,0.553,14,32,46,30,46,0.304,0.696,1.0,0.652,1630167,Obi Toppin,0.29005649717514126,0.10757909604519773,3636.9,15.261044176706829,55.294117647058826,33.90804597701151,33.93437034140619,13.071895424836603,26.45739910313901,21.10319763181805,18.26086956521739,19.53125,0.0,14.140285326086957,74.36733525380518,91.08503549181518,82.72618537281018,18.030513176144243,15.306122448979592,16.80453734892015,2023-24
1630534,Ochai Agbaji,Ochai,1610612761,TOR,24.0,78,31,47,0.397,1641.6116666666667,117.2,142,0.083,0.127,47,0.209,44,0.222,674.0,571.0,532.0,1832.0,3.1,3.0951085256154545,43,193,534,391,169,482,231,469,467,162,216,83,194,468,467,422,424,242,78,330,191,139,77,0,29,69,10,12,22,0.455,0.545,1,25,26,12,26,0.038,0.962,1.0,0.462,1630534,Ochai Agbaji,0.27425606469002695,0.12855525606469004,3392.6,15.66265060240964,78.0,30.459770114942504,41.18000276969948,14.65919701213819,36.32286995515695,27.657400777949448,16.08695652173913,19.53125,0.0,13.270720108695652,84.1029289358697,75.24598068202287,79.67445480894628,5.131761442441054,11.73469387755102,8.10308103824054,2023-24
1629023,P.J. Washington,P.J.,1610612742,DAL,25.0,73,30,43,0.411,2220.6783333333333,115.6,326,0.147,0.216,72,0.218,59,0.223,741.0,628.0,651.0,2308.0,5.11,5.1132242179909575,99,201,525,377,66,434,57,180,189,58,197,48,193,511,500,502,501,136,72,457,285,172,159,0,95,231,27,17,44,0.614,0.386,9,50,58,28,59,0.153,0.847,0.983,0.475,1629023,P.J. Washington,0.3727138461538462,0.17234153846153846,4549.6,21.686746987951807,50.0,39.655172413793125,36.088491898629,23.436041083099905,51.12107623318386,40.04706217315027,51.73913043478261,39.0625,0.0,34.36752717391305,23.437187281500478,42.183049899827616,32.81011859066405,30.651872399445214,24.489795918367346,27.878937982960174,2023-24
1631094,Paolo Banchero,Paolo,1610612753,ORL,21.0,80,46,34,0.575,2798.701666666667,111.9,472,0.178,0.257,71,0.148,47,0.158,934.0,729.0,852.0,2798.0,9.45,9.449807073581958,23,52,446,218,5,253,19,105,122,62,426,68,290,567,549,566,561,16,80,476,240,236,112,0,64,143,21,23,44,0.477,0.523,5,39,42,21,44,0.114,0.886,1.0,0.5,1631094,Paolo Banchero,0.3867603305785124,0.17171349862258953,5576.4,16.867469879518072,21.176470588235293,60.91954022988501,29.388637715160833,19.234360410831002,79.82062780269058,55.586120845946745,31.30434782608696,38.28125,0.0,25.920176630434785,14.78230614778265,42.65728147617912,28.719793811980885,50.90152565880721,18.877551020408163,36.49073707152764,2023-24
1627783,Pascal Siakam,Pascal,1610612754,IND,30.0,80,38,42,0.475,2657.8883333333333,115.3,426,0.159,0.233,63,0.168,25,0.091,814.0,738.0,711.0,3022.0,6.24,6.2432489661731765,23,124,515,339,15,425,30,151,151,94,355,175,419,540,554,534,571,92,80,429,228,201,122,1,62,143,29,35,64,0.453,0.547,11,72,80,42,83,0.133,0.867,1.0,0.525,1627783,Pascal Siakam,0.39435277777777783,0.205175,5433.6,8.032128514056225,8.0,41.379310344827594,16.35767899182939,18.11391223155929,64.12556053811659,45.72090121549367,35.65217391304348,32.03125,2.631578947368421,26.129701802059497,10.104144264921864,17.390571370886335,13.7473578179041,44.521497919556175,35.714285714285715,40.55825242718447,2023-24
1626192,Pat Connaughton,Pat,1610612749,MIL,31.0,76,45,31,0.592,1676.28,115.9,188,0.112,0.164,40,0.162,19,0.123,500.0,469.0,468.0,1792.0,3.75,3.751130290588737,61,66,406,184,166,446,173,316,335,210,379,219,360,380,401,399,414,204,76,291,123,168,66,2,21,46,14,23,37,0.378,0.622,4,19,23,7,23,0.174,0.826,1.0,0.304,1626192,Pat Connaughton,0.3130238726790451,0.13961007957559682,3432.0,5.622489959839357,80.3529411764706,37.93103448275858,39.855284016390094,8.309990662931838,49.327354260089685,32.920408821226545,11.304347826086957,14.0625,5.263157894736842,10.759403604118994,60.21575832323284,66.89850643797051,63.55713238060167,11.511789181692095,8.673469387755102,10.234545274420448,2023-24
202331,Paul George,Paul,1610612746,LAC,34.0,74,48,26,0.649,2501.766666666667,112.1,351,0.138,0.202,113,0.269,37,0.14,749.0,682.0,686.0,2440.0,8.21,8.213799167293034,87,36,332,100,31,261,48,209,219,4,94,117,324,518,531,521,518,34,74,438,236,202,218,5,38,85,25,28,53,0.472,0.528,2,43,43,27,45,0.044,0.956,0.956,0.6,202331,Paul George,0.3450395480225989,0.17895762711864407,4979.1,12.851405622489958,42.23529411764706,59.77011494252875,34.86544392580464,18.860877684407097,64.57399103139014,46.28874569259692,77.39130434782608,71.09375,13.157894736842104,59.128807923340965,40.48898142042476,37.18725511331944,38.8381182668721,34.11927877947296,20.918367346938776,28.178868634832575,2023-24
1630194,Paul Reed,Paul,1610612755,PHI,25.0,82,47,35,0.573,1589.5016666666668,112.0,295,0.194,0.293,67,0.228,84,0.414,455.0,468.0,490.0,1684.0,5.28,5.278536542745401,2,45,461,222,175,259,73,81,77,80,169,18,64,362,400,406,401,131,82,535,408,127,168,0,204,472,41,26,67,0.612,0.388,16,82,95,48,98,0.163,0.837,0.979,0.495,1630194,Paul Reed,0.3451424870466321,0.11580051813471502,3162.7,31.72690763052209,86.70588235294117,60.344827586206875,58.12402877228996,34.92063492063492,30.94170403587444,32.533276389778635,55.65217391304348,35.15625,0.0,34.56555706521739,40.42555451657516,84.87705676886046,62.65130564271781,26.352288488210817,40.816326530612244,32.861105607291464,2023-24
1630202,Payton Pritchard,Payton,1610612738,BOS,26.0,82,64,18,0.78,1825.7333333333333,109.2,195,0.103,0.152,39,0.155,6,0.026,496.0,487.0,462.0,1818.0,7.5,7.501445883168546,2,1,215,23,136,136,168,369,374,218,408,370,513,378,419,394,421,53,79,130,72,58,81,0,26,64,18,25,43,0.419,0.581,5,30,33,15,35,0.143,0.857,0.971,0.441,1630202,Payton Pritchard,0.2766172839506173,0.10041234567901235,3583.2,0.4016064257028112,78.82352941176471,76.43678160919536,46.858073266697616,3.5480859010270773,0.0,1.419234360410831,17.82608695652174,13.28125,0.0,11.778872282608695,82.64804019551215,96.49663378972218,89.57233699261717,12.482662968099861,14.285714285714285,13.294036061026352,2023-24
1630173,Precious Achiuwa,Precious,1610612752,NYK,24.0,74,40,34,0.541,1623.7533333333333,112.3,296,0.182,0.277,46,0.185,68,0.405,547.0,461.0,467.0,1630.0,5.31,5.305433967287847,87,110,446,275,171,275,72,98,95,168,304,32,70,397,396,398,392,129,74,542,385,157,95,3,112,257,32,15,47,0.681,0.319,44,57,94,67,101,0.436,0.564,0.979,0.698,1630173,Precious Achiuwa,0.34187605633802814,0.1273774647887324,3159.8,25.301204819277107,89.88235294117646,58.620689655172406,56.234477870915704,32.773109243697476,44.39461883408072,39.74601499792742,23.91304347826087,18.75,7.894736842105263,18.101401601830666,42.438198297025195,76.13532842522528,59.28676336112524,26.49098474341193,28.061224489795915,27.197592629284724,2023-24
1629628,RJ Barrett,RJ,1610612761,TOR,24.0,58,26,32,0.448,1838.1333333333334,116.9,262,0.14,0.213,31,0.107,22,0.134,621.0,570.0,617.0,2038.0,3.62,3.61529031219979,232,241,425,357,133,476,92,198,196,259,502,193,337,432,465,487,459,211,57,323,182,141,83,2,18,41,25,15,40,0.625,0.375,5,23,27,16,28,0.179,0.821,0.964,0.571,1629628,RJ Barrett,0.3220881458966565,0.1389696048632219,3823.2,6.827309236947792,65.88235294117646,32.18390804597696,33.83572423568512,13.818860877684408,37.219730941704036,27.859382916096184,18.695652173913043,7.03125,5.263157894736842,11.25498784324943,54.630716195239074,67.38212756138707,61.00642187831307,21.7753120665742,10.714285714285714,16.797850208044384,2023-24
202704,Reggie Jackson,Reggie,1610612743,DEN,34.0,82,57,25,0.695,1816.82,110.6,122,0.063,0.095,44,0.17,12,0.059,636.0,515.0,472.0,1826.0,6.89,6.893419833130581,2,4,311,60,140,195,260,528,532,179,350,286,475,444,434,400,422,75,82,271,129,142,88,5,17,40,19,14,33,0.576,0.424,2,30,31,5,32,0.063,0.938,0.969,0.156,202704,Reggie Jackson,0.34703100775193796,0.16103359173126616,3592.0,2.8112449799196786,78.3529411764706,68.39080459770116,45.645728553157866,8.870214752567694,37.66816143497758,26.148982762013624,20.869565217391305,17.1875,13.157894736842104,17.652924771167047,39.26192369416917,50.72165696044107,44.99179032730512,2.3578363384188625,14.285714285714285,7.725381414701802,2023-24
1626220,Royce O'Neale,Royce,1610612756,PHX,31.0,79,38,41,0.481,1954.2416666666666,110.4,317,0.155,0.231,59,0.186,44,0.19,714.0,514.0,598.0,1874.0,7.51,7.508199386617012,30,124,507,334,112,184,60,155,157,108,298,83,230,491,433,472,433,51,78,239,117,122,125,1,52,119,10,19,29,0.345,0.655,4,49,49,21,53,0.075,0.925,0.961,0.412,1626220,Royce O'Neale,0.3256610644257703,0.16139495798319328,3920.1,15.66265060240964,75.52941176470588,69.54022988505741,50.08541182987527,7.749766573295985,28.699551569506728,20.31963757102243,36.95652173913043,28.90625,2.631578947368421,25.55769093249428,52.42922689478213,50.44879005508926,51.4390084749357,29.403606102635226,23.97959183673469,26.96279968297999,2023-24
203497,Rudy Gobert,Rudy,1610612750,MIN,32.0,76,53,23,0.697,2593.1133333333332,106.6,697,0.256,0.368,52,0.132,162,0.5,917.0,663.0,708.0,2352.0,12.5,12.499614918148495,61,22,272,55,22,87,4,16,19,135,464,5,38,564,523,532,511,1,76,834,705,129,124,1,362,869,18,12,30,0.6,0.4,71,144,211,145,215,0.33,0.67,0.995,0.684,203497,Rudy Gobert,0.31810263157894736,0.1250921052631579,5111.1,63.05220883534136,47.411764705882355,91.37931034482759,64.65982876740227,62.65172735760971,31.838565022421523,44.1638299564968,36.52173913043478,23.4375,2.631578947368421,23.46971538901602,57.08643049595976,77.86099865047234,67.47371457321606,82.10818307905686,72.44897959183673,77.76154150980781,2023-24
1629060,Rui Hachimura,Rui,1610612747,LAL,26.0,68,40,28,0.588,1825.4933333333333,113.5,236,0.121,0.177,41,0.152,25,0.123,596.0,553.0,557.0,1968.0,5.3,5.298915808172555,148,110,361,191,137,324,113,275,285,207,415,175,359,422,458,445,442,130,68,305,185,120,87,2,26,61,16,18,34,0.471,0.529,11,57,68,42,68,0.162,0.838,1.0,0.618,1629060,Rui Hachimura,0.3034767801857585,0.1403467492260062,3729.3,8.032128514056225,70.0,51.72413793103446,40.64388588838111,14.098972922502334,27.802690582959645,22.32120351877672,20.434782608695652,14.84375,5.263157894736842,14.685015017162472,66.09829435174294,66.3422487168861,66.22027153431452,18.169209431345354,28.061224489795915,22.62061620764811,2023-24
201566,Russell Westbrook,Russell,1610612746,LAC,35.0,68,45,23,0.662,1528.8166666666666,112.8,250,0.154,0.232,74,0.282,23,0.151,506.0,483.0,545.0,1652.0,4.95,4.9547526883854145,148,66,272,88,183,296,99,158,153,50,75,188,303,383,415,433,397,145,66,132,73,59,124,5,26,58,27,29,56,0.482,0.518,9,7,15,11,16,0.563,0.438,0.938,0.688,201566,Russell Westbrook,0.2678830769230769,0.13050461538461539,3160.4,7.228915662650602,88.58823529411765,55.7471264367816,47.83423022719681,3.6414565826330536,0.4484304932735426,1.725640929017347,36.52173913043478,40.625,13.157894736842104,32.11691933638444,88.02970875650095,73.77402351333303,80.90186613491699,20.110957004160888,2.5510204081632653,12.20898553596196,2023-24
1630180,Saddiq Bey,Saddiq,1610612737,ATL,25.0,63,28,35,0.444,2061.6583333333333,119.1,244,0.119,0.179,51,0.173,11,0.057,698.0,613.0,685.0,2400.0,2.73,2.732121975465595,191,221,461,359,92,523,108,283,280,139,336,298,479,486,493,520,515,267,63,206,130,76,89,0,37,87,27,20,47,0.574,0.426,10,23,33,23,33,0.303,0.697,1.0,0.697,1630180,Saddiq Bey,0.31884660766961653,0.15073746312684366,4259.1,2.4096385542168677,44.588235294117645,19.540229885057496,21.454795245892296,8.96358543417367,8.071748878923767,8.428483501023727,21.304347826086957,22.65625,0.0,16.45142663043478,56.6280222255058,58.496242258349426,57.562132241927614,19.27877947295423,10.714285714285714,15.424757281553399,2023-24
1630573,Sam Hauser,Sam,1610612738,BOS,26.0,79,62,17,0.785,1740.585,107.1,231,0.122,0.178,40,0.167,25,0.104,485.0,479.0,398.0,1714.0,8.28,8.277313578521943,30,2,199,21,152,92,123,269,283,210,359,175,393,375,411,367,408,31,79,278,193,85,72,1,29,72,12,11,23,0.522,0.478,0,34,31,9,34,0.0,1.0,0.912,0.265,1630573,Sam Hauser,0.3201742424242424,0.1306388888888889,3463.6,8.032128514056225,84.94117647058823,88.50574712643679,55.06869995193756,14.84593837535014,12.10762331838565,13.202949341171447,13.91304347826087,14.0625,2.631578947368421,11.144987128146452,55.80998686214458,73.67263386948427,64.74131036581443,17.475728155339805,16.3265306122449,16.958589260947097,2023-24
1630583,Santi Aldama,Santi,1610612763,MEM,23.0,61,23,38,0.377,1618.0566666666666,114.6,280,0.173,0.271,43,0.167,54,0.25,613.0,478.0,502.0,1594.0,4.19,4.189300361005456,206,270,488,406,172,383,83,115,103,183,360,54,162,427,409,412,388,181,60,348,218,130,75,1,51,127,15,13,28,0.536,0.464,8,40,48,30,48,0.167,0.833,1.0,0.625,1630583,Santi Aldama,0.3149318885448916,0.1780278637770898,3206.4,19.67871485943775,92.0,45.40229885057473,51.42206065641878,17.180205415499533,32.28699551569507,26.244279475616853,15.217391304347828,16.40625,2.631578947368421,12.487038758581237,59.04011536369266,37.88931747903981,48.464716421366234,24.271844660194176,19.387755102040817,22.074004359025167,2023-24
1630703,Scoot Henderson,Scoot,1610612757,POR,20.0,62,18,44,0.29,1765.3933333333334,119.6,141,0.083,0.132,48,0.176,13,0.088,717.0,536.0,646.0,1996.0,2.1,2.09615353074699,200,316,528,458,148,532,234,467,451,157,329,277,425,496,449,500,453,308,61,176,56,120,106,3,10,22,20,27,47,0.426,0.574,1,14,13,0,15,0.067,0.933,0.867,0.0,1630703,Scoot Henderson,0.3766312684365782,0.1616991150442478,3548.5,3.2128514056224895,68.35294117647058,16.666666666666693,29.375336640680366,2.0541549953314657,27.802690582959645,17.503276347908372,28.695652173913043,20.3125,7.894736842105263,20.561320080091534,21.02342856561248,50.21912169079613,35.6212751282043,4.993065187239944,6.122448979591836,5.501287893798295,2023-24
1630567,Scottie Barnes,Scottie,1610612761,TOR,22.0,60,22,38,0.367,2094.2483333333334,115.8,353,0.167,0.251,75,0.228,88,0.381,681.0,645.0,537.0,2326.0,4.77,4.770996583170469,215,276,488,414,85,442,47,132,132,47,168,14,76,477,516,425,506,153,60,425,262,163,135,1,43,98,16,33,49,0.327,0.673,26,90,111,60,116,0.224,0.776,0.982,0.531,1630567,Scottie Barnes,0.3691804733727811,0.17234615384615384,4286.2,33.33333333333333,48.94117647058824,38.50574712643679,40.08918187964841,21.288515406162464,47.08520179372198,36.766527238698174,41.30434782608695,41.40625,2.631578947368421,31.671821367276888,25.614310075836894,42.17956483250245,33.896937454169674,34.39667128987517,44.89795918367347,39.12225084208441,2023-24
1628983,Shai Gilgeous-Alexander,Shai,1610612760,OKC,25.0,75,55,20,0.733,2552.6866666666665,109.7,350,0.128,0.197,150,0.328,67,0.19,721.0,805.0,632.0,2438.0,10.32,10.324710586872039,76,14,237,41,28,155,49,242,231,1,40,35,234,498,564,495,517,5,75,451,206,245,263,0,40,90,27,43,70,0.386,0.614,2,23,25,11,25,0.08,0.92,1.0,0.44,1628983,Shai Gilgeous-Alexander,0.33190735694822887,0.15560217983651226,5317.0,24.899598393574294,42.35294117647059,73.56321839080455,43.17417336689556,16.059757236227824,83.85650224215246,56.737804239782605,96.95652173913044,100.0,0.0,73.78260869565219,48.58051160959831,54.82290478728936,51.70170819844384,33.980582524271846,10.714285714285714,23.51074895977809,2023-24
1631323,Simone Fontecchio,Simone,1610612765,DET,28.0,66,29,37,0.439,1643.8933333333334,114.5,182,0.107,0.154,44,0.171,23,0.128,573.0,429.0,607.0,1796.0,4.39,4.389670026293003,170,213,475,366,168,376,180,347,366,179,346,188,349,407,384,475,415,169,64,257,174,83,73,1,21,45,18,18,36,0.5,0.5,5,30,34,15,35,0.143,0.857,0.971,0.429,1631323,Simone Fontecchio,0.2961076923076923,0.10640615384615384,3406.4,7.228915662650602,80.11764705882352,45.97701149425286,42.42699560921169,13.071895424836603,11.210762331838566,11.955215569037781,14.347826086956522,17.1875,2.631578947368421,12.412650171624714,70.63883116653385,91.9707217071239,81.30477643682887,10.679611650485436,14.285714285714285,12.302357836338418,2023-24
203915,Spencer Dinwiddie,Spencer,1610612747,LAL,31.0,76,38,38,0.5,2152.4083333333333,115.2,175,0.077,0.114,51,0.196,22,0.085,641.0,634.0,662.0,2274.0,5.13,5.127895608391995,61,124,488,300,74,419,192,496,499,139,263,193,433,446,504,506,495,134,76,298,169,129,85,0,22,51,11,11,22,0.5,0.5,1,23,24,10,24,0.042,0.958,1.0,0.417,203915,Spencer Dinwiddie,0.2932473404255319,0.13810106382978724,4328.5,6.827309236947792,52.0,41.95402298850572,31.41942944190555,12.605042016806722,31.838565022421523,24.145155820175603,19.565217391304348,22.65625,0.0,15.755774456521738,72.40126543779047,68.03796108956102,70.21961326367574,9.70873786407767,10.714285714285714,10.16123439667129,2023-24
201939,Stephen Curry,Stephen,1610612744,GSW,36.0,74,43,31,0.581,2421.5383333333334,114.7,293,0.116,0.169,54,0.161,28,0.126,906.0,650.0,814.0,2530.0,6.32,6.32149559645446,87,79,406,205,38,390,75,301,316,126,388,160,351,559,519,561,531,89,74,303,113,190,117,7,79,182,27,28,55,0.491,0.509,2,21,22,6,23,0.087,0.913,0.957,0.261,201939,Stephen Curry,0.32675830815709966,0.16730815709969787,4980.4,9.236947791164658,36.94117647058823,44.82758620689652,27.83108743289587,7.376283846872083,59.19282511210763,38.46620860601341,33.47826086956522,25.0,18.421052631578945,26.746567505720822,51.753149252699934,45.983745698996564,48.86844747584825,26.0748959778086,9.693877551020408,18.703437685753915,2023-24
1627752,Taurean Prince,Taurean,1610612747,LAL,30.0,78,44,34,0.564,2107.6216666666664,116.5,209,0.095,0.141,58,0.184,35,0.15,724.0,659.0,777.0,2298.0,4.36,4.355620123212868,43,72,446,237,81,465,149,407,421,114,306,128,304,502,521,554,497,172,77,297,166,131,120,11,21,48,10,36,46,0.217,0.783,4,49,48,22,53,0.075,0.925,0.923,0.423,1627752,Taurean Prince,0.31423919308357345,0.13901152737752162,4334.2,12.048192771084338,50.588235294117645,34.482758620689644,31.145849116547318,12.324929971988796,32.73542600896861,24.571227594176683,34.78260869565217,28.125,28.947368421052634,30.993635583524025,59.46692656415552,67.35047195801923,63.40869926108738,14.424410540915394,23.97959183673469,18.724242124034078,2023-24
1629611,Terance Mann,Terance,1610612746,LAC,27.0,75,47,28,0.627,1872.8916666666667,114.8,167,0.088,0.128,43,0.155,15,0.088,646.0,523.0,549.0,1926.0,4.72,4.715194896713398,76,45,361,126,129,394,198,448,462,183,406,258,426,451,442,438,439,156,73,188,119,69,71,1,50,115,14,12,26,0.538,0.462,7,23,30,16,30,0.233,0.767,1.0,0.533,1629611,Terance Mann,0.31572386058981233,0.13592761394101877,3722.8,4.016064257028113,72.47058823529412,44.252873563218394,38.03434997596878,7.936507936507936,4.932735426008969,6.134244430208556,13.478260869565217,16.40625,2.631578947368421,11.79138658466819,58.552133908491,69.67912858077727,64.11563124463413,8.599167822468793,10.714285714285714,9.550970873786408,2023-24
1626179,Terry Rozier,Terry,1610612748,MIA,30.0,61,22,39,0.361,2040.3816666666667,117.2,212,0.11,0.16,63,0.21,21,0.119,664.0,578.0,616.0,2084.0,3.82,3.818506282753464,206,276,497,417,96,484,144,331,345,94,214,202,367,464,473,484,471,201,61,227,82,145,91,3,21,45,25,28,53,0.472,0.528,0,13,13,4,13,0.0,1.0,1.0,0.308,1626179,Terry Rozier,0.36264193548387097,0.15870645161290323,4082.7,6.425702811244979,63.17647058823529,30.459770114942504,32.29698835911597,4.481792717086835,39.01345291479821,25.20078883571366,22.17391304347826,32.03125,7.894736842105263,22.05418692791762,29.643095251254348,52.47887562441792,41.06098543783613,14.840499306518723,5.612244897959184,10.68778482266693,2023-24
203501,Tim Hardaway Jr.,Tim,1610612742,DAL,32.0,79,49,30,0.62,2120.3283333333334,115.8,232,0.106,0.164,42,0.143,6,0.031,640.0,698.0,666.0,2312.0,4.79,4.7940574030863115,30,29,395,138,78,445,121,353,331,194,433,370,506,445,537,510,502,151,79,258,120,138,67,21,51,114,17,21,38,0.447,0.553,2,22,23,11,24,0.083,0.917,0.958,0.458,203501,Tim Hardaway Jr.,0.36267302452316075,0.16590190735694824,4379.7,0.4016064257028112,49.76470588235294,38.50574712643679,27.20472641071385,8.029878618113912,35.874439461883405,24.736615124375607,11.73913043478261,15.625,55.26315789473685,23.980191647597255,29.623939430375636,47.045601955383326,38.33477069287948,17.614424410540916,10.204081632653061,14.279770160491383,2023-24
202699,Tobias Harris,Tobias,1610612755,PHI,31.0,70,41,29,0.586,2367.78,112.4,373,0.156,0.232,70,0.176,46,0.147,678.0,634.0,758.0,2492.0,7.67,7.667002130019988,128,97,381,197,47,281,41,154,156,66,328,77,309,475,504,549,524,45,70,318,161,157,110,0,36,82,26,29,55,0.473,0.527,18,84,96,44,102,0.176,0.824,0.98,0.449,202699,Tobias Harris,0.30505982905982904,0.14066951566951566,4734.9,16.46586345381526,39.1764705882353,58.0459770114942,34.80960434028201,11.858076563958916,44.39461883408072,31.380001926031998,30.434782608695656,37.5,0.0,25.298913043478265,65.12288303744378,66.09852844660034,65.61070574202206,37.17059639389736,41.83673469387755,39.270358628888445,2023-24
1641739,Toumani Camara,Toumani,1610612757,POR,24.0,70,19,51,0.271,1739.32,111.5,204,0.119,0.182,66,0.227,33,0.221,689.0,500.0,616.0,1856.0,6.15,6.153980429323992,128,307,548,467,154,236,156,282,272,82,170,137,197,482,425,484,429,95,69,306,189,117,141,13,40,95,23,21,44,0.523,0.477,23,43,62,32,66,0.348,0.652,0.939,0.485,1641739,Toumani Camara,0.33727195467422094,0.12600566572237962,3493.1,11.244979919678714,76.58823529411765,63.21839080459768,47.10847202196208,14.472455648926239,26.45739910313901,21.6634217214539,43.913043478260875,34.375,34.21052631578947,38.14909897025172,45.27506134567737,77.17117104750662,61.223116196591995,13.730929264909847,20.918367346938776,16.965276401822866,2023-24
1629027,Trae Young,Trae,1610612737,ATL,25.0,54,22,32,0.407,1941.7133333333334,119.1,126,0.065,0.099,72,0.233,11,0.058,660.0,625.0,734.0,2336.0,2.67,2.6708555547848607,271,276,425,380,115,520,255,525,523,58,159,298,477,458,498,542,509,273,54,131,35,96,129,12,10,24,17,19,36,0.472,0.528,0,2,2,1,2,0.0,1.0,1.0,0.5,1629027,Trae Young,0.3581666666666667,0.1596320754716981,4115.1,2.4096385542168677,48.35294117647059,19.540229885057496,22.772442304715828,0.09337068160597572,17.040358744394617,10.261563519279159,38.69565217391304,39.0625,31.57894736842105,37.04487271167048,32.400576659650056,51.77993897352091,42.090257816585485,2.912621359223301,0.0,1.6019417475728157,2023-24
1630200,Tre Jones,Tre,1610612759,SAS,24.0,77,21,56,0.273,2138.18,111.8,231,0.104,0.151,78,0.232,9,0.03,820.0,627.0,590.0,2416.0,7.28,7.275826788271641,54,289,563,465,75,249,123,366,378,36,160,319,509,542,499,465,516,60,76,196,122,74,170,8,29,75,23,37,60,0.383,0.617,0,9,9,3,9,0.0,1.0,1.0,0.333,1630200,Tre Jones,0.30508469945355193,0.11614754098360655,4442.6,1.6064257028112447,43.64705882352941,61.49425287356321,31.292604087750593,8.216619981325863,7.174887892376682,7.591580727956354,56.52173913043478,43.75,21.052631578947366,43.18435354691076,65.10755889690351,84.61502053731306,74.86128971710829,17.475728155339805,3.571428571428571,11.218793342579751,2023-24
1630530,Trey Murphy III,Trey,1610612740,NOP,24.0,57,35,22,0.614,1690.265,108.2,238,0.139,0.198,51,0.163,28,0.172,508.0,411.0,451.0,1644.0,7.5,7.5019256764128865,241,155,262,154,161,111,112,202,229,139,377,160,264,384,377,387,395,53,57,232,112,120,95,1,21,48,13,21,34,0.382,0.618,0,23,23,10,23,0.0,1.0,1.0,0.435,1630530,Trey Murphy III,0.2645014164305949,0.13802832861189804,3348.3,9.236947791164658,89.05882352941177,82.18390804597698,55.41134436325422,7.282913165266107,27.802690582959645,19.594779615882228,23.91304347826087,22.65625,2.631578947368421,18.152799628146454,90.1133525147659,68.0928833013328,79.10311790804934,18.446601941747574,10.714285714285714,14.967059639389737,2023-24
1630169,Tyrese Haliburton,Tyrese,1610612754,IND,24.0,69,40,29,0.58,2223.5383333333334,116.2,236,0.102,0.155,83,0.249,48,0.162,675.0,706.0,641.0,2804.0,4.79,4.794293365895394,138,110,381,209,65,460,113,375,363,27,125,64,284,472,539,497,562,151,69,230,108,122,154,0,16,35,20,32,52,0.385,0.615,0,13,13,9,13,0.0,1.0,1.0,0.692,1630169,Tyrese Haliburton,0.37301246105919,0.14778193146417445,4650.2,17.269076305220885,20.823529411764703,36.206896551724114,23.247589954137027,6.909430438842204,28.699551569506728,19.983503117240918,49.56521739130435,47.65625,0.0,36.50577445652174,23.253192736504662,60.727958070661735,41.9905754035832,18.169209431345354,5.612244897959184,12.518575391321578,2023-24
1630178,Tyrese Maxey,Tyrese,1610612755,PHI,23.0,70,43,27,0.614,2625.806666666667,113.2,222,0.085,0.128,69,0.157,33,0.096,730.0,750.0,875.0,2782.0,7.88,7.8763095635568865,128,79,344,152,18,309,134,459,464,70,405,137,412,505,556,567,557,39,69,221,102,119,111,3,12,26,20,46,66,0.303,0.697,0,39,36,8,39,0.0,1.0,0.947,0.211,1630178,Tyrese Maxey,0.3110809248554913,0.1455057803468208,5230.4,11.244979919678714,22.11764705882353,53.448275862068925,25.601237403976953,6.349206349206349,27.3542600896861,18.9522385934942,30.869565217391305,36.71875,7.894736842105263,27.17307279748284,61.41292495606972,62.44667504601055,61.929800001040135,16.22746185852982,18.877551020408163,17.420001981375073,2023-24
1626145,Tyus Jones,Tyus,1610612764,WAS,28.0,66,11,55,0.167,1932.6666666666667,122.5,159,0.081,0.129,71,0.234,18,0.079,665.0,713.0,665.0,2546.0,0.66,0.6620650538543075,170,392,560,530,117,555,207,481,459,62,156,228,445,465,542,509,534,448,66,117,43,74,127,0,19,42,12,23,35,0.343,0.657,0,7,6,4,7,0.0,1.0,0.857,0.571,1626145,Tyus Jones,0.35672063492063494,0.11614920634920636,4096.5,5.220883534136546,36.0,0.0,14.688353413654617,0.8403361344537815,7.174887892376682,4.641067189207521,37.826086956521735,38.28125,0.0,28.528872282608695,33.29156350725657,84.61376302321185,58.95266326523421,7.489597780859916,2.5510204081632653,5.267237963146424,2023-24
1641705,Victor Wembanyama,Victor,1610612759,SAS,20.0,71,19,52,0.268,2106.235,111.2,594,0.273,0.389,88,0.274,254,0.708,832.0,566.0,610.0,2298.0,7.61,7.605742051065426,118,307,551,469,82,226,7,11,12,21,83,1,9,545,464,478,497,48,71,644,511,133,204,11,134,296,17,20,37,0.459,0.541,20,41,59,34,61,0.328,0.672,1.0,0.576,1641705,Victor Wembanyama,0.32018803418803415,0.1423789173789174,4393.5,100.0,50.588235294117645,64.94252873563214,73.94151453684921,44.537815126050425,33.6322869955157,37.994498247729595,71.30434782608695,51.5625,28.947368421052634,53.80545623569794,55.80148892966318,64.80776277061356,60.30462585013837,67.82246879334258,19.897959183673468,46.25643946899149,2023-24
1628380,Zach Collins,Zach,1610612759,SAS,26.0,69,19,50,0.275,1525.7283333333332,116.3,252,0.162,0.235,34,0.176,52,0.364,627.0,429.0,472.0,1724.0,3.22,3.223640989934644,138,307,544,463,184,463,97,145,147,246,327,57,89,437,384,400,409,232,69,612,493,119,74,2,201,440,14,14,28,0.5,0.5,26,95,117,62,121,0.215,0.785,0.975,0.517,1628380,Zach Collins,0.3205243553008596,0.14030659025787964,3182.0,18.87550200803213,84.35294117647058,35.63218390804598,45.98177619198905,42.857142857142854,27.3542600896861,33.5554131966688,14.782608695652174,9.375,5.263157894736842,10.510082951945082,55.59426132976976,66.37257267020597,60.98341699998787,20.388349514563107,47.44897959183674,32.56563304933624,2023-24
1629627,Zion Williamson,Zion,1610612740,NOP,23.0,70,42,28,0.6,2206.923333333333,111.6,284,0.127,0.185,76,0.191,47,0.205,741.0,596.0,686.0,2162.0,7.77,7.771318007854527,128,88,361,170,69,244,78,248,264,42,276,68,213,511,483,521,482,43,70,289,126,163,143,1,66,152,45,23,68,0.662,0.338,10,35,43,32,45,0.222,0.778,0.977,0.727,1629627,Zion Williamson,0.3145870786516854,0.1599073033707865,4443.2,16.867469879518072,58.58823529411765,62.64367816091955,42.9137898449783,8.590102707749766,47.08520179372198,31.68716215933309,44.78260869565218,42.1875,2.631578947368421,33.33656321510297,59.252573410076806,51.57211495926882,55.41234418467282,24.826629680998614,16.83673469387755,21.231176936794135,2023-24
