PLAYER_ID,PLAYER_NAME,NICKNAME,TEAM_ID,TEAM_ABBREVIATION,AGE,GP,W,L,W_PCT,MIN,DEF_RATING,DREB,DREB_PCT,PCT_DREB,STL,PCT_STL,BLK,PCT_BLK,OPP_PTS_OFF_TOV,OPP_PTS_2ND_CHANCE,OPP_PTS_FB,OPP_PTS_PAINT,DEF_WS,DEF_WS_RAW,GP_RANK,W_RANK,L_RANK,W_PCT_RANK,MIN_RANK,DEF_RATING_RANK,DREB_RANK,DREB_PCT_RANK,PCT_DREB_RANK,STL_RANK,PCT_STL_RANK,BLK_RANK,PCT_BLK_RANK,OPP_PTS_OFF_TOV_RANK,OPP_PTS_2ND_CHANCE_RANK,OPP_PTS_FB_RANK,OPP_PTS_PAINT_RANK,DEF_WS_RANK,G,CONTESTED_SHOTS,CONTESTED_SHOTS_2PT,CONTESTED_SHOTS_3PT,DEFLECTIONS,CHARGES_DRAWN,SCREEN_ASSISTS,SCREEN_AST_PTS,OFF_LOOSE_BALLS_RECOVERED,DEF_LOOSE_BALLS_RECOVERED,LOOSE_BALLS_RECOVERED,PCT_LOOSE_BALLS_RECOVERED_OFF,PCT_LOOSE_BALLS_RECOVERED_DEF,OFF_BOXOUTS,DEF_BOXOUTS,BOX_OUT_PLAYER_TEAM_REBS,BOX_OUT_PLAYER_REBS,BOX_OUTS,PCT_BOX_OUTS_OFF,PCT_BOX_OUTS_DEF,PCT_BOX_OUTS_TEAM_REB,PCT_BOX_OUTS_REB,DEF_PLAYER_ID,DEF_PLAYER_NAME,avg_fg_pct_allowed,avg_3fg_pct_allowed,total_possessions,BLK_score,OPP_PTS_PAINT_score,DEF_RATING_score,rim_protection_score,CONTESTED_SHOTS_2PT_score,CONTESTED_SHOTS_3PT_score,shot_contesting_score,DEFLECTIONS_score,STL_score,CHARGES_DRAWN_score,ball_disruption_score,avg_fg_pct_allowed_score,avg_3fg_pct_allowed_score,on_ball_matchup_def_score,DREB_score,DEF_BOXOUTS_score,def_reb_score,rim_protection_percentile,shot_contesting_percentile,ball_disruption_percentile,on_ball_matchup_def_percentile,def_reb_percentile,rim_protection_label,shot_contesting_label,ball_disruption_label,on_ball_matchup_def_label,def_reb_label,SEASON
1631260,AJ Green,AJ,1610612749,MIL,26.0,78,31,47,0.397,2269.9333333333334,116.7,184,0.08,0.12,39,0.111,8,0.042,812.0,648.0,677.0,2060.0,4.72,4.721945261423381,28,188,548,387,41,442,173,488,503,239,523,341,503,541,525,524,506,154,78,304,171,133,110,3,28,64,11,26,37,0.297,0.703,0,36,36,9,36,0.0,1.0,1.0,0.25,1631260,AJ Green,0.34852644836272045,0.18219647355163726,4579.8,4.060913705583756,39.120370370370374,28.97959183673467,22.5613930710468,21.102150537634408,44.31818181818182,35.031769305962854,29.102167182662537,22.377622377622377,10.344827586206897,22.05924160178457,24.97134162173149,21.921617099783013,23.44647936075725,23.747980613893375,23.28767123287671,23.54084139243588,7.9178885630498534,72.72727272727273,46.9208211143695,5.818181818181818,62.17008797653959,Poor,Above Average,Average,Poor,Average,2025-26
1628988,Aaron Holiday,Aaron,1610612745,HOU,29.0,57,38,19,0.667,780.7316666666667,106.3,45,0.054,0.085,27,0.203,5,0.06,259.0,277.0,188.0,740.0,4.01,4.013297170923213,235,128,236,106,329,71,413,557,560,300,258,397,481,233,277,220,239,189,49,102,49,53,39,2,6,13,2,8,10,0.2,0.8,0,7,7,2,7,0.0,1.0,1.0,0.286,1628988,Aaron Holiday,,,1561.5,2.5380710659898478,90.04629629629629,71.42857142857143,50.38857498724249,4.704301075268817,14.015151515151514,10.290811339198434,7.120743034055728,13.986013986013987,6.896551724137931,9.46754003976167,,,,1.2924071082390953,3.4246575342465753,2.2519197999424616,90.02932551319648,11.730205278592376,11.143695014662756,,1.1730205278592376,Elite,Poor,Poor,Poor,Poor,2025-26
1630174,Aaron Nesmith,Aaron,1610612754,IND,26.0,45,10,35,0.222,1334.95,118.4,139,0.102,0.154,26,0.138,23,0.205,494.0,432.0,416.0,1562.0,2.13,2.129106179521742,331,411,459,514,206,490,243,359,384,308,467,182,218,375,389,377,416,305,45,250,150,100,50,4,27,54,16,11,27,0.593,0.407,1,10,11,5,11,0.091,0.909,1.0,0.455,1630174,Aaron Nesmith,0.2833056478405316,0.10994019933554817,2783.2,11.6751269035533,58.333333333333336,22.040816326530578,30.59692150972063,18.27956989247312,31.818181818181817,26.402737047898338,10.526315789473683,13.286713286713287,13.793103448275861,12.309151828208087,64.20593073971384,76.31761941873732,70.26177507922557,16.478190630048463,5.47945205479452,11.528758271184191,26.68621700879765,54.252199413489734,17.888563049853374,83.63636363636363,26.68621700879765,Below Average,Average,Below Average,Above Average,Below Average,2025-26
1630598,Aaron Wiggins,Aaron,1610612760,OKC,27.0,65,50,15,0.769,1413.98,106.7,158,0.101,0.161,60,0.211,28,0.196,468.0,438.0,378.0,1254.0,7.03,7.027840041258066,166,32,187,34,187,80,210,365,357,112,225,140,228,361,393,343,358,72,62,261,144,117,113,1,18,38,13,21,34,0.382,0.618,1,16,17,12,17,0.059,0.941,1.0,0.706,1630598,Aaron Wiggins,0.28984840425531916,0.1508404255319149,2894.9,14.213197969543149,70.21604938271605,69.79591836734691,47.70987606360461,17.473118279569892,38.25757575757576,29.94379276637341,30.030959752321984,37.06293706293706,3.4482758620689653,25.846480838474005,60.270033639740326,45.52709190869961,52.89856277421997,19.547657512116317,9.58904109589041,15.066280124814659,85.33724340175954,64.22287390029325,60.117302052785924,53.45454545454545,37.5366568914956,Above Average,Average,Average,Average,Below Average,2025-26
1642846,Ace Bailey,Ace,1610612762,UTA,19.0,72,19,53,0.264,1987.6433333333334,120.4,198,0.097,0.15,60,0.164,49,0.302,769.0,678.0,768.0,2194.0,2.0,2.003692786200606,84,316,568,479,82,523,154,381,394,112,391,62,119,522,532,556,526,320,72,346,190,156,111,0,18,38,26,14,40,0.65,0.35,3,24,27,10,27,0.111,0.889,1.0,0.37,1642846,Ace Bailey,0.2843598014888337,0.15122084367245658,4199.8,24.873096446700508,33.95061728395062,13.87755102040813,25.301342383164954,23.655913978494624,53.03030303030303,41.28054740957967,29.411764705882355,37.06293706293706,0.0,24.736733854380912,63.57178818201423,45.24070534532391,54.406246763669074,26.009693053311793,15.068493150684931,21.086153097129706,12.903225806451612,81.81818181818183,56.89149560117303,57.09090909090909,53.665689149560116,Poor,Above Average,Average,Average,Average,2025-26
1641737,Adem Bona,Adem,1610612755,PHI,23.0,71,41,30,0.577,1234.1616666666666,112.9,179,0.138,0.222,30,0.128,82,0.466,439.0,429.0,413.0,1194.0,3.98,3.976231767612674,98,97,395,206,225,282,180,207,193,286,490,19,54,342,388,374,341,193,70,375,261,114,82,0,112,271,11,18,29,0.379,0.621,35,30,65,42,65,0.538,0.462,1.0,0.646,1641737,Adem Bona,0.30151657458563536,0.14783149171270718,2528.4,41.62436548223351,72.53086419753086,44.489795918367314,53.15799764162103,33.19892473118279,37.121212121212125,35.55229716520039,20.43343653250774,16.083916083916083,0.0,13.802745242373724,53.2508639116282,47.7922788808056,50.5215713962169,22.940226171243943,19.17808219178082,21.24726138048554,94.42815249266863,73.90029325513197,20.527859237536656,48.72727272727273,54.83870967741935,Elite,Above Average,Below Average,Average,Average,2025-26
1642349,Ajay Mitchell,Ajay,1610612760,OKC,24.0,57,50,7,0.877,1472.7983333333334,102.5,150,0.093,0.14,71,0.228,18,0.113,440.0,420.0,308.0,1146.0,9.14,9.136515911511728,235,32,99,5,170,32,227,413,436,76,171,224,366,343,382,301,329,21,56,194,123,71,129,1,10,23,14,22,36,0.389,0.611,1,17,18,8,18,0.056,0.944,1.0,0.444,1642349,Ajay Mitchell,0.26596153846153847,0.13165384615384615,3023.8,9.137055837563452,74.38271604938271,86.93877551020407,51.423466829860345,14.650537634408604,20.833333333333336,18.360215053763444,34.984520123839005,44.75524475524475,3.4482758620689653,30.520212679388507,74.6395500705687,59.971141614625864,67.30534584259729,18.25525040387722,10.273972602739725,14.663675393365349,91.78885630498533,35.77712609970675,72.43401759530792,82.18181818181817,35.19061583577713,Elite,Below Average,Above Average,Above Average,Below Average,2025-26
201143,Al Horford,Al,1610612744,GSW,40.0,45,22,23,0.489,969.185,113.5,175,0.184,0.294,30,0.144,51,0.481,377.0,350.0,275.0,1022.0,2.89,2.887481583367828,331,277,289,334,287,316,186,82,75,286,454,58,50,304,329,273,298,268,45,298,187,111,53,0,47,113,9,9,18,0.5,0.5,4,34,38,34,38,0.105,0.895,1.0,0.895,201143,Al Horford,,,1944.1,25.888324873096447,79.16666666666666,42.0408163265306,48.57386736420456,23.25268817204301,35.984848484848484,30.891984359726294,11.455108359133128,16.083916083916083,0.0,10.21141397302388,,,,22.294022617124394,21.91780821917808,22.124726138048555,87.09677419354838,67.15542521994135,13.196480938416421,,57.18475073313783,Above Average,Average,Poor,Poor,Average,2025-26
1627936,Alex Caruso,Alex,1610612760,OKC,32.0,56,47,9,0.839,1020.3466666666667,99.3,127,0.113,0.172,72,0.327,17,0.159,304.0,300.0,191.0,784.0,7.32,7.320326193036908,247,44,116,9,273,18,260,315,326,72,42,233,271,259,294,224,244,63,56,132,55,77,172,2,37,84,9,18,27,0.333,0.667,0,21,21,12,21,0.0,1.0,1.0,0.571,1627936,Alex Caruso,0.25889285714285715,0.11991233766233766,2092.8,8.629441624365482,88.34876543209876,100.0,59.373844550980756,5.510752688172043,23.106060606060606,16.06793743890518,48.297213622291025,45.45454545454545,6.896551724137931,36.9521142890418,78.89182549380682,68.81038955622402,73.85110752501542,14.539579967689823,13.013698630136986,13.852933365791046,98.24046920821115,27.27272727272727,82.99120234604106,89.45454545454545,32.55131964809384,Elite,Below Average,Above Average,Above Average,Below Average,2025-26
1642259,Alex Sarr,Alex,1610612764,WAS,21.0,48,11,37,0.229,1304.6616666666666,120.4,250,0.179,0.284,39,0.191,95,0.505,489.0,464.0,407.0,1490.0,1.34,1.3350776117786596,310,406,482,510,215,520,95,97,88,239,296,14,36,370,407,367,405,378,48,450,349,101,72,0,172,400,12,10,22,0.545,0.455,26,37,63,52,63,0.413,0.587,1.0,0.825,1642259,Alex Sarr,0.3672823920265781,0.14096677740863786,2739.2,48.223350253807105,61.111111111111114,13.87755102040813,44.147616745513766,45.026881720430104,32.196969696969695,37.32893450635386,17.3374613003096,22.377622377622377,0.0,14.76715235229167,13.688411371264491,52.96017632990998,33.32429385058723,34.41033925686591,23.972602739726025,29.713357824152965,76.24633431085044,77.41935483870968,23.75366568914956,15.636363636363637,74.48680351906158,Above Average,Above Average,Below Average,Below Average,Above Average,2025-26
1630578,Alperen Sengun,Alperen,1610612745,HOU,23.0,72,46,26,0.639,2397.695,113.7,425,0.177,0.272,85,0.197,77,0.301,927.0,795.0,769.0,2448.0,7.04,7.036322154024466,84,52,338,140,25,325,16,99,103,43,279,22,122,570,572,557,551,71,71,616,420,196,164,6,159,369,34,18,52,0.654,0.346,49,70,116,83,119,0.412,0.588,0.983,0.703,1630578,Alperen Sengun,0.3801,0.2113157894736842,4697.4,39.08629441624365,24.151234567901234,41.224489795918345,34.393572314242476,54.56989247311827,68.18181818181817,62.73704789833821,45.82043343653251,54.54545454545454,20.689655172413794,42.59149625862554,5.977779513234894,0.0,2.988889756617447,62.68174474959613,46.57534246575342,55.43386372186691,39.589442815249264,97.94721407624634,89.73607038123167,0.36363636363636365,95.30791788856305,Below Average,Elite,Above Average,Poor,Elite,2025-26
1641708,Amen Thompson,Amen,1610612745,HOU,23.0,79,49,30,0.62,2953.15,110.4,379,0.123,0.189,119,0.225,48,0.137,1132.0,886.0,909.0,3074.0,11.54,11.540317630227408,25,37,395,160,1,174,34,268,272,8,180,68,306,580,581,579,582,5,79,300,199,101,213,1,36,87,34,33,67,0.507,0.493,16,22,38,27,38,0.421,0.579,1.0,0.711,1641708,Amen Thompson,0.29319847328244275,0.11846310432569974,5847.3,24.36548223350254,0.0,54.69387755102038,23.41966228115611,24.865591397849464,32.196969696969695,29.264418377321604,60.99071207430341,78.32167832167832,3.4482758620689653,52.67094120782602,58.25474740063083,69.90140207791463,64.07807473927272,55.25040387722132,13.698630136986301,36.55210569411557,8.797653958944283,62.75659824046921,94.42815249266863,73.45454545454545,83.87096774193549,Poor,Average,Elite,Above Average,Above Average,2025-26
203083,Andre Drummond,Andre,1610612755,PHI,32.0,63,33,30,0.524,1230.7483333333332,113.6,332,0.264,0.414,38,0.158,49,0.389,419.0,353.0,428.0,1270.0,3.64,3.6354048929562937,194,175,395,284,226,319,46,10,7,246,413,62,78,328,332,388,361,214,62,321,232,89,95,0,113,258,9,6,15,0.6,0.4,59,33,92,84,92,0.641,0.359,1.0,0.913,203083,Andre Drummond,0.3199201183431952,0.10887573964497041,2505.2,24.873096446700508,69.59876543209876,41.6326530612245,44.716969745220894,29.301075268817208,27.65151515151515,28.311339198435974,24.458204334365323,21.678321678321677,0.0,17.370694321158716,42.179925317474954,77.11896646334053,59.64944589040774,47.65751211631664,21.232876712328768,35.766426184522096,77.41935483870968,60.410557184750736,32.111436950146626,66.18181818181819,82.11143695014663,Above Average,Average,Below Average,Average,Above Average,2025-26
1629614,Andrew Nembhard,Andrew,1610612754,IND,26.0,57,13,44,0.228,1785.5933333333332,119.3,135,0.075,0.115,51,0.202,8,0.047,670.0,568.0,535.0,2114.0,2.37,2.3696537557515347,235,384,533,511,116,504,248,508,517,168,264,341,498,479,478,456,515,294,57,141,90,51,94,1,26,57,18,13,31,0.581,0.419,0,15,15,2,15,0.0,1.0,1.0,0.133,1629614,Andrew Nembhard,0.34590645161290323,0.12208709677419355,3710.4,4.060913705583756,37.03703703703704,18.367346938775512,19.17916517989034,10.21505376344086,13.257575757575758,12.040566959921797,24.148606811145513,30.76923076923077,3.4482758620689653,21.290742459206218,26.547441503157447,67.17318637940511,46.86031394128128,15.831987075928918,8.904109589041095,12.714442206829398,3.225806451612903,14.95601173020528,43.10850439882698,40.72727272727273,30.498533724340177,Poor,Poor,Average,Average,Below Average,2025-26
203952,Andrew Wiggins,Andrew,1610612748,MIA,31.0,68,35,33,0.515,2062.5983333333334,113.9,214,0.098,0.149,76,0.207,69,0.369,684.0,674.0,647.0,2334.0,5.95,5.950779095640682,135,162,435,290,68,336,135,378,399,61,242,31,87,485,531,510,539,92,68,515,273,242,152,0,8,19,24,15,39,0.615,0.385,10,40,47,21,50,0.2,0.8,0.94,0.42,203952,Andrew Wiggins,0.30272033898305084,0.15983333333333336,4389.0,35.025380710659896,28.549382716049383,40.40816326530609,34.104477051207766,34.81182795698925,85.60606060606061,65.28836754643207,42.10526315789473,48.25174825174825,0.0,33.730217151269784,52.52672067589186,38.757046830577146,45.6418837532345,28.594507269789982,26.027397260273972,27.439307765507778,38.70967741935484,98.82697947214076,79.47214076246334,37.09090909090909,70.96774193548387,Below Average,Elite,Above Average,Below Average,Above Average,2025-26
1629014,Anfernee Simons,Anfernee,1610612741,CHI,27.0,55,31,24,0.564,1371.9333333333334,114.0,104,0.075,0.121,27,0.122,8,0.061,408.0,418.0,425.0,1292.0,3.66,3.664689286162116,258,188,309,227,198,340,300,509,497,300,504,341,479,323,380,385,362,210,54,158,83,75,66,0,10,22,4,9,13,0.308,0.692,0,4,4,1,4,0.0,1.0,1.0,0.25,1629014,Anfernee Simons,0.291,0.11460000000000001,2682.2,4.060913705583756,68.75,39.99999999999999,35.6868654822335,9.274193548387096,22.348484848484848,17.118768328445746,15.479876160990713,13.986013986013987,0.0,11.08705535950118,59.57727327018312,72.8096260922153,66.19344968119921,10.823909531502423,1.36986301369863,6.569588598490717,46.33431085043988,29.61876832844575,15.249266862170089,79.63636363636364,11.730205278592376,Average,Below Average,Below Average,Above Average,Poor,2025-26
1641710,Anthony Black,Anthony,1610612753,ORL,22.0,64,36,28,0.563,1910.05,113.1,197,0.101,0.154,91,0.273,45,0.207,649.0,534.0,626.0,2018.0,5.93,5.928348757888367,180,151,364,229,95,298,156,364,383,32,88,73,216,469,450,507,499,94,64,266,142,124,194,3,19,46,8,21,29,0.276,0.724,0,21,21,7,21,0.0,1.0,1.0,0.333,1641710,Anthony Black,0.34968328445747804,0.13952785923753666,3914.6,22.84263959390863,40.74074074074074,43.67346938775511,34.31468244376149,17.20430107526882,40.909090909090914,31.427174975562075,55.10835913312694,58.74125874125874,10.344827586206897,45.188991109243055,24.275428837906894,54.043423383832646,39.159426110869774,25.848142164781905,13.013698630136986,20.072642574191693,39.29618768328446,67.44868035190615,91.49560117302052,22.545454545454547,50.733137829912025,Below Average,Average,Elite,Below Average,Average,2025-26
1630162,Anthony Edwards,Anthony,1610612750,MIN,24.0,61,37,24,0.607,2136.5933333333332,114.3,266,0.12,0.179,83,0.226,49,0.209,774.0,602.0,700.0,2292.0,5.83,5.825825957332821,210,136,309,170,60,358,82,282,302,48,175,62,213,526,501,534,535,98,61,251,148,103,133,0,7,19,24,15,39,0.615,0.385,0,17,17,9,17,0.0,1.0,1.0,0.529,1630162,Anthony Edwards,0.30922741433021805,0.15333021806853583,4372.5,24.873096446700508,30.169753086419753,38.775510204081634,30.202529709947527,18.010752688172044,32.95454545454545,26.97702834799609,36.22291021671827,53.14685314685315,0.0,33.09056268808591,48.61228807828826,43.65272512096963,46.13250659962894,36.995153473344104,10.273972602739725,24.970622081572134,25.806451612903224,55.42521994134897,78.2991202346041,38.90909090909091,65.98240469208211,Below Average,Average,Above Average,Below Average,Average,2025-26
1630264,Anthony Gill,Anthony,1610612764,WAS,33.0,55,6,49,0.109,950.9466666666667,121.4,100,0.112,0.178,31,0.176,21,0.236,446.0,324.0,408.0,1146.0,0.7,0.7039290192705625,258,461,559,561,290,537,311,320,308,279,343,197,188,347,311,368,329,441,46,221,123,98,74,1,79,180,5,5,10,0.5,0.5,17,29,46,31,46,0.37,0.63,1.0,0.674,1630264,Anthony Gill,,,1992.1,10.65989847715736,74.38271604938271,9.795918367346903,32.74688959998362,14.650537634408604,31.060606060606062,24.49657869012708,17.956656346749224,16.783216783216783,3.4482758620689653,13.918857378342807,,,,10.177705977382875,18.493150684931507,13.919656095779759,34.31085043988269,49.56011730205279,21.407624633431084,,32.84457478005865,Below Average,Average,Below Average,Poor,Below Average,2025-26
1641709,Ausar Thompson,Ausar,1610612765,DET,23.0,73,53,20,0.726,1895.61,107.2,268,0.135,0.203,146,0.364,69,0.284,683.0,543.0,512.0,1704.0,9.15,9.147361176051207,78,19,251,69,98,89,79,223,236,3,21,31,138,483,460,442,442,20,73,309,160,149,321,2,37,88,28,33,61,0.459,0.541,11,10,20,15,21,0.524,0.476,1.0,0.75,1641709,Ausar Thompson,0.2793259668508287,0.14292265193370166,3869.3,35.025380710659896,52.85493827160494,67.75510204081631,49.44815618952977,19.623655913978492,50.378787878787875,38.07673509286412,94.42724458204334,97.2027972027972,6.896551724137931,73.51601478483084,66.59996986835833,51.48775395060519,59.04386190948176,37.31825525040387,5.47945205479452,22.990793812379668,88.56304985337243,78.2991202346041,99.41348973607037,64.72727272727272,59.2375366568915,Above Average,Above Average,Elite,Average,Average,2025-26
1630559,Austin Reaves,Austin,1610612747,LAL,28.0,51,36,15,0.706,1761.65,112.3,207,0.117,0.174,56,0.175,20,0.123,629.0,478.0,544.0,1878.0,5.89,5.893018251164736,291,151,187,82,121,262,143,297,323,137,350,209,343,462,414,460,470,95,51,153,83,70,114,15,16,36,20,20,40,0.5,0.5,0,12,12,3,12,0.0,1.0,1.0,0.25,1630559,Austin Reaves,0.3446090909090909,0.11876666666666666,3589.8,10.152284263959391,46.141975308641975,46.93877551020408,31.945298941159468,9.274193548387096,20.454545454545457,15.982404692082111,30.340557275541798,34.26573426573427,51.724137931034484,37.060264385982336,27.327889055845418,69.67287413370038,48.5003815947729,27.463651050080774,6.8493150684931505,18.187199858366345,30.498533724340177,26.392961876832842,83.28445747800586,44.36363636363637,44.57478005865102,Below Average,Below Average,Above Average,Average,Average,2025-26
1630245,Ayo Dosunmu,Ayo,1610612750,MIN,26.0,69,36,33,0.522,1881.0433333333333,113.2,190,0.093,0.143,58,0.178,18,0.089,723.0,629.0,534.0,2002.0,5.84,5.8406186941139895,118,151,435,287,100,300,162,410,420,123,334,224,418,506,516,455,495,97,67,248,147,101,83,4,10,26,20,18,38,0.526,0.474,1,16,17,9,17,0.059,0.941,1.0,0.529,1630245,Ayo Dosunmu,0.28121842105263156,0.10973421052631578,3915.3,9.137055837563452,41.358024691358025,43.265306122448955,28.946457507612926,17.876344086021508,32.196969696969695,26.46871945259042,20.743034055727556,35.66433566433567,13.793103448275861,24.22800696687747,65.4615345465307,76.47269201092737,70.96711327872904,24.717285945072696,9.58904109589041,17.90957576294067,22.87390029325513,54.54545454545454,55.13196480938416,85.81818181818181,43.10850439882698,Below Average,Average,Average,Above Average,Average,2025-26
1628389,Bam Adebayo,Bam,1610612748,MIA,28.0,73,37,36,0.507,2364.685,111.0,583,0.236,0.344,86,0.209,49,0.265,736.0,646.0,659.0,2494.0,8.63,8.628632656291709,78,136,472,301,29,210,5,24,32,40,231,62,159,510,522,519,556,30,73,498,300,198,176,2,85,189,22,16,38,0.579,0.421,22,138,155,105,160,0.138,0.863,0.969,0.656,1628389,Bam Adebayo,0.335260989010989,0.15938736263736264,4960.3,24.873096446700508,22.376543209876544,52.24489795918367,30.84225319193291,38.44086021505376,68.93939393939394,56.739980449657864,49.53560371517028,55.24475524475524,6.896551724137931,40.87404375276693,32.9513854568177,39.09278269954349,36.0220840781806,88.20678513731825,93.15068493150685,90.43154004470313,27.859237536656888,95.30791788856305,87.97653958944281,19.272727272727273,100.0,Below Average,Elite,Above Average,Below Average,Elite,2025-26
1631248,Baylor Scheierman,Baylor,1610612738,BOS,25.0,77,54,23,0.701,1429.3033333333333,109.0,212,0.138,0.211,42,0.222,6,0.038,415.0,422.0,383.0,1220.0,6.13,6.132630112982299,37,13,289,83,184,130,137,203,221,219,188,375,509,326,383,347,349,89,74,167,92,75,99,5,19,47,18,8,26,0.692,0.308,5,18,23,13,23,0.217,0.783,1.0,0.565,1631248,Baylor Scheierman,0.25575810473815463,0.11518453865336659,2788.6,3.0456852791878175,71.52777777777779,60.408163265306115,41.35503715022388,10.483870967741936,22.348484848484848,17.602639296187682,25.696594427244584,24.475524475524477,17.24137931034483,23.155416164917607,80.77758466266687,72.36957342842922,76.57357904554804,28.27140549273021,10.95890410958904,20.480779870316688,66.27565982404691,32.84457478005865,51.31964809384164,92.72727272727272,51.61290322580645,Average,Below Average,Average,Elite,Average,2025-26
1642879,Ben Saraf,Ben,1610612751,BKN,20.0,44,10,34,0.227,916.3183333333334,116.0,72,0.085,0.132,38,0.22,8,0.125,406.0,281.0,330.0,976.0,2.12,2.1204551434266756,336,411,449,513,295,426,352,452,464,246,197,341,331,322,282,312,288,307,42,152,98,54,76,1,7,19,14,5,19,0.737,0.263,1,9,10,5,10,0.1,0.9,1.0,0.5,1642879,Ben Saraf,,,1839.8,4.060913705583756,80.94135802469135,31.83673469387754,37.91302446434486,11.29032258064516,14.393939393939394,13.1524926686217,18.575851393188856,21.678321678321677,3.4482758620689653,15.879822110205371,,,,5.654281098546042,4.794520547945205,5.267388850775665,54.54545454545454,17.008797653958943,27.859237536656888,,7.331378299120235,Average,Below Average,Below Average,Poor,Poor,2025-26
1641767,Ben Sheppard,Ben,1610612754,IND,24.0,65,16,49,0.246,1390.4766666666667,116.0,152,0.106,0.163,39,0.181,6,0.047,531.0,404.0,452.0,1636.0,3.23,3.233867685450606,166,348,559,495,193,423,221,345,352,239,327,375,497,394,368,407,429,244,65,169,115,54,73,0,9,20,16,9,25,0.64,0.36,0,17,17,5,17,0.0,1.0,1.0,0.294,1641767,Ben Sheppard,0.27499455040871934,0.1036757493188011,2905.5,3.0456852791878175,55.47839506172839,31.83673469387754,28.594896056749448,13.5752688172043,14.393939393939394,14.066471163245357,17.647058823529413,22.377622377622377,0.0,14.890991361579598,69.2056009407218,81.0336256249094,75.1196132828156,18.578352180936992,10.273972602739725,14.841381370748223,21.407624633431084,19.64809384164223,24.633431085043988,90.54545454545455,36.36363636363637,Below Average,Below Average,Below Average,Elite,Below Average,2025-26
1631097,Bennedict Mathurin,Bennedict,1610612746,LAC,24.0,54,22,32,0.407,1620.015,115.3,238,0.142,0.225,43,0.149,13,0.068,551.0,528.0,422.0,1764.0,4.14,4.137077766259573,266,277,424,380,144,401,107,187,188,214,438,272,462,410,444,384,454,183,54,143,83,60,68,1,11,24,11,8,19,0.579,0.421,6,22,28,16,28,0.214,0.786,1.0,0.571,1631097,Bennedict Mathurin,0.3236523076923077,0.1415846153846154,3329.9,6.598984771573605,50.54012345679012,34.69387755102041,29.002106506261086,9.274193548387096,16.666666666666664,13.709677419354836,16.09907120743034,25.174825174825177,3.4482758620689653,16.11288625967819,39.93476864275552,52.495055254423804,46.21491194858966,32.47172859450727,13.698630136986301,24.023834288622833,23.16715542521994,18.7683284457478,28.152492668621704,39.63636363636363,62.75659824046921,Below Average,Below Average,Below Average,Below Average,Average,2025-26
1641731,Bilal Coulibaly,Bilal,1610612764,WAS,21.0,56,14,42,0.25,1467.605,121.2,195,0.128,0.204,75,0.293,54,0.273,604.0,523.0,545.0,1708.0,1.16,1.1561212814407236,247,374,523,485,172,533,157,246,235,67,66,49,149,439,442,461,443,398,56,189,126,63,172,2,19,46,7,9,16,0.438,0.563,3,9,12,9,12,0.25,0.75,1.0,0.75,1641731,Bilal Coulibaly,0.26710828025477706,0.08904777070063694,3115.1,27.411167512690355,52.70061728395061,10.612244897959162,32.06274427894865,15.053763440860216,17.803030303030305,16.703323558162268,48.297213622291025,47.55244755244755,6.896551724137931,37.68638002330754,73.94970967115766,92.04586736402325,82.99778851759046,25.525040387722132,4.794520547945205,16.196306459822516,31.085043988269796,28.445747800586513,83.87096774193549,96.36363636363636,40.17595307917888,Below Average,Below Average,Above Average,Elite,Average,2025-26
1626171,Bobby Portis Jr.,Bobby,1610612749,MIL,31.0,67,26,41,0.388,1619.3133333333333,118.4,339,0.198,0.313,41,0.175,12,0.101,572.0,523.0,496.0,1644.0,2.57,2.573260344689748,147,231,515,395,145,489,43,60,55,227,348,277,390,421,442,431,433,284,67,353,181,172,110,1,64,137,12,15,27,0.444,0.556,21,66,85,54,87,0.241,0.759,0.977,0.621,1626171,Bobby Portis Jr.,0.38322318840579706,0.15168695652173914,3239.4,6.091370558375635,55.169753086419746,22.040816326530578,27.25616588522981,22.446236559139784,59.09090909090909,44.433040078201365,29.102167182662537,23.776223776223777,3.4482758620689653,20.824614160260577,4.0989768481586575,44.889806051033666,24.49439144959616,48.78836833602585,43.83561643835616,46.5596299820745,17.595307917888565,85.04398826979472,42.22873900293255,7.2727272727272725,90.6158357771261,Below Average,Above Average,Average,Poor,Elite,2025-26
1630538,Bones Hyland,Bones,1610612750,MIN,25.0,71,42,29,0.592,1176.9183333333333,108.6,104,0.085,0.133,44,0.192,17,0.111,391.0,341.0,328.0,1186.0,5.2,5.202644294409763,98,87,379,190,239,118,300,454,463,208,295,233,368,314,324,310,338,127,65,147,83,64,90,1,11,24,8,13,21,0.381,0.619,0,7,7,4,7,0.0,1.0,1.0,0.571,1630538,Bones Hyland,0.30510027100271003,0.11309756097560975,2400.9,8.629441624365482,72.8395061728395,62.040816326530624,44.455807891872674,9.274193548387096,18.181818181818183,14.618768328445748,22.910216718266255,25.874125874125873,3.4482758620689653,19.0820997087678,51.09503547466083,73.9406929447686,62.517864209714716,10.823909531502423,3.4246575342465753,7.494246132737292,77.12609970674487,21.407624633431084,37.24340175953079,71.27272727272728,14.076246334310852,Above Average,Below Average,Below Average,Above Average,Poor,2025-26
1641764,Brandin Podziemski,Brandin,1610612744,GSW,23.0,82,37,45,0.451,2332.673333333333,110.4,347,0.147,0.227,88,0.199,15,0.072,957.0,755.0,712.0,2446.0,9.09,9.085293313927783,1,136,541,358,33,172,39,169,184,35,272,251,452,575,561,538,550,23,81,212,114,98,149,23,45,114,13,18,31,0.419,0.581,7,24,30,15,31,0.226,0.774,0.968,0.484,1641764,Brandin Podziemski,0.32386499999999996,0.129665,4708.5,7.614213197969544,24.228395061728396,54.69387755102038,25.19909293854785,13.440860215053762,31.060606060606062,24.01270772238514,41.17647058823529,56.64335664335665,79.3103448275862,56.1233492673655,39.80682026993506,61.4683857110087,50.637602990471876,50.080775444264944,15.068493150684931,34.32524841215394,12.609970674486803,48.09384164222874,96.48093841642229,49.45454545454545,80.35190615835776,Poor,Average,Elite,Average,Above Average,2025-26
1627742,Brandon Ingram,Brandon,1610612761,TOR,28.0,77,43,34,0.558,2603.8633333333332,113.7,367,0.144,0.219,58,0.132,55,0.224,909.0,711.0,699.0,2668.0,7.57,7.56588701386365,37,75,449,234,13,326,37,181,200,123,483,46,198,565,549,533,567,55,76,386,218,168,132,0,18,42,16,15,31,0.516,0.484,0,25,25,16,25,0.0,1.0,1.0,0.64,1627742,Brandon Ingram,0.32289501312335955,0.14511023622047245,5249.9,27.918781725888326,15.66358024691358,41.224489795918345,26.95588822575467,27.419354838709676,57.57575757575758,45.51319648093842,35.91331269349845,35.66433566433567,0.0,26.847842559916863,40.390330994276354,49.84089571957844,45.1156133569274,53.31179321486268,15.753424657534246,36.41052736406489,16.715542521994134,85.92375366568915,64.51612903225806,35.27272727272727,83.57771260997067,Below Average,Above Average,Average,Below Average,Above Average,2025-26
1641706,Brandon Miller,Brandon,1610612766,CHA,23.0,65,41,24,0.631,1968.3116666666667,111.3,249,0.122,0.18,66,0.224,44,0.246,678.0,530.0,569.0,1956.0,7.11,7.1054612147629905,166,97,309,148,85,221,96,270,301,87,183,76,180,482,446,475,488,70,65,278,170,108,130,2,32,80,21,13,34,0.618,0.382,1,13,13,6,14,0.071,0.929,0.929,0.429,1641706,Brandon Miller,0.3106083333333333,0.14776944444444445,3906.6,22.33502538071066,43.132716049382715,51.02040816326531,36.78556281038454,20.967741935483872,34.84848484848485,29.296187683284458,35.294117647058826,41.25874125874126,6.896551724137931,30.282344430417453,47.78157472827335,47.83898933446407,47.81028203136871,34.24878836833602,7.534246575342466,22.227244561488924,50.733137829912025,63.049853372434015,71.8475073313783,41.81818181818181,57.478005865102645,Average,Average,Above Average,Average,Average,2025-26
1630314,Brandon Williams,Brandon,1610612742,DAL,26.0,66,23,43,0.348,1462.645,115.6,161,0.105,0.161,62,0.252,20,0.129,505.0,479.0,506.0,1698.0,3.58,3.579822818753246,157,268,527,411,174,411,203,350,355,103,126,209,322,381,416,438,441,220,65,194,98,96,110,2,9,21,13,22,35,0.371,0.629,0,15,15,7,15,0.0,1.0,1.0,0.467,1630314,Brandon Williams,0.33931964809384163,0.13331964809384164,3100.4,10.152284263959391,53.086419753086425,33.469387755102055,31.008507557939517,11.29032258064516,30.303030303030305,22.697947214076247,29.102167182662537,38.46153846153847,6.896551724137931,26.826543265637962,30.509835825247087,58.71709181515895,44.61346382020302,20.032310177705977,8.904109589041095,15.02461991280678,28.152492668621704,45.74780058651026,63.929618768328446,34.909090909090914,37.24340175953079,Below Average,Average,Average,Below Average,Below Average,2025-26
1641729,Brice Sensabaugh,Brice,1610612762,UTA,22.0,75,18,57,0.24,1761.8666666666666,120.8,175,0.097,0.157,54,0.163,12,0.087,768.0,587.0,684.0,1964.0,1.6,1.5996623820409823,60,325,577,499,120,529,186,382,372,153,394,277,421,521,490,528,491,355,71,199,96,103,107,9,26,59,19,6,25,0.76,0.24,6,21,27,19,27,0.222,0.778,1.0,0.704,1641729,Brice Sensabaugh,0.32971571072319206,0.13693017456359102,3742.5,6.091370558375635,42.824074074074076,12.244897959183673,20.4861986390721,11.021505376344086,32.95454545454545,24.181329423264906,28.173374613003094,32.86713286713287,31.03448275862069,30.531467038352915,36.287234042309414,55.999013581097415,46.14312381170342,22.294022617124394,13.013698630136986,18.11787682298006,4.105571847507331,48.97360703812317,73.02052785923753,39.27272727272727,44.28152492668622,Poor,Average,Above Average,Below Average,Average,2025-26
201572,Brook Lopez,Brook,1610612746,LAC,38.0,75,41,34,0.547,1635.2733333333333,112.7,226,0.135,0.211,45,0.142,87,0.509,606.0,510.0,464.0,1572.0,5.27,5.265443748035676,60,97,449,256,141,274,121,215,219,200,460,16,35,442,433,416,418,125,75,621,509,112,127,0,116,264,3,11,14,0.214,0.786,11,91,99,56,102,0.108,0.892,0.971,0.549,201572,Brook Lopez,0.29068361581920904,0.12737288135593222,3240.8,44.16243654822335,57.947530864197525,45.30612244897957,49.273141034003366,66.53225806451613,36.36363636363637,48.431085043988276,34.36532507739938,26.573426573426573,0.0,23.046829331659055,59.767599105459226,63.19393954603147,61.48076932574535,30.533117932148627,60.95890410958904,44.22472171199682,88.26979472140762,87.68328445747801,51.02639296187683,69.81818181818183,90.02932551319648,Above Average,Above Average,Average,Average,Elite,2025-26
1628971,Bruce Brown,Bruce,1610612743,DEN,29.0,82,54,28,0.659,1997.7883333333334,115.2,233,0.109,0.166,85,0.309,20,0.116,774.0,541.0,655.0,2002.0,5.04,5.042051695461926,1,13,364,124,78,392,112,328,344,43,52,209,355,526,456,515,495,134,82,211,90,121,195,0,43,103,10,10,20,0.5,0.5,13,13,25,20,26,0.5,0.5,0.962,0.769,1628971,Bruce Brown,0.3153425,0.13749,4076.3,10.152284263959391,41.358024691358025,35.10204081632651,27.31173255164069,10.21505376344086,39.77272727272727,27.949657869012707,55.417956656346746,54.54545454545454,0.0,41.258091753447786,44.93366298086197,55.57756553291765,50.255614256889814,31.663974151857836,7.534246575342466,20.80559674242592,18.475073313782993,59.82404692082112,88.85630498533725,48.0,52.19941348973607,Below Average,Average,Above Average,Average,Average,2025-26
1631121,Bryce McGowens,Bryce,1610612740,NOP,23.0,42,14,28,0.333,879.9333333333333,118.9,76,0.082,0.133,27,0.175,8,0.087,330.0,331.0,297.0,986.0,1.29,1.2851973814122954,348,374,364,419,308,496,348,478,460,300,347,341,421,281,320,293,292,386,40,135,63,72,64,8,7,16,1,8,9,0.111,0.889,1,14,15,4,15,0.067,0.933,1.0,0.267,1631121,Bryce McGowens,,,1837.6,4.060913705583756,80.55555555555556,19.999999999999964,34.818809926677936,6.586021505376344,21.21212121212121,15.361681329423265,14.860681114551083,13.986013986013987,27.586206896551722,17.73592906506326,,,,6.30048465266559,8.21917808219178,7.163896695952376,41.64222873900293,23.16715542521994,33.43108504398827,,12.023460410557185,Average,Below Average,Below Average,Poor,Poor,2025-26
1642267,Bub Carrington,Bub,1610612764,WAS,20.0,82,17,65,0.207,2270.65,122.6,243,0.104,0.169,52,0.147,17,0.063,949.0,836.0,864.0,2666.0,0.91,0.9086076637772341,1,334,582,523,40,549,100,351,332,161,444,233,471,573,575,574,566,422,81,237,126,111,119,0,25,55,23,16,39,0.59,0.41,2,30,31,10,32,0.063,0.938,0.969,0.313,1642267,Bub Carrington,0.331955223880597,0.12964427860696517,4759.8,8.629441624365482,15.74074074074074,4.897959183673481,10.18552570492382,15.053763440860216,35.984848484848484,27.612414467253178,31.88854489164087,31.46853146853147,0.0,23.76940397064236,34.94001999630571,61.483985199853144,48.21200259807942,33.2794830371567,19.17808219178082,26.933852656737557,0.5865102639296188,58.65102639296188,53.665689149560116,42.90909090909091,70.08797653958945,Poor,Average,Average,Average,Above Average,2025-26
1627741,Buddy Hield,Buddy,1610612737,ATL,33.0,51,25,26,0.49,819.2716666666666,115.0,89,0.106,0.176,39,0.203,9,0.102,378.0,330.0,280.0,912.0,2.11,2.110998857423761,291,243,338,332,324,388,328,344,314,239,257,315,386,306,316,276,281,309,46,134,80,54,78,0,5,11,11,11,22,0.5,0.5,0,4,4,1,4,0.0,1.0,1.0,0.25,1627741,Buddy Hield,,,1683.0,4.568527918781726,83.4104938271605,35.918367346938766,40.000675843753555,8.870967741935484,14.393939393939394,12.18475073313783,19.195046439628484,22.377622377622377,0.0,15.510186408019226,,,,8.40064620355412,1.36986301369863,5.23679376811915,61.87683284457478,15.542521994134898,27.27272727272727,,7.038123167155426,Average,Below Average,Below Average,Poor,Poor,2025-26
203468,CJ McCollum,CJ,1610612737,ATL,34.0,76,37,39,0.487,2263.3716666666664,112.0,190,0.077,0.12,64,0.166,35,0.127,864.0,737.0,730.0,2440.0,7.71,7.711033442173575,54,136,503,335,44,249,162,501,502,94,386,109,327,551,557,542,549,48,75,326,161,165,113,0,26,63,20,21,41,0.488,0.512,1,14,15,9,15,0.067,0.933,1.0,0.6,203468,CJ McCollum,0.36858,0.16277428571428573,4670.5,17.766497461928935,24.459876543209877,48.16326530612244,27.70837210142564,19.758064516129032,56.439393939393945,41.76686217008798,30.030959752321984,39.86013986013986,0.0,25.963432851977743,12.907815069688787,36.543037676772784,24.725426373230786,24.717285945072696,8.21917808219178,17.293137406776285,19.35483870967742,82.11143695014663,60.410557184750736,7.636363636363637,41.935483870967744,Below Average,Above Average,Average,Poor,Average,2025-26
1630595,Cade Cunningham,Cade,1610612765,DET,24.0,64,47,17,0.734,2171.6716666666666,109.0,299,0.132,0.199,92,0.208,54,0.201,711.0,647.0,590.0,1900.0,9.32,9.321070787427189,180,44,216,60,57,127,61,232,244,28,238,49,223,498,523,491,474,16,64,310,178,132,154,0,20,44,24,32,56,0.429,0.571,3,26,29,14,29,0.103,0.897,1.0,0.483,1630595,Cade Cunningham,0.32328779069767444,0.14394186046511628,4415.8,27.411167512690355,45.29320987654321,60.408163265306115,41.91913127819279,22.043010752688172,43.93939393939394,35.18084066471163,42.72445820433436,59.44055944055944,0.0,37.893979085929544,40.15404952242046,50.720472904913194,45.43726121366683,42.32633279483037,16.43835616438356,30.676743311129307,68.03519061583577,73.60703812316716,84.4574780058651,36.36363636363637,76.83284457478005,Average,Above Average,Above Average,Below Average,Above Average,2025-26
1631126,Caleb Love,Caleb,1610612757,POR,24.0,49,24,25,0.49,1012.6083333333333,114.5,89,0.083,0.136,27,0.163,4,0.036,447.0,326.0,376.0,1072.0,2.75,2.7504551271445257,305,252,326,333,275,363,328,466,449,300,396,418,510,348,313,342,313,273,43,84,37,47,59,0,5,11,5,4,9,0.556,0.444,0,5,5,4,5,0.0,1.0,1.0,0.8,1631126,Caleb Love,0.2296632302405498,0.09048797250859107,2073.1,2.030456852791878,77.23765432098766,37.959183673469376,37.335157671829776,3.0913978494623655,11.742424242424242,8.282013685239491,13.312693498452013,13.986013986013987,0.0,10.220182294485701,96.47536314440332,90.9616539620016,93.71850855320247,8.40064620355412,2.054794520547945,5.545012946201341,51.90615835777126,8.211143695014663,13.48973607038123,99.63636363636364,7.9178885630498534,Average,Poor,Poor,Elite,Poor,2025-26
1628997,Caleb Martin,Caleb,1610612742,DAL,30.0,58,20,38,0.345,856.2116666666667,112.1,115,0.125,0.189,40,0.296,15,0.181,326.0,267.0,303.0,960.0,2.96,2.962240623538313,230,302,491,415,315,258,282,259,269,233,62,251,243,280,262,299,287,257,51,87,58,29,73,4,28,64,8,7,15,0.533,0.467,0,13,13,5,13,0.0,1.0,1.0,0.385,1628997,Caleb Martin,,,1819.6,7.614213197969544,81.55864197530865,47.75510204081634,43.52998548074993,5.913978494623656,4.924242424242424,5.320136852394917,17.647058823529413,23.076923076923077,13.793103448275861,18.584022468403806,,,,12.60096930533118,7.534246575342466,10.320944076836259,72.43401759530792,3.812316715542522,36.070381231671554,,23.46041055718475,Above Average,Poor,Below Average,Poor,Below Average,2025-26
1642285,Cam Spencer,Cam,1610612763,MEM,26.0,72,23,49,0.319,1714.4516666666666,116.0,143,0.082,0.132,52,0.164,11,0.065,624.0,606.0,490.0,1868.0,3.86,3.858283744562274,84,268,559,435,131,425,237,477,468,161,393,284,466,457,503,429,468,197,70,142,53,89,113,2,13,29,15,15,30,0.5,0.5,0,21,20,8,21,0.0,1.0,0.952,0.381,1642285,Cam Spencer,0.3326693333333334,0.12839733333333334,3448.8,5.583756345177665,46.52777777777778,31.83673469387754,26.47740843376267,5.241935483870968,27.65151515151515,18.687683284457478,30.030959752321984,31.46853146853147,6.896551724137931,24.750507845949294,34.51043632454678,62.422711126867284,48.466573725707036,17.12439418416801,13.013698630136986,15.27458118485405,14.66275659824047,37.5366568914956,57.18475073313783,44.0,37.82991202346041,Poor,Below Average,Average,Average,Below Average,2025-26
1630560,Cam Thomas,Cam,1610612749,MIL,24.0,42,12,30,0.286,880.5266666666666,123.8,60,0.071,0.117,9,0.072,4,0.082,365.0,281.0,306.0,980.0,0.04,0.0379359286951086,348,395,395,454,307,556,379,524,514,436,554,418,431,299,282,300,290,551,39,91,50,41,31,1,3,7,4,1,5,0.8,0.2,0,4,4,1,4,0.0,1.0,1.0,0.25,1630560,Cam Thomas,,,1707.1,2.030456852791878,80.78703703703704,0.0,29.087645704079712,4.838709677419355,9.469696969696969,7.617302052785923,4.643962848297214,1.3986013986013985,3.4482758620689653,3.2091645943466167,,,,3.715670436187399,1.36986301369863,2.6600570960674528,23.46041055718475,6.451612903225806,2.346041055718475,,2.1994134897360706,Below Average,Poor,Poor,Poor,Poor,2025-26
1629661,Cameron Johnson,Cameron,1610612743,DEN,30.0,54,37,17,0.685,1647.0316666666668,114.7,163,0.095,0.139,40,0.164,21,0.175,548.0,454.0,488.0,1688.0,4.38,4.3835207605555695,266,136,216,91,140,373,202,401,438,233,391,197,247,408,400,427,438,175,54,223,117,106,102,5,36,82,16,11,27,0.593,0.407,1,27,28,9,28,0.036,0.964,1.0,0.321,1629661,Cameron Johnson,0.30934201954397395,0.15593159609120522,3362.8,10.65989847715736,53.47222222222222,37.142857142857125,32.264951454355,13.844086021505376,34.090909090909086,25.9921798631476,26.625386996904027,23.076923076923077,17.24137931034483,23.037422703270895,48.54334552565949,41.69435449518261,45.11885001042105,20.35541195476575,17.123287671232877,18.90095602717596,32.55131964809384,52.785923753665685,50.733137829912025,35.63636363636364,46.9208211143695,Below Average,Average,Average,Below Average,Average,2025-26
1627747,Caris LeVert,Caris,1610612765,DET,31.0,60,44,16,0.733,1154.415,107.7,94,0.074,0.124,51,0.219,41,0.22,426.0,395.0,273.0,1060.0,5.41,5.406191493956332,214,67,202,61,249,93,324,512,489,168,204,85,205,330,362,271,307,117,58,185,104,81,102,0,7,16,10,16,26,0.385,0.615,0,15,15,7,15,0.0,1.0,1.0,0.467,1627747,Caris LeVert,0.28054037267080745,0.12753416149068325,2331.6,20.812182741116754,77.7006172839506,65.7142857142857,51.94866057440084,12.096774193548388,24.62121212121212,19.611436950146626,26.625386996904027,30.76923076923077,0.0,21.41938556799238,65.86942511901657,63.07252455917951,64.47097483909803,9.208400646203554,8.904109589041095,9.071469670480447,92.66862170087975,39.589442815249264,43.988269794721404,74.54545454545455,19.35483870967742,Elite,Below Average,Average,Above Average,Below Average,2025-26
1642868,Carter Bryant,Carter,1610612759,SAS,20.0,71,56,15,0.789,817.865,108.4,140,0.154,0.237,16,0.128,23,0.245,269.0,250.0,179.0,772.0,3.69,3.686380615304775,98,7,187,27,325,110,241,152,154,378,491,182,182,239,252,212,243,209,66,181,111,70,47,1,21,47,5,10,15,0.333,0.667,3,14,17,7,17,0.176,0.824,1.0,0.412,1642868,Carter Bryant,,,1677.0,11.6751269035533,88.81172839506173,62.857142857142826,51.46844141397863,13.03763440860215,20.454545454545457,17.487781036168133,9.597523219814242,6.293706293706294,3.4482758620689653,6.903875456240141,,,,16.63974151857835,8.21917808219178,12.850487972204395,92.08211143695014,31.818181818181817,6.451612903225806,,30.791788856304986,Elite,Below Average,Poor,Poor,Below Average,2025-26
1641717,Cason Wallace,Cason,1610612760,OKC,22.0,77,61,16,0.792,2046.07,103.8,175,0.079,0.121,150,0.314,28,0.115,607.0,546.0,460.0,1778.0,11.84,11.84412747242102,37,3,202,26,71,44,186,491,500,1,48,140,361,445,462,414,458,4,77,334,133,201,339,0,55,119,22,17,39,0.564,0.436,2,31,33,11,33,0.061,0.939,1.0,0.333,1641717,Cason Wallace,0.30086089238845143,0.1703464566929134,4208.4,14.213197969543149,50.0,81.63265306122449,43.59344245312338,15.994623655913978,70.07575757575758,48.44330400782014,100.0,100.0,0.0,75.0,53.645299757133266,30.842552361391913,42.24392605926259,22.294022617124394,19.863013698630137,21.20006860380198,73.31378299120234,87.97653958944281,100.0,29.818181818181817,54.54545454545454,Above Average,Above Average,Elite,Below Average,Average,2025-26
1642907,Cedric Coward,Cedric,1610612763,MEM,22.0,62,20,42,0.323,1597.9466666666667,113.5,281,0.16,0.252,40,0.165,27,0.158,632.0,562.0,451.0,1638.0,4.87,4.8716727380537534,201,302,523,431,147,311,72,134,136,233,389,148,272,464,471,405,431,142,62,327,172,155,102,2,10,25,26,29,55,0.473,0.527,8,14,22,14,22,0.364,0.636,1.0,0.636,1642907,Cedric Coward,0.29379889807162535,0.14603030303030304,3302.3,13.705583756345177,55.401234567901234,42.0408163265306,35.38286968293615,21.236559139784948,52.65151515151515,40.08553274682306,26.625386996904027,23.076923076923077,6.896551724137931,20.451215806719173,57.893552510178424,49.148250591330275,53.520901550754346,39.4184168012924,8.21917808219178,25.378759377697122,44.868035190615835,80.93841642228739,39.882697947214076,55.27272727272727,66.56891495601172,Average,Above Average,Below Average,Average,Average,2025-26
1631096,Chet Holmgren,Chet,1610612760,OKC,24.0,69,56,13,0.812,1997.2683333333334,102.3,484,0.221,0.327,43,0.106,131,0.526,620.0,586.0,487.0,1644.0,12.36,12.357896180190746,118,7,165,19,79,28,9,38,40,214,531,3,31,452,489,425,433,1,69,687,513,174,87,1,94,218,17,11,28,0.607,0.393,19,69,88,64,88,0.216,0.784,1.0,0.727,1631096,Chet Holmgren,0.3122897727272727,0.15596306818181818,4072.4,66.49746192893402,55.169753086419746,87.75510204081633,67.8471738620246,67.06989247311827,59.84848484848485,62.73704789833822,21.981424148606813,25.174825174825177,3.4482758620689653,18.46582743614878,46.770078653097805,41.670661661134105,44.22037015711595,72.21324717285945,45.89041095890411,60.367970876579555,99.70674486803519,98.24046920821115,35.77712609970675,33.81818181818182,96.48093841642229,Elite,Elite,Below Average,Below Average,Elite,2025-26
1631128,Christian Braun,Christian,1610612743,DEN,25.0,44,29,15,0.659,1399.1383333333333,114.1,150,0.101,0.149,30,0.148,12,0.117,464.0,376.0,447.0,1454.0,3.99,3.9944526317940063,336,203,187,123,189,349,227,363,400,286,442,277,354,356,345,403,397,192,44,186,97,89,93,0,41,101,9,8,17,0.529,0.471,7,12,19,12,19,0.368,0.632,1.0,0.632,1631128,Christian Braun,0.3478519855595668,0.12759927797833934,2878.9,6.091370558375635,62.5,39.59183673469389,34.20950740702373,11.155913978494624,27.65151515151515,21.05327468230694,23.8390092879257,16.083916083916083,0.0,15.164974344540909,25.377075233481516,63.023503534334665,44.20028938390809,18.25525040387722,6.8493150684931505,13.12257950295439,39.002932551319645,42.52199413489736,26.099706744868033,33.45454545454545,31.378299120234605,Below Average,Average,Below Average,Below Average,Below Average,2025-26
203991,Clint Capela,Clint,1610612745,HOU,32.0,75,47,28,0.627,925.6616666666666,105.1,185,0.181,0.27,36,0.224,63,0.453,352.0,289.0,312.0,862.0,5.03,5.033038699848465,60,44,364,152,294,55,170,92,105,256,184,38,61,294,289,305,268,135,73,337,260,77,49,1,87,191,18,10,28,0.643,0.357,33,38,70,55,71,0.465,0.535,0.986,0.775,203991,Clint Capela,,,1834.3,31.979695431472084,85.3395061728395,76.32653061224491,61.74233798614389,33.064516129032256,23.106060606060606,27.089442815249267,10.21671826625387,20.27972027972028,3.4482758620689653,12.046658369920888,,,,23.909531502423263,24.65753424657534,24.2461327372917,98.82697947214076,56.30498533724341,17.302052785923756,,63.049853372434015,Elite,Average,Below Average,Poor,Average,2025-26
1629632,Coby White,Coby,1610612766,CHA,26.0,50,29,21,0.58,1249.7883333333334,114.0,153,0.113,0.176,25,0.157,5,0.04,426.0,397.0,365.0,1298.0,3.66,3.660778494061622,297,203,262,199,222,344,219,312,315,314,414,397,504,330,364,335,365,210,48,166,94,72,44,7,14,35,11,10,21,0.524,0.476,0,20,19,10,20,0.0,1.0,0.95,0.5,1629632,Coby White,0.27537071651090345,0.1267943925233645,2552.6,2.5380710659898478,68.51851851851852,39.99999999999999,34.99670990787742,10.75268817204301,21.21212121212121,17.02834799608993,8.6687306501548,12.587412587412588,24.137931034482758,13.907569424277014,68.97931235884084,63.629437780880075,66.30437506986046,18.73990306946688,12.32876712328767,15.854891893686236,43.401759530791786,29.32551319648094,20.821114369501466,80.0,38.70967741935484,Average,Below Average,Below Average,Above Average,Below Average,2025-26
1642262,Cody Williams,Cody,1610612762,UTA,21.0,67,16,51,0.239,1630.5416666666667,121.4,137,0.084,0.13,51,0.152,26,0.183,728.0,540.0,650.0,1880.0,1.19,1.1949327348506948,147,348,565,500,143,538,244,462,475,168,433,157,239,507,454,512,471,394,66,248,174,74,130,0,62,151,11,18,29,0.379,0.621,0,9,9,4,9,0.0,1.0,1.0,0.444,1642262,Cody Williams,0.3108877005347594,0.13333689839572194,3471.8,13.19796954314721,46.06481481481482,9.795918367346903,23.85085259428079,21.50537634408602,21.96969696969697,21.783968719452588,35.294117647058826,30.76923076923077,0.0,24.8868778280543,47.61351703389924,58.704105434789035,53.15881123434414,16.15508885298869,4.794520547945205,11.042833115719123,9.67741935483871,43.401759530791786,57.478005865102645,54.90909090909091,25.219941348973606,Poor,Average,Average,Average,Below Average,2025-26
1631221,Collin Gillespie,Collin,1610612756,PHX,27.0,80,43,37,0.538,2281.8016666666667,110.0,238,0.107,0.168,99,0.221,16,0.087,809.0,687.0,682.0,2320.0,9.14,9.143285544113889,21,75,482,267,39,158,107,340,334,23,194,243,421,537,539,527,536,21,80,210,93,117,202,12,29,65,39,31,70,0.557,0.443,1,23,24,15,24,0.042,0.958,1.0,0.625,1631221,Collin Gillespie,0.3697571059431525,0.14468733850129198,4499.7,8.121827411167512,29.089506172839506,56.32653061224489,27.51169077802205,10.618279569892474,38.25757575757576,27.201857282502445,57.585139318885446,64.33566433566433,41.37931034482759,55.89636583124359,12.19970864262631,50.15926177931224,31.179485210969275,32.47172859450727,14.383561643835616,24.332053466705027,19.06158357771261,56.89149560117303,96.18768328445748,12.727272727272727,63.63636363636363,Below Average,Average,Elite,Poor,Average,2025-26
1642867,Collin Murray-Boyles,Collin,1610612761,TOR,21.0,57,31,26,0.544,1245.6,109.1,152,0.121,0.188,52,0.236,53,0.398,433.0,326.0,346.0,1138.0,5.3,5.299936855143328,235,188,338,260,223,131,221,274,277,161,156,53,75,335,313,324,325,123,57,291,181,110,156,1,87,192,15,8,23,0.652,0.348,24,30,54,35,54,0.444,0.556,1.0,0.648,1642867,Collin Murray-Boyles,0.2929683544303798,0.1164493670886076,2509.3,26.903553299492383,74.69135802469135,60.00000000000001,51.90339662843893,22.446236559139784,35.60606060606061,30.34213098729228,43.343653250774,31.46853146853147,3.4482758620689653,29.213516279812854,58.39317898283628,71.41738469128659,64.90528183706144,18.578352180936992,19.17808219178082,18.848230685816716,92.37536656891496,65.98240469208211,70.08797653958945,76.36363636363637,46.04105571847507,Elite,Average,Above Average,Above Average,Average,2025-26
1629012,Collin Sexton,Collin,1610612741,CHI,27.0,68,25,43,0.368,1613.2033333333334,113.6,114,0.065,0.1,76,0.31,10,0.065,683.0,541.0,595.0,1746.0,4.77,4.767077585442424,135,243,527,402,146,318,285,544,546,61,50,300,467,483,456,492,449,150,68,163,91,72,138,1,23,53,12,17,29,0.414,0.586,1,13,14,6,14,0.071,0.929,1.0,0.429,1629012,Collin Sexton,0.294612987012987,0.13943376623376624,3341.8,5.0761421319796955,51.23456790123457,41.6326530612245,30.370718883530103,10.349462365591398,21.21212121212121,16.867057673509287,37.77089783281733,48.25174825174825,3.4482758620689653,32.85853998675606,57.40382461870688,54.114258523158895,55.75904157093289,12.439418416801292,7.534246575342466,10.23209108814482,26.392961876832842,28.739002932551323,77.41935483870968,58.18181818181818,23.020527859237536,Below Average,Below Average,Above Average,Average,Below Average,2025-26
1642843,Cooper Flagg,Cooper,1610612742,DAL,19.0,70,22,48,0.314,2343.858333333333,114.7,380,0.151,0.229,84,0.233,64,0.258,783.0,694.0,780.0,2712.0,6.2,6.200646016345342,105,277,552,440,30,370,32,162,176,45,161,37,165,528,542,562,570,87,70,476,251,225,152,0,30,69,24,31,55,0.436,0.564,2,24,25,18,26,0.077,0.923,0.962,0.692,1642843,Cooper Flagg,0.35394017094017094,0.18194301994301995,4881.4,32.48730964467005,13.96604938271605,37.142857142857125,27.16875542753292,31.85483870967742,79.16666666666666,60.24193548387096,42.10526315789473,53.84615384615385,0.0,35.688259109311744,21.71463242429146,22.112422164556538,21.913527294424,55.41195476575121,15.068493150684931,37.25739703897139,17.302052785923756,97.0674486803519,81.52492668621701,4.363636363636364,84.75073313782991,Below Average,Elite,Above Average,Poor,Above Average,2025-26
1630557,Corey Kispert,Corey,1610612737,ATL,27.0,58,27,31,0.466,1079.6066666666666,115.9,105,0.091,0.142,16,0.086,9,0.082,401.0,337.0,363.0,1194.0,2.51,2.511851655459149,230,225,412,347,267,420,295,423,429,378,543,315,430,317,323,334,341,286,55,190,121,69,39,1,15,34,11,8,19,0.579,0.421,1,6,7,2,7,0.143,0.857,1.0,0.286,1630557,Corey Kispert,0.27895987654320986,0.10601851851851853,2257.3,4.568527918781726,72.53086419753086,32.24489795918364,35.2744381264444,14.381720430107528,20.075757575757574,17.798142717497555,7.120743034055728,6.293706293706294,3.4482758620689653,5.9131633819367355,66.82019719897221,79.2699410147745,73.04506910687336,10.98546042003231,2.73972602739726,7.274879943346537,44.57478005865102,34.31085043988269,5.278592375366569,88.36363636363636,12.463343108504398,Average,Below Average,Poor,Above Average,Poor,2025-26
1641854,Craig Porter Jr.,Craig,1610612739,CLE,26.0,64,43,21,0.672,1147.6616666666666,111.6,135,0.115,0.18,57,0.251,38,0.292,442.0,349.0,347.0,1034.0,4.08,4.076015584453036,180,75,262,103,251,235,248,307,299,130,127,97,131,345,328,325,300,186,62,171,107,64,139,0,13,29,18,7,25,0.72,0.28,1,10,10,4,11,0.091,0.909,0.909,0.364,1641854,Craig Porter Jr.,0.31717460317460316,0.13364285714285715,2348.4,19.289340101522843,78.70370370370371,49.79591836734695,47.711011928742174,12.5,18.181818181818183,15.90909090909091,38.080495356037154,34.96503496503497,0.0,27.4699603801771,43.831532760107464,58.473773426956754,51.15265309353211,15.831987075928918,5.47945205479452,11.173346316418439,85.63049853372434,25.806451612903224,65.98240469208211,50.54545454545455,25.806451612903224,Above Average,Below Average,Average,Average,Below Average,2025-26
1631207,Dalen Terry,Dalen,1610612755,PHI,23.0,48,22,26,0.458,551.0266666666666,109.7,60,0.099,0.16,29,0.24,15,0.208,196.0,176.0,183.0,582.0,2.34,2.342381893121251,310,277,338,350,369,142,379,374,358,294,149,251,214,201,212,216,212,297,36,107,68,39,48,1,8,22,5,7,12,0.417,0.583,1,4,4,4,5,0.2,0.8,0.8,0.8,1631207,Dalen Terry,,,1153.5,7.614213197969544,96.14197530864197,57.55102040816325,51.08313173925332,7.258064516129033,8.712121212121213,8.13049853372434,9.907120743034056,15.384615384615385,3.4482758620689653,10.209532647346249,,,,3.715670436187399,1.36986301369863,2.6600570960674528,91.20234604105572,7.9178885630498534,12.609970674486803,,2.1994134897360706,Elite,Poor,Poor,Poor,Poor,2025-26
1642261,Dalton Knecht,Dalton,1610612747,LAL,25.0,54,34,20,0.63,552.9283333333333,113.7,61,0.108,0.176,11,0.112,11,0.244,233.0,204.0,152.0,622.0,1.62,1.6174552227025614,266,168,251,149,367,331,378,337,317,415,522,284,183,221,235,198,223,354,41,83,50,33,16,2,8,19,3,3,6,0.5,0.5,0,6,6,5,6,0.0,1.0,1.0,0.833,1642261,Dalton Knecht,,,1105.1,5.583756345177665,94.59876543209876,41.224489795918345,45.649192888285214,4.838709677419355,6.4393939393939394,5.799120234604105,0.0,2.797202797202797,6.896551724137931,2.7031589100554614,,,,3.877221324717286,2.73972602739726,3.365348440923275,80.35190615835776,4.398826979472141,1.7595307917888565,,3.225806451612903,Above Average,Poor,Poor,Poor,Poor,2025-26
1629655,Daniel Gafford,Daniel,1610612742,DAL,27.0,55,12,43,0.218,1194.4383333333333,113.0,240,0.181,0.277,42,0.244,69,0.493,437.0,376.0,387.0,1370.0,3.8,3.799308178594092,258,395,527,516,234,288,103,91,93,219,144,31,46,341,345,349,377,204,55,387,309,78,102,3,156,355,15,13,28,0.536,0.464,29,46,75,46,75,0.387,0.613,1.0,0.613,1629655,Daniel Gafford,0.36773202614379086,0.136937908496732,2511.4,35.025380710659896,65.74074074074075,44.08163265306121,48.03981970678852,39.6505376344086,23.484848484848484,29.95112414467253,26.625386996904027,24.475524475524477,10.344827586206897,21.8027952617469,13.417926959834,55.99319131791493,34.70555913887446,32.794830371567045,30.136986301369863,31.598800539978313,86.21700879765396,64.51612903225806,45.74780058651026,17.09090909090909,77.71260997067448,Above Average,Average,Average,Below Average,Above Average,2025-26
1642450,Daniss Jenkins,Daniss,1610612765,DET,24.0,72,54,18,0.75,1455.3,106.6,115,0.077,0.121,64,0.188,15,0.076,542.0,461.0,427.0,1340.0,7.26,7.256451997886247,84,13,225,46,175,79,282,506,498,94,305,251,445,406,404,386,371,66,66,178,106,72,119,0,9,21,20,18,38,0.526,0.474,1,10,10,1,11,0.091,0.909,0.909,0.091,1642450,Daniss Jenkins,0.3036145833333333,0.110546875,2943.8,7.614213197969544,66.89814814814815,70.20408163265307,44.01105753920294,12.365591397849462,21.21212121212121,17.67350928641251,31.88854489164087,39.86013986013986,0.0,26.7064669077053,51.988774048841904,75.86090155986071,63.924837804351306,12.60096930533118,5.47945205479452,9.396286542589685,75.0733137829912,33.724340175953074,62.75659824046921,73.0909090909091,20.821114369501466,Above Average,Below Average,Average,Above Average,Below Average,2025-26
1642874,Danny Wolf,Danny,1610612751,BKN,22.0,57,14,43,0.246,1187.1616666666666,111.9,224,0.195,0.305,30,0.156,32,0.26,527.0,319.0,412.0,1230.0,4.1,4.098986447769953,235,374,527,496,235,244,123,64,60,286,419,123,164,391,310,371,351,185,56,304,215,89,67,0,11,26,7,7,14,0.5,0.5,8,24,32,21,32,0.25,0.75,1.0,0.656,1642874,Danny Wolf,0.26727823691460056,0.08723691460055097,2345.1,16.243654822335024,71.14197530864197,48.57142857142854,43.54001042981584,27.016129032258064,27.65151515151515,27.397360703812318,15.789473684210526,16.083916083916083,0.0,11.945160103054839,73.84746959341174,93.40911690447126,83.6282932489415,30.210016155088855,15.068493150684931,23.39633080310709,72.72727272727273,57.77126099706745,16.715542521994134,96.72727272727273,61.29032258064516,Above Average,Average,Below Average,Elite,Average,2025-26
1629636,Darius Garland,Darius,1610612746,LAC,26.0,45,26,19,0.578,1344.2766666666666,115.2,89,0.063,0.098,43,0.181,8,0.057,528.0,426.0,451.0,1408.0,3.48,3.4781602731687693,331,231,236,205,205,396,328,548,549,214,325,341,485,392,386,405,386,230,45,158,72,86,85,2,8,17,10,9,19,0.526,0.474,0,6,6,3,6,0.0,1.0,1.0,0.5,1629636,Darius Garland,0.2904175824175824,0.12402930402930402,2773.2,4.060913705583756,64.2746913580247,35.10204081632651,32.89601766162377,7.795698924731183,26.515151515151516,19.027370478983382,21.36222910216718,25.174825174825177,6.896551724137931,19.08021838309017,59.92763564473673,65.71105300069078,62.81934432271376,8.40064620355412,2.73972602739726,5.853232124283533,35.483870967741936,38.70967741935484,36.950146627565985,71.63636363636363,9.3841642228739,Below Average,Below Average,Below Average,Above Average,Poor,2025-26
1630558,Davion Mitchell,Davion,1610612748,MIA,27.0,70,37,33,0.529,2000.255,113.0,155,0.072,0.108,68,0.204,11,0.064,605.0,623.0,513.0,2212.0,6.18,6.184530008928952,105,136,435,278,77,290,216,523,536,80,253,284,468,441,514,443,530,88,70,204,60,144,129,8,14,34,11,22,33,0.333,0.667,0,20,20,8,20,0.0,1.0,1.0,0.4,1630558,Davion Mitchell,0.2981,0.14056857142857143,4235.1,5.583756345177665,33.25617283950617,44.08163265306121,24.89357119516353,6.182795698924731,48.484848484848484,31.564027370478982,34.984520123839005,42.65734265734265,27.586206896551722,35.82042970374346,55.3061576060492,53.25995394299776,54.283055774523476,19.063004846526656,12.32876712328767,16.032597871069115,12.316715542521994,68.03519061583577,82.11143695014663,56.72727272727273,39.44281524926686,Poor,Average,Above Average,Average,Below Average,2025-26
1630549,Day'Ron Sharpe,Day'Ron,1610612751,BKN,24.0,62,17,45,0.274,1159.915,111.7,242,0.222,0.343,67,0.315,26,0.302,511.0,306.0,394.0,1188.0,4.11,4.111419091203121,201,334,541,467,245,236,102,36,33,85,47,157,120,384,301,355,339,184,62,250,163,87,152,0,109,256,19,9,28,0.679,0.321,36,42,77,54,78,0.462,0.538,0.987,0.692,1630549,Day'Ron Sharpe,0.2859634831460674,0.1050561797752809,2305.9,13.19796954314721,72.76234567901234,49.38775510204079,43.0929475804234,20.026881720430108,26.89393939393939,24.147116324535677,42.10526315789473,41.95804195804196,0.0,31.527419948472577,62.6070684853248,79.99440931979981,71.3007389025623,33.117932148626814,27.397260273972602,30.543629805032417,70.67448680351906,48.68035190615836,75.95307917888563,86.54545454545455,76.24633431085044,Above Average,Average,Above Average,Above Average,Above Average,2025-26
1628368,De'Aaron Fox,De'Aaron,1610612759,SAS,28.0,72,55,17,0.764,2231.065,108.9,228,0.092,0.136,89,0.265,19,0.074,625.0,614.0,582.0,2146.0,9.85,9.849287094169892,84,12,216,39,50,122,118,421,448,33,104,217,448,458,508,483,518,13,72,251,113,138,201,2,15,35,20,19,39,0.513,0.487,1,6,7,4,7,0.143,0.857,1.0,0.571,1628368,De'Aaron Fox,0.3023648293963254,0.1531496062992126,4645.3,9.644670050761421,35.80246913580247,60.81632653061221,31.592813850488483,13.306451612903224,46.21212121212121,33.049853372434015,57.27554179566563,57.34265734265735,6.896551724137931,44.704284719230806,52.74058300893591,43.788693358046956,48.26463818349143,30.8562197092084,2.73972602739726,18.20379755239339,29.61876832844575,69.50146627565982,90.9090909090909,43.63636363636363,44.868035190615835,Below Average,Average,Elite,Average,Average,2025-26
1629631,De'Andre Hunter,De'Andre,1610612758,SAC,28.0,45,24,21,0.533,1175.4866666666667,115.0,155,0.127,0.194,30,0.144,6,0.052,447.0,343.0,434.0,1134.0,3.1,3.0955615682829456,331,252,262,270,240,386,216,247,262,286,453,375,492,348,326,394,324,249,45,135,72,63,77,0,14,31,5,9,14,0.357,0.643,1,22,23,8,23,0.043,0.957,1.0,0.348,1629631,De'Andre Hunter,0.28795286195286196,0.15655892255892256,2446.2,3.0456852791878175,74.84567901234568,35.918367346938766,36.39385360273081,7.795698924731183,17.803030303030305,13.800097751710656,18.885448916408667,16.083916083916083,0.0,13.183550195934096,61.41032665664926,41.22209028888486,51.31620847276706,19.063004846526656,13.698630136986301,16.6490362272335,49.853372434017594,19.35483870967742,19.06158357771261,50.90909090909091,41.348973607038126,Average,Below Average,Below Average,Average,Average,2025-26
1629001,De'Anthony Melton,De'Anthony,1610612744,GSW,28.0,49,22,27,0.449,1125.2566666666667,110.4,119,0.108,0.17,77,0.307,20,0.208,427.0,353.0,293.0,1192.0,4.39,4.393879387939967,305,277,352,360,257,173,274,333,329,60,54,209,214,332,332,290,340,174,49,121,67,54,142,0,12,29,15,21,36,0.417,0.583,1,11,12,3,12,0.083,0.917,1.0,0.25,1629001,De'Anthony Melton,0.30388745980707393,0.1167749196141479,2266.8,10.152284263959391,72.60802469135803,54.69387755102038,43.14719173531416,7.123655913978495,14.393939393939394,11.485826001955035,39.0092879256966,48.95104895104895,0.0,32.736582303145774,51.82462095287468,71.17230208598546,61.49846151943007,13.247172859450727,6.164383561643835,10.059917675437626,70.96774193548387,13.78299120234604,77.12609970674487,70.18181818181817,22.28739002932551,Above Average,Poor,Above Average,Above Average,Below Average,2025-26
201942,DeMar DeRozan,DeMar,1610612758,SAC,36.0,77,20,57,0.26,2405.515,122.3,191,0.081,0.126,80,0.198,23,0.113,929.0,780.0,815.0,2790.0,1.17,1.1690118365142268,37,302,577,481,24,545,160,479,483,56,277,182,365,571,570,568,574,397,77,216,123,93,125,4,7,17,16,23,39,0.41,0.59,0,27,27,13,27,0.0,1.0,1.0,0.481,201942,DeMar DeRozan,0.31177952755905514,0.15169553805774277,4909.9,11.6751269035533,10.95679012345679,6.122448979591836,10.035539549529156,14.650537634408604,29.166666666666668,23.36021505376344,33.746130030959755,51.048951048951054,13.793103448275861,34.813860741585735,47.07702458697425,44.883345695065714,45.98018514101998,24.878836833602584,17.123287671232877,21.388839710536217,0.2932551319648094,47.50733137829912,80.35190615835776,38.54545454545455,55.718475073313776,Poor,Average,Above Average,Below Average,Average,2025-26
1629731,Dean Wade,Dean,1610612739,CLE,29.0,59,36,23,0.61,1317.6833333333334,110.9,194,0.139,0.205,44,0.206,23,0.181,492.0,361.0,398.0,1296.0,4.93,4.934668704226986,225,151,289,167,212,205,158,199,232,208,247,182,242,374,337,361,363,140,59,286,205,81,115,0,48,115,8,11,19,0.421,0.579,3,51,54,20,54,0.056,0.944,1.0,0.37,1629731,Dean Wade,0.2798538961038961,0.12142207792207793,2706.6,11.6751269035533,68.59567901234568,52.65306122448976,41.84180372186475,25.672043010752688,24.62121212121212,25.041544477028346,30.65015479876161,25.874125874125873,0.0,21.316005975448697,66.28238579760753,67.67382618424264,66.97810599092509,25.363489499192244,33.56164383561644,29.05265895058313,67.44868035190615,50.146627565982406,43.401759530791786,81.81818181818183,73.02052785923753,Average,Average,Average,Above Average,Above Average,2025-26
1629028,Deandre Ayton,Deandre,1610612747,LAL,27.0,72,46,26,0.639,1958.385,115.5,390,0.2,0.302,41,0.115,70,0.412,722.0,575.0,620.0,2104.0,4.74,4.744418257004085,84,52,338,140,87,407,28,57,62,227,517,29,71,505,481,504,509,151,72,571,424,147,79,0,268,616,19,15,34,0.559,0.441,29,40,68,61,69,0.42,0.58,0.986,0.884,1629028,Deandre Ayton,0.3595823863636363,0.1454431818181818,3992.9,35.53299492385787,37.42283950617284,33.877551020408156,35.78057955180568,55.107526881720425,49.621212121212125,51.81573802541544,19.5046439628483,23.776223776223777,0.0,16.123535906817644,18.320469793927938,49.59024745821194,33.95535862606994,57.027463651050084,26.027397260273972,43.07743377520084,46.62756598240469,92.37536656891496,28.445747800586513,16.727272727272727,88.56304985337243,Average,Elite,Below Average,Below Average,Above Average,2025-26
1630166,Deni Avdija,Deni,1610612757,POR,25.0,66,35,31,0.53,2199.385,115.4,380,0.167,0.266,51,0.152,41,0.169,977.0,701.0,769.0,2362.0,5.4,5.402449103658517,157,162,412,275,55,404,32,119,111,168,433,85,259,578,545,557,541,118,66,281,183,98,106,0,9,19,25,15,40,0.625,0.375,1,20,21,18,21,0.048,0.952,1.0,0.857,1630166,Deni Avdija,0.3494699140401146,0.16208022922636103,4524.6,20.812182741116754,27.469135802469136,34.28571428571425,26.51049919873946,22.71505376344086,31.060606060606062,27.72238514173998,27.86377708978328,30.76923076923077,0.0,21.91474160514408,24.403785138169383,37.06553760824905,30.734661373209217,55.41195476575121,12.32876712328767,36.02452032664262,14.95601173020528,58.94428152492669,46.33431085043988,11.636363636363637,82.69794721407625,Poor,Average,Average,Poor,Above Average,2025-26
203471,Dennis Schröder,Dennis,1610612739,CLE,32.0,70,29,41,0.414,1696.2983333333334,117.0,157,0.089,0.145,55,0.195,11,0.067,640.0,577.0,443.0,1756.0,3.34,3.3405363733348805,105,203,515,377,134,452,212,434,415,142,287,284,464,467,484,399,451,238,68,155,78,77,107,7,20,45,13,14,27,0.481,0.519,1,12,13,7,13,0.077,0.923,1.0,0.538,203471,Dennis Schröder,0.2958767123287671,0.12737808219178082,3432.3,5.583756345177665,50.848765432098766,27.755102040816315,26.96934594950971,8.60215053763441,23.106060606060606,17.304496578690127,28.173374613003094,33.56643356643357,24.137931034482758,29.052084352073678,56.64361095794758,63.19002425034331,59.91681760414545,19.38610662358643,6.8493150684931505,13.744550423794454,17.008797653958943,30.205278592375368,69.50146627565982,66.9090909090909,32.25806451612903,Below Average,Below Average,Average,Average,Below Average,2025-26
1642852,Derik Queen,Derik,1610612740,NOP,21.0,81,26,55,0.321,2023.38,119.4,436,0.207,0.334,84,0.225,74,0.365,810.0,716.0,747.0,2322.0,2.69,2.6900151299962523,19,231,573,434,74,505,14,48,37,45,182,24,89,538,550,547,537,280,81,548,356,192,187,4,125,295,21,9,30,0.7,0.3,12,59,70,43,71,0.169,0.831,1.0,0.614,1642852,Derik Queen,0.37413466334164586,0.16253615960099752,4251.2,37.56345177664975,29.01234567901235,17.959183673469354,29.66949761668156,45.96774193548387,66.66666666666666,58.38709677419354,52.94117647058824,53.84615384615385,13.793103448275861,43.47090029645811,9.566320758774141,36.722303889308066,23.144312324041103,64.45880452342489,39.04109589041096,53.02083563856863,24.926686217008797,96.7741935483871,90.32258064516128,4.7272727272727275,94.72140762463343,Below Average,Elite,Elite,Poor,Elite,2025-26
1627884,Derrick Jones Jr.,Derrick,1610612746,LAC,29.0,50,26,24,0.52,1349.5083333333334,113.8,112,0.082,0.128,45,0.172,50,0.299,491.0,432.0,389.0,1392.0,3.95,3.9495632688079643,297,231,309,288,204,334,289,475,478,200,356,60,127,373,389,352,385,194,50,196,123,73,107,0,36,83,15,6,21,0.714,0.286,1,10,10,5,11,0.091,0.909,0.909,0.455,1627884,Derrick Jones Jr.,0.23940000000000003,0.1259296296296296,2711.9,25.380710659898476,64.89197530864197,40.816326530612244,43.06855725463714,14.650537634408604,21.59090909090909,18.814760508308893,28.173374613003094,26.573426573426573,0.0,20.57004914590054,90.61805753346623,64.28044898901781,77.44925326124202,12.116316639741518,5.47945205479452,9.12972757651537,70.38123167155426,38.41642228739003,40.469208211143695,93.0909090909091,19.64809384164223,Above Average,Below Average,Average,Elite,Below Average,2025-26
1628401,Derrick White,Derrick,1610612738,BOS,31.0,77,52,25,0.675,2624.9566666666665,108.0,253,0.09,0.134,88,0.219,98,0.333,761.0,741.0,695.0,2108.0,11.95,11.954804019134775,37,24,326,102,10,101,92,429,456,35,201,13,100,517,558,531,511,3,77,555,324,231,196,8,29,70,20,29,49,0.408,0.592,0,16,16,2,16,0.0,1.0,1.0,0.125,1628401,Derrick White,0.31419592875318064,0.16520356234096692,5102.9,49.746192893401016,37.26851851851852,64.48979591836734,49.06490761843372,41.66666666666667,81.43939393939394,65.53030303030303,55.72755417956656,56.64335664335665,27.586206896551722,49.01274822113938,45.623400785416315,34.71422850480876,40.16881464511253,34.894991922455574,9.58904109589041,23.50731405050125,87.68328445747801,99.12023460410558,93.54838709677419,25.454545454545453,61.87683284457478,Above Average,Elite,Elite,Below Average,Average,2025-26
1630217,Desmond Bane,Desmond,1610612753,ORL,28.0,82,45,37,0.549,2756.045,111.5,240,0.084,0.128,86,0.173,37,0.137,913.0,727.0,860.0,2890.0,9.93,9.932814725815591,1,60,482,251,3,227,103,463,477,40,353,102,307,567,553,573,580,11,82,389,192,197,151,2,31,66,28,33,61,0.459,0.541,13,19,32,21,32,0.406,0.594,1.0,0.656,1630217,Desmond Bane,0.3024668367346939,0.12594132653061224,5657.2,18.781725888324875,7.098765432098765,50.20408163265305,22.548278664727782,23.9247311827957,68.56060606060606,50.70625610948191,41.795665634674926,55.24475524475524,6.896551724137931,37.77806852056879,52.67921890460321,64.27164332252202,58.47543111356262,32.794830371567045,11.643835616438356,23.276882731759137,7.624633431085044,90.6158357771261,84.1642228739003,63.63636363636363,60.70381231671554,Poor,Elite,Above Average,Average,Average,2025-26
1626164,Devin Booker,Devin,1610612756,PHX,29.0,64,37,27,0.578,2146.43,112.0,200,0.091,0.146,51,0.122,18,0.098,807.0,698.0,624.0,2110.0,7.44,7.44251274229201,180,136,352,203,59,250,153,424,414,168,506,224,400,535,544,506,513,59,64,172,95,77,89,2,33,76,24,23,47,0.511,0.489,4,30,34,16,34,0.118,0.882,1.0,0.471,1626164,Devin Booker,0.3063947368421053,0.15139181286549708,4352.1,9.137055837563452,37.191358024691354,48.16326530612244,28.712613970197964,10.887096774193548,23.106060606060606,18.218475073313783,22.60061919504644,30.76923076923077,6.896551724137931,21.53361637828383,50.316329372783756,45.111996237056196,47.71416280491998,26.33279483037157,19.17808219178082,23.113174143005736,21.994134897360702,35.483870967741936,44.868035190615835,41.45454545454545,60.410557184750736,Below Average,Below Average,Average,Average,Average,2025-26
1630170,Devin Vassell,Devin,1610612759,SAS,25.0,67,52,15,0.776,2044.2316666666666,109.9,230,0.102,0.152,57,0.175,25,0.101,674.0,616.0,572.0,2050.0,8.25,8.247332117524948,147,24,187,32,72,149,116,358,391,130,346,167,389,481,510,479,503,38,67,214,139,75,115,0,32,68,12,15,27,0.444,0.556,0,11,11,9,11,0.0,1.0,1.0,0.818,1630170,Devin Vassell,0.31773446327683613,0.12504237288135595,4220.9,12.690355329949238,39.50617283950617,56.73469387755099,33.0869760951946,16.801075268817204,22.348484848484848,20.12952101661779,30.65015479876161,34.96503496503497,0.0,24.497824157266884,43.49474018935101,64.94839403130254,54.221567110326774,31.179321486268176,6.164383561643835,19.922599420187222,35.77712609970675,40.76246334310851,56.30498533724341,56.36363636363636,49.853372434017594,Below Average,Average,Average,Average,Average,2025-26
1628415,Dillon Brooks,Dillon,1610612756,PHX,30.0,56,32,24,0.571,1701.5833333333333,114.8,160,0.094,0.152,57,0.168,9,0.068,622.0,593.0,524.0,1766.0,4.52,4.523840688572757,247,182,309,210,133,379,206,402,392,130,373,315,463,455,495,450,455,165,56,180,81,99,113,1,26,63,14,14,28,0.5,0.5,2,14,16,11,16,0.125,0.875,1.0,0.688,1628415,Dillon Brooks,0.3224782608695652,0.1599163879598662,3453.2,4.568527918781726,50.46296296296296,36.734693877551024,28.67312167393748,9.005376344086022,31.439393939393938,22.46578690127077,30.030959752321984,34.96503496503497,3.4482758620689653,25.112215104208275,40.641034808254396,38.69452160759139,39.66777820792289,19.87075928917609,8.21917808219178,14.627547746033152,21.700879765395893,45.16129032258064,57.77126099706745,24.0,34.89736070381232,Below Average,Average,Average,Below Average,Below Average,2025-26
1631230,Dominick Barlow,Dominick,1610612755,PHI,23.0,71,40,31,0.563,1688.5183333333334,111.9,207,0.118,0.185,63,0.18,53,0.314,534.0,553.0,517.0,1738.0,5.83,5.826348228704475,98,110,412,228,138,245,143,292,284,99,329,53,114,397,465,445,448,98,71,491,351,140,121,0,60,145,21,24,45,0.467,0.533,3,22,25,12,25,0.12,0.88,1.0,0.48,1631230,Dominick Barlow,0.3334578947368421,0.16127631578947368,3457.2,26.903553299492383,51.54320987654321,48.57142857142854,40.94440191944422,45.295698924731184,46.96969696969697,46.30009775171065,32.50773993808049,39.16083916083916,0.0,26.709389681525902,34.03606492135557,37.67074009968094,35.85340251051825,27.463651050080774,13.698630136986301,21.269391639188264,65.10263929618768,86.21700879765396,63.049853372434015,18.90909090909091,55.13196480938416,Average,Above Average,Average,Below Average,Average,2025-26
1642270,Donovan Clingan,Donovan,1610612757,POR,22.0,77,41,36,0.532,2093.6366666666668,113.8,545,0.254,0.385,44,0.129,130,0.613,895.0,612.0,762.0,2110.0,6.04,6.0387344144690935,37,97,472,272,65,333,7,12,16,208,488,4,11,560,506,554,513,91,77,1038,758,280,83,1,176,408,20,12,32,0.625,0.375,77,57,132,114,134,0.575,0.425,0.985,0.851,1642270,Donovan Clingan,0.354224,0.204784,4294.9,65.98984771573603,37.191358024691354,40.816326530612244,49.61699602758945,100.0,100.0,100.0,20.743034055727556,25.874125874125873,3.4482758620689653,18.21522664375232,21.5438906294503,4.917264821804687,13.230577725627493,82.06785137318255,37.67123287671233,62.089373049770956,88.85630498533725,100.0,34.60410557184751,1.090909090909091,96.7741935483871,Above Average,Elite,Below Average,Poor,Elite,2025-26
1628378,Donovan Mitchell,Donovan,1610612739,CLE,29.0,70,45,25,0.643,2342.0633333333335,112.1,266,0.108,0.165,104,0.249,20,0.092,810.0,694.0,759.0,2188.0,8.1,8.101706000230685,105,60,326,136,31,253,82,336,346,16,136,209,410,538,542,553,525,43,70,213,95,118,201,0,16,38,21,24,45,0.467,0.533,0,23,23,12,23,0.0,1.0,1.0,0.522,1628378,Donovan Mitchell,0.31412987012987015,0.18232727272727273,4834.4,10.152284263959391,34.1820987654321,47.75510204081634,27.963423783689077,10.887096774193548,38.63636363636363,27.5366568914956,57.27554179566563,67.83216783216784,0.0,46.651475459525,45.66313937989132,21.823148802899812,33.743144091395564,36.995153473344104,14.383561643835616,26.819937150065286,20.234604105571847,58.35777126099707,92.08211143695014,16.0,68.91495601173021,Below Average,Average,Elite,Below Average,Average,2025-26
1628978,Donte DiVincenzo,Donte,1610612750,MIN,29.0,82,49,33,0.598,2494.036666666667,110.0,269,0.1,0.153,104,0.231,34,0.11,915.0,768.0,783.0,2660.0,9.92,9.917774058703113,1,37,435,182,21,160,78,368,387,16,167,113,375,569,567,563,565,12,81,264,139,125,241,0,29,73,26,36,62,0.419,0.581,0,19,19,10,19,0.0,1.0,1.0,0.526,1628978,Donte DiVincenzo,0.3472473404255319,0.13442021276595745,5116.2,17.258883248730964,15.972222222222221,56.32653061224489,26.575463730331386,16.801075268817204,41.28787878787879,31.493157380254154,69.65944272445822,67.83216783216784,0.0,51.60503583104203,25.74080893816023,57.88856420138336,41.814686569771794,37.47980613893376,11.643835616438356,25.853619403810832,15.249266862170089,67.74193548387096,94.13489736070382,28.72727272727273,67.15542521994135,Below Average,Average,Elite,Below Average,Average,2025-26
1642962,Drake Powell,Drake,1610612751,BKN,20.0,63,16,47,0.254,1319.5133333333333,116.3,90,0.07,0.112,36,0.173,14,0.116,568.0,407.0,465.0,1494.0,2.9,2.897405887233874,194,348,548,484,210,434,327,531,528,256,354,261,357,418,371,417,409,264,60,167,91,76,79,0,10,24,9,10,19,0.474,0.526,2,15,15,4,17,0.118,0.882,0.882,0.235,1642962,Drake Powell,0.25370454545454546,0.08616761363636363,2635.7,7.1065989847715745,60.95679012345679,30.612244897959183,31.830577361608302,10.349462365591398,22.727272727272727,17.776148582600193,19.5046439628483,20.27972027972028,0.0,14.899759683041417,82.01293525751909,94.21410855894882,88.11352190823396,8.562197092084006,8.904109589041095,8.716057715714697,30.205278592375368,34.01759530791789,24.926686217008797,97.81818181818181,17.595307917888565,Below Average,Below Average,Below Average,Elite,Below Average,2025-26
203110,Draymond Green,Draymond,1610612744,GSW,36.0,68,31,37,0.456,1868.8883333333333,113.6,320,0.168,0.255,61,0.169,42,0.282,759.0,567.0,619.0,1908.0,5.56,5.558385348370175,135,188,482,351,102,321,51,118,130,108,368,81,141,515,477,503,476,110,68,508,325,183,146,5,174,449,13,13,26,0.5,0.5,6,70,74,40,76,0.079,0.921,0.974,0.526,203110,Draymond Green,0.33218857142857144,0.14941142857142856,3827.0,21.31979695431472,44.98456790123457,41.6326530612245,34.68068081246412,41.80107526881721,63.25757575757576,54.67497556207233,40.24767801857585,37.76223776223776,17.24137931034483,33.62619925179976,34.799646141750664,46.60287007218379,40.70125810696723,45.718901453958,46.57534246575342,46.10429990926595,41.05571847507331,93.25513196480938,79.17888563049853,26.181818181818183,90.32258064516128,Average,Elite,Above Average,Below Average,Elite,2025-26
1629234,Drew Eubanks,Drew,1610612758,SAC,29.0,42,10,32,0.238,552.27,117.8,88,0.154,0.254,15,0.147,26,0.456,217.0,210.0,184.0,578.0,1.0,0.9963565416476158,348,411,424,501,368,476,333,153,132,393,445,157,58,214,236,219,209,414,42,144,114,30,37,1,72,162,4,2,6,0.667,0.333,11,21,32,20,32,0.344,0.656,1.0,0.625,1629234,Drew Eubanks,,,1150.2,13.19796954314721,96.29629629629629,24.489795918367346,45.105340500554426,13.440860215053762,5.303030303030303,8.558162267839688,6.5015479876160995,5.594405594405594,3.4482758620689653,5.420730118605639,,,,8.239095315024231,13.013698630136986,10.38766680682497,78.2991202346041,8.504398826979472,4.105571847507331,,23.75366568914956,Above Average,Poor,Poor,Poor,Below Average,2025-26
1630696,Dru Smith,Dru,1610612748,MIA,28.0,70,38,32,0.543,1141.3083333333334,110.3,111,0.085,0.135,100,0.415,21,0.165,473.0,388.0,389.0,1176.0,4.55,4.54839942597183,105,128,424,262,253,171,291,453,451,22,15,197,265,366,354,352,335,163,68,173,82,91,196,12,5,11,11,13,24,0.458,0.542,1,17,17,7,18,0.056,0.944,0.944,0.389,1630696,Dru Smith,0.25938797814207654,0.12772677595628415,2440.5,10.65989847715736,73.2253086419753,55.10204081632652,43.66832761963593,9.13978494623656,28.40909090909091,20.70136852394917,55.72755417956656,65.03496503496503,41.37931034482759,55.398087020271284,78.59397773952406,62.92752044664864,70.76074909308636,11.954765751211632,10.273972602739725,11.198408834399274,73.90029325513197,42.22873900293255,95.89442815249268,85.0909090909091,26.099706744868033,Above Average,Average,Elite,Above Average,Below Average,2025-26
1629130,Duncan Robinson,Duncan,1610612765,DET,32.0,77,58,19,0.753,2113.1583333333333,109.5,176,0.08,0.119,44,0.107,22,0.085,716.0,641.0,623.0,1916.0,8.74,8.739588338482665,37,5,236,45,63,138,183,490,505,208,528,191,426,502,521,505,478,28,77,257,142,115,141,6,43,90,10,12,22,0.455,0.545,1,28,29,11,29,0.034,0.966,1.0,0.379,1629130,Duncan Robinson,0.2843170731707317,0.14306504065040648,4275.0,11.16751269035533,44.675925925925924,58.3673469387755,34.695415884910076,17.20430107526882,37.5,29.381720430107528,38.69969040247678,25.874125874125873,20.689655172413794,29.708234010038215,63.59749206775335,51.38056080996656,57.48902643885995,22.45557350565428,17.80821917808219,20.36426405824684,41.348973607038126,63.34310850439883,70.96774193548387,61.09090909090909,51.31964809384164,Average,Average,Above Average,Average,Average,2025-26
203939,Dwight Powell,Dwight,1610612742,DAL,34.0,63,19,44,0.302,904.4116666666666,110.9,161,0.17,0.253,34,0.215,21,0.284,294.0,272.0,249.0,988.0,3.43,3.42513251350365,194,316,533,446,302,201,203,113,133,265,215,197,139,254,272,257,293,231,59,243,193,50,87,5,140,316,8,17,25,0.32,0.68,20,47,66,38,67,0.299,0.701,0.985,0.567,203939,Dwight Powell,,,1887.5,10.65989847715736,80.47839506172839,52.65306122448976,45.59466296859032,24.059139784946236,12.878787878787879,17.350928641251222,21.981424148606813,18.88111888111888,17.24137931034483,19.71130609542054,,,,20.032310177705977,30.82191780821918,24.887633611436918,80.05865102639295,30.498533724340177,38.70967741935484,,65.39589442815249,Above Average,Below Average,Below Average,Poor,Average,2025-26
1642928,Dylan Cardwell,Dylan,1610612758,SAC,24.0,44,13,31,0.295,906.5383333333333,111.1,185,0.202,0.316,30,0.194,67,0.588,343.0,270.0,270.0,826.0,3.33,3.3331077839610392,336,384,412,449,301,216,170,54,48,286,292,35,19,288,268,269,259,239,43,291,245,46,59,0,85,195,14,7,21,0.667,0.333,23,39,62,43,62,0.371,0.629,1.0,0.694,1642928,Dylan Cardwell,,,1811.3,34.01015228426396,86.72839506172839,51.83673469387756,56.91818285877991,31.048387096774192,11.363636363636363,19.237536656891496,13.312693498452013,16.083916083916083,0.0,10.954448028751436,,,,23.909531502423263,25.34246575342466,24.554351915373893,97.0674486803519,39.002932551319645,14.369501466275661,,64.36950146627566,Elite,Below Average,Poor,Poor,Average,2025-26
1642844,Dylan Harper,Dylan,1610612759,SAS,20.0,69,53,16,0.768,1557.9566666666667,107.4,180,0.106,0.156,54,0.226,24,0.135,470.0,413.0,444.0,1538.0,7.37,7.37302592122716,118,19,202,36,154,90,177,348,374,153,176,173,310,363,376,400,414,61,69,200,135,65,94,0,12,25,23,20,43,0.535,0.465,0,7,7,3,7,0.0,1.0,1.0,0.429,1642844,Dylan Harper,0.262840616966581,0.09704113110539847,3170.3,12.18274111675127,59.25925925925925,66.93877551020405,42.34853106499226,16.263440860215052,18.560606060606062,17.641739980449657,24.148606811145513,32.86713286713287,0.0,21.16293922795471,76.51698904009618,86.0283020268829,81.27264553348954,23.101777059773827,3.4246575342465753,14.247073273286565,69.20821114369502,33.28445747800586,42.52199413489736,95.27272727272728,33.724340175953074,Average,Below Average,Average,Elite,Below Average,2025-26
1630700,Dyson Daniels,Dyson,1610612737,ATL,23.0,76,44,32,0.579,2519.54,110.6,336,0.129,0.198,149,0.287,31,0.134,878.0,742.0,807.0,2698.0,9.62,9.617606049177134,54,67,424,201,19,184,44,241,252,2,72,127,313,555,559,567,569,14,76,417,226,191,316,3,145,356,39,38,77,0.506,0.494,6,22,27,24,28,0.214,0.786,1.0,0.889,1630700,Dyson Daniels,0.31837688442211054,0.1384824120603015,5282.4,15.736040609137056,14.506172839506174,53.87755102040818,24.84096449258403,28.49462365591398,66.28787878787878,51.17057673509286,92.87925696594426,99.3006993006993,10.344827586206897,74.49315443817419,43.10828173631546,54.83045741920455,48.969369577760006,48.30371567043619,13.698630136986301,32.73142718038374,11.730205278592376,91.49560117302052,99.70674486803519,45.09090909090909,79.17888563049853,Poor,Elite,Elite,Average,Above Average,2025-26
1642856,Egor Dëmin,Egor,1610612751,BKN,20.0,52,14,38,0.269,1308.2083333333333,115.4,144,0.116,0.179,42,0.188,17,0.15,520.0,365.0,472.0,1488.0,3.22,3.2198638823459054,286,374,491,473,214,406,235,301,304,219,309,233,283,388,342,419,404,245,52,216,132,84,88,3,14,34,11,9,20,0.55,0.45,0,19,19,6,19,0.0,1.0,1.0,0.316,1642856,Egor Dëmin,0.32425,0.10522151898734178,2622.1,8.629441624365482,61.18827160493827,34.28571428571425,33.439100282903155,15.86021505376344,25.757575757575758,21.79863147605083,22.291021671826623,24.475524475524477,10.344827586206897,20.069049131715943,39.57521751913342,79.8699385764595,59.72257804779646,17.2859450726979,11.643835616438356,14.746995817381105,36.950146627565985,43.6950146627566,39.29618768328446,66.54545454545455,35.483870967741936,Below Average,Average,Below Average,Average,Below Average,2025-26
1630596,Evan Mobley,Evan,1610612739,CLE,25.0,65,40,25,0.615,2074.2883333333334,111.3,430,0.196,0.293,48,0.143,113,0.518,698.0,564.0,609.0,1948.0,7.55,7.545221224266198,166,110,326,163,67,223,15,62,76,187,455,9,33,491,472,500,486,56,65,671,465,206,118,0,124,287,20,13,33,0.606,0.394,22,80,101,71,102,0.216,0.784,0.99,0.696,1630596,Evan Mobley,0.329323782234957,0.16097134670487107,4260.1,57.360406091370564,43.441358024691354,51.02040816326531,50.903739786006525,60.61827956989247,71.96969696969697,67.42913000977518,31.57894736842105,28.671328671328673,0.0,22.666543982333458,36.523004733199706,37.900327069300246,37.21166590124997,63.48949919224556,53.42465753424658,58.96032044614603,90.9090909090909,99.41348973607037,48.68035190615836,20.363636363636363,96.18768328445748,Elite,Elite,Average,Below Average,Elite,2025-26
1641713,GG Jackson,GG,1610612763,MEM,21.0,55,16,39,0.291,1177.765,117.5,186,0.154,0.262,31,0.141,44,0.355,440.0,458.0,344.0,1356.0,2.19,2.1882592846526903,258,348,503,450,238,468,167,151,119,279,461,76,91,343,401,321,374,303,52,261,166,95,65,0,15,37,8,10,18,0.444,0.556,1,7,8,3,8,0.125,0.875,1.0,0.375,1641713,GG Jackson,0.3005843373493976,0.12790963855421686,2407.8,22.33502538071066,66.28086419753086,25.7142857142857,38.560884049991486,20.43010752688172,29.924242424242426,26.12658846529814,15.170278637770899,16.783216783216783,0.0,11.942237329234235,53.81166575140058,62.78985773971956,58.30076174556007,24.07108239095315,3.4246575342465753,14.780191205435194,57.478005865102645,53.3724340175953,16.422287390029325,63.272727272727266,35.77712609970675,Average,Average,Below Average,Average,Below Average,2025-26
1629216,Gabe Vincent,Gabe,1610612737,ATL,30.0,53,36,17,0.679,879.0783333333334,116.0,37,0.041,0.064,27,0.173,3,0.043,351.0,281.0,287.0,900.0,1.98,1.9794539489100287,276,151,216,99,309,422,432,568,569,300,354,442,500,293,282,280,277,323,51,121,54,67,68,4,20,46,12,7,19,0.632,0.368,1,9,10,2,10,0.1,0.9,1.0,0.2,1629216,Gabe Vincent,,,1802.1,1.5228426395939088,83.87345679012346,31.83673469387754,37.924030605850156,5.376344086021505,19.318181818181817,13.741446725317692,16.09907120743034,13.986013986013987,13.793103448275861,14.783009240145997,,,,0.0,4.794520547945205,2.1575342465753424,54.83870967741935,19.06158357771261,24.34017595307918,,0.8797653958944283,Average,Below Average,Below Average,Poor,Poor,2025-26
203914,Gary Harris,Gary,1610612749,MIL,31.0,48,15,33,0.313,660.7683333333333,115.5,45,0.072,0.111,27,0.25,9,0.196,310.0,154.0,208.0,604.0,1.6,1.597887479347182,310,365,435,441,352,408,413,521,529,300,128,315,229,263,199,232,215,355,42,69,25,44,65,0,8,16,4,6,10,0.4,0.6,0,4,4,1,4,0.0,1.0,1.0,0.25,203914,Gary Harris,,,1302.4,4.568527918781726,95.2932098765432,33.877551020408156,43.649422379404854,1.478494623655914,10.606060606060606,6.955034213098729,15.170278637770899,13.986013986013987,0.0,10.963216350213255,,,,1.2924071082390953,1.36986301369863,1.3272622656958861,73.60703812316716,5.865102639296188,14.66275659824047,,0.2932551319648094,Above Average,Poor,Poor,Poor,Poor,2025-26
1627780,Gary Payton II,Gary,1610612744,GSW,33.0,73,33,40,0.452,1142.28,113.5,164,0.143,0.231,67,0.262,21,0.196,472.0,410.0,396.0,1200.0,3.53,3.531047554188427,78,175,508,356,252,309,199,184,170,85,108,197,227,365,373,358,345,225,71,136,77,59,149,0,53,138,21,14,35,0.6,0.4,6,11,17,13,17,0.353,0.647,1.0,0.765,1627780,Gary Payton II,0.26407142857142857,0.09981593406593406,2349.6,10.65989847715736,72.2993827160494,42.0408163265306,40.07894742311288,8.46774193548387,16.28787878787879,13.159824046920821,41.17647058823529,41.95804195804196,0.0,31.155902920608803,75.77657513515783,83.93937355785417,79.857974346506,20.516962843295637,6.164383561643835,14.058302166552327,62.17008797653959,17.302052785923756,74.7800586510264,93.81818181818183,33.137829912023456,Average,Below Average,Above Average,Elite,Below Average,2025-26
1629018,Gary Trent Jr.,Gary,1610612749,MIL,27.0,65,24,41,0.369,1377.3816666666667,120.4,59,0.044,0.069,34,0.164,3,0.028,573.0,435.0,457.0,1388.0,1.42,1.4233375252680796,166,252,515,400,195,518,383,566,568,265,390,442,520,422,392,411,383,372,55,53,23,30,95,0,0,0,8,7,15,0.533,0.467,1,7,8,3,8,0.125,0.875,1.0,0.375,1629018,Gary Trent Jr.,0.25263188405797105,0.1268144927536232,2786.7,1.5228426395939088,65.04629629629629,13.87755102040813,26.844728514643297,1.2096774193548387,5.303030303030303,3.665689149560117,24.458204334365323,18.88111888111888,0.0,16.391673342137736,82.65821143966286,63.61430591608873,73.1362586778758,3.5541195476575123,3.4246575342465753,3.4958616416225907,16.129032258064516,1.466275659824047,29.61876832844575,88.72727272727273,3.812316715542522,Below Average,Poor,Below Average,Above Average,Poor,2025-26
1629048,Goga Bitadze,Goga,1610612753,ORL,26.0,64,34,30,0.531,972.0066666666667,111.0,183,0.183,0.283,37,0.218,61,0.555,347.0,271.0,345.0,1032.0,3.66,3.6585528040933752,180,168,395,273,285,207,176,87,90,250,208,40,25,290,271,323,299,210,64,294,205,89,85,1,109,252,8,9,17,0.471,0.529,39,50,89,58,89,0.438,0.562,1.0,0.652,1629048,Goga Bitadze,,,1987.7,30.96446700507614,78.78086419753086,52.24489795918367,53.020313760962175,25.672043010752688,27.65151515151515,26.859726295210166,21.36222910216718,20.97902097902098,3.4482758620689653,16.749617949041458,,,,23.586429725363487,32.87671232876712,27.767056896895124,94.13489736070382,55.13196480938416,30.205278592375368,,71.5542521994135,Elite,Average,Below Average,Poor,Above Average,2025-26
1641711,Gradey Dick,Gradey,1610612761,TOR,22.0,76,43,33,0.566,1066.6883333333333,106.7,105,0.095,0.155,45,0.203,7,0.07,365.0,388.0,266.0,1040.0,5.4,5.40221339519862,54,75,435,224,269,82,295,398,380,200,260,363,457,299,354,266,303,118,66,61,31,30,117,3,5,11,13,12,25,0.52,0.48,2,8,10,5,10,0.2,0.8,1.0,0.5,1641711,Gradey Dick,0.23270389610389608,0.10471948051948052,2189.7,3.5532994923857872,78.47222222222221,69.79591836734691,46.33557716656882,2.28494623655914,5.303030303030303,4.095796676441838,31.269349845201237,26.573426573426573,10.344827586206897,24.39464613533152,94.64620320097578,80.24788341181477,87.44704330639527,10.98546042003231,4.10958904109589,7.891318299510921,82.40469208211144,2.0527859237536656,56.01173020527859,97.45454545454545,14.369501466275661,Above Average,Poor,Average,Elite,Poor,2025-26
1628960,Grayson Allen,Grayson,1610612756,PHX,30.0,51,26,25,0.51,1467.2783333333334,113.8,118,0.081,0.137,69,0.234,13,0.107,540.0,517.0,428.0,1556.0,4.25,4.251575461342491,291,231,326,296,173,335,276,484,446,78,160,272,379,402,438,388,415,179,49,155,80,75,119,0,11,28,10,16,26,0.385,0.615,0,8,8,0,8,0.0,1.0,1.0,0.0,1628960,Grayson Allen,0.33218507462686564,0.1448686567164179,2884.6,6.598984771573605,58.56481481481482,40.816326530612244,33.341360726467684,8.870967741935484,22.348484848484848,16.957478005865102,31.88854489164087,43.35664335664335,0.0,27.93024313148152,34.80174969731968,50.022761715373676,42.41225570634668,13.08562197092084,4.10958904109589,9.046407152499613,36.65689149560117,29.03225806451613,66.86217008797654,30.909090909090907,19.06158357771261,Below Average,Below Average,Average,Below Average,Below Average,2025-26
1627824,Guerschon Yabusele,Guerschon,1610612741,CHI,30.0,67,32,35,0.478,1007.0566666666666,115.3,178,0.17,0.259,26,0.154,16,0.17,434.0,342.0,340.0,1082.0,2.49,2.4870189121962634,147,182,459,340,277,400,181,114,123,308,426,243,257,336,325,319,315,289,61,152,106,46,56,2,37,88,10,10,20,0.5,0.5,11,36,47,22,47,0.234,0.766,1.0,0.468,1627824,Guerschon Yabusele,0.2961501501501501,0.08658558558558559,2092.7,8.121827411167512,76.85185185185185,34.69387755102041,38.82034850037025,12.365591397849462,11.363636363636363,11.764418377321602,12.38390092879257,13.286713286713287,6.896551724137931,11.32804795290116,56.479120174556655,93.89945071967053,75.18928544711359,22.778675282714055,23.28767123287671,23.007723460287252,59.2375366568915,14.076246334310852,15.542521994134898,90.9090909090909,59.530791788856305,Average,Poor,Below Average,Elite,Average,2025-26
1630611,Gui Santos,Gui,1610612744,GSW,24.0,68,29,39,0.426,1395.3633333333332,110.7,191,0.138,0.214,61,0.207,22,0.195,540.0,450.0,410.0,1420.0,5.3,5.2992156271065864,135,203,503,371,190,189,160,204,213,108,243,191,230,402,398,370,388,123,64,301,184,117,105,4,14,37,10,10,20,0.5,0.5,7,31,38,21,38,0.184,0.816,1.0,0.553,1630611,Gui Santos,0.3401363636363636,0.13970320855614973,2784.7,11.16751269035533,63.81172839506173,53.46938775510202,40.16845695318924,22.849462365591396,38.25757575757576,32.09433040078201,27.55417956656347,37.76223776223776,13.793103448275861,27.686730905477567,30.01852786090803,53.91141682737253,41.96497234414028,24.878836833602584,19.863013698630137,22.621716422864985,62.75659824046921,68.62170087976538,66.27565982404691,29.09090909090909,58.94428152492669,Average,Average,Average,Below Average,Average,2025-26
203084,Harrison Barnes,Harrison,1610612759,SAS,34.0,77,57,20,0.74,1986.475,110.6,151,0.071,0.105,50,0.158,12,0.053,618.0,572.0,529.0,1984.0,7.6,7.6044593737385515,37,6,251,58,83,182,225,528,542,176,412,277,491,450,480,454,493,52,77,263,143,120,98,3,53,119,17,14,31,0.548,0.452,7,44,50,31,51,0.137,0.863,0.98,0.608,203084,Harrison Barnes,0.2880345744680851,0.1389840425531915,4070.0,6.091370558375635,42.05246913580247,53.87755102040818,30.624300175983162,17.338709677419356,39.39393939393939,30.571847507331377,25.386996904024766,30.069930069930066,10.344827586206897,23.265481182637153,61.36117121950484,54.45281971575891,57.90699546763187,18.416801292407108,28.767123287671232,23.074446190275964,26.97947214076246,66.86217008797654,51.61290322580645,62.54545454545455,59.82404692082112,Below Average,Average,Average,Average,Average,2025-26
1630529,Herbert Jones,Herbert,1610612740,NOP,27.0,56,22,34,0.393,1588.3816666666667,114.4,143,0.09,0.141,88,0.289,27,0.168,591.0,511.0,521.0,1696.0,4.32,4.32011048704494,247,277,449,390,149,360,237,425,433,35,71,148,261,436,435,447,440,176,56,209,104,105,196,2,21,48,14,16,30,0.467,0.533,1,37,37,12,38,0.026,0.974,0.974,0.316,1630529,Herbert Jones,0.28778164556962027,0.11793037974683544,3263.3,13.705583756345177,53.163580246913575,38.367346938775476,33.68132332365169,12.096774193548388,33.71212121212121,25.065982404692082,55.72755417956656,56.64335664335665,6.896551724137931,43.84033442803594,61.51332454065207,70.30244804577902,65.90788629321554,17.12439418416801,23.972602739726025,20.20608803416912,38.12316715542522,50.43988269794721,90.6158357771261,78.9090909090909,51.02639296187683,Below Average,Average,Elite,Above Average,Average,2025-26
1642864,Hugo González,Hugo,1610612738,BOS,20.0,74,51,23,0.689,1083.93,106.2,184,0.158,0.244,42,0.235,21,0.174,322.0,333.0,288.0,858.0,5.61,5.6082075387007055,70,30,289,88,264,68,173,142,145,219,157,197,251,275,322,282,267,108,69,183,110,73,68,2,23,54,9,11,20,0.45,0.55,5,12,17,9,17,0.294,0.706,1.0,0.529,1642864,Hugo González,0.2238041237113402,0.1056701030927835,2114.3,10.65989847715736,85.49382716049382,71.83673469387753,52.14598257050516,12.903225806451612,21.59090909090909,18.115835777126097,16.09907120743034,24.475524475524477,6.896551724137931,16.730199980440187,100.0,79.53223527934678,89.76611763967338,23.747980613893375,6.8493150684931505,16.143581118463274,92.96187683284457,35.19061583577713,29.91202346041056,98.54545454545455,39.882697947214076,Elite,Below Average,Below Average,Elite,Below Average,2025-26
1630193,Immanuel Quickley,Immanuel,1610612761,TOR,27.0,70,41,29,0.586,2231.3083333333334,112.1,244,0.108,0.167,92,0.231,5,0.023,715.0,663.0,586.0,2202.0,7.6,7.597377657367014,105,97,379,193,49,257,98,335,338,28,166,397,521,501,528,487,528,52,70,241,126,115,162,0,36,75,13,20,33,0.394,0.606,1,22,23,13,23,0.043,0.957,1.0,0.565,1630193,Immanuel Quickley,0.31523822714681443,0.13749307479224376,4531.7,2.5380710659898478,33.641975308641975,47.75510204081634,24.728695294624714,15.053763440860216,37.5,28.521505376344088,45.20123839009288,59.44055944055944,0.0,38.88469116023296,44.996389940944354,55.57525076637542,50.28582035365989,33.44103392568659,13.698630136986301,24.55695222077146,11.143695014662756,60.997067448680355,85.63049853372434,48.36363636363637,64.80938416422288,Poor,Average,Above Average,Average,Average,2025-26
1630171,Isaac Okoro,Isaac,1610612741,CHI,25.0,63,26,37,0.413,1694.89,120.6,104,0.058,0.086,46,0.197,29,0.152,654.0,584.0,600.0,1932.0,1.64,1.6365142256371243,194,231,482,378,136,525,300,554,558,196,283,136,279,472,487,496,481,350,63,343,225,118,95,14,31,67,18,11,29,0.621,0.379,3,46,49,18,49,0.061,0.939,1.0,0.367,1630171,Isaac Okoro,0.25920234604105574,0.13947800586510264,3579.3,14.720812182741117,44.058641975308646,13.061224489795931,24.574155686903456,28.360215053763444,38.63636363636363,34.525904203323556,24.458204334365323,27.27272727272727,48.275862068965516,31.39770179644205,78.70564762324744,54.08095402310168,66.39330082317457,10.823909531502423,30.136986301369863,19.51479407794277,10.557184750733137,71.8475073313783,75.366568914956,80.36363636363636,48.97360703812317,Poor,Above Average,Above Average,Above Average,Average,2025-26
1642268,Isaiah Collier,Isaiah,1610612762,UTA,21.0,59,16,43,0.271,1516.92,122.6,129,0.085,0.141,66,0.223,20,0.16,632.0,530.0,596.0,1632.0,0.59,0.5851219414771928,225,348,527,471,161,551,255,457,434,87,186,209,269,464,446,494,428,457,56,150,46,104,101,1,10,24,11,7,18,0.611,0.389,0,4,4,3,4,0.0,1.0,1.0,0.75,1642268,Isaiah Collier,0.334149855907781,0.17371469740634005,3189.9,10.152284263959391,55.632716049382715,4.897959183673481,24.756854118786077,4.301075268817205,33.33333333333333,21.72043010752688,26.31578947368421,41.25874125874126,3.4482758620689653,25.828944195550367,33.619804893726055,28.306871804290125,30.96333834900809,14.862681744749596,1.36986301369863,8.790913315776661,11.436950146627565,43.10850439882698,59.82404692082112,12.0,17.888563049853374,Poor,Average,Average,Poor,Below Average,2025-26
1628392,Isaiah Hartenstein,Isaiah,1610612760,OKC,28.0,47,39,8,0.83,1137.425,103.2,294,0.243,0.352,48,0.189,36,0.283,369.0,307.0,311.0,878.0,6.72,6.722179531621458,320,118,109,14,254,38,65,20,25,187,302,104,140,302,303,304,272,78,47,318,227,91,94,1,149,349,20,12,32,0.625,0.375,37,70,106,79,107,0.346,0.654,0.991,0.738,1628392,Isaiah Hartenstein,0.2816294964028777,0.1262410071942446,2316.3,18.274111675126903,84.72222222222221,84.0816326530612,57.98283061109383,28.62903225806452,28.40909090909091,28.497067448680355,24.148606811145513,28.671328671328673,3.4482758620689653,20.556476724940485,65.21424576236511,64.04603758446332,64.63014167341422,41.51857835218094,46.57534246575342,43.79412220328856,97.36070381231671,60.70381231671554,40.17595307917888,74.90909090909092,89.44281524926686,Elite,Average,Average,Above Average,Above Average,2025-26
1630543,Isaiah Jackson,Isaiah,1610612746,LAC,24.0,55,20,35,0.364,908.3116666666666,114.7,177,0.19,0.314,36,0.218,49,0.51,313.0,304.0,289.0,1060.0,2.51,2.5090670250177336,258,302,459,403,299,369,182,75,54,256,206,62,34,266,297,283,307,286,54,280,193,87,100,0,93,211,13,6,19,0.684,0.316,20,24,44,30,44,0.455,0.545,1.0,0.682,1630543,Isaiah Jackson,,,1859.9,24.873096446700508,77.7006172839506,37.142857142857125,46.430168913777194,24.059139784946236,26.89393939393939,25.76001955034213,26.006191950464398,20.27972027972028,0.0,17.500378878087858,,,,22.617124394184167,15.068493150684931,19.22024033460951,82.69794721407625,51.90615835777126,32.55131964809384,,47.80058651026393,Above Average,Average,Below Average,Poor,Average,2025-26
1630198,Isaiah Joe,Isaiah,1610612760,OKC,26.0,71,56,15,0.789,1507.445,105.2,148,0.09,0.14,50,0.169,11,0.069,450.0,464.0,359.0,1332.0,8.14,8.142415671569562,98,7,187,27,162,56,231,428,435,176,369,284,459,350,407,332,369,39,71,165,64,101,115,8,25,56,11,13,24,0.458,0.542,0,16,16,4,16,0.0,1.0,1.0,0.25,1630198,Isaiah Joe,0.28573778920308485,0.1229305912596401,3060.9,5.583756345177665,67.2067901234568,75.91836734693875,44.73547091801563,6.720430107526881,32.196969696969695,22.00635386119257,30.65015479876161,30.069930069930066,27.586206896551722,29.6810891681181,62.74283819450408,66.53818646439206,64.64051232944807,17.932148626817447,9.58904109589041,14.177750237900282,77.71260997067448,43.988269794721404,70.67448680351906,75.27272727272727,33.43108504398827,Above Average,Average,Above Average,Above Average,Below Average,2025-26
1630191,Isaiah Stewart,Isaiah,1610612765,DET,25.0,58,42,16,0.724,1317.135,111.0,194,0.135,0.218,16,0.063,93,0.472,444.0,453.0,354.0,1138.0,4.9,4.896372886351552,230,87,202,71,213,209,158,219,202,378,560,15,52,346,399,329,325,141,58,525,384,141,31,0,86,203,10,8,18,0.556,0.444,25,55,80,57,80,0.313,0.688,1.0,0.713,1630191,Isaiah Stewart,0.3319968847352025,0.15224610591900312,2655.1,47.20812182741117,74.69135802469135,52.24489795918367,58.08644852940236,49.73118279569893,47.34848484848485,48.30156402737048,4.643962848297214,6.293706293706294,0.0,4.060382342116089,34.91495825987096,44.46886693896081,39.691912599415886,25.363489499192244,36.3013698630137,30.2855356629119,97.65395894428153,87.3900293255132,3.225806451612903,24.363636363636363,75.65982404692082,Elite,Above Average,Poor,Below Average,Above Average,2025-26
1627826,Ivica Zubac,Ivica,1610612754,IND,29.0,48,17,31,0.354,1446.6983333333333,117.9,347,0.234,0.359,18,0.079,40,0.328,588.0,460.0,500.0,1430.0,2.37,2.367351829247024,310,334,412,408,177,479,39,25,22,364,550,89,110,432,402,434,390,294,48,439,340,99,47,0,139,335,12,8,20,0.6,0.4,48,65,111,74,113,0.425,0.575,0.982,0.655,1627826,Ivica Zubac,0.2855674740484429,0.11764359861591696,2867.6,20.304568527918782,63.42592592592593,24.081632653061188,36.341309648506886,43.81720430107527,31.439393939393938,36.39051808406647,9.597523219814242,7.6923076923076925,0.0,6.531316980233389,62.84529393039572,70.5183427515567,66.6818183409762,50.080775444264944,43.15068493150685,46.962234713523806,49.56011730205279,75.0733137829912,5.865102639296188,81.0909090909091,90.9090909090909,Average,Above Average,Poor,Above Average,Elite,2025-26
1642266,Ja'Kobe Walter,Ja'Kobe,1610612761,TOR,21.0,72,41,31,0.569,1473.575,110.7,129,0.088,0.138,73,0.256,14,0.09,490.0,463.0,379.0,1490.0,5.64,5.6353014958576475,84,97,412,218,169,196,255,439,441,69,120,261,414,371,406,344,405,107,72,186,89,97,167,5,14,30,12,17,29,0.414,0.586,5,12,17,11,17,0.294,0.706,1.0,0.647,1642266,Ja'Kobe Walter,0.29710000000000003,0.09693783783783783,2991.0,7.1065989847715745,61.111111111111114,53.46938775510202,37.59887542157303,10.080645161290322,30.681818181818183,22.441348973607038,46.749226006191954,46.15384615384615,17.24137931034483,39.16388138390914,55.9077231925469,86.10606331312025,71.00689325283358,14.862681744749596,6.8493150684931505,11.256666740434195,53.3724340175953,44.868035190615835,85.92375366568915,86.18181818181819,26.392961876832842,Average,Average,Above Average,Above Average,Below Average,2025-26
1631095,Jabari Smith Jr.,Jabari,1610612745,HOU,23.0,77,48,29,0.623,2705.365,112.0,421,0.152,0.232,56,0.119,71,0.216,1049.0,855.0,832.0,2786.0,9.25,9.250007862898093,37,41,379,155,5,247,18,157,165,137,512,27,206,579,577,570,573,17,77,472,313,159,117,0,33,81,15,21,36,0.417,0.583,12,44,55,37,56,0.214,0.786,0.982,0.661,1631095,Jabari Smith Jr.,0.34293472584856394,0.15174412532637077,5328.4,36.04060913705584,11.11111111111111,48.16326530612244,30.345948870241834,40.18817204301075,54.166666666666664,48.575268817204304,31.269349845201237,34.26573426573427,0.0,24.50074693108749,28.33512945549265,44.84676820465905,36.590948830075845,62.035541195476576,28.767123287671232,47.06475313696418,26.099706744868033,88.56304985337243,56.598240469208214,19.636363636363637,91.20234604105572,Below Average,Above Average,Average,Below Average,Elite,2025-26
1631133,Jabari Walker,Jabari,1610612755,PHI,23.0,64,36,28,0.563,761.6683333333333,112.8,120,0.156,0.249,23,0.16,13,0.135,286.0,228.0,252.0,824.0,2.46,2.4605029527958235,180,151,364,229,332,277,271,145,140,327,404,272,309,251,246,260,258,291,55,99,59,40,52,4,22,49,5,6,11,0.455,0.545,12,7,19,16,21,0.571,0.333,1.0,0.842,1631133,Jabari Walker,,,1562.7,6.598984771573605,86.80555555555556,44.89795918367347,44.24602814899225,6.048387096774194,9.090909090909092,7.873900293255133,11.145510835913312,11.188811188811188,13.793103448275861,11.822564112518204,,,,13.408723747980615,3.4246575342465753,8.915893951800298,76.53958944281524,6.744868035190615,16.129032258064516,,18.475073313782993,Above Average,Poor,Below Average,Poor,Below Average,2025-26
1630702,Jaden Hardy,Jaden,1610612764,WAS,23.0,57,13,44,0.228,898.0966666666667,116.4,71,0.078,0.122,16,0.109,6,0.072,387.0,290.0,301.0,1072.0,1.95,1.9494118292190699,235,384,533,511,304,435,354,496,492,378,527,375,451,312,290,296,313,327,48,72,39,33,36,3,2,5,6,5,11,0.545,0.455,0,11,11,3,11,0.0,1.0,1.0,0.273,1630702,Jaden Hardy,,,1863.6,3.0456852791878175,77.23765432098766,30.204081632653022,35.80247353218406,3.3602150537634405,6.4393939393939394,5.207722385141739,6.191950464396285,6.293706293706294,10.344827586206897,7.265784285107442,,,,5.492730210016155,6.164383561643835,5.794974218248611,46.9208211143695,3.519061583577713,6.744868035190615,,8.504398826979472,Average,Poor,Poor,Poor,Poor,2025-26
1630183,Jaden McDaniels,Jaden,1610612750,MIN,25.0,73,44,29,0.603,2316.4133333333334,112.4,234,0.094,0.144,81,0.206,73,0.254,883.0,710.0,705.0,2450.0,7.69,7.68851512652751,78,67,379,173,35,265,110,404,417,55,244,25,168,557,548,535,552,50,73,449,276,173,156,1,19,45,20,28,48,0.417,0.583,0,10,10,1,10,0.0,1.0,1.0,0.1,1630183,Jaden McDaniels,0.2864755043227666,0.14329682997118157,4780.5,37.055837563451774,24.074074074074073,46.530612244897924,34.880914012531115,35.215053763440864,59.46969696969697,49.767839687194524,43.343653250774,51.74825174825175,3.4482758620689653,36.31141837771494,62.2990541658645,51.20606506454958,56.75255961520703,31.82552504038772,5.47945205479452,19.969792196870785,42.52199413489736,90.32258064516128,82.69794721407625,59.63636363636363,50.43988269794721,Average,Elite,Above Average,Average,Average,2025-26
1631170,Jaime Jaquez Jr.,Jaime,1610612748,MIA,25.0,75,41,34,0.547,2121.21,111.9,279,0.117,0.182,51,0.134,21,0.114,766.0,702.0,697.0,2262.0,7.37,7.373367790031094,60,97,449,256,62,243,74,299,295,168,477,197,363,519,546,532,534,61,75,383,228,155,108,0,17,41,21,17,38,0.553,0.447,1,49,49,25,50,0.02,0.98,0.98,0.5,1631170,Jaime Jaquez Jr.,0.3420104986876641,0.16625721784776903,4491.4,10.65989847715736,31.32716049382716,48.57142857142854,27.371322706559585,28.763440860215056,52.65151515151515,43.09628543499511,28.482972136222912,30.76923076923077,0.0,22.162419623719934,28.8911127095965,33.92101507091398,31.40606389025524,39.09531502423263,32.19178082191781,35.98872463319096,18.7683284457478,82.99120234604106,47.50733137829912,13.090909090909092,82.40469208211144,Below Average,Above Average,Average,Poor,Above Average,2025-26
1631222,Jake LaRavia,Jake,1610612747,LAL,24.0,82,53,29,0.646,2061.47,116.1,210,0.103,0.158,104,0.282,38,0.205,791.0,659.0,595.0,2174.0,4.67,4.668198132418215,1,19,379,132,69,430,139,356,368,16,83,97,217,531,527,492,523,158,82,319,185,134,257,2,24,55,18,26,44,0.409,0.591,9,34,40,22,43,0.209,0.791,0.93,0.512,1631222,Jake LaRavia,0.34940554156171283,0.14054156171284635,4201.2,19.289340101522843,34.72222222222222,31.428571428571438,27.725656675529777,22.983870967741936,44.696969696969695,36.01173020527859,74.61300309597523,67.83216783216784,6.896551724137931,55.31059791068332,24.44250940589347,53.28028740988566,38.86139840788957,27.948303715670438,21.91780821917808,25.23458074224888,19.64809384164223,74.48680351906158,95.60117302052787,21.818181818181817,66.27565982404691,Below Average,Above Average,Elite,Below Average,Average,2025-26
1627751,Jakob Poeltl,Jakob,1610612761,TOR,30.0,46,26,20,0.565,1149.06,112.6,209,0.188,0.283,40,0.187,32,0.356,434.0,317.0,313.0,1198.0,3.75,3.7454229667307932,324,231,251,225,250,273,142,76,91,233,311,123,90,336,309,306,344,208,46,303,221,82,115,2,147,327,9,12,21,0.429,0.571,35,62,94,64,97,0.361,0.639,0.979,0.667,1627751,Jakob Poeltl,0.3396554307116105,0.1300187265917603,2331.8,16.243654822335024,72.37654320987654,45.71428571428572,43.25782348096223,27.82258064516129,25.0,26.129032258064516,30.65015479876161,23.076923076923077,6.896551724137931,22.061122927462204,30.307840557853226,61.20209309193279,45.754966824893,27.78675282714055,41.0958904109589,33.77586473985881,71.5542521994135,53.665689149560116,47.214076246334315,37.81818181818182,79.76539589442815,Above Average,Average,Average,Below Average,Above Average,2025-26
1628973,Jalen Brunson,Jalen,1610612752,NYK,29.0,74,50,24,0.676,2589.806666666667,114.1,216,0.083,0.124,57,0.133,8,0.039,858.0,686.0,737.0,2400.0,7.3,7.296219106649183,70,32,309,101,15,347,131,471,488,130,481,341,507,549,537,546,547,64,74,224,82,142,108,29,30,72,17,23,40,0.425,0.575,0,15,15,6,15,0.0,1.0,1.0,0.4,1628973,Jalen Brunson,0.36157103825136616,0.15970218579234974,5150.6,4.060913705583756,26.003086419753085,39.59183673469389,20.623404912820554,9.13978494623656,47.72727272727273,32.292277614858264,28.482972136222912,34.96503496503497,100.0,48.63095109225141,17.124165254745908,38.855777384025494,27.989971319385702,28.91760904684976,8.904109589041095,19.91153429083586,4.398826979472141,68.91495601173021,93.25513196480938,10.545454545454545,49.56011730205279,Poor,Average,Elite,Poor,Average,2025-26
1631105,Jalen Duren,Jalen,1610612765,DET,22.0,70,50,20,0.714,1975.8533333333332,108.2,472,0.23,0.349,57,0.138,59,0.266,664.0,590.0,522.0,1798.0,8.93,8.933146322754336,105,32,251,75,84,103,11,28,28,130,469,44,158,478,492,448,461,25,70,604,416,188,108,0,186,431,35,23,58,0.603,0.397,74,94,168,131,168,0.44,0.56,1.0,0.78,1631105,Jalen Duren,0.30489565217391307,0.15284347826086958,4029.4,29.949238578680205,49.2283950617284,63.67346938775508,45.1280010500158,54.03225806451613,65.15151515151516,60.70381231671554,28.482972136222912,34.96503496503497,0.0,23.630951092251404,51.21812712041456,44.01915281176586,47.618639966090214,70.27463651050081,63.013698630136986,67.0072144643371,78.59237536656892,97.36070381231671,52.19941348973607,41.090909090909086,98.53372434017595,Above Average,Elite,Average,Average,Elite,2025-26
1630552,Jalen Johnson,Jalen,1610612737,ATL,24.0,72,42,30,0.583,2531.5983333333334,112.3,639,0.241,0.367,89,0.188,31,0.129,893.0,731.0,834.0,2816.0,8.45,8.448466714159743,84,87,395,195,18,261,3,21,19,33,307,127,324,559,556,571,575,33,72,343,202,141,173,2,46,109,19,13,32,0.594,0.406,4,44,48,35,48,0.083,0.917,1.0,0.729,1630552,Jalen Johnson,0.3604904632152589,0.15501362397820165,5325.0,15.736040609137056,9.953703703703704,46.93877551020408,21.512906417502137,25.268817204301076,47.34848484848485,38.51661779081134,48.60681114551084,57.34265734265735,6.896551724137931,41.23679245916889,17.77420201009658,42.385422692780864,30.079812351438722,97.25363489499192,28.767123287671232,66.43470467169762,6.158357771260997,78.88563049853371,88.56304985337243,11.272727272727273,97.94721407624634,Poor,Above Average,Above Average,Poor,Elite,2025-26
1629618,Jalen Pickett,Jalen,1610612743,DEN,26.0,50,34,16,0.68,806.48,112.4,96,0.107,0.169,13,0.118,5,0.068,231.0,257.0,246.0,836.0,2.59,2.593211635276902,297,168,202,97,327,267,319,342,331,405,514,397,460,218,254,254,262,283,35,87,43,44,25,0,17,39,6,3,9,0.667,0.333,2,11,13,9,13,0.154,0.846,1.0,0.692,1629618,Jalen Pickett,,,1593.9,2.5380710659898478,86.3425925925926,46.530612244897924,42.86778889502783,3.8978494623655915,10.606060606060606,7.9227761485826,2.786377708978328,4.195804195804196,0.0,2.5830825521228,,,,9.531502423263328,6.164383561643835,8.016298935534557,70.08797653958945,7.038123167155426,0.8797653958944283,,14.95601173020528,Above Average,Poor,Poor,Poor,Poor,2025-26
1630188,Jalen Smith,Jalen,1610612741,CHI,26.0,53,26,27,0.491,1095.3883333333333,113.0,257,0.218,0.318,24,0.14,42,0.318,403.0,330.0,343.0,1146.0,3.42,3.4173470710797016,276,231,352,330,262,291,87,40,46,322,463,81,112,320,316,320,329,233,53,316,222,94,37,4,68,156,7,11,18,0.389,0.611,27,63,90,66,90,0.3,0.7,1.0,0.733,1630188,Jalen Smith,0.2578511326860842,0.11533009708737864,2278.0,21.31979695431472,74.38271604938271,44.08163265306121,45.58227756227514,27.956989247311824,29.545454545454547,28.910068426197455,6.5015479876160995,11.888111888111888,13.793103448275861,10.209734217954566,79.51849107761448,72.25999405971746,75.88924256866596,35.54119547657512,41.78082191780822,38.349027375130014,79.76539589442815,62.17008797653959,12.903225806451612,91.63636363636364,85.63049853372434,Above Average,Average,Poor,Elite,Above Average,2025-26
1630591,Jalen Suggs,Jalen,1610612753,ORL,25.0,57,34,23,0.596,1573.57,108.4,184,0.112,0.168,105,0.33,40,0.27,563.0,383.0,511.0,1626.0,7.23,7.230814219818803,235,168,289,184,151,112,173,316,336,14,39,89,151,415,351,441,427,68,57,180,99,81,192,6,13,26,24,20,44,0.545,0.455,4,10,14,10,14,0.286,0.714,1.0,0.714,1630591,Jalen Suggs,0.328224358974359,0.15625641025641027,3323.8,20.304568527918782,55.8641975308642,62.857142857142826,43.38858226125569,11.424731182795698,24.62121212121212,19.34261974584555,54.4891640866873,68.53146853146853,20.689655172413794,50.95409341379235,37.184379931770614,41.44982774265613,39.317103837213374,23.747980613893375,5.47945205479452,15.52714276229889,72.14076246334311,39.29618768328446,93.841642228739,23.272727272727273,38.12316715542522,Above Average,Below Average,Elite,Below Average,Below Average,2025-26
1630592,Jalen Wilson,Jalen,1610612751,BKN,25.0,54,10,44,0.185,859.2216666666667,115.4,97,0.122,0.19,22,0.161,2,0.038,319.0,261.0,292.0,910.0,2.11,2.10657133325704,266,411,533,539,314,405,317,271,266,334,401,469,508,273,258,286,280,309,48,100,52,48,49,0,14,35,7,5,12,0.583,0.417,0,16,15,4,16,0.0,1.0,0.938,0.25,1630592,Jalen Wilson,,,1693.1,1.015228426395939,83.48765432098766,34.28571428571425,38.19819895433261,5.10752688172043,12.121212121212121,9.315738025415445,10.21671826625387,10.48951048951049,0.0,7.758015977830219,,,,9.693053311793214,9.58904109589041,9.646247814636954,55.718475073313776,10.263929618768328,8.211143695014663,,21.407624633431084,Average,Poor,Poor,Poor,Below Average,2025-26
1627750,Jamal Murray,Jamal,1610612743,DEN,29.0,75,48,27,0.64,2651.891666666667,117.7,298,0.109,0.163,66,0.183,29,0.139,906.0,761.0,892.0,2834.0,4.72,4.7214729427513635,60,41,352,139,9,473,62,330,351,87,319,136,301,562,565,577,577,154,75,319,163,156,137,4,30,73,16,17,33,0.485,0.515,1,14,15,7,15,0.067,0.933,1.0,0.467,1627750,Jamal Murray,0.35886225895316803,0.18024517906336088,5346.2,14.720812182741117,9.25925925925926,24.897959183673446,15.35355540975555,20.026881720430108,53.03030303030303,39.82893450635386,37.461300309597526,41.25874125874126,13.793103448275861,32.87335542646742,18.75367366195939,23.3905915336407,21.072132597800042,42.16478190630048,8.21917808219178,26.88926018545157,1.1730205278592376,80.35190615835776,77.71260997067448,3.6363636363636362,69.50146627565982,Poor,Above Average,Above Average,Poor,Average,2025-26
1642347,Jamal Shead,Jamal,1610612761,TOR,23.0,82,46,36,0.561,1852.2383333333332,108.3,117,0.064,0.101,76,0.213,15,0.084,658.0,557.0,420.0,1806.0,8.35,8.349765242783054,1,52,472,232,105,108,277,547,544,61,220,251,427,475,469,381,462,35,82,178,66,112,168,6,23,53,11,14,25,0.44,0.56,0,14,14,3,14,0.0,1.0,1.0,0.214,1642347,Jamal Shead,0.29226865671641794,0.13403731343283581,3712.1,7.614213197969544,48.91975308641975,63.26530612244898,35.98392539004698,6.989247311827956,36.36363636363637,24.613880742913004,47.05882352941176,48.25174825174825,20.689655172413794,40.884055092980034,58.814093048506855,58.17681865732337,58.495455852915114,12.924071082390952,8.21917808219178,10.806869232301326,48.09384164222874,49.853372434017594,88.26979472140762,64.0,24.34017595307918,Average,Average,Above Average,Average,Below Average,2025-26
1631123,Jamaree Bouyea,Jamaree,1610612756,PHX,27.0,46,23,23,0.5,644.0583333333333,104.6,64,0.1,0.159,29,0.203,16,0.213,231.0,199.0,139.0,618.0,3.49,3.486201653121826,324,268,289,303,354,51,372,367,365,294,259,243,207,218,229,183,221,229,38,79,45,34,64,0,5,13,6,5,11,0.545,0.455,0,4,4,0,4,0.0,1.0,1.0,0.0,1631123,Jamaree Bouyea,,,1234.1,8.121827411167512,94.75308641975309,78.36734693877551,56.00414794607447,4.166666666666666,6.8181818181818175,5.757575757575756,14.860681114551083,15.384615384615385,0.0,11.328887830435818,,,,4.361873990306947,1.36986301369863,3.0154690508332047,96.48093841642229,4.105571847507331,15.835777126099707,,2.932551319648094,Elite,Poor,Below Average,Poor,Poor,2025-26
201935,James Harden,James,1610612739,CLE,36.0,70,40,30,0.571,2438.495,117.0,296,0.119,0.186,79,0.199,28,0.117,908.0,772.0,799.0,2456.0,4.67,4.667820555331307,105,110,395,210,23,453,64,286,280,58,271,140,353,564,568,564,554,158,70,221,91,130,133,0,6,14,22,25,47,0.468,0.532,0,38,37,22,38,0.0,1.0,0.974,0.579,201935,James Harden,0.34194957983193275,0.16133053221288515,4865.6,14.213197969543149,23.84259259259259,27.755102040816315,20.968962105428744,10.349462365591398,43.18181818181818,30.048875855327466,36.22291021671827,50.349650349650354,0.0,32.11154170906493,28.927759396773293,37.62992486632424,33.278842131548764,41.84168012924071,24.65753424657534,34.108814482041296,4.9853372434017595,65.10263929618768,76.53958944281524,14.909090909090908,80.05865102639295,Poor,Average,Above Average,Poor,Above Average,2025-26
1642364,Jamir Watkins,Jamir,1610612764,WAS,24.0,50,10,40,0.2,1032.1766666666667,115.8,145,0.14,0.233,54,0.244,25,0.24,468.0,392.0,388.0,1196.0,2.41,2.410306163596499,297,411,508,526,272,419,233,195,164,153,143,167,186,361,358,351,343,293,49,190,116,74,126,4,14,36,2,15,17,0.118,0.882,0,11,11,7,11,0.0,1.0,1.0,0.636,1642364,Jamir Watkins,0.3270815047021943,0.11134169278996865,2146.1,12.690355329949238,72.45370370370371,32.6530612244898,38.59820373439844,13.709677419354838,21.96969696969697,18.665689149560116,34.05572755417957,32.86713286713287,13.793103448275861,28.574063387237295,37.87188173228678,75.2625464576175,56.56721409495214,17.447495961227787,6.164383561643835,12.370095381415009,57.77126099706745,36.950146627565985,68.91495601173021,59.27272727272728,29.32551319648094,Average,Below Average,Average,Average,Below Average,2025-26
1642419,Jamison Battle,Jamison,1610612761,TOR,25.0,61,35,26,0.574,516.7783333333333,105.9,69,0.124,0.198,7,0.079,3,0.057,186.0,164.0,132.0,482.0,2.71,2.713108208322718,210,162,338,208,378,63,360,264,251,454,549,442,486,191,206,174,190,276,43,60,44,16,19,1,6,13,4,3,7,0.571,0.429,3,6,9,5,9,0.333,0.667,1.0,0.556,1642419,Jamison Battle,,,1039.8,1.5228426395939088,100.0,73.06122448979589,53.87444317828654,4.032258064516129,0.0,1.6129032258064517,0.9287925696594427,0.0,3.4482758620689653,1.2335859933810185,,,,5.169628432956381,2.73972602739726,4.076172350454778,95.01466275659824,0.5865102639296188,0.2932551319648094,,4.9853372434017595,Elite,Poor,Poor,Poor,Poor,2025-26
1641716,Jarace Walker,Jarace,1610612754,IND,22.0,76,16,60,0.211,1953.3833333333334,117.6,342,0.17,0.263,63,0.212,26,0.138,812.0,634.0,657.0,2350.0,3.59,3.589868395140294,54,348,580,519,88,472,41,116,114,99,222,157,302,541,519,516,540,219,75,217,125,92,144,1,20,47,7,14,21,0.333,0.667,1,29,30,15,30,0.033,0.967,1.0,0.5,1641716,Jarace Walker,0.3179451371571072,0.10922693266832917,4118.1,13.19796954314721,27.9320987654321,25.3061224489796,21.381952997405016,14.919354838709678,28.78787878787879,23.240469208211145,39.628482972136226,39.16083916083916,3.4482758620689653,30.419755860665436,43.36800603300599,76.85458116641956,60.11129359971278,49.27302100161551,18.493150684931507,35.42207935910771,5.865102639296188,46.62756598240469,72.14076246334311,67.27272727272727,81.52492668621701,Poor,Average,Above Average,Average,Above Average,2025-26
1642272,Jared McCain,Jared,1610612760,OKC,22.0,67,46,21,0.687,1159.6666666666667,108.9,114,0.092,0.142,35,0.168,5,0.042,391.0,324.0,338.0,1174.0,5.06,5.059030237057105,147,52,262,89,246,123,285,419,427,259,372,397,502,314,311,318,334,133,61,141,74,67,64,3,16,37,15,10,25,0.6,0.4,0,6,6,4,6,0.0,1.0,1.0,0.667,1642272,Jared McCain,0.273853591160221,0.11651381215469613,2382.7,2.5380710659898478,73.30246913580247,60.81632653061221,41.875174256579854,8.064516129032258,19.318181818181817,14.816715542521994,14.860681114551083,19.58041958041958,10.344827586206897,15.38362619551901,69.89196276021471,71.36886912634183,70.63041594327828,12.439418416801292,2.73972602739726,8.074556841569478,67.74193548387096,21.700879765395893,26.68621700879765,84.72727272727273,15.542521994134898,Average,Below Average,Below Average,Above Average,Below Average,2025-26
1628991,Jaren Jackson Jr.,Jaren,1610612762,UTA,26.0,48,19,29,0.396,1454.6483333333333,110.8,230,0.14,0.213,53,0.222,69,0.413,574.0,494.0,403.0,1330.0,5.45,5.446810683330439,310,316,379,388,176,197,116,193,214,160,193,31,70,424,426,364,368,116,48,436,289,147,107,1,45,111,12,12,24,0.5,0.5,3,35,37,22,38,0.079,0.921,0.974,0.579,1628991,Jaren Jackson Jr.,0.31485303514377,0.14741214057507987,3008.7,35.025380710659896,67.28395061728395,53.06122448979592,50.82484112276232,36.96236559139785,49.621212121212125,44.55767350928642,28.173374613003094,32.16783216783217,3.4482758620689653,23.39016006945974,45.22810819417001,48.107975001347505,46.66804159775876,31.179321486268176,22.602739726027394,27.319859694159824,90.6158357771261,85.33724340175954,51.90615835777126,40.36363636363636,70.67448680351906,Elite,Above Average,Average,Average,Above Average,2025-26
1629020,Jarred Vanderbilt,Jarred,1610612747,LAL,27.0,65,39,26,0.6,1127.7416666666666,113.7,212,0.194,0.298,55,0.274,19,0.204,453.0,315.0,371.0,1208.0,3.32,3.3230338453257833,166,118,338,174,256,327,137,67,68,142,87,217,222,351,308,340,347,240,63,137,95,42,103,0,45,111,13,19,32,0.406,0.594,8,16,24,19,24,0.333,0.667,1.0,0.792,1629020,Jarred Vanderbilt,0.24716897506925206,0.0784819944598338,2274.3,9.644670050761421,71.99074074074075,41.224489795918345,39.36074972854341,10.887096774193548,9.848484848484848,10.263929618768326,26.93498452012384,33.56643356643357,0.0,22.522245556301286,85.94450948944534,100.0,92.97225474472268,28.27140549273021,9.58904109589041,19.8643415141523,60.70381231671554,11.436950146627565,47.80058651026393,99.27272727272727,49.266862170087975,Average,Poor,Average,Elite,Average,2025-26
1628386,Jarrett Allen,Jarrett,1610612739,CLE,28.0,56,37,19,0.661,1519.12,112.9,332,0.202,0.315,55,0.21,47,0.313,640.0,480.0,576.0,1478.0,4.85,4.846360648174851,247,136,236,121,160,283,46,53,49,142,229,70,115,467,417,482,401,145,56,448,355,93,135,2,142,321,22,15,37,0.595,0.405,20,58,78,51,78,0.256,0.744,1.0,0.654,1628386,Jarrett Allen,0.31579750778816196,0.1328348909657321,3142.4,23.85786802030457,61.57407407407407,44.489795918367314,42.216522113639584,45.83333333333333,29.166666666666668,35.83333333333333,36.84210526315789,33.56643356643357,6.896551724137931,28.209231784549388,44.6599459539153,59.08202690419936,51.870986429057325,47.65751211631664,38.35616438356164,43.47190563657689,68.91495601173021,74.19354838709677,68.32844574780059,51.63636363636363,89.14956011730204,Average,Above Average,Average,Average,Above Average,2025-26
1642859,Jase Richardson,Jase,1610612753,ORL,20.0,54,26,28,0.481,586.7483333333333,112.8,42,0.074,0.114,19,0.194,2,0.033,202.0,175.0,188.0,606.0,1.87,1.8747644426589711,266,231,364,336,363,275,417,515,522,358,291,469,514,207,211,220,217,329,36,66,49,17,31,1,2,4,5,6,11,0.455,0.545,0,5,5,3,5,0.0,1.0,1.0,0.6,1642859,Jase Richardson,,,1180.9,1.015228426395939,95.21604938271605,44.89795918367347,44.95619845042736,4.704301075268817,0.3787878787878788,2.108993157380254,4.643962848297214,8.391608391608392,3.4482758620689653,5.656717041899063,,,,0.8077544426494345,2.054794520547945,1.3689224777037643,78.00586510263929,0.8797653958944283,4.398826979472141,,0.5865102639296188,Above Average,Poor,Poor,Poor,Poor,2025-26
1642914,Javon Small,Javon,1610612763,MEM,23.0,41,13,28,0.317,829.9083333333333,117.4,92,0.109,0.19,34,0.194,9,0.099,331.0,350.0,273.0,980.0,1.59,1.5942970997426484,356,384,364,437,321,466,326,332,267,265,290,315,399,282,329,271,290,357,38,108,39,69,75,0,3,6,7,7,14,0.5,0.5,1,4,5,2,5,0.2,0.8,1.0,0.4,1642914,Javon Small,,,1716.1,4.568527918781726,80.78703703703704,26.122448979591802,36.6334863753736,3.3602150537634405,20.075757575757574,13.389540566959921,18.26625386996904,18.88111888111888,0.0,13.914893156379225,,,,8.88529886914378,1.36986301369863,5.503352734193463,50.146627565982406,18.181818181818183,21.114369501466275,,7.624633431085044,Average,Below Average,Below Average,Poor,Poor,2025-26
1629750,Javonte Green,Javonte,1610612765,DET,32.0,82,60,22,0.732,1445.9616666666666,105.4,168,0.112,0.184,102,0.272,25,0.129,576.0,478.0,404.0,1364.0,7.85,7.847583866664665,1,4,279,65,178,58,193,321,289,20,92,167,323,426,414,365,376,46,79,142,71,71,207,0,16,35,17,31,48,0.354,0.646,4,24,28,16,28,0.143,0.857,1.0,0.571,1629750,Javonte Green,0.2775876288659794,0.1318737113402062,2969.0,12.690355329949238,65.97222222222221,75.1020408163265,46.94193011383909,7.661290322580645,20.833333333333336,15.56451612903226,59.133126934984524,66.43356643356644,0.0,46.904999025742065,67.64569417774553,59.80562260168407,63.725658389714795,21.163166397415186,15.068493150684931,18.420563436386573,83.87096774193549,24.34017595307918,92.37536656891496,72.72727272727273,45.45454545454545,Above Average,Below Average,Elite,Above Average,Average,2025-26
1629637,Jaxson Hayes,Jaxson,1610612747,LAL,26.0,66,43,23,0.652,1206.5783333333334,113.1,172,0.139,0.212,29,0.141,52,0.481,454.0,362.0,375.0,1250.0,3.77,3.7663298721529412,157,75,289,128,230,296,192,200,216,294,462,56,49,352,341,341,355,205,66,376,247,129,73,1,143,331,6,10,16,0.375,0.625,12,36,47,29,48,0.25,0.75,0.979,0.604,1629637,Jaxson Hayes,0.2973676470588235,0.12087941176470589,2439.1,26.39593908629442,70.37037037037037,43.67346938775511,46.10637261108617,31.317204301075268,42.803030303030305,38.20869990224829,17.647058823529413,15.384615384615385,3.4482758620689653,13.305507879544392,55.74671593263136,68.0823563759122,61.91453615427178,21.809369951534734,23.28767123287671,22.474605528138625,81.23167155425219,78.59237536656892,19.35483870967742,70.54545454545455,58.65102639296188,Above Average,Above Average,Below Average,Above Average,Average,2025-26
1630643,Jay Huff,Jay,1610612754,IND,28.0,82,19,63,0.232,1719.2433333333333,113.7,251,0.135,0.209,41,0.158,153,0.657,627.0,554.0,519.0,1932.0,5.07,5.072375163412884,1,316,581,506,129,329,94,220,225,227,408,2,6,460,467,446,481,132,81,702,535,167,70,1,145,325,12,8,20,0.6,0.4,15,95,107,50,110,0.136,0.864,0.982,0.459,1630643,Jay Huff,0.3277642487046632,0.1099896373056995,3579.4,77.66497461928934,44.058641975308646,41.224489795918345,56.79263698805335,70.02688172043011,57.1969696969697,62.32893450635387,16.718266253869967,23.776223776223777,3.4482758620689653,15.87105378874355,37.461166436013784,76.28040150281001,56.870783969411896,34.5718901453958,63.6986301369863,47.67892314161153,96.7741935483871,97.65395894428153,27.56598240469208,60.0,91.78885630498533,Elite,Elite,Below Average,Average,Elite,2025-26
1627759,Jaylen Brown,Jaylen,1610612738,BOS,29.0,71,47,24,0.662,2442.838333333333,113.0,411,0.155,0.232,72,0.198,27,0.103,769.0,759.0,710.0,2088.0,7.75,7.74828327968592,98,44,309,118,22,292,22,149,166,72,273,148,382,522,564,536,508,47,71,330,127,203,128,1,25,62,35,23,58,0.603,0.397,1,50,51,31,51,0.02,0.98,1.0,0.608,1627759,Jaylen Brown,0.3095857519788918,0.17116886543535623,4835.5,13.705583756345177,38.04012345679013,44.08163265306121,29.81668487567992,15.188172043010754,70.83333333333334,48.57526881720431,34.6749226006192,45.45454545454545,3.4482758620689653,30.64112891485583,48.3967244804996,30.22342622533815,39.31007535291887,60.42003231017771,32.87671232876712,48.02553831854295,25.219941348973606,88.85630498533725,73.60703812316716,22.90909090909091,92.08211143695014,Below Average,Above Average,Above Average,Below Average,Elite,2025-26
1641740,Jaylen Clark,Jaylen,1610612750,MIN,24.0,68,40,28,0.588,887.7033333333334,108.9,66,0.069,0.113,47,0.267,9,0.089,277.0,305.0,245.0,904.0,3.87,3.8652825414753607,135,110,364,191,306,125,370,534,524,191,101,315,416,246,300,252,279,196,64,151,97,54,89,0,13,32,9,7,16,0.563,0.438,5,6,11,8,11,0.455,0.545,1.0,0.727,1641740,Jaylen Clark,,,1818.0,4.568527918781726,83.71913580246914,60.81632653061221,46.33319033102994,11.155913978494624,14.393939393939394,13.098729227761487,22.60061919504644,27.972027972027973,0.0,18.830457468228367,,,,4.68497576736672,2.73972602739726,3.8096133843804636,82.11143695014663,16.568914956011728,36.65689149560117,,4.398826979472141,Above Average,Below Average,Below Average,Poor,Poor,2025-26
1642377,Jaylen Wells,Jaylen,1610612763,MEM,22.0,69,24,45,0.348,1820.6416666666667,117.8,159,0.086,0.133,61,0.204,9,0.054,734.0,633.0,587.0,2008.0,3.19,3.192337946082056,118,252,541,412,110,477,208,448,462,108,254,315,489,509,518,488,498,247,69,242,130,112,113,0,18,40,13,21,34,0.382,0.618,4,14,17,7,18,0.222,0.778,0.944,0.389,1642377,Jaylen Wells,0.2880644257703081,0.12198319327731093,3750.5,4.568527918781726,41.126543209876544,24.489795918367346,22.344150270561318,15.591397849462366,36.36363636363637,28.054740957966768,30.030959752321984,37.76223776223776,0.0,25.22916711771201,61.34321370337534,67.25140705876746,64.2973103810714,19.7092084006462,8.21917808219178,14.538694757341712,6.744868035190615,60.117302052785924,58.06451612903226,74.18181818181819,34.60410557184751,Poor,Average,Average,Above Average,Below Average,2025-26
1631119,Jaylin Williams,Jaylin,1610612760,OKC,24.0,65,54,11,0.831,1277.375,103.1,326,0.225,0.348,31,0.127,42,0.302,385.0,376.0,324.0,1124.0,7.7,7.699493803792729,166,13,144,13,220,37,48,31,30,279,494,81,121,311,345,309,322,49,65,473,313,160,61,17,95,214,7,9,16,0.438,0.563,3,75,74,51,78,0.038,0.962,0.949,0.654,1631119,Jaylin Williams,0.27631388888888886,0.1126,2615.2,21.31979695431472,75.23148148148148,84.48979591836736,55.981386279836244,40.18817204301075,54.54545454545454,48.80254154447702,13.93188854489164,16.783216783216783,58.620689655172406,26.102053705875633,68.41193231410958,74.31526703230247,71.36359967320602,46.68820678513732,50.0,48.178513731825525,96.18768328445748,89.44281524926686,60.70381231671554,86.9090909090909,92.37536656891496,Elite,Above Average,Average,Above Average,Elite,2025-26
1642281,Jaylon Tyson,Jaylon,1610612739,CLE,23.0,66,41,25,0.621,1777.4833333333333,113.4,220,0.118,0.187,54,0.166,28,0.13,671.0,546.0,589.0,1716.0,5.39,5.385386872152707,157,97,326,158,118,306,127,290,278,153,384,140,321,480,462,489,445,120,66,303,171,132,115,0,35,80,16,17,33,0.485,0.515,26,22,46,33,48,0.542,0.458,0.979,0.702,1642281,Jaylon Tyson,0.33112602739726027,0.14384109589041097,3653.2,14.213197969543149,52.39197530864198,42.4489795918367,34.63471544380113,21.102150537634408,43.93939393939394,34.80449657869013,30.65015479876161,32.86713286713287,0.0,23.763558423001147,35.43883606512603,50.79633053940659,43.11758330226631,29.563812600969307,13.698630136986301,22.424480492176954,40.469208211143695,72.14076246334311,52.93255131964809,31.636363636363633,58.35777126099707,Average,Above Average,Average,Below Average,Average,2025-26
203924,Jerami Grant,Jerami,1610612757,POR,32.0,57,27,30,0.474,1695.1016666666667,115.2,143,0.082,0.131,42,0.148,36,0.175,760.0,529.0,589.0,1842.0,4.31,4.310350744844896,235,225,395,342,135,394,237,476,472,219,441,104,248,516,445,489,466,177,57,179,101,78,75,2,16,39,18,13,31,0.581,0.419,1,27,28,11,28,0.036,0.964,1.0,0.393,203924,Jerami Grant,0.2792169014084507,0.1087380281690141,3544.0,18.274111675126903,47.53086419753087,35.10204081632651,32.720957343268196,11.693548387096774,23.484848484848484,18.768328445747798,18.26625386996904,24.475524475524477,6.896551724137931,17.597073045455666,66.66557988516911,77.22263848140037,71.94410918328474,17.12439418416801,17.123287671232877,17.1238962533472,34.01759530791789,38.12316715542522,32.84457478005865,87.63636363636364,41.64222873900293,Below Average,Below Average,Below Average,Above Average,Average,2025-26
1642847,Jeremiah Fears,Jeremiah,1610612740,NOP,19.0,82,26,56,0.317,2111.903333333333,118.2,240,0.109,0.175,97,0.245,30,0.145,820.0,730.0,748.0,2394.0,3.52,3.51601290214309,1,231,574,437,64,484,103,329,320,25,141,133,293,543,554,548,546,227,82,266,127,139,211,1,6,13,12,20,32,0.375,0.625,5,16,21,8,21,0.238,0.762,1.0,0.381,1642847,Jeremiah Fears,0.3696410891089109,0.16954950495049506,4390.2,15.228426395939088,26.234567901234566,22.857142857142833,20.987755038093443,15.188172043010754,46.590909090909086,34.02981427174975,60.371517027863774,62.93706293706294,3.4482758620689653,47.03864780463478,12.269500377560446,31.44251394672134,21.856007162140894,32.794830371567045,9.58904109589041,22.35222519751256,5.278592375366569,70.96774193548387,92.66862170087975,4.0,58.06451612903226,Poor,Above Average,Elite,Poor,Average,2025-26
1630579,Jericho Sims,Jericho,1610612749,MIL,27.0,67,25,42,0.373,1317.835,120.3,223,0.171,0.263,19,0.107,17,0.205,577.0,380.0,438.0,1202.0,1.36,1.3609444672808693,147,243,523,399,211,517,125,111,117,358,529,233,220,427,350,395,346,375,61,252,166,86,39,0,134,309,9,11,20,0.45,0.55,51,45,95,70,96,0.531,0.469,0.99,0.729,1630579,Jericho Sims,0.2665845697329377,0.10810682492581603,2610.3,8.629441624365482,72.22222222222221,14.285714285714285,32.30098299895254,20.43010752688172,26.515151515151516,24.081133919843595,7.120743034055728,8.391608391608392,0.0,5.785360150685229,74.264755898383,77.69782120363776,75.98128855101038,30.048465266558967,29.45205479452055,29.780080554141684,32.84457478005865,48.38709677419355,4.9853372434017595,92.0,74.7800586510264,Below Average,Average,Poor,Elite,Above Average,2025-26
1641724,Jett Howard,Jett,1610612753,ORL,22.0,55,28,27,0.509,695.32,118.1,64,0.096,0.152,10,0.089,11,0.186,252.0,202.0,267.0,794.0,1.15,1.1510670001342895,258,216,352,298,345,482,372,393,389,428,539,284,236,229,233,267,250,400,49,101,70,31,31,0,4,8,7,5,12,0.583,0.417,1,9,10,6,10,0.1,0.9,1.0,0.6,1641724,Jett Howard,,,1405.9,5.583756345177665,87.96296296296296,23.26530612244899,38.83686610572035,7.526881720430108,5.681818181818182,6.419843597262952,4.643962848297214,2.097902097902098,0.0,2.5918508735846197,,,,4.361873990306947,4.794520547945205,4.556564941244163,59.530791788856305,5.278592375366569,1.3196480938416422,,5.571847507331378,Average,Poor,Poor,Poor,Poor,2025-26
1628975,Jevon Carter,Jevon,1610612753,ORL,30.0,53,26,27,0.491,867.4416666666667,115.6,75,0.085,0.133,40,0.284,10,0.156,311.0,260.0,282.0,914.0,2.06,2.0629127616717158,276,231,352,330,311,415,350,458,459,233,80,300,274,264,257,277,282,316,47,101,39,62,82,0,4,9,6,7,13,0.462,0.538,0,11,11,3,11,0.0,1.0,1.0,0.273,1628975,Jevon Carter,,,1763.2,5.0761421319796955,83.33333333333334,33.469387755102055,39.56447045823406,3.3602150537634405,17.424242424242426,11.798631476050831,20.43343653250774,23.076923076923077,0.0,16.25029768992617,,,,6.138933764135703,6.164383561643835,6.150386173014363,60.997067448680355,14.369501466275661,29.03225806451613,,10.850439882697946,Average,Poor,Below Average,Poor,Poor,2025-26
1629111,Jock Landale,Jock,1610612737,ATL,30.0,68,36,32,0.529,1506.0766666666666,116.8,204,0.136,0.212,35,0.14,36,0.267,584.0,504.0,473.0,1646.0,3.04,3.0427356348481958,135,151,424,276,163,447,147,214,215,259,464,104,156,430,429,420,435,252,68,351,284,67,68,1,143,339,14,8,22,0.636,0.364,64,85,149,100,149,0.43,0.57,1.0,0.671,1629111,Jock Landale,0.31745706371191135,0.1305180055401662,3052.6,18.274111675126903,55.092592592592595,28.57142857142857,33.734909220315316,36.29032258064516,19.318181818181817,26.107038123167154,16.09907120743034,19.58041958041958,3.4482758620689653,14.154844301636231,43.661614221319205,60.826225679310994,52.2439199503151,26.978998384491113,56.849315068493155,40.420640892292035,38.41642228739003,53.0791788856305,21.994134897360702,52.36363636363637,86.51026392961877,Below Average,Average,Below Average,Average,Above Average,2025-26
1628381,John Collins,John,1610612746,LAC,28.0,69,32,37,0.464,1871.4783333333332,115.1,257,0.135,0.207,60,0.182,51,0.282,766.0,585.0,582.0,1868.0,4.74,4.740787655680374,118,182,482,349,101,391,87,221,229,112,320,58,143,519,488,483,468,151,69,380,195,185,116,1,43,104,16,15,31,0.516,0.484,15,22,37,24,37,0.405,0.595,1.0,0.649,1628381,John Collins,0.33712931034482757,0.1597183908045977,3726.9,25.888324873096447,46.52777777777778,35.510204081632665,35.51760319186897,24.327956989247312,64.01515151515152,48.140273704789834,30.959752321981426,37.06293706293706,3.4482758620689653,26.217997866337782,31.827467637860856,38.84357791908791,35.335522778474385,35.54119547657512,13.698630136986301,25.71204107376015,46.04105571847507,87.09677419354838,61.29032258064516,18.545454545454547,66.86217008797654,Average,Above Average,Average,Below Average,Average,2025-26
1629723,John Konchar,John,1610612762,UTA,30.0,56,18,38,0.321,1114.6766666666667,112.0,166,0.14,0.214,83,0.353,38,0.306,435.0,385.0,412.0,1250.0,3.86,3.8644415803560483,247,325,491,433,260,246,194,196,210,48,27,97,117,340,352,371,355,197,53,174,96,78,149,1,32,70,14,20,34,0.412,0.588,2,13,15,7,15,0.133,0.867,1.0,0.467,1629723,John Konchar,0.29823899371069185,0.08238993710691823,2341.9,19.289340101522843,70.37037037037037,48.16326530612244,44.38618199676937,11.021505376344086,23.484848484848484,18.499511241446726,41.17647058823529,53.14685314685315,3.4482758620689653,35.934055802209954,55.222543772957344,97.05802077951853,76.14028227623794,20.84006462035541,7.534246575342466,14.852446500099585,76.83284457478005,36.36363636363637,82.40469208211144,92.36363636363636,36.65689149560117,Above Average,Below Average,Above Average,Elite,Below Average,2025-26
202685,Jonas Valanciunas,Jonas,1610612743,DEN,34.0,65,42,23,0.646,871.065,116.6,224,0.246,0.358,14,0.136,37,0.544,350.0,240.0,301.0,790.0,1.78,1.77525100040309,166,87,289,134,310,440,123,17,23,399,474,102,26,292,249,296,249,338,63,261,213,48,18,0,97,225,7,6,13,0.538,0.462,41,50,89,71,91,0.451,0.549,0.978,0.78,202685,Jonas Valanciunas,,,1724.6,18.781725888324875,88.11728395061729,29.38775510204083,45.70067851355621,26.747311827956988,12.121212121212121,17.97165200391007,0.6191950464396285,4.895104895104895,0.0,1.9609647318625645,,,,30.210016155088855,32.87671232876712,31.410029433244077,80.64516129032258,34.89736070381232,0.5865102639296188,,77.41935483870968,Above Average,Below Average,Poor,Poor,Above Average,2025-26
1628371,Jonathan Isaac,Jonathan,1610612753,ORL,28.0,52,29,23,0.558,520.8933333333333,106.1,89,0.165,0.258,20,0.187,31,0.449,192.0,150.0,172.0,548.0,2.72,2.7231172501274736,286,203,289,239,377,66,328,126,126,348,311,127,62,196,196,208,207,275,49,134,98,36,62,0,26,62,1,3,4,0.25,0.75,10,11,21,10,21,0.476,0.524,1.0,0.476,1628371,Jonathan Isaac,,,1067.9,15.736040609137056,97.45370370370371,72.24489795918369,58.464437029747046,11.29032258064516,7.575757575757576,9.06158357771261,14.241486068111456,9.090909090909092,0.0,8.878412609062766,,,,8.40064620355412,6.164383561643835,7.3943280146944925,97.94721407624634,9.970674486803519,9.970674486803519,,13.78299120234604,Elite,Poor,Poor,Poor,Poor,2025-26
203903,Jordan Clarkson,Jordan,1610612752,NYK,34.0,72,45,27,0.625,1279.4616666666666,111.7,65,0.049,0.075,30,0.136,9,0.078,461.0,361.0,367.0,1146.0,4.5,4.4985076227306875,84,60,352,153,219,238,371,562,564,286,471,315,441,354,337,338,329,168,69,142,79,63,76,0,5,12,16,6,22,0.727,0.273,2,27,29,10,29,0.069,0.931,1.0,0.345,203903,Jordan Clarkson,0.2828555858310627,0.13600817438692098,2544.7,4.568527918781726,74.38271604938271,49.38775510204079,40.20830056030683,8.736559139784946,17.803030303030305,14.17644183773216,18.575851393188856,16.083916083916083,0.0,13.059711186646172,64.47667255640035,56.69311418747842,60.58489337193939,4.523424878836833,17.123287671232877,10.193363135415053,63.049853372434015,19.941348973607038,18.475073313782993,68.72727272727272,22.58064516129032,Average,Below Average,Below Average,Average,Below Average,2025-26
1630692,Jordan Goodwin,Jordan,1610612756,PHX,27.0,70,39,31,0.557,1571.7766666666666,110.1,203,0.134,0.211,106,0.325,14,0.103,539.0,460.0,431.0,1492.0,6.28,6.280684625228815,105,118,412,240,152,164,148,225,220,13,43,261,384,401,402,392,407,86,70,154,85,69,260,1,20,47,25,19,44,0.568,0.432,9,24,33,18,33,0.273,0.727,1.0,0.545,1630692,Jordan Goodwin,0.3107116402116402,0.14140211640211642,3113.3,7.1065989847715745,61.03395061728395,55.918367346938794,38.18411414669271,9.543010752688172,20.075757575757574,15.862658846529815,75.54179566563467,69.23076923076923,3.4482758620689653,55.30955646254033,47.71942886543542,52.63244422421115,50.17593654482329,26.81744749596123,15.068493150684931,21.530418040586895,55.42521994134897,25.513196480938415,95.30791788856305,47.63636363636364,56.01173020527859,Average,Below Average,Elite,Average,Average,2025-26
1641722,Jordan Hawkins,Jordan,1610612740,NOP,24.0,51,13,38,0.255,691.975,116.8,68,0.089,0.146,13,0.121,10,0.127,280.0,287.0,220.0,796.0,1.44,1.4420937898744146,291,384,491,483,346,446,362,433,412,405,508,300,328,248,286,241,251,370,40,96,58,38,22,1,4,8,4,6,10,0.4,0.6,0,4,4,2,4,0.0,1.0,1.0,0.5,1641722,Jordan Hawkins,,,1434.9,5.0761421319796955,87.8858024691358,28.57142857142857,39.93334485984654,5.913978494623656,8.333333333333332,7.365591397849462,1.8575851393188854,4.195804195804196,3.4482758620689653,3.073634489776264,,,,5.008077544426494,1.36986301369863,3.3708810055989558,61.58357771260997,6.158357771260997,2.0527859237536656,,3.519061583577713,Average,Poor,Poor,Poor,Poor,2025-26
1641757,Jordan Miller,Jordan,1610612746,LAC,26.0,60,36,24,0.6,1324.78,114.7,132,0.097,0.162,45,0.177,11,0.077,523.0,408.0,395.0,1438.0,3.53,3.527937870229905,214,151,309,174,209,371,252,384,354,200,338,284,442,389,372,357,392,225,58,211,95,116,83,1,10,22,8,10,18,0.444,0.556,3,9,12,6,12,0.25,0.75,1.0,0.5,1641757,Jordan Miller,0.32520056497175137,0.1279689265536723,2648.5,5.583756345177665,63.117283950617285,37.142857142857125,33.61026620650139,10.887096774193548,37.878787878787875,27.082111436950143,20.743034055727556,26.573426573426573,3.4482758620689653,18.459981888507567,39.00339034439759,62.74522452010155,50.874307432249566,15.347334410339256,4.794520547945205,10.598568172261935,37.82991202346041,56.01173020527859,35.483870967741936,49.81818181818182,24.04692082111437,Below Average,Average,Below Average,Average,Below Average,2025-26
1641775,Jordan Walsh,Jordan,1610612738,BOS,22.0,68,46,22,0.676,1211.97,112.8,187,0.146,0.228,49,0.285,31,0.235,409.0,376.0,365.0,1008.0,3.85,3.8538831858054525,135,52,279,100,229,281,166,178,180,182,77,127,191,325,345,335,295,199,65,191,109,82,117,0,30,77,8,8,16,0.5,0.5,10,20,29,18,30,0.333,0.667,0.967,0.6,1641775,Jordan Walsh,0.2532443820224719,0.12079494382022472,2359.0,15.736040609137056,79.7067901234568,44.89795918367347,45.41628258278306,12.768817204301076,25.0,20.107526881720432,31.269349845201237,29.37062937062937,0.0,22.787460217800774,82.28975374241924,68.14594557358012,75.21784965799968,24.232633279483036,12.32876712328767,18.875893509195123,79.47214076246334,40.469208211143695,49.266862170087975,91.27272727272727,46.62756598240469,Above Average,Average,Average,Elite,Average,2025-26
1630631,Jose Alvarado,Jose,1610612752,NYK,28.0,69,28,41,0.406,1370.2366666666667,110.7,145,0.1,0.16,66,0.26,8,0.063,496.0,448.0,397.0,1346.0,5.25,5.247046070343938,118,216,515,382,199,195,233,372,359,87,110,341,472,376,397,359,373,126,66,80,28,52,151,1,6,13,10,16,26,0.385,0.615,0,12,11,2,12,0.0,1.0,0.917,0.167,1630631,Jose Alvarado,0.2772238372093023,0.12795058139534884,2738.6,4.060913705583756,66.66666666666666,53.46938775510202,38.32504575434234,1.881720430107527,13.636363636363635,8.93450635386119,41.795665634674926,41.25874125874126,3.4482758620689653,32.02089465994665,67.86453871905744,62.75903513081364,65.31178692493555,17.447495961227787,6.8493150684931505,12.6783145594972,56.598240469208214,9.3841642228739,76.24633431085044,78.18181818181819,30.205278592375368,Average,Poor,Above Average,Above Average,Below Average,2025-26
1630581,Josh Giddey,Josh,1610612741,CHI,23.0,54,21,33,0.389,1731.3566666666666,117.1,381,0.201,0.295,55,0.217,27,0.161,657.0,593.0,557.0,1894.0,3.43,3.43124473538985,266,292,435,394,127,455,31,55,73,142,209,148,268,474,495,468,472,231,54,270,110,160,101,2,7,15,23,16,39,0.59,0.41,0,16,16,12,16,0.0,1.0,1.0,0.75,1630581,Josh Giddey,0.35737345679012344,0.1713179012345679,3662.3,13.705583756345177,45.5246913580247,27.346938775510214,28.252610171724267,12.903225806451612,54.54545454545454,37.88856304985337,26.31578947368421,33.56643356643357,6.896551724137931,23.998705468759916,19.649285808350403,30.111229024922302,24.880257416636354,55.5735056542811,9.58904109589041,34.88049660300529,20.821114369501466,78.00586510263929,54.54545454545454,8.0,81.23167155425219,Below Average,Above Average,Average,Poor,Above Average,2025-26
1630182,Josh Green,Josh,1610612766,CHA,25.0,58,37,21,0.638,907.9283333333333,106.0,57,0.06,0.092,35,0.226,6,0.062,331.0,245.0,245.0,868.0,4.69,4.685387441508972,230,136,262,142,300,65,388,551,552,259,177,375,477,282,250,252,271,157,53,106,58,48,70,1,16,37,15,8,23,0.652,0.348,0,12,12,3,12,0.0,1.0,1.0,0.25,1630182,Josh Green,,,1788.9,3.0456852791878175,85.10802469135803,72.65306122448978,49.16934805977287,5.913978494623656,12.121212121212121,9.638318670576735,16.718266253869967,19.58041958041958,3.4482758620689653,14.402522320212082,,,,3.231017770597738,6.8493150684931505,4.859251554650674,87.97653958944281,10.557184750733137,22.58064516129032,,6.158357771260997,Above Average,Poor,Below Average,Poor,Poor,2025-26
1628404,Josh Hart,Josh,1610612752,NYK,31.0,66,44,22,0.667,1993.575,112.5,393,0.2,0.295,75,0.218,17,0.116,689.0,517.0,571.0,1838.0,6.57,6.572886927635617,157,67,279,106,80,270,27,58,72,67,207,233,358,487,438,477,465,82,66,349,150,199,194,3,57,135,24,32,56,0.429,0.571,6,24,30,22,30,0.2,0.8,1.0,0.733,1628404,Josh Hart,0.35329714285714287,0.16875142857142858,3976.5,8.629441624365482,47.68518518518518,46.12244897959182,31.672203709458962,18.27956989247312,69.31818181818183,48.90273704789834,55.10835913312694,47.55244755244755,10.344827586206897,41.27290719315914,22.101455990192758,32.04332218154085,27.072389085866803,57.51211631663974,15.068493150684931,38.41248589196008,29.91202346041056,89.73607038123167,89.14956011730204,9.090909090909092,85.92375366568915,Below Average,Above Average,Above Average,Poor,Above Average,2025-26
1631169,Josh Minott,Josh,1610612751,BKN,23.0,49,23,26,0.469,833.7316666666667,111.7,110,0.128,0.204,44,0.284,24,0.242,273.0,259.0,247.0,784.0,2.95,2.9484408153240795,305,268,338,346,319,240,292,244,233,208,79,173,184,241,255,255,244,259,48,161,93,68,109,0,19,48,14,9,23,0.609,0.391,1,11,12,6,13,0.077,0.846,1.0,0.5,1631169,Josh Minott,,,1652.1,12.18274111675127,88.34876543209876,49.38775510204079,48.14210312344527,10.618279569892474,19.696969696969695,16.065493646138805,28.792569659442723,25.874125874125873,0.0,20.572971919721144,,,,11.793214862681744,6.164383561643835,9.260240777214685,86.51026392961877,26.97947214076246,40.76246334310851,,20.234604105571847,Above Average,Below Average,Average,Poor,Below Average,2025-26
1629006,Josh Okogie,Josh,1610612745,HOU,27.0,78,49,29,0.628,1353.8116666666667,109.9,119,0.085,0.135,63,0.242,16,0.093,519.0,484.0,397.0,1378.0,5.56,5.560650516370544,28,37,379,151,202,150,274,455,452,99,145,243,407,387,419,359,380,110,74,152,88,64,130,2,15,32,26,22,48,0.542,0.458,5,7,12,5,12,0.417,0.583,1.0,0.417,1629006,Josh Okogie,0.24435416666666665,0.1125,2686.1,8.121827411167512,65.4320987654321,56.73469387755099,40.333639001755984,9.946236559139784,18.181818181818183,14.887585532746824,35.294117647058826,39.16083916083916,6.896551724137931,29.54807869615172,87.6378013570254,74.39054907930682,81.01417521816612,13.247172859450727,3.4246575342465753,8.827040963108859,63.929618768328446,21.994134897360702,70.38123167155426,94.54545454545455,18.181818181818183,Average,Below Average,Above Average,Elite,Below Average,2025-26
201950,Jrue Holiday,Jrue,1610612757,POR,36.0,53,28,25,0.528,1560.4016666666666,108.6,174,0.108,0.165,54,0.189,6,0.036,650.0,466.0,510.0,1570.0,6.95,6.953033451595193,276,216,326,279,153,117,191,338,348,153,300,375,512,470,410,440,417,74,52,129,51,78,115,0,10,24,17,13,30,0.567,0.433,1,14,15,7,15,0.067,0.933,1.0,0.467,201950,Jrue Holiday,0.3066285714285714,0.15963809523809525,3233.4,3.0456852791878175,58.0246913580247,62.040816326530624,37.037120168616426,4.973118279569892,23.484848484848484,16.080156402737046,30.65015479876161,32.86713286713287,0.0,23.763558423001147,50.17566253263279,38.90402606520472,44.53984429891875,22.132471728594506,8.21917808219178,15.871489587713281,51.02639296187683,27.56598240469208,52.93255131964809,34.54545454545455,39.002932551319645,Average,Below Average,Average,Below Average,Below Average,2025-26
1630577,Julian Champagnie,Julian,1610612759,SAS,25.0,82,62,20,0.756,2265.963333333333,108.0,399,0.161,0.233,62,0.175,38,0.146,700.0,625.0,601.0,2166.0,10.44,10.435268438959701,1,1,251,43,42,102,26,133,162,103,349,97,291,492,515,498,522,9,82,324,203,121,124,0,66,141,12,31,43,0.279,0.721,6,41,47,33,47,0.128,0.872,1.0,0.702,1630577,Julian Champagnie,0.323,0.14802255639097744,4661.4,19.289340101522843,35.03086419753087,64.48979591836734,36.09898748933678,25.403225806451612,39.77272727272727,34.02492668621701,33.43653250773993,38.46153846153847,0.0,26.836151464634437,40.327174502255566,47.64844147990146,43.98780799107851,58.48142164781906,26.71232876712329,44.18532985150596,48.68035190615836,70.67448680351906,64.22287390029325,33.09090909090909,89.73607038123167,Average,Above Average,Average,Below Average,Above Average,2025-26
1631124,Julian Strawther,Julian,1610612743,DEN,24.0,57,38,19,0.667,860.6733333333333,113.5,102,0.112,0.165,25,0.191,6,0.103,341.0,221.0,290.0,862.0,2.62,2.621428630523594,235,128,236,106,313,313,307,318,349,314,298,375,382,287,242,284,268,281,47,82,46,36,55,1,9,23,6,7,13,0.462,0.538,0,3,3,1,3,0.0,1.0,1.0,0.333,1631124,Julian Strawther,,,1769.6,3.0456852791878175,85.3395061728395,42.0408163265306,41.5973053538016,4.301075268817205,7.575757575757576,6.265884652981428,12.074303405572756,12.587412587412588,3.4482758620689653,10.09738473334075,,,,10.500807754442649,0.684931506849315,6.0836634430256495,66.86217008797654,4.9853372434017595,12.316715542521994,,10.263929618768328,Average,Poor,Poor,Poor,Poor,2025-26
203944,Julius Randle,Julius,1610612750,MIN,31.0,79,47,32,0.595,2610.2966666666666,113.1,400,0.146,0.226,86,0.188,18,0.061,976.0,847.0,799.0,2826.0,8.12,8.115612196869355,25,44,424,187,12,295,25,176,185,40,306,224,478,577,576,564,576,40,79,370,223,147,168,0,58,144,32,23,55,0.582,0.418,27,55,81,65,82,0.329,0.671,0.988,0.793,203944,Julius Randle,0.32035078534031414,0.151,5361.0,9.137055837563452,9.5679012345679,43.67346938775511,17.921955114062925,28.091397849462364,49.621212121212125,41.00928641251222,47.05882352941176,55.24475524475524,0.0,38.15919374742904,41.9208508727679,45.40696098262883,43.663905927698366,58.64297253634895,36.3013698630137,48.58925133334809,2.0527859237536656,81.52492668621701,84.75073313782991,32.36363636363636,92.96187683284457,Poor,Above Average,Above Average,Below Average,Elite,2025-26
1630551,Justin Champagnie,Justin,1610612764,WAS,25.0,69,13,56,0.188,1377.4533333333334,119.4,239,0.171,0.275,59,0.257,43,0.309,590.0,488.0,515.0,1618.0,1.8,1.8002065580514877,118,384,574,537,194,506,106,109,98,120,118,78,116,435,424,444,423,335,66,233,139,94,128,0,12,28,21,10,31,0.677,0.323,2,15,16,14,17,0.118,0.882,0.941,0.824,1630551,Justin Champagnie,0.3226106442577031,0.12278151260504201,2876.7,21.82741116751269,56.17283950617284,17.959183673469354,32.88125421253291,16.801075268817204,29.545454545454547,24.447702834799607,34.6749226006192,36.36363636363637,0.0,26.59724176752041,40.56139751772668,66.65041592722007,53.60590672247338,32.63327948303716,8.904109589041095,21.95515303073893,35.19061583577713,49.266862170087975,62.4633431085044,55.63636363636364,56.30498533724341,Below Average,Average,Average,Average,Average,2025-26
1642348,Justin Edwards,Justin,1610612755,PHI,22.0,64,37,27,0.578,977.0183333333333,115.0,68,0.07,0.109,54,0.286,11,0.089,384.0,272.0,349.0,1066.0,2.56,2.561509563714468,180,136,352,203,283,389,362,530,534,153,73,284,415,309,272,326,312,285,56,85,40,45,99,1,19,44,3,12,15,0.2,0.8,2,10,12,8,12,0.167,0.833,1.0,0.667,1642348,Justin Edwards,0.2717122507122507,0.11875498575498575,2031.1,5.583756345177665,77.46913580246914,35.918367346938766,38.32729190566995,3.494623655913978,10.984848484848484,7.988758553274682,25.696594427244584,32.86713286713287,3.4482758620689653,22.64420323991158,71.18011948268929,69.68166776312253,70.43089362290591,5.008077544426494,5.47945205479452,5.220196074092106,56.89149560117303,7.624633431085044,48.38709677419355,84.0,6.451612903225806,Average,Poor,Average,Above Average,Poor,2025-26
203994,Jusuf Nurkić,Jusuf,1610612762,UTA,31.0,41,14,27,0.341,1083.0683333333334,117.4,319,0.279,0.391,52,0.291,22,0.297,471.0,291.0,439.0,1062.0,2.06,2.0572163176943463,356,374,352,417,265,467,52,7,13,161,69,191,129,364,292,398,310,316,41,275,175,100,112,0,177,425,8,6,14,0.571,0.429,41,88,128,93,129,0.318,0.682,0.992,0.721,203994,Jusuf Nurkić,0.31009765625,0.14775,2309.6,11.16751269035533,77.62345679012346,26.122448979591802,38.16582719758329,21.63978494623656,31.818181818181817,27.746823069403714,29.721362229102166,31.46853146853147,0.0,22.902530905626882,48.088780487419704,47.85362751027048,47.97120399884509,45.55735056542811,58.9041095890411,51.563392126053955,55.13196480938416,59.2375366568915,50.146627565982406,42.18181818181818,93.54838709677419,Average,Average,Average,Average,Elite,2025-26
1626157,Karl-Anthony Towns,Karl-Anthony,1610612752,NYK,30.0,75,49,26,0.653,2321.7816666666668,111.8,656,0.283,0.412,65,0.168,40,0.226,807.0,622.0,754.0,2118.0,8.12,8.123011151561176,60,37,338,127,34,241,1,6,9,92,371,89,197,535,513,550,516,40,75,451,313,138,153,2,138,315,20,22,42,0.476,0.524,64,111,174,144,175,0.366,0.634,0.994,0.823,1626157,Karl-Anthony Towns,0.3614504021447721,0.18387131367292225,4628.3,20.304568527918782,36.882716049382715,48.97959183673469,33.27567598763514,40.18817204301075,46.21212121212121,43.80254154447702,42.414860681114554,40.55944055944056,6.896551724137931,32.8858863992845,17.196735784961977,20.66076317242939,18.928749478695686,100.0,74.65753424657534,88.5958904109589,36.36363636363637,83.87096774193549,78.00586510263929,2.909090909090909,99.70674486803519,Below Average,Above Average,Above Average,Poor,Elite,2025-26
1631255,Karlo Matković,Karlo,1610612740,NOP,25.0,62,24,38,0.387,911.7566666666667,111.6,157,0.155,0.255,25,0.153,54,0.454,374.0,302.0,331.0,922.0,3.24,3.2386323748392205,201,252,491,396,297,233,212,148,129,314,429,49,60,303,296,313,283,243,62,293,202,91,63,2,49,117,10,8,18,0.556,0.444,8,39,47,24,47,0.17,0.83,1.0,0.511,1631255,Karlo Matković,,,1881.0,27.411167512690355,83.0246913580247,49.79591836734695,52.47208857222152,25.268817204301076,28.40909090909091,27.15298142717498,14.551083591331269,12.587412587412588,6.896551724137931,11.950165773161396,,,,19.38610662358643,25.34246575342466,22.066468232013634,93.25513196480938,56.598240469208214,17.008797653958943,,56.89149560117303,Elite,Average,Below Average,Poor,Average,2025-26
1642857,Kasparas Jakučionis,Kasparas,1610612748,MIA,20.0,53,28,25,0.528,944.6283333333333,112.9,95,0.096,0.142,33,0.168,7,0.097,308.0,270.0,335.0,1020.0,3.03,3.0251010318068454,276,216,326,279,291,287,321,391,425,272,374,363,401,261,268,317,297,254,51,160,81,79,88,3,4,8,8,16,24,0.333,0.667,2,9,11,3,11,0.182,0.818,1.0,0.273,1642857,Kasparas Jakučionis,0.3080098039215686,0.14725816993464053,2022.9,3.5532994923857872,79.24382716049382,44.489795918367314,40.27910828271898,9.005376344086022,23.863636363636363,17.920332355816228,22.291021671826623,18.181818181818183,10.344827586206897,17.866251928918736,49.34476059789319,48.22388725125597,48.78432392457458,9.36995153473344,4.794520547945205,7.311007590678735,63.34310850439883,34.60410557184751,34.01759530791789,44.72727272727273,13.196480938416421,Average,Below Average,Below Average,Average,Poor,2025-26
202695,Kawhi Leonard,Kawhi,1610612746,LAC,35.0,65,37,28,0.569,2084.7283333333335,112.8,342,0.162,0.251,122,0.3,27,0.124,718.0,632.0,567.0,2128.0,6.62,6.619023405535175,166,136,364,220,66,276,41,132,138,6,59,148,341,503,517,474,517,80,65,245,105,140,220,0,13,31,27,17,44,0.614,0.386,2,32,34,18,34,0.059,0.941,1.0,0.529,202695,Kawhi Leonard,0.3499140401146132,0.17229512893982807,4151.1,13.705583756345177,36.49691358024691,44.89795918367347,29.480643051542856,12.231182795698924,46.96969696969697,33.07429130009775,63.1578947368421,80.41958041958041,0.0,53.41001104158998,24.136614175684716,29.37555200450872,26.756083090096716,49.27302100161551,20.54794520547945,36.34673689335429,24.04692082111437,69.79472140762464,95.01466275659824,8.727272727272728,83.28445747800586,Below Average,Average,Elite,Poor,Above Average,2025-26
1630811,Keaton Wallace,Keaton,1610612737,ATL,27.0,53,31,22,0.585,535.99,110.8,53,0.097,0.147,24,0.222,5,0.078,193.0,155.0,174.0,536.0,2.0,2.0009297538190203,276,188,279,194,373,198,393,383,404,322,188,397,440,197,200,209,204,320,41,88,38,50,43,0,6,14,3,9,12,0.25,0.75,1,10,10,2,11,0.091,0.909,0.909,0.182,1630811,Keaton Wallace,,,1102.2,2.5380710659898478,97.91666666666666,53.06122448979592,48.55136788217824,3.225806451612903,12.878787878787879,9.017595307917889,8.359133126934983,11.888111888111888,0.0,7.504492411613154,,,,2.5848142164781907,5.47945205479452,3.8874012437205394,86.80351906158357,9.67741935483871,7.624633431085044,,4.69208211143695,Above Average,Poor,Poor,Poor,Poor,2025-26
1642276,Kel'el Ware,Kel'el,1610612748,MIA,22.0,77,39,38,0.506,1703.8216666666667,114.1,477,0.247,0.388,59,0.197,84,0.475,610.0,593.0,550.0,1806.0,4.87,4.865968888940612,37,118,491,302,132,345,10,16,15,120,282,18,51,448,495,466,462,142,76,480,354,126,108,0,58,133,17,18,35,0.486,0.514,21,92,111,96,113,0.186,0.814,0.982,0.85,1642276,Kel'el Ware,0.307616,0.10470933333333333,3633.6,42.63959390862944,48.91975308641975,39.59183673469389,44.07571032737216,45.69892473118279,41.66666666666667,43.27956989247312,28.482972136222912,36.36363636363637,0.0,24.120461581761894,49.581659484936736,80.25552242125971,64.91859095309823,71.08239095315024,61.64383561643836,66.8350410516299,75.65982404692082,83.28445747800586,54.83870967741935,76.72727272727272,98.24046920821115,Above Average,Above Average,Average,Above Average,Elite,2025-26
1629640,Keldon Johnson,Keldon,1610612759,SAS,26.0,82,62,20,0.756,1911.4666666666667,108.2,303,0.143,0.215,46,0.156,11,0.051,588.0,565.0,503.0,1820.0,8.66,8.66086536243585,1,1,251,43,94,107,58,183,209,196,418,284,493,432,474,435,464,29,82,239,141,98,91,1,19,42,15,22,37,0.405,0.595,33,37,70,46,70,0.471,0.529,1.0,0.657,1629640,Keldon Johnson,0.2972093596059113,0.12766502463054188,3916.4,5.583756345177665,48.379629629629626,63.67346938775508,35.0847402553802,17.06989247311828,31.060606060606062,25.46432062561095,23.219814241486066,27.27272727272727,3.4482758620689653,19.69544920756621,55.841936217077716,62.97400810871975,59.40797216289873,42.972536348949916,23.972602739726025,34.42256622479917,43.988269794721404,50.733137829912025,38.41642228739003,65.45454545454545,80.64516129032258,Average,Average,Below Average,Average,Above Average,2025-26
1626162,Kelly Oubre Jr.,Kelly,1610612755,PHI,30.0,50,27,23,0.54,1574.3116666666667,117.2,202,0.121,0.197,68,0.233,24,0.145,562.0,607.0,615.0,1636.0,3.04,3.0441261304186455,297,225,289,266,150,456,149,276,254,80,164,173,292,414,504,502,429,252,50,176,92,84,212,0,13,34,11,17,28,0.393,0.607,2,17,19,15,19,0.105,0.895,1.0,0.789,1626162,Kelly Oubre Jr.,0.31300986842105266,0.1492796052631579,3208.5,12.18274111675127,55.47839506172839,26.93877551020406,31.02522859585646,10.483870967741936,25.757575757575758,19.64809384164223,60.681114551083596,42.65734265734265,0.0,39.202515750503366,46.33689386473458,46.70210935707881,46.519501610906694,26.65589660743134,10.273972602739725,19.284030805320114,28.445747800586513,39.882697947214076,86.21700879765396,40.0,48.38709677419355,Below Average,Below Average,Above Average,Average,Average,2025-26
1629026,Kenrich Williams,Kenrich,1610612760,OKC,31.0,56,41,15,0.732,855.1633333333333,109.5,128,0.143,0.23,31,0.203,5,0.06,255.0,273.0,210.0,808.0,3.54,3.5357192319385535,247,97,187,64,316,137,257,182,173,279,262,397,480,231,274,233,255,224,53,110,54,56,74,6,38,88,6,5,11,0.545,0.455,11,16,27,16,27,0.407,0.593,1.0,0.593,1629026,Kenrich Williams,,,1733.3,2.5380710659898478,87.42283950617285,58.3673469387755,46.20505898825031,5.376344086021505,15.151515151515152,11.241446725317694,17.956656346749224,16.783216783216783,20.689655172413794,18.229202205929013,,,,14.70113085621971,9.58904109589041,12.400690464071525,81.81818181818183,13.48973607038123,34.89736070381232,,29.61876832844575,Above Average,Poor,Below Average,Poor,Below Average,2025-26
203484,Kentavious Caldwell-Pope,Kentavious,1610612763,MEM,33.0,51,20,31,0.392,1087.5583333333334,115.3,105,0.094,0.148,43,0.211,8,0.074,431.0,389.0,334.0,1210.0,2.7,2.6976178069808876,291,302,412,391,263,398,295,405,401,214,227,341,447,333,356,315,348,278,51,60,24,36,69,0,3,8,13,9,22,0.591,0.409,2,6,8,4,8,0.25,0.75,1.0,0.5,203484,Kentavious Caldwell-Pope,0.25158223684210523,0.10636184210526317,2231.6,4.060913705583756,71.91358024691358,34.69387755102041,35.46758795640836,1.3440860215053763,7.575757575757576,5.083088954056697,16.408668730650156,25.174825174825177,0.0,15.374656303448875,83.28964308269089,79.01147999082436,81.15056153675762,10.98546042003231,2.73972602739726,7.274879943346537,45.16129032258064,3.225806451612903,26.392961876832842,94.9090909090909,12.463343108504398,Average,Poor,Below Average,Elite,Poor,2025-26
1631165,Keon Ellis,Keon,1610612739,CLE,26.0,72,31,41,0.431,1478.6383333333333,115.4,97,0.066,0.107,83,0.317,46,0.317,501.0,506.0,383.0,1526.0,3.6,3.603536560751986,84,188,515,368,167,403,317,541,538,48,46,71,113,380,431,347,412,218,70,205,95,110,194,0,24,51,11,17,28,0.393,0.607,1,3,4,2,4,0.25,0.75,1.0,0.5,1631165,Keon Ellis,0.3285675675675676,0.14436216216216216,2996.3,23.3502538071066,59.72222222222222,34.28571428571425,38.81430787204898,10.887096774193548,35.60606060606061,25.718475073313783,55.10835913312694,53.14685314685315,0.0,40.64474225464937,36.977917453105995,50.404061183783,43.690989318444494,9.693053311793214,0.684931506849315,5.63939849956846,58.94428152492669,51.61290322580645,87.3900293255132,32.72727272727273,8.211143695014663,Average,Average,Above Average,Below Average,Poor,2025-26
201142,Kevin Durant,Kevin,1610612745,HOU,37.0,78,48,30,0.615,2839.8233333333333,112.4,385,0.131,0.198,62,0.128,71,0.205,1137.0,884.0,914.0,2926.0,9.39,9.39077516932936,28,41,395,163,2,266,30,233,250,103,493,27,219,581,580,580,581,15,78,452,239,213,120,0,36,80,18,23,41,0.439,0.561,0,25,25,15,25,0.0,1.0,1.0,0.6,201142,Kevin Durant,0.3079509043927649,0.1748888888888889,5621.0,36.04060913705584,5.709876543209877,46.530612244897924,28.047353506170275,30.241935483870968,74.62121212121212,56.869501466275665,32.19814241486068,38.46153846153847,0.0,26.34079542748274,49.38019252748245,27.422916420476522,38.40155447397949,56.219709208400644,15.753424657534246,38.009881160510766,20.527859237536656,95.60117302052787,61.58357771260997,21.09090909090909,85.33724340175954,Below Average,Elite,Average,Below Average,Above Average,2025-26
1628989,Kevin Huerter,Kevin,1610612765,DET,27.0,69,40,29,0.58,1549.0766666666666,110.8,206,0.125,0.185,63,0.239,33,0.177,532.0,476.0,418.0,1638.0,5.94,5.940991956217221,118,110,379,200,157,199,145,260,287,99,151,119,245,396,413,379,431,93,69,258,138,120,118,1,22,49,7,12,19,0.368,0.632,1,22,23,14,23,0.043,0.957,1.0,0.609,1628989,Kevin Huerter,0.33043977591036416,0.12635854341736694,3194.7,16.751269035532996,55.401234567901234,53.06122448979592,39.35624583542761,16.666666666666664,39.39393939393939,30.303030303030297,31.57894736842105,39.16083916083916,3.4482758620689653,27.199941619179366,35.85166134332564,63.95755390972523,49.90460762652543,27.30210016155089,13.698630136986301,21.180538650496825,60.410557184750736,65.39589442815249,65.10263929618768,47.27272727272727,54.252199413489734,Average,Average,Average,Average,Average,2025-26
1641718,Keyonte George,Keyonte,1610612762,UTA,22.0,54,16,38,0.296,1786.1083333333333,123.6,176,0.096,0.149,58,0.212,14,0.103,737.0,582.0,694.0,1940.0,0.16,0.16286873819220196,266,348,491,448,115,555,183,388,397,123,224,261,384,512,486,530,485,524,53,172,66,106,94,2,25,58,14,17,31,0.452,0.548,1,19,20,8,20,0.05,0.95,1.0,0.4,1641718,Keyonte George,0.3871614906832298,0.139416149068323,3740.3,7.1065989847715745,43.75,0.8163265306122565,18.359221226561694,6.989247311827956,34.090909090909086,23.250244379276634,24.148606811145513,35.66433566433567,6.896551724137931,23.866098138010173,1.72982972882946,54.12752108592872,27.92867540737909,22.45557350565428,11.643835616438356,17.590291455507113,2.932551319648094,46.9208211143695,53.95894428152492,10.181818181818182,42.81524926686217,Poor,Average,Average,Poor,Average,2025-26
203114,Khris Middleton,Khris,1610612742,DAL,34.0,63,18,45,0.286,1439.0866666666666,121.1,180,0.118,0.184,41,0.179,9,0.055,507.0,480.0,452.0,1624.0,1.18,1.1765618212137023,194,325,541,454,181,532,177,293,288,227,331,315,487,383,417,407,426,395,62,154,75,79,99,5,16,38,13,8,21,0.619,0.381,6,30,35,24,36,0.167,0.833,0.972,0.667,203114,Khris Middleton,0.3106548387096774,0.14360322580645163,3015.1,4.568527918781726,55.941358024691354,11.020408163265317,24.16198851697099,8.198924731182796,23.863636363636363,17.597751710654936,25.696594427244584,23.776223776223777,17.24137931034483,22.910660920162364,47.75359869427762,50.97540400782216,49.364501351049896,23.101777059773827,19.17808219178082,21.336114369176975,10.263929618768328,32.55131964809384,50.43988269794721,46.18181818181818,55.42521994134897,Poor,Below Average,Average,Average,Average,2025-26
202691,Klay Thompson,Klay,1610612742,DAL,36.0,69,21,48,0.304,1496.83,111.0,125,0.074,0.115,33,0.146,22,0.119,535.0,487.0,559.0,1780.0,5.68,5.681260856576265,118,292,552,444,165,206,265,513,516,272,449,191,349,398,423,469,459,104,66,149,86,63,45,0,19,40,4,11,15,0.267,0.733,0,7,7,2,7,0.0,1.0,1.0,0.286,202691,Klay Thompson,0.26145821325648416,0.09533717579250721,3191.2,11.16751269035533,49.92283950617284,52.24489795918367,35.00122339309854,9.67741935483871,17.803030303030305,14.552785923753666,8.978328173374612,18.181818181818183,0.0,9.95496763298621,77.34859553873723,87.31107446646696,82.3298350026021,14.216478190630049,3.4246575342465753,9.360158895257486,43.6950146627566,21.114369501466275,11.730205278592376,96.0,20.527859237536656,Average,Below Average,Poor,Elite,Below Average,2025-26
1641738,Kobe Brown,Kobe,1610612754,IND,26.0,61,17,44,0.279,962.3766666666667,119.0,117,0.119,0.194,23,0.151,12,0.146,434.0,273.0,310.0,1052.0,1.35,1.3528166012184404,210,334,533,464,289,498,277,285,260,327,436,277,290,336,274,303,305,377,50,122,75,47,44,3,13,29,7,9,16,0.438,0.563,9,18,26,21,27,0.333,0.667,0.963,0.778,1641738,Kobe Brown,,,1957.9,6.091370558375635,78.00925925925925,19.591836734693864,34.637748147764455,8.198924731182796,11.742424242424242,10.325024437927663,8.6687306501548,11.188811188811188,10.344827586206897,9.96978307269756,,,,12.924071082390952,10.95890410958904,12.039745944630093,40.76246334310851,12.316715542521994,12.023460410557185,,27.859237536656888,Average,Poor,Poor,Poor,Below Average,2025-26
1642920,Kobe Sanders,Kobe,1610612746,LAC,24.0,68,36,32,0.529,1351.4166666666667,112.9,124,0.088,0.138,49,0.209,10,0.081,464.0,361.0,438.0,1372.0,4.3,4.302038108406244,135,151,424,276,203,285,267,438,442,182,233,300,432,356,337,395,379,178,66,207,131,76,94,1,16,38,10,17,27,0.37,0.63,1,25,24,7,26,0.038,0.962,0.96,0.28,1642920,Kobe Sanders,0.2550368421052632,0.0958842105263158,2713.2,5.0761421319796955,65.66358024691358,44.489795918367314,36.13515891880346,15.725806451612904,22.727272727272727,19.926686217008797,24.148606811145513,29.37062937062937,3.4482758620689653,20.801231969695724,81.21147144144112,86.89925552103102,84.05536348123607,14.054927302100161,15.753424657534246,14.8192511120455,48.97360703812317,40.17595307917888,41.64222873900293,97.0909090909091,36.070381231671554,Average,Average,Average,Elite,Below Average,2025-26
1642851,Kon Knueppel,Kon,1610612766,CHA,20.0,81,44,37,0.543,2550.7466666666664,113.0,335,0.128,0.186,57,0.157,19,0.08,949.0,730.0,850.0,2716.0,8.09,8.086229933164425,19,67,482,261,17,293,45,243,279,130,415,217,437,573,554,572,571,44,81,436,295,141,144,3,37,85,34,21,55,0.618,0.382,4,33,36,12,37,0.108,0.892,0.973,0.324,1642851,Kon Knueppel,0.33061265822784813,0.14105316455696204,5140.4,9.644670050761421,13.811728395061728,44.08163265306121,19.712381121841474,37.76881720430107,47.34848484848485,43.51661779081134,39.628482972136226,34.96503496503497,10.344827586206897,30.67536232316845,35.7476612906133,52.895142316302845,44.32140180345807,48.1421647819063,21.232876712328768,36.03298515059642,3.519061583577713,83.57771260997067,74.19354838709677,34.18181818181818,82.99120234604106,Poor,Above Average,Above Average,Below Average,Above Average,2025-26
1627739,Kris Dunn,Kris,1610612746,LAC,32.0,82,42,40,0.512,2230.0,114.1,213,0.097,0.151,131,0.292,14,0.072,833.0,685.0,679.0,2196.0,6.3,6.304247744208695,1,87,508,293,51,351,136,386,393,4,68,261,453,545,536,526,527,84,82,263,108,155,296,0,45,106,14,25,39,0.359,0.641,2,13,15,8,15,0.133,0.867,1.0,0.533,1627739,Kris Dunn,0.31472654155495977,0.1617024128686327,4453.1,7.1065989847715745,33.873456790123456,39.59183673469389,24.59630865412531,12.634408602150538,52.65151515151515,36.6446725317693,86.687306501548,86.7132867132867,0.0,65.02457295026954,45.304202384110845,37.34996549626424,41.32708394018754,28.432956381260098,7.534246575342466,19.028536968597166,10.850439882697946,75.366568914956,99.12023460410558,27.636363636363637,47.214076246334315,Poor,Above Average,Elite,Below Average,Average,2025-26
1631200,Kris Murray,Kris,1610612757,POR,25.0,57,28,29,0.491,1333.21,109.1,116,0.084,0.13,51,0.208,22,0.152,567.0,379.0,413.0,1410.0,5.66,5.660165444435889,235,216,379,329,207,132,280,461,473,168,235,191,281,416,349,374,387,106,56,192,143,49,100,2,19,43,11,16,27,0.407,0.593,19,26,44,22,45,0.422,0.578,0.978,0.489,1631200,Kris Murray,0.240878125,0.07948125,2715.7,11.16751269035533,64.19753086419753,60.00000000000001,41.93614087861127,17.338709677419356,12.5,14.435483870967744,26.006191950464398,30.76923076923077,6.896551724137931,22.895845480451012,89.72886840092428,99.24773997455844,94.48830418774136,12.762520193861066,16.43835616438356,14.41664638059619,68.32844574780059,20.234604105571847,49.56011730205279,100.0,34.31085043988269,Average,Below Average,Average,Elite,Below Average,2025-26
203937,Kyle Anderson,Kyle,1610612750,MIN,32.0,43,15,28,0.349,853.2366666666667,111.6,108,0.121,0.209,45,0.245,26,0.286,323.0,304.0,248.0,880.0,3.07,3.0701301911839147,342,365,364,410,317,230,293,277,223,200,142,157,134,276,297,256,273,250,43,152,90,62,108,0,69,161,3,2,5,0.6,0.4,3,21,24,16,24,0.125,0.875,1.0,0.667,203937,Kyle Anderson,,,1777.9,13.19796954314721,84.64506172839506,49.79591836734695,47.35393901403389,10.21505376344086,17.424242424242426,14.540566959921799,28.482972136222912,26.573426573426573,0.0,20.693888155188468,,,,11.470113085621971,13.013698630136986,12.164726580653728,84.1642228739003,20.821114369501466,41.348973607038126,,28.445747800586513,Above Average,Below Average,Average,Poor,Below Average,2025-26
1642271,Kyle Filipowski,Kyle,1610612762,UTA,22.0,77,21,56,0.273,1800.9433333333334,120.4,408,0.225,0.351,73,0.22,39,0.291,697.0,601.0,671.0,1958.0,1.85,1.8471252266331795,37,292,574,470,114,519,23,32,26,69,196,93,133,490,500,521,490,331,76,445,259,186,129,3,112,260,22,7,29,0.759,0.241,18,61,79,63,79,0.228,0.772,1.0,0.797,1642271,Kyle Filipowski,0.3739521410579345,0.17931486146095718,3771.0,19.796954314720814,43.05555555555556,13.87755102040813,26.457613925434806,32.93010752688172,64.39393939393939,51.80840664711632,34.984520123839005,46.15384615384615,10.344827586206897,32.73386109993348,9.676119883423866,24.090953668372066,16.883536775897966,59.935379644588046,40.41095890410959,51.14939031137275,14.369501466275661,92.08211143695014,76.83284457478005,1.8181818181818181,93.25513196480938,Poor,Elite,Above Average,Poor,Elite,2025-26
1628398,Kyle Kuzma,Kyle,1610612749,MIL,30.0,69,31,38,0.449,1805.7416666666666,116.8,256,0.134,0.21,46,0.167,28,0.189,660.0,575.0,582.0,1748.0,3.77,3.7724738326994967,118,188,491,359,113,448,89,224,222,196,376,140,233,477,481,483,450,205,68,250,155,95,55,3,32,74,6,8,14,0.429,0.571,8,34,42,25,42,0.19,0.81,1.0,0.595,1628398,Kyle Kuzma,0.3083140495867769,0.14566391184573002,3685.7,14.213197969543149,51.157407407407405,28.57142857142857,30.733228923266996,18.951612903225808,29.924242424242426,25.535190615835777,12.074303405572756,27.27272727272727,10.344827586206897,16.96138280423537,49.1617368758628,49.424077375120355,49.29290712549158,35.37964458804523,21.91780821917808,29.321818222055015,27.56598240469208,51.02639296187683,30.791788856304986,45.81818181818182,73.60703812316716,Below Average,Average,Below Average,Average,Above Average,2025-26
1642273,Kyshawn George,Kyshawn,1610612764,WAS,22.0,48,10,38,0.208,1390.9633333333334,119.7,202,0.135,0.216,48,0.214,43,0.251,542.0,510.0,446.0,1448.0,1.69,1.6869663819427054,310,411,491,521,192,510,149,216,208,187,217,78,169,406,433,402,395,345,48,323,185,138,120,6,27,65,11,15,26,0.423,0.577,4,30,33,12,34,0.118,0.882,0.971,0.353,1642273,Kyshawn George,0.35061237785016286,0.17386644951140065,2913.4,21.82741116751269,62.731481481481474,16.734693877550995,34.87065645491134,22.983870967741936,46.21212121212121,36.9208211143695,32.19814241486068,28.671328671328673,20.689655172413794,28.086635794012757,23.71651822622528,28.192629713228296,25.954573969726788,26.65589660743134,19.17808219178082,23.290880120388607,41.935483870967744,76.24633431085044,67.44868035190615,8.363636363636363,60.997067448680355,Average,Above Average,Average,Poor,Average,2025-26
1630163,LaMelo Ball,LaMelo,1610612766,CHA,24.0,72,41,31,0.569,2017.4466666666667,114.1,282,0.14,0.204,87,0.29,18,0.092,706.0,607.0,653.0,2106.0,5.72,5.718740204029404,84,97,412,218,75,353,71,197,234,38,70,224,408,495,504,513,510,101,69,136,75,61,144,0,22,53,16,24,40,0.4,0.6,1,22,22,13,23,0.043,0.957,1.0,0.591,1630163,LaMelo Ball,0.31379291553133515,0.14105722070844687,4032.0,9.137055837563452,37.34567901234568,39.59183673469389,26.623769173019838,8.198924731182796,17.045454545454543,13.506842619745843,39.628482972136226,55.94405594405595,0.0,35.431812769274075,45.86583967058214,52.89208876243548,49.378964216508805,39.57996768982229,13.698630136986301,27.933365791046096,15.542521994134898,18.475073313782993,80.64516129032258,46.54545454545455,71.8475073313783,Below Average,Below Average,Above Average,Average,Above Average,2025-26
1629013,Landry Shamet,Landry,1610612752,NYK,29.0,51,35,16,0.686,1171.055,107.0,69,0.058,0.086,31,0.153,9,0.095,337.0,312.0,300.0,1010.0,5.73,5.728592832733759,291,162,202,90,243,86,360,553,557,279,428,315,406,286,306,295,296,100,50,189,103,86,76,2,19,44,3,6,9,0.333,0.667,1,19,19,3,20,0.05,0.95,0.95,0.15,1629013,Landry Shamet,0.25701510574018127,0.1456978851963746,2319.5,4.568527918781726,79.62962962962963,68.57142857142856,46.8406386807402,11.96236559139785,26.515151515151516,20.69403714565005,18.575851393188856,16.783216783216783,6.896551724137931,15.028604362435898,80.02141611765448,49.39850154131914,64.70995882948681,5.169628432956381,11.643835616438356,8.08302166552327,83.28445747800586,41.935483870967744,25.513196480938415,76.0,15.835777126099707,Above Average,Average,Below Average,Above Average,Below Average,2025-26
1628374,Lauri Markkanen,Lauri,1610612762,UTA,29.0,42,17,25,0.405,1442.5966666666666,115.2,205,0.134,0.201,42,0.167,21,0.189,597.0,442.0,455.0,1432.0,3.63,3.632443047420633,348,334,326,383,180,393,146,226,239,219,376,197,233,438,394,409,391,215,42,253,182,71,72,0,50,122,7,11,18,0.389,0.611,5,26,31,21,31,0.161,0.839,1.0,0.677,1628374,Lauri Markkanen,0.26661937716262973,0.1130311418685121,3027.6,10.65989847715736,63.348765432098766,35.10204081632651,35.21153749617913,22.58064516129032,20.833333333333336,21.532258064516128,17.3374613003096,24.475524475524477,0.0,15.501418086557408,74.24381694652583,73.99069460819372,74.11725577735977,27.140549273021,16.43835616438356,22.324562374134153,44.28152492668622,42.81524926686217,26.97947214076246,89.81818181818181,57.77126099706745,Average,Average,Below Average,Above Average,Average,2025-26
2544,LeBron James,LeBron,1610612747,LAL,41.0,60,39,21,0.65,1989.055,112.4,321,0.16,0.246,72,0.204,35,0.174,729.0,593.0,600.0,2078.0,6.62,6.616040809318684,214,118,262,129,81,264,50,135,142,72,255,109,250,508,495,496,507,80,60,149,78,71,109,0,37,87,18,18,36,0.5,0.5,3,23,26,20,26,0.115,0.885,1.0,0.769,2544,LeBron James,0.32021098265895953,0.13896820809248556,4033.5,17.766497461928935,38.425925925925924,46.530612244897924,32.18832612007013,8.60215053763441,20.833333333333336,15.940860215053766,28.792569659442723,45.45454545454545,0.0,27.426118772867998,42.004951354770945,54.464740221910446,48.23484578834069,45.880452342487885,14.383561643835616,31.70685152809437,31.671554252199414,26.099706744868033,65.39589442815249,43.27272727272727,78.00586510263929,Below Average,Below Average,Average,Average,Above Average,2025-26
1631159,Leonard Miller,Leonard,1610612741,CHI,22.0,46,18,28,0.391,718.6616666666666,114.1,127,0.158,0.241,17,0.132,15,0.221,316.0,279.0,231.0,806.0,2.07,2.0747099320084983,324,325,364,393,340,352,260,138,148,372,484,251,204,271,280,248,253,315,37,181,111,70,35,0,31,69,6,7,13,0.462,0.538,2,15,16,9,17,0.118,0.882,0.941,0.529,1631159,Leonard Miller,,,1543.8,7.614213197969544,87.5,39.59183673469389,43.568644462861286,13.03763440860215,20.454545454545457,17.487781036168133,5.88235294117647,6.993006993006993,0.0,4.800493624023035,,,,14.539579967689823,8.904109589041095,12.003618297297896,73.02052785923753,31.818181818181817,3.519061583577713,,27.56598240469208,Above Average,Below Average,Poor,Poor,Below Average,2025-26
1629652,Luguentz Dort,Luguentz,1610612760,OKC,27.0,69,53,16,0.768,1848.7416666666666,108.2,189,0.094,0.147,62,0.176,27,0.126,541.0,591.0,463.0,1616.0,8.29,8.287146332912958,118,19,202,36,107,106,164,403,408,103,343,148,329,404,493,415,422,36,69,254,91,163,119,2,64,146,7,13,20,0.35,0.65,5,26,31,13,31,0.161,0.839,1.0,0.419,1629652,Luguentz Dort,0.2850782608695652,0.16773333333333335,3785.3,13.705583756345177,56.25,63.67346938775508,41.088100849476845,10.349462365591398,55.68181818181818,37.548875855327466,31.88854489164087,38.46153846153847,6.896551724137931,27.941094349229296,63.139587743269686,32.809765117232836,47.974676430251264,24.55573505654281,16.43835616438356,20.90291455507115,65.6891495601173,77.71260997067448,67.15542521994135,42.54545454545455,53.0791788856305,Average,Above Average,Average,Average,Average,2025-26
1629029,Luka Dončić,Luka,1610612747,LAL,27.0,64,43,21,0.672,2288.6016666666665,115.6,454,0.194,0.292,105,0.267,34,0.174,858.0,664.0,733.0,2452.0,5.5,5.4987189628934,180,75,262,103,37,414,12,66,79,14,100,113,249,549,529,544,553,115,64,317,148,169,196,14,5,10,16,22,38,0.421,0.579,1,17,17,13,18,0.056,0.944,1.0,0.765,1629029,Luka Dončić,0.390037037037037,0.17113390313390311,4723.5,17.258883248730964,23.996913580246915,33.469387755102055,23.669819991354316,18.010752688172044,57.95454545454546,41.97702834799609,55.72755417956656,68.53146853146853,48.275862068965516,58.346001175081994,0.0,30.249746561551888,15.124873280775944,67.36672051696284,10.273972602739725,41.67498395556244,9.3841642228739,82.69794721407625,97.65395894428153,1.4545454545454546,87.97653958944281,Poor,Above Average,Elite,Poor,Above Average,2025-26
1630568,Luka Garza,Luka,1610612738,BOS,27.0,69,47,22,0.681,1117.9083333333333,113.6,125,0.11,0.168,27,0.174,28,0.292,343.0,326.0,370.0,1004.0,3.37,3.3682463393042217,118,44,279,96,259,317,265,325,333,300,352,140,132,288,313,339,294,236,68,298,232,66,92,5,171,399,17,3,20,0.85,0.15,47,72,119,62,119,0.395,0.605,1.0,0.521,1630568,Luka Garza,0.2971388888888889,0.12566666666666668,2178.0,14.213197969543149,79.86111111111111,41.6326530612245,44.04483134201227,29.301075268817208,18.939393939393938,23.084066471163247,23.52941176470588,13.986013986013987,17.24137931034483,18.617214428573455,55.88432897529423,64.47841289039962,60.18137093284693,14.216478190630049,47.94520547945205,29.39440547059995,75.366568914956,46.33431085043988,36.36363636363637,67.63636363636364,73.90029325513197,Above Average,Average,Below Average,Average,Above Average,2025-26
1628379,Luke Kennard,Luke,1610612747,LAL,30.0,78,45,33,0.577,1680.4766666666667,113.7,150,0.086,0.133,55,0.188,8,0.05,621.0,517.0,562.0,1762.0,4.99,4.993002962777255,28,60,435,207,139,330,227,449,461,142,304,341,495,454,438,472,453,138,77,170,90,80,105,0,38,90,9,8,17,0.529,0.471,1,14,15,5,15,0.067,0.933,1.0,0.333,1628379,Luke Kennard,0.338912,0.13782133333333332,3443.7,4.060913705583756,50.617283950617285,41.224489795918345,29.646537313929137,10.21505376344086,24.242424242424242,18.63147605083089,27.55417956656347,33.56643356643357,0.0,22.769923574877136,30.755062889903616,55.32813101717655,43.041596953540086,18.25525040387722,8.21917808219178,13.739017859118773,24.633431085043988,36.65689149560117,48.97360703812317,31.272727272727273,31.964809384164223,Below Average,Below Average,Average,Below Average,Below Average,2025-26
1628436,Luke Kornet,Luke,1610612759,SAS,30.0,68,52,16,0.765,1430.08,110.5,233,0.147,0.218,32,0.157,65,0.565,423.0,411.0,428.0,1446.0,5.56,5.559158425119669,135,24,202,38,183,177,112,168,205,276,416,36,22,329,374,388,394,110,68,652,510,142,58,4,237,532,6,6,12,0.5,0.5,43,51,94,74,94,0.457,0.543,1.0,0.787,1628436,Luke Kornet,0.32027493261455525,0.1449622641509434,2929.8,32.99492385786802,62.808641975308646,54.28571428571427,48.752422805933804,66.66666666666666,47.72727272727273,55.3030303030303,13.003095975232199,17.482517482517483,13.793103448275861,14.768395371042963,41.966481262226495,49.95229212251461,45.95938669237056,31.663974151857836,33.56164383561644,32.51792550954921,87.3900293255132,94.13489736070382,24.04692082111437,38.18181818181819,78.59237536656892,Above Average,Elite,Below Average,Below Average,Above Average,2025-26
1628370,Malik Monk,Malik,1610612758,SAC,28.0,62,18,44,0.29,1363.6433333333334,118.3,102,0.071,0.118,37,0.161,24,0.161,517.0,538.0,402.0,1472.0,2.23,2.2270837696269568,201,325,533,451,200,486,307,525,506,250,400,173,267,385,452,363,399,300,60,159,88,71,80,1,20,43,13,11,24,0.542,0.458,1,4,4,0,5,0.2,0.8,1.0,0.0,1628370,Malik Monk,0.27963142857142853,0.10172285714285714,2795.3,12.18274111675127,61.80555555555556,22.448979591836736,32.11728578910414,9.946236559139784,20.833333333333336,16.478494623655916,19.814241486068113,20.97902097902098,3.4482758620689653,16.13042290260183,66.4162146092531,82.50380283074797,74.46000872000053,10.500807754442649,1.36986301369863,6.3918826211078414,31.378299120234605,28.152492668621704,28.739002932551323,90.18181818181819,11.143695014662756,Below Average,Below Average,Below Average,Elite,Poor,2025-26
203935,Marcus Smart,Marcus,1610612747,LAL,32.0,62,41,21,0.661,1768.9783333333332,110.6,136,0.077,0.114,87,0.259,23,0.15,619.0,500.0,525.0,1788.0,6.78,6.781531328027492,201,97,262,120,119,180,246,502,518,38,112,182,284,451,427,451,460,76,62,193,76,117,172,20,37,90,17,20,37,0.459,0.541,2,40,40,12,42,0.048,0.952,0.952,0.286,203935,Marcus Smart,0.2809039548022599,0.14574293785310735,3592.8,11.6751269035533,49.614197530864196,53.87755102040818,35.50440765232584,8.333333333333332,38.25757575757576,26.287878787878785,48.297213622291025,55.94405594405595,68.96551724137932,56.14068433968082,65.65070662086929,49.36458497910088,57.507645799985085,15.993537964458804,26.027397260273972,20.508774647575628,45.45454545454545,53.95894428152492,96.7741935483871,61.45454545454545,51.90615835777126,Average,Average,Elite,Average,Average,2025-26
1631109,Mark Williams,Mark,1610612756,PHX,24.0,60,34,26,0.567,1416.05,113.3,292,0.201,0.321,55,0.191,55,0.5,571.0,516.0,455.0,1486.0,4.4,4.400997241423528,214,168,338,221,186,304,66,56,44,142,297,46,37,420,437,409,403,171,60,503,350,153,140,0,150,351,12,13,25,0.48,0.52,16,64,79,54,80,0.2,0.8,0.988,0.675,1631109,Mark Williams,0.3621938775510204,0.1186360544217687,2865.3,27.918781725888326,61.26543209876543,42.857142857142854,43.324699639208944,45.16129032258064,51.89393939393939,49.20087976539589,38.39009287925697,33.56643356643357,0.0,27.104288899954536,16.74948656615557,69.7712017052979,43.26034413572673,41.19547657512116,42.465753424657535,41.76710115741253,71.8475073313783,90.02932551319648,64.80938416422288,32.0,88.26979472140762,Above Average,Elite,Average,Below Average,Above Average,2025-26
1628963,Marvin Bagley III,Marvin,1610612742,DAL,27.0,60,16,44,0.267,1200.9033333333334,119.0,216,0.171,0.265,28,0.169,43,0.41,463.0,393.0,478.0,1304.0,1.7,1.7040278178241737,214,348,533,476,231,499,131,110,113,298,370,78,72,355,359,422,366,343,60,361,249,112,57,7,177,416,13,9,22,0.591,0.409,28,46,74,58,74,0.378,0.622,1.0,0.784,1628963,Marvin Bagley III,0.29480124223602483,0.11939130434782609,2497.2,21.82741116751269,68.28703703703704,19.591836734693864,37.529386613641506,31.586021505376344,36.36363636363637,34.452590420332356,12.693498452012383,14.685314685314685,24.137931034482758,16.251742279285782,57.29057675504886,69.202634100963,63.24660542800593,28.91760904684976,30.136986301369863,29.466328811383807,53.0791788856305,71.5542521994135,29.32551319648094,72.36363636363636,74.19354838709677,Average,Above Average,Below Average,Above Average,Above Average,2025-26
1641824,Matas Buzelis,Matas,1610612741,CHI,21.0,77,28,49,0.364,2248.2483333333334,116.9,371,0.152,0.224,55,0.162,116,0.443,881.0,706.0,730.0,2580.0,4.54,4.542499753784565,37,216,559,403,46,451,36,156,191,142,398,6,65,556,547,542,558,164,77,609,397,212,103,2,29,69,19,15,34,0.559,0.441,3,25,27,18,28,0.107,0.893,0.964,0.643,1641824,Matas Buzelis,0.3597204301075269,0.17270698924731182,4756.0,58.88324873096447,19.058641975308642,28.163265306122415,37.26464051027442,51.47849462365591,74.24242424242425,65.13685239491691,26.93498452012384,33.56643356643357,6.896551724137931,24.24638348733577,18.23742742817205,29.065495134236514,23.651461281204284,53.95799676898223,15.753424657534246,36.76593931883064,51.31964809384164,98.53372434017595,55.42521994134897,6.909090909090909,84.1642228739003,Average,Elite,Average,Poor,Above Average,2025-26
1631108,Max Christie,Max,1610612742,DAL,23.0,77,24,53,0.312,2244.48,115.2,234,0.097,0.146,47,0.138,27,0.116,797.0,686.0,756.0,2616.0,5.61,5.60769070891722,37,252,568,442,48,395,110,385,413,191,468,148,356,532,537,551,562,108,77,373,235,138,78,1,57,124,10,12,22,0.455,0.545,0,13,13,5,13,0.0,1.0,1.0,0.385,1631108,Max Christie,0.32297275204359677,0.12739782016348775,4690.2,13.705583756345177,17.669753086419753,35.10204081632651,20.44215728686661,29.70430107526882,46.21212121212121,39.608993157380255,19.195046439628484,27.972027972027973,3.4482758620689653,18.330297331578425,40.34356593513015,63.17516510120519,51.75936551816767,31.82552504038772,7.534246575342466,20.89444973111736,3.812316715542522,79.76539589442815,35.19061583577713,51.272727272727266,52.785923753665685,Poor,Above Average,Below Average,Average,Average,2025-26
1642875,Maxime Raynaud,Maxime,1610612758,SAC,23.0,74,21,53,0.284,1963.88,121.3,414,0.211,0.322,38,0.128,39,0.21,711.0,637.0,677.0,2252.0,1.52,1.5154506234927678,70,292,568,459,86,535,20,44,43,246,492,93,211,498,520,524,532,364,74,556,374,182,77,0,210,469,11,14,25,0.44,0.56,32,65,97,76,97,0.33,0.67,1.0,0.784,1642875,Maxime Raynaud,0.33950125313283214,0.16621303258145365,4039.8,19.796954314720814,31.712962962962965,10.204081632653061,21.56933917108863,48.38709677419355,62.878787878787875,57.08211143695015,18.885448916408667,21.678321678321677,0.0,15.141592153976053,30.40058848345582,33.95427864387053,32.17743356366317,60.90468497576737,43.15068493150685,52.915384955850136,6.451612903225806,95.89442815249268,25.806451612903224,13.818181818181818,94.13489736070382,Poor,Elite,Below Average,Poor,Elite,2025-26
1642877,Micah Peavy,Micah,1610612740,NOP,24.0,61,17,44,0.279,912.935,114.5,71,0.073,0.12,43,0.238,9,0.09,349.0,330.0,295.0,926.0,2.5,2.5037090514858154,210,334,533,464,296,364,354,519,504,214,154,315,413,291,316,291,284,288,51,103,60,43,78,1,11,27,8,7,15,0.533,0.467,3,12,14,8,15,0.2,0.8,1.0,0.571,1642877,Micah Peavy,,,1892.3,4.568527918781726,82.87037037037037,37.959183673469376,40.32183671550966,6.182795698924731,10.227272727272728,8.609481915933529,19.195046439628484,25.174825174825177,3.4482758620689653,17.35127635255745,,,,5.492730210016155,6.8493150684931505,6.103193396330803,63.63636363636363,8.797653958944283,31.671554252199414,,10.557184750733137,Average,Poor,Below Average,Poor,Poor,2025-26
1630695,Micah Potter,Micah,1610612754,IND,28.0,47,11,36,0.234,908.3166666666667,114.8,175,0.193,0.293,22,0.148,15,0.3,353.0,268.0,262.0,1116.0,2.43,2.4326522283177137,320,406,472,504,298,381,186,70,77,334,443,251,123,295,265,263,321,292,46,297,215,82,46,0,71,162,4,5,9,0.444,0.556,9,43,51,33,52,0.173,0.827,0.981,0.635,1630695,Micah Potter,,,1918.6,7.614213197969544,75.54012345679013,36.734693877551024,38.66840195845212,27.016129032258064,25.0,25.806451612903224,9.287925696594428,10.48951048951049,0.0,7.386498949966443,,,,22.294022617124394,28.08219178082192,24.898698740788284,58.35777126099707,52.19941348973607,7.038123167155426,,65.6891495601173,Average,Average,Poor,Poor,Average,2025-26
1629008,Michael Porter Jr.,Michael,1610612751,BKN,28.0,52,14,38,0.269,1688.6033333333332,119.6,298,0.188,0.292,55,0.217,13,0.086,625.0,521.0,632.0,1932.0,2.12,2.1173328145044605,286,374,491,473,137,509,62,78,80,142,209,272,425,458,441,509,481,307,52,162,96,66,97,0,37,82,16,15,31,0.516,0.484,15,20,35,29,35,0.429,0.571,1.0,0.829,1629008,Michael Porter Jr.,0.3530096153846154,0.12848397435897438,3343.8,6.598984771573605,44.058641975308646,17.142857142857153,22.345832885701757,11.021505376344086,18.939393939393938,15.772238514173996,25.077399380804955,33.56643356643357,0.0,21.77921150057373,22.274422622837957,62.35748598921913,42.315954306028544,42.16478190630048,12.32876712328767,28.738575253944717,7.038123167155426,24.926686217008797,45.45454545454545,30.545454545454547,72.43401759530792,Poor,Below Average,Average,Below Average,Above Average,2025-26
1628969,Mikal Bridges,Mikal,1610612752,NYK,29.0,82,53,29,0.646,2691.935,112.0,233,0.085,0.126,107,0.242,62,0.282,964.0,762.0,828.0,2492.0,9.25,9.249261816323044,1,19,379,132,6,252,112,459,482,11,147,39,142,576,566,569,555,17,81,429,277,152,183,1,23,50,18,21,39,0.462,0.538,0,43,43,9,43,0.0,1.0,1.0,0.209,1628969,Mikal Bridges,0.32979634464751956,0.13862924281984335,5399.5,31.472081218274113,22.453703703703702,48.16326530612244,32.48844511013655,35.3494623655914,51.515151515151516,45.048875855327466,51.702786377708975,69.93006993006993,3.4482758620689653,46.01870799212531,36.238727448329726,54.71992021778941,45.47932383305957,31.663974151857836,28.08219178082192,30.052172084891673,33.137829912023456,85.63049853372434,91.78885630498533,36.72727272727273,75.366568914956,Below Average,Above Average,Elite,Below Average,Above Average,2025-26
201144,Mike Conley,Mike,1610612750,MIN,38.0,54,33,21,0.611,991.2983333333333,112.1,75,0.074,0.113,35,0.192,14,0.131,324.0,261.0,301.0,1090.0,3.38,3.375310386160202,266,175,262,165,280,254,350,516,526,259,294,261,318,277,258,296,316,235,52,112,62,50,69,0,17,41,9,11,20,0.45,0.55,0,8,8,4,8,0.0,1.0,1.0,0.5,201144,Mike Conley,0.28241721854304636,0.12151986754966887,2043.5,7.1065989847715745,76.5432098765432,47.75510204081634,41.57153856090284,6.451612903225806,12.878787878787879,10.307917888563049,16.408668730650156,19.58041958041958,0.0,13.416614345406916,64.7403792311173,67.60020815083423,66.17029369097577,6.138933764135703,4.10958904109589,5.225728638767787,66.56891495601172,12.023460410557185,19.794721407624632,79.27272727272727,6.744868035190615,Average,Poor,Below Average,Above Average,Poor,2025-26
1628970,Miles Bridges,Miles,1610612766,CHA,28.0,77,42,35,0.545,2387.2316666666666,114.8,375,0.155,0.228,46,0.136,34,0.152,848.0,690.0,778.0,2608.0,6.29,6.286728738882609,37,87,459,258,26,376,35,150,179,196,473,113,278,547,541,561,560,85,77,456,250,206,99,0,48,123,26,14,40,0.65,0.35,5,38,43,23,43,0.116,0.884,1.0,0.535,1628970,Miles Bridges,0.2926984126984127,0.14663756613756615,4785.6,17.258883248730964,17.978395061728396,36.734693877551024,22.37966504048508,31.72043010752688,71.96969696969697,55.86999022482893,25.696594427244584,27.27272727272727,0.0,19.824092316352377,58.55556663914728,48.691090493480324,53.6233285663138,54.60420032310178,24.65753424657534,41.12820058866488,7.331378299120235,94.72140762463343,39.002932551319645,56.00000000000001,87.3900293255132,Poor,Elite,Below Average,Average,Above Average,2025-26
1630540,Miles McBride,Miles,1610612752,NYK,25.0,41,25,16,0.61,1080.035,110.4,76,0.068,0.104,35,0.184,9,0.107,312.0,304.0,299.0,956.0,4.17,4.168162140747495,356,243,202,168,266,175,348,535,543,259,316,315,378,265,297,294,286,181,41,174,103,71,75,0,19,44,11,9,20,0.55,0.45,0,12,11,1,12,0.0,1.0,0.917,0.083,1630540,Miles McBride,0.28179927007299266,0.1236094890510949,2129.3,4.568527918781726,81.71296296296296,54.69387755102038,44.10041759230482,11.96236559139785,20.833333333333336,17.284946236559144,18.26625386996904,19.58041958041958,0.0,14.159648401134469,65.11211576493055,66.02709830991752,65.56960703742403,6.30048465266559,6.8493150684931505,6.547458339787992,75.95307917888563,29.91202346041056,22.28739002932551,78.54545454545455,11.436950146627565,Above Average,Below Average,Below Average,Above Average,Poor,2025-26
1629011,Mitchell Robinson,Mitchell,1610612752,NYK,28.0,60,40,20,0.667,1174.5016666666668,109.9,273,0.227,0.347,56,0.267,70,0.598,403.0,306.0,354.0,1038.0,4.73,4.727306978754247,214,110,251,106,241,155,77,29,31,137,102,29,16,320,301,329,302,153,60,259,161,98,127,0,146,332,20,12,32,0.625,0.375,84,74,157,127,158,0.532,0.468,0.994,0.804,1629011,Mitchell Robinson,0.27852411575562697,0.1227234726688103,2301.6,35.53299492385787,78.5493827160494,56.73469387755099,55.889155389548186,19.758064516129032,31.060606060606062,26.53958944281525,34.36532507739938,34.26573426573427,0.0,25.739137023966748,67.08233589272722,66.69410957929533,66.88822273601127,38.12600969305331,49.31506849315068,43.16108615309713,95.89442815249268,54.83870967741935,59.2375366568915,81.45454545454545,88.85630498533725,Elite,Average,Average,Above Average,Above Average,2025-26
1642885,Mohamed Diawara,Mohamed,1610612752,NYK,21.0,69,42,27,0.609,634.1516666666666,106.7,79,0.125,0.18,17,0.16,6,0.115,204.0,180.0,162.0,564.0,3.19,3.185086683546262,118,87,352,169,356,81,344,256,300,372,402,375,359,208,217,201,208,247,46,72,44,28,28,0,9,20,3,2,5,0.6,0.4,2,9,11,2,11,0.182,0.818,1.0,0.182,1642885,Mohamed Diawara,,,1260.8,3.0456852791878175,96.83641975308642,69.79591836734691,52.5600006170921,4.032258064516129,4.545454545454546,4.3401759530791795,3.7151702786377707,6.993006993006993,0.0,3.933620559007556,,,,6.78513731825525,4.794520547945205,5.88935977161573,93.54838709677419,2.346041055718475,2.932551319648094,,9.67741935483871,Elite,Poor,Poor,Poor,Poor,2025-26
1630541,Moses Moody,Moses,1610612744,GSW,24.0,60,30,30,0.5,1539.8983333333333,108.9,149,0.092,0.142,58,0.195,34,0.246,627.0,490.0,527.0,1604.0,6.74,6.735353388123433,214,196,395,303,158,124,230,420,430,123,286,113,179,460,425,453,421,77,59,216,140,76,145,3,11,26,20,23,43,0.465,0.535,1,28,29,10,29,0.034,0.966,1.0,0.345,1630541,Moses Moody,0.30178635014836797,0.12343323442136499,3173.0,17.258883248730964,56.71296296296296,60.81632653061221,41.957171969182475,16.93548387096774,22.727272727272727,20.41055718475073,39.93808049535604,35.66433566433567,10.344827586206897,31.043956577211624,53.0885762170102,66.15978640311813,59.624181310064166,18.093699515347332,17.80821917808219,17.96523336357802,68.62170087976538,41.64222873900293,74.48680351906158,65.81818181818181,43.6950146627566,Average,Average,Above Average,Average,Average,2025-26
1631243,Mouhamed Gueye,Mouhamed,1610612737,ATL,23.0,77,44,33,0.571,1178.8366666666666,110.1,186,0.151,0.243,61,0.252,39,0.339,408.0,393.0,358.0,1168.0,4.64,4.64358103289681,37,67,435,210,237,165,167,160,146,108,125,93,97,323,359,331,333,160,76,274,169,105,139,2,58,139,12,13,25,0.48,0.52,15,49,64,37,64,0.234,0.766,1.0,0.578,1631243,Mouhamed Gueye,0.26149,0.10729,2429.3,19.796954314720814,73.53395061728395,55.918367346938794,47.6352562786724,20.833333333333336,33.71212121212121,28.560606060606062,38.080495356037154,37.76223776223776,6.896551724137931,30.173119290232563,77.32947372773127,78.3127437282339,77.82110872798259,24.07108239095315,32.19178082191781,27.72539668488725,85.04398826979472,61.29032258064516,71.5542521994135,93.45454545454545,71.26099706744868,Above Average,Average,Above Average,Elite,Above Average,2025-26
1631217,Moussa Diabaté,Moussa,1610612766,CHA,24.0,73,40,33,0.548,1898.9566666666667,111.5,362,0.191,0.285,56,0.197,72,0.465,709.0,539.0,564.0,1988.0,6.79,6.7858321469344265,78,110,435,253,97,228,38,73,85,137,280,26,55,496,453,473,494,75,73,560,379,181,97,0,215,512,28,10,38,0.737,0.263,102,77,175,119,179,0.57,0.43,0.978,0.665,1631217,Moussa Diabaté,0.340468253968254,0.15152645502645504,3757.7,36.54822335025381,41.898148148148145,50.20408163265305,41.83466160011663,49.05913978494624,62.5,57.123655913978496,25.077399380804955,34.26573426573427,0.0,22.023966745328977,29.818874058751483,45.01063486215614,37.41475446045381,52.50403877221325,51.369863013698634,51.99365968088168,67.15542521994135,96.18768328445748,46.62756598240469,20.727272727272727,93.841642228739,Average,Elite,Average,Below Average,Elite,2025-26
1626167,Myles Turner,Myles,1610612749,MIL,30.0,71,30,41,0.423,1911.8033333333333,115.8,303,0.152,0.228,50,0.167,115,0.599,700.0,532.0,658.0,1726.0,4.51,4.509536210573479,98,196,515,373,93,417,58,158,181,176,375,8,15,492,449,518,446,167,71,573,433,140,124,0,121,293,11,12,23,0.478,0.522,15,82,97,49,97,0.155,0.845,1.0,0.505,1626167,Myles Turner,0.3706381766381766,0.17649002849002848,3905.4,58.37563451776649,52.00617283950617,32.6530612244898,49.7156796070562,56.31720430107527,46.96969696969697,50.70869990224829,33.43653250773993,30.069930069930066,0.0,23.899088527571497,11.669686833228152,26.217545753341227,18.94361629328469,42.972536348949916,54.794520547945204,48.292429238497796,89.14956011730204,90.9090909090909,54.252199413489734,3.272727272727273,92.66862170087975,Above Average,Elite,Average,Poor,Elite,2025-26
1641772,Nae'Qwan Tomlin,Nae'Qwan,1610612739,CLE,25.0,64,42,22,0.656,1003.6383333333333,110.7,100,0.094,0.147,41,0.197,34,0.276,384.0,297.0,328.0,862.0,3.82,3.8215648607346786,180,87,279,125,279,193,311,407,403,227,281,113,146,309,293,310,268,201,60,171,91,80,113,0,29,70,12,8,20,0.6,0.4,13,23,36,21,36,0.361,0.639,1.0,0.583,1641772,Nae'Qwan Tomlin,0.2283289124668435,0.10344297082228116,2070.7,17.258883248730964,85.3395061728395,53.46938775510202,50.139727398761714,10.349462365591398,24.242424242424242,18.685239491691103,30.030959752321984,23.776223776223777,0.0,20.334062222607116,97.27804279851729,81.20886604207558,89.24345442029644,10.177705977382875,14.383561643835616,12.07034102728661,89.73607038123167,37.24340175953079,39.589442815249264,98.18181818181819,28.152492668621704,Above Average,Below Average,Below Average,Elite,Below Average,2025-26
1630230,Naji Marshall,Naji,1610612742,DAL,28.0,74,25,49,0.338,2183.74,114.3,283,0.12,0.186,82,0.239,6,0.029,798.0,681.0,692.0,2608.0,6.1,6.0999052142001355,70,243,559,418,56,356,70,279,281,53,150,375,519,533,535,529,560,90,74,292,145,147,138,0,26,57,15,19,34,0.441,0.559,6,30,36,19,36,0.167,0.833,1.0,0.528,1630230,Naji Marshall,0.32711046511627906,0.1414767441860465,4599.1,3.0456852791878175,17.978395061728396,38.775510204081634,17.204589934300472,17.607526881720432,49.621212121212125,36.81573802541545,37.77089783281733,52.44755244755245,0.0,33.46500248977029,37.85446014380268,52.5762629008346,45.215361522318645,39.74151857835218,19.17808219178082,30.48797220439507,1.7595307917888565,75.95307917888563,78.59237536656892,36.0,75.95307917888563,Poor,Above Average,Above Average,Below Average,Above Average,2025-26
1629675,Naz Reid,Naz,1610612750,MIN,26.0,77,46,31,0.597,2007.35,109.9,387,0.187,0.285,76,0.201,78,0.335,685.0,587.0,548.0,2046.0,8.11,8.107400446150715,37,52,412,183,76,148,29,81,86,61,265,21,99,486,490,462,502,42,76,440,270,170,129,4,46,113,17,20,37,0.459,0.541,8,55,61,36,63,0.127,0.873,0.968,0.571,1629675,Naz Reid,0.3411946666666667,0.162928,4100.4,39.59390862944163,39.660493827160494,56.73469387755099,43.90240976067057,34.40860215053764,58.333333333333336,48.763440860215056,34.984520123839005,48.25174825174825,13.793103448275861,34.330195799716456,29.381889177791425,36.42731841594896,32.90460379687019,56.54281098546042,36.3013698630137,47.434162480359404,74.7800586510264,89.14956011730204,80.05865102639295,14.545454545454545,91.49560117302052,Above Average,Above Average,Above Average,Poor,Elite,2025-26
1629674,Neemias Queta,Neemias,1610612738,BOS,26.0,76,52,24,0.684,1926.2066666666667,105.6,406,0.194,0.286,60,0.203,100,0.483,557.0,546.0,487.0,1452.0,10.12,10.120332168842976,54,24,309,92,91,60,24,65,84,112,260,12,47,413,462,425,396,10,76,591,433,158,127,0,276,672,14,8,22,0.636,0.364,55,102,157,91,157,0.35,0.65,1.0,0.58,1629674,Neemias Queta,0.2986989247311828,0.14486559139784946,3705.1,50.76142131979695,62.57716049382716,74.2857142857143,60.77800327218686,56.31720430107527,53.78787878787878,54.79960899315738,34.36532507739938,37.06293706293706,0.0,26.718158002987725,54.945865098867195,50.0250693499392,52.485467224403195,59.61227786752828,68.4931506849315,63.60867063535973,98.53372434017595,93.54838709677419,63.63636363636363,53.090909090909086,97.0674486803519,Elite,Elite,Average,Average,Elite,2025-26
1629651,Nic Claxton,Nic,1610612751,BKN,27.0,69,17,52,0.246,1920.3666666666666,120.3,310,0.167,0.265,45,0.16,77,0.393,770.0,618.0,764.0,2226.0,2.02,2.0242836642212296,118,334,566,493,92,516,56,120,112,200,403,22,76,524,512,555,531,319,69,501,327,174,117,0,200,489,18,9,27,0.667,0.333,39,46,84,66,85,0.459,0.541,0.988,0.776,1629651,Nic Claxton,0.3254240687679083,0.15641833810888253,3824.2,39.08629441624365,32.71604938271605,14.285714285714285,30.65656362187665,42.06989247311828,59.84848484848485,52.73704789833822,31.269349845201237,26.573426573426573,0.0,21.808439238779798,38.868938152177975,41.32792514064481,40.09843164641139,44.103392568659125,30.136986301369863,37.81850974837896,27.27272727272727,92.66862170087975,46.04105571847507,25.09090909090909,85.04398826979472,Below Average,Elite,Average,Below Average,Above Average,2025-26
1630208,Nick Richards,Nick,1610612741,CHI,28.0,48,20,28,0.417,700.71,117.2,166,0.221,0.352,10,0.085,32,0.405,325.0,267.0,224.0,816.0,1.33,1.3328645459644652,310,302,364,374,342,460,194,37,24,428,544,123,73,279,262,244,256,379,47,194,142,52,31,0,89,206,6,2,8,0.75,0.25,14,27,40,32,41,0.341,0.659,0.976,0.78,1630208,Nick Richards,,,1443.7,16.243654822335024,87.1141975308642,26.93877551020406,43.72212494228749,17.20430107526882,13.636363636363635,15.063538611925708,4.643962848297214,2.097902097902098,0.0,2.5918508735846197,,,,20.84006462035541,17.123287671232877,19.167514993250272,74.19354838709677,22.58064516129032,1.3196480938416422,,47.50733137829912,Above Average,Below Average,Poor,Poor,Average,2025-26
1629638,Nickeil Alexander-Walker,Nickeil,1610612737,ATL,27.0,78,43,35,0.551,2603.1766666666667,112.0,216,0.079,0.122,102,0.208,42,0.169,934.0,809.0,869.0,2858.0,8.97,8.966060700215634,28,75,459,245,14,251,131,492,493,20,235,81,260,572,574,575,578,24,78,259,177,82,271,4,40,88,28,30,58,0.483,0.517,1,37,37,15,38,0.026,0.974,0.974,0.395,1629638,Nickeil Alexander-Walker,0.38391022443890277,0.16594513715710724,5487.3,21.31979695431472,8.333333333333332,48.16326530612244,23.485401774923165,21.908602150537636,25.0,23.763440860215056,78.94736842105263,66.43356643356644,13.793103448275861,58.278971482238276,3.685679613958341,34.15595580314952,18.92081770855393,28.91760904684976,23.972602739726025,26.692356208644078,9.090909090909092,47.80058651026393,97.36070381231671,2.5454545454545454,68.62170087976538,Poor,Average,Elite,Poor,Average,2025-26
201587,Nicolas Batum,Nicolas,1610612746,LAC,37.0,74,39,35,0.527,1294.595,113.8,161,0.119,0.199,47,0.195,23,0.158,475.0,403.0,420.0,1320.0,3.82,3.8151915311975952,70,118,459,283,217,332,203,284,246,191,288,182,273,367,366,381,367,201,68,214,125,89,93,0,18,39,7,12,19,0.368,0.632,1,17,17,8,18,0.056,0.944,0.944,0.444,201587,Nicolas Batum,0.3020700808625337,0.11874123989218328,2583.2,11.6751269035533,67.66975308641975,40.816326530612244,38.55854597432129,14.919354838709678,27.65151515151515,22.558651026392962,23.8390092879257,27.972027972027973,0.0,19.32581350538007,52.91789358353568,69.69201593001864,61.304954756777164,20.032310177705977,10.273972602739725,15.641058268971165,57.18475073313783,45.45454545454545,37.82991202346041,69.0909090909091,38.41642228739003,Average,Average,Below Average,Average,Below Average,2025-26
203999,Nikola Jokić,Nikola,1610612743,DEN,31.0,65,43,22,0.662,2264.855,115.3,644,0.27,0.4,92,0.271,53,0.299,810.0,591.0,734.0,2374.0,5.7,5.704173223753863,166,75,279,119,43,402,2,9,11,28,93,53,126,538,493,545,544,103,65,389,255,134,177,1,221,513,22,16,38,0.579,0.421,38,109,146,117,147,0.259,0.741,1.0,0.801,203999,Nikola Jokić,0.3877387387387387,0.18675975975975978,4707.9,26.903553299492383,27.00617283950617,34.69387755102041,28.887051201379215,32.39247311827957,44.696969696969695,39.775171065493645,49.84520123839009,59.44055944055944,3.4482758620689653,41.60434526506908,1.3825771637625681,18.486281831640813,9.934429497701691,98.06138933764136,73.28767123287672,86.91321619049728,22.28739002932551,80.05865102639295,89.44281524926686,0.7272727272727273,99.41348973607037,Below Average,Above Average,Above Average,Poor,Elite,2025-26
1631107,Nikola Jović,Nikola,1610612748,MIA,23.0,47,24,23,0.511,808.0183333333333,110.1,128,0.137,0.218,26,0.157,17,0.221,333.0,314.0,277.0,896.0,3.28,3.2833182401641894,320,252,289,295,326,163,257,209,201,308,417,233,203,284,307,275,275,241,42,192,126,66,41,1,10,24,4,4,8,0.5,0.5,3,18,21,13,21,0.143,0.857,1.0,0.619,1631107,Nikola Jović,,,1727.6,8.629441624365482,84.02777777777779,55.918367346938794,46.84109070870311,15.053763440860216,18.939393939393938,17.385141739980448,7.739938080495357,13.286713286713287,3.4482758620689653,8.608393848065035,,,,14.70113085621971,10.95890410958904,13.017128820235909,83.57771260997067,30.791788856304986,8.797653958944283,,31.085043988269796,Above Average,Below Average,Poor,Poor,Below Average,2025-26
202696,Nikola Vučević,Nikola,1610612738,BOS,35.0,64,35,29,0.547,1818.1183333333333,114.8,412,0.211,0.305,39,0.161,41,0.238,623.0,541.0,572.0,1954.0,5.02,5.015710399495819,180,162,379,255,111,378,21,46,61,239,399,85,187,456,456,479,487,136,64,502,335,167,90,1,144,311,11,6,17,0.647,0.353,25,102,125,90,127,0.197,0.803,0.984,0.709,202696,Nikola Vučević,0.3595552147239264,0.1736717791411043,3754.1,20.812182741116754,43.20987654320987,36.734693877551024,32.63200335595791,43.145161290322584,57.1969696969697,51.57624633431085,22.910216718266255,22.377622377622377,3.4482758620689653,17.858323484991576,18.336815317306158,28.339181552898363,23.33799843510226,60.58158319870759,68.4931506849315,64.14178856750836,33.724340175953074,91.78885630498533,33.724340175953074,5.454545454545454,97.65395894428153,Below Average,Elite,Below Average,Poor,Elite,2025-26
1642363,Nique Clifford,Nique,1610612758,SAC,24.0,75,21,54,0.28,1881.925,115.8,217,0.115,0.176,68,0.219,24,0.125,718.0,595.0,560.0,1896.0,4.4,4.396529625800659,60,292,572,461,99,418,130,306,319,80,202,173,331,503,499,470,473,171,75,323,166,157,143,9,29,67,10,16,26,0.385,0.615,3,18,21,15,21,0.143,0.857,1.0,0.714,1642363,Nique Clifford,0.3330543209876543,0.15440493827160492,3843.3,12.18274111675127,45.44753086419753,32.6530612244898,28.942997555292088,20.43010752688172,53.40909090909091,40.21749755620723,39.318885448916404,42.65734265734265,31.03448275862069,38.41624479929166,34.278841000480824,42.84365375252982,38.56124737650532,29.079159935379646,10.95890410958904,20.925044813773873,22.58064516129032,81.23167155425219,85.33724340175954,21.454545454545453,53.3724340175953,Below Average,Above Average,Above Average,Below Average,Average,2025-26
1641730,Noah Clowney,Noah,1610612751,BKN,21.0,66,17,49,0.258,1780.0633333333333,118.3,221,0.128,0.2,50,0.185,45,0.266,710.0,566.0,675.0,1982.0,2.88,2.883925699546752,157,334,559,482,117,485,126,245,241,176,315,73,157,497,475,523,492,269,66,414,261,153,108,4,25,58,10,15,25,0.4,0.6,2,35,37,20,37,0.054,0.946,1.0,0.541,1641730,Noah Clowney,0.37817948717948724,0.17502279202279203,3547.9,22.84263959390863,42.129629629629626,22.448979591836736,29.494671105893,33.19892473118279,51.89393939393939,44.41593352883675,28.482972136222912,30.069930069930066,13.793103448275861,25.365940241033652,7.133093934483068,27.32211140027126,17.227602667377166,29.72536348949919,22.602739726027394,26.520182795936883,24.34017595307918,84.75073313782991,58.65102639296188,2.181818181818182,68.03519061583577,Below Average,Above Average,Average,Poor,Average,2025-26
1642869,Noah Penda,Noah,1610612753,ORL,21.0,59,30,29,0.508,757.275,113.4,120,0.159,0.242,30,0.246,18,0.257,302.0,220.0,221.0,788.0,2.29,2.2907030551590317,225,196,379,299,333,307,271,136,147,286,138,224,166,258,241,242,248,299,51,134,90,44,60,0,20,44,8,13,21,0.381,0.619,9,14,23,19,23,0.391,0.609,1.0,0.826,1642869,Noah Penda,,,1548.2,9.137055837563452,88.19444444444444,42.4489795918367,45.13512278854011,10.21505376344086,10.606060606060606,10.449657869012707,13.622291021671826,16.083916083916083,0.0,11.07828703803936,,,,13.408723747980615,8.21917808219178,11.07342819837564,78.88563049853371,12.609970674486803,14.95601173020528,,25.513196480938415,Above Average,Poor,Poor,Poor,Below Average,2025-26
1642849,Nolan Traore,Nolan,1610612751,BKN,20.0,56,14,42,0.25,1243.3916666666667,118.8,85,0.073,0.114,45,0.228,23,0.197,490.0,370.0,458.0,1382.0,1.86,1.857237728167922,247,374,523,485,224,493,337,520,519,200,170,182,226,371,343,412,381,330,55,202,150,52,77,1,7,16,11,9,20,0.55,0.45,0,14,13,2,14,0.0,1.0,0.929,0.143,1642849,Nolan Traore,0.29620857142857143,0.11904571428571428,2470.9,11.6751269035533,65.27777777777779,20.408163265306122,32.61931379997007,18.27956989247312,13.636363636363635,15.493646138807428,18.885448916408667,26.573426573426573,3.4482758620689653,17.716947832780008,56.443975943939186,69.4628013739644,62.953388658951795,7.754442649434572,8.21917808219178,7.963573594175316,33.43108504398827,24.04692082111437,33.137829912023456,72.0,14.66275659824047,Below Average,Below Average,Below Average,Above Average,Poor,2025-26
1626181,Norman Powell,Norman,1610612748,MIA,33.0,58,29,29,0.5,1716.9366666666667,114.1,180,0.097,0.147,64,0.208,14,0.097,596.0,554.0,507.0,1914.0,4.86,4.863815488829638,230,203,379,303,130,350,177,380,405,94,234,261,401,437,467,439,477,144,57,134,63,71,150,0,15,34,9,21,30,0.3,0.7,0,19,18,11,19,0.0,1.0,0.947,0.579,1626181,Norman Powell,0.36757232704402515,0.15588364779874214,3684.6,7.1065989847715745,44.75308641975309,39.59183673469389,28.404179024495683,6.586021505376344,20.833333333333336,15.13440860215054,41.48606811145511,39.86013986013986,0.0,30.545476195630997,13.513996442447718,41.73045095125245,27.622223696850085,23.101777059773827,11.643835616438356,17.945703410272866,21.114369501466275,22.87390029325513,73.31378299120234,9.818181818181818,43.401759530791786,Below Average,Below Average,Above Average,Poor,Average,2025-26
1628384,OG Anunoby,OG,1610612752,NYK,28.0,67,45,22,0.672,2223.8716666666664,110.2,266,0.116,0.172,104,0.283,48,0.255,788.0,564.0,669.0,1956.0,8.88,8.880964281363356,147,60,279,105,52,168,82,300,328,16,81,68,167,530,472,520,488,26,67,465,262,203,184,3,20,48,20,23,43,0.465,0.535,6,68,74,46,74,0.081,0.919,1.0,0.622,1628384,OG Anunoby,0.3060512129380054,0.173911051212938,4482.4,24.36548223350254,43.132716049382715,55.51020408163263,38.72019453109312,33.33333333333333,70.83333333333334,55.83333333333334,52.012383900928796,67.83216783216784,10.344827586206897,47.132419198181985,50.522981531629576,28.1590526393122,39.34101708547089,36.995153473344104,45.20547945205479,40.68980016376391,58.65102639296188,94.42815249266863,92.96187683284457,23.636363636363637,86.80351906158357,Average,Elite,Elite,Below Average,Above Average,2025-26
1630534,Ochai Agbaji,Ochai,1610612751,BKN,26.0,62,28,34,0.452,973.2033333333334,109.0,95,0.096,0.146,24,0.153,17,0.187,382.0,267.0,227.0,930.0,4.25,4.246241941271328,201,216,449,357,284,129,321,392,409,322,430,233,235,308,262,246,285,179,57,195,124,71,69,0,13,29,7,5,12,0.583,0.417,0,12,12,3,12,0.0,1.0,1.0,0.25,1630534,Ochai Agbaji,,,1970.6,8.629441624365482,82.71604938271605,60.408163265306115,47.504434750023336,14.78494623655914,20.833333333333336,18.413978494623656,16.408668730650156,11.888111888111888,0.0,10.724306653099223,,,,9.36995153473344,6.8493150684931505,8.23566512492531,84.4574780058651,36.070381231671554,14.076246334310852,,16.422287390029325,Above Average,Below Average,Poor,Poor,Below Average,2025-26
1641765,Olivier-Maxence Prosper,Olivier-Maxence,1610612763,MEM,23.0,53,16,37,0.302,983.5916666666667,120.4,128,0.127,0.217,40,0.178,13,0.167,400.0,425.0,331.0,1140.0,1.02,1.0222770727345085,276,348,482,445,281,522,257,248,207,233,335,272,262,316,385,313,327,413,49,200,135,65,65,1,68,165,11,14,25,0.44,0.56,3,35,38,17,38,0.079,0.921,1.0,0.447,1641765,Olivier-Maxence Prosper,0.30248089171974524,0.12054140127388535,2049.2,6.598984771573605,74.6141975308642,13.87755102040813,32.223950799533945,16.263440860215052,18.560606060606062,17.641739980449657,15.170278637770899,23.076923076923077,3.4482758620689653,15.007103497548679,52.670763909277575,68.33681759249139,60.50379075088448,14.70113085621971,22.602739726027394,18.256854847633168,31.964809384164223,33.28445747800586,25.219941348973606,68.36363636363636,45.16129032258064,Below Average,Below Average,Below Average,Average,Average,2025-26
1630168,Onyeka Okongwu,Onyeka,1610612737,ATL,25.0,74,41,33,0.554,2296.9683333333332,111.3,422,0.178,0.268,82,0.175,79,0.376,850.0,651.0,757.0,2430.0,8.38,8.375985208676477,70,97,435,243,36,224,17,98,108,53,351,20,83,548,526,552,548,34,74,566,392,174,174,2,159,375,30,28,58,0.517,0.483,19,82,100,65,101,0.188,0.812,0.99,0.644,1630168,Onyeka Okongwu,0.3284207792207792,0.1619012987012987,4833.7,40.10152284263959,24.845679012345677,51.02040816326531,37.491698832193144,50.806451612903224,59.84848484848485,56.2316715542522,48.91640866873065,52.44755244755245,6.896551724137931,39.6473447551701,37.06622027103278,37.200240170231616,37.1332302206322,62.197092084006464,54.794520547945204,58.865934892778895,52.785923753665685,95.01466275659824,86.80351906158357,20.0,95.89442815249268,Average,Elite,Above Average,Below Average,Elite,2025-26
1642345,Oso Ighodaro,Oso,1610612756,PHX,23.0,82,45,37,0.549,1808.37,109.7,280,0.158,0.252,73,0.206,57,0.383,613.0,540.0,482.0,1758.0,7.38,7.375874216882346,1,60,482,251,112,141,73,141,137,69,246,45,80,449,454,423,452,60,82,434,318,116,172,0,251,622,18,13,31,0.581,0.419,19,57,76,44,76,0.25,0.75,1.0,0.579,1642345,Oso Ighodaro,0.32669270833333336,0.12116927083333333,3559.0,28.934010152284262,50.77160493827161,57.55102040816325,43.73142089134958,40.86021505376344,37.878787878787875,39.071358748778096,48.297213622291025,46.15384615384615,0.0,35.472731602762565,38.10576824794882,67.86414453562169,52.98495639178525,39.25686591276252,37.67123287671233,38.54333104653993,74.48680351906158,79.17888563049853,80.93841642228739,54.18181818181819,86.21700879765396,Above Average,Above Average,Above Average,Average,Above Average,2025-26
1631172,Ousmane Dieng,Ousmane,1610612749,MIL,23.0,57,33,24,0.579,1099.4716666666666,117.3,151,0.136,0.206,25,0.152,17,0.172,467.0,283.0,399.0,1060.0,2.11,2.1120881219816807,235,175,309,201,261,463,225,210,230,314,431,233,255,360,285,362,307,309,55,239,138,101,56,0,10,24,7,7,14,0.5,0.5,0,9,9,5,9,0.0,1.0,1.0,0.556,1631172,Ousmane Dieng,0.27275,0.11486363636363638,2232.1,8.629441624365482,77.7006172839506,26.53061224489796,37.2796457603534,16.666666666666664,32.196969696969695,25.984848484848484,12.38390092879257,12.587412587412588,0.0,9.359154777111435,70.55584522376678,72.61115524102199,71.58350023239439,18.416801292407108,4.794520547945205,12.286774957399253,51.61290322580645,52.49266862170088,10.850439882697946,87.27272727272727,29.03225806451613,Average,Average,Poor,Above Average,Below Average,2025-26
1629023,P.J. Washington,P.J.,1610612742,DAL,27.0,56,16,40,0.286,1735.62,114.4,310,0.162,0.253,55,0.198,60,0.299,606.0,544.0,535.0,2006.0,4.79,4.792752756793477,247,348,508,454,126,359,56,131,134,142,276,42,128,442,461,456,497,148,56,373,222,151,105,1,41,89,13,17,30,0.433,0.567,6,39,45,33,45,0.133,0.867,1.0,0.733,1629023,P.J. Washington,0.31414018691588785,0.16150778816199376,3657.6,30.456852791878177,41.2037037037037,38.367346938775476,36.195874147741435,27.956989247311824,51.13636363636363,41.86461388074291,27.55417956656347,33.56643356643357,3.4482758620689653,23.63199254039438,45.65693315645981,37.49648295939827,41.57670805792904,44.103392568659125,25.34246575342466,35.66097550180362,49.266862170087975,82.40469208211144,52.49266862170088,28.363636363636363,81.81818181818183,Average,Above Average,Average,Below Average,Above Average,2025-26
1631094,Paolo Banchero,Paolo,1610612753,ORL,23.0,72,38,34,0.528,2501.685,114.1,519,0.204,0.306,51,0.117,40,0.164,895.0,689.0,875.0,2640.0,6.99,6.992079837564306,84,128,449,281,20,354,8,52,58,168,516,89,266,560,540,576,563,73,72,449,268,181,88,0,68,152,25,11,36,0.694,0.306,3,41,44,31,44,0.068,0.932,1.0,0.705,1631094,Paolo Banchero,0.3554116022099447,0.17716022099447515,5132.6,20.304568527918782,16.743827160493826,39.59183673469389,23.880126101013825,34.13978494623656,62.5,51.155913978494624,22.291021671826623,30.76923076923077,0.0,19.68563943796142,20.829470009498884,25.713011117124,23.271240563311444,77.86752827140549,26.71232876712329,54.847688494478504,9.970674486803519,91.20234604105572,38.12316715542522,5.090909090909091,95.01466275659824,Poor,Elite,Below Average,Poor,Elite,2025-26
1627783,Pascal Siakam,Pascal,1610612754,IND,32.0,62,17,45,0.274,2056.6516666666666,117.2,322,0.151,0.234,69,0.233,25,0.123,742.0,679.0,582.0,2370.0,4.0,4.002614662829365,201,334,541,467,70,457,49,159,161,78,163,167,342,513,534,483,543,191,62,360,237,123,141,0,47,114,21,14,35,0.6,0.4,6,54,59,29,60,0.1,0.9,0.983,0.483,1627783,Pascal Siakam,0.33850140845070426,0.1697323943661972,4275.4,12.690355329949238,27.160493827160494,26.93877551020406,21.31700884903688,29.973118279569892,40.53030303030303,36.30742913000977,38.69969040247678,43.35664335664335,0.0,30.654701335815886,31.00206063606672,31.304831050826465,31.15344584344659,46.04200323101777,35.61643835616438,41.35049903733375,5.571847507331378,74.7800586510264,73.90029325513197,12.363636363636363,87.68328445747801,Poor,Above Average,Above Average,Poor,Above Average,2025-26
1630311,Pat Spencer,Pat,1610612744,GSW,29.0,66,30,36,0.455,1228.9266666666667,115.6,107,0.091,0.143,48,0.198,5,0.051,530.0,397.0,381.0,1338.0,2.93,2.9299422400413953,157,196,472,352,227,410,294,422,418,187,273,397,494,393,364,346,370,261,58,130,68,62,74,0,10,25,14,12,26,0.538,0.462,0,8,8,3,8,0.0,1.0,1.0,0.375,1630311,Pat Spencer,0.3160491803278689,0.08224043715846995,2442.0,2.5380710659898478,66.9753086419753,33.469387755102055,32.82393338986281,7.258064516129033,17.424242424242426,13.357771260997069,17.956656346749224,28.671328671328673,0.0,17.217627573664725,44.508548414961126,97.17056740098087,70.839557907971,11.308562197092083,4.10958904109589,8.069024276893796,34.60410557184751,17.888563049853374,31.085043988269796,85.45454545454545,15.249266862170089,Below Average,Below Average,Below Average,Above Average,Below Average,2025-26
1630172,Patrick Williams,Patrick,1610612741,CHI,24.0,72,24,48,0.333,1473.78,114.8,166,0.106,0.159,49,0.188,26,0.179,609.0,470.0,549.0,1712.0,3.91,3.9086698710158045,84,252,552,419,168,377,194,346,361,182,308,157,244,446,411,465,444,195,69,249,143,106,101,0,27,62,9,15,24,0.375,0.625,4,51,54,24,55,0.073,0.927,0.982,0.436,1630172,Patrick Williams,0.3188404255319149,0.12928989361702128,3123.8,13.19796954314721,52.54629629629629,36.734693877551024,32.85406499035034,17.338709677419356,34.090909090909086,27.390029325513193,26.31578947368421,29.37062937062937,0.0,20.806036069193965,42.829431356730204,61.75077347455908,52.29010241564464,20.84006462035541,33.56164383561644,26.56477526722287,34.89736070381232,57.478005865102645,41.935483870967744,52.72727272727272,68.32844574780059,Below Average,Average,Average,Average,Average,2025-26
1630194,Paul Reed,Paul,1610612765,DET,27.0,65,47,18,0.723,900.6283333333333,104.4,164,0.176,0.275,57,0.258,60,0.458,335.0,269.0,292.0,820.0,5.1,5.09884351048471,166,44,225,72,303,49,199,103,100,130,115,42,57,285,266,286,257,130,63,306,218,88,123,1,105,256,20,10,30,0.667,0.333,14,34,48,34,48,0.292,0.708,1.0,0.708,1630194,Paul Reed,,,1839.0,30.456852791878177,86.95987654320987,79.18367346938771,62.41461627422165,27.419354838709676,27.27272727272727,27.33137829912023,33.126934984520126,34.96503496503497,3.4482758620689653,26.350605197087532,,,,20.516962843295637,21.91780821917808,21.14734326244274,99.41348973607037,57.18475073313783,61.87683284457478,,53.95894428152492,Elite,Average,Average,Poor,Average,2025-26
1630202,Payton Pritchard,Payton,1610612738,BOS,28.0,79,54,25,0.684,2555.5233333333335,112.1,243,0.09,0.137,58,0.154,10,0.04,786.0,774.0,727.0,2158.0,8.62,8.624178277715245,25,13,326,93,16,255,100,426,445,123,424,300,505,529,569,541,521,31,76,133,41,92,109,2,22,51,25,19,44,0.568,0.432,3,28,31,9,32,0.094,0.875,1.0,0.29,1630202,Payton Pritchard,0.33325558312655085,0.16819851116625312,4935.8,5.0761421319796955,35.339506172839506,47.75510204081634,26.33805952348979,3.6290322580645165,28.78787878787879,18.72434017595308,28.792569659442723,35.66433566433567,6.896551724137931,25.72368327732906,34.15776862385574,32.459569722400325,33.30866917312803,33.2794830371567,17.80821917808219,26.317414300573173,14.076246334310852,37.82991202346041,58.94428152492669,15.272727272727273,67.74193548387096,Poor,Below Average,Average,Below Average,Average,2025-26
1641796,Pelle Larsson,Pelle,1610612748,MIA,25.0,70,38,32,0.543,1849.1433333333334,113.3,175,0.088,0.132,49,0.147,16,0.1,606.0,576.0,503.0,2052.0,5.67,5.666186497686532,105,128,424,262,106,305,186,435,465,182,448,243,392,442,483,435,504,105,70,330,195,135,124,12,14,33,8,8,16,0.5,0.5,8,30,36,21,38,0.211,0.789,0.947,0.553,1641796,Pelle Larsson,0.33698575498575495,0.14472934472934473,3951.4,8.121827411167512,39.42901234567901,42.857142857142854,27.763170999740375,24.327956989247312,45.07575757575758,36.776637341153474,33.43653250773993,29.37062937062937,41.37931034482759,33.99916086902315,31.913825601636276,50.12763863096481,41.02073211630054,22.294022617124394,19.17808219178082,20.891849425719787,19.941348973607038,75.65982404692082,79.76539589442815,26.90909090909091,52.49266862170088,Below Average,Above Average,Above Average,Below Average,Average,2025-26
1631250,Pete Nance,Pete,1610612749,MIL,26.0,47,14,33,0.298,737.0983333333334,117.4,98,0.135,0.211,14,0.123,14,0.25,294.0,218.0,215.0,712.0,1.37,1.3703454178361414,320,374,435,447,335,465,316,222,217,399,502,261,170,254,239,236,238,374,41,136,92,44,32,0,30,69,6,3,9,0.667,0.333,3,11,14,9,14,0.214,0.786,1.0,0.643,1631250,Pete Nance,,,1453.1,7.1065989847715745,91.12654320987654,26.122448979591802,41.26754196226337,10.483870967741936,10.606060606060606,10.557184750733139,4.953560371517028,4.895104895104895,0.0,3.6947108618935243,,,,9.8546042003231,6.164383561643835,8.194004912917432,65.98240469208211,12.903225806451612,2.6392961876832843,,16.129032258064516,Average,Poor,Poor,Poor,Below Average,2025-26
1631212,Peyton Watson,Peyton,1610612743,DEN,23.0,54,36,18,0.667,1597.7583333333334,117.6,215,0.127,0.201,50,0.219,61,0.386,541.0,502.0,505.0,1690.0,2.9,2.904698128350076,266,151,225,106,148,471,134,251,240,176,203,40,79,404,428,437,439,264,54,331,206,125,85,3,30,76,17,18,35,0.486,0.514,3,9,12,11,12,0.25,0.75,1.0,0.917,1631212,Peyton Watson,0.30853254437869826,0.13532544378698225,3247.6,30.96446700507614,53.39506172839506,25.3061224489796,37.40058901921363,25.806451612903224,41.28787878787879,35.09530791788856,21.36222910216718,30.069930069930066,10.344827586206897,21.65557406189412,49.03029792821391,57.20708775863744,53.11869284342568,28.75605815831987,4.794520547945205,17.973366233651273,52.49266862170088,73.31378299120234,45.16129032258064,54.54545454545454,43.988269794721404,Average,Above Average,Average,Average,Average,2025-26
1630173,Precious Achiuwa,Precious,1610612758,SAC,26.0,73,20,53,0.274,1745.185,118.1,315,0.18,0.276,65,0.238,50,0.323,633.0,566.0,596.0,1920.0,2.91,2.9076366697428115,78,302,568,469,125,483,53,93,96,92,152,60,111,466,475,494,479,263,73,407,255,152,127,3,65,151,27,10,37,0.73,0.27,35,27,62,46,62,0.565,0.435,1.0,0.742,1630173,Precious Achiuwa,0.30101295336787565,0.12929274611398964,3555.2,25.380710659898476,44.5216049382716,23.26530612244899,31.5511725229667,32.39247311827957,51.515151515151516,43.86608015640273,34.36532507739938,40.55944055944056,10.344827586206897,30.52814112331567,53.55382510486252,61.748626056450576,57.65122558065654,44.91114701130856,17.123287671232877,32.4066103082745,29.32551319648094,84.1642228739003,72.72727272727273,61.81818181818181,78.2991202346041,Below Average,Above Average,Above Average,Average,Above Average,2025-26
1629656,Quentin Grimes,Quentin,1610612755,PHI,26.0,75,42,33,0.56,2205.721666666667,112.4,227,0.096,0.153,64,0.165,28,0.099,805.0,664.0,751.0,2202.0,7.28,7.279927688186197,60,87,435,233,54,268,120,390,388,94,388,140,398,534,529,549,528,65,74,268,134,134,149,1,12,26,21,20,41,0.512,0.488,0,12,12,5,12,0.0,1.0,1.0,0.417,1629656,Quentin Grimes,0.3119362244897959,0.12020408163265306,4508.8,14.213197969543149,33.641975308641975,46.530612244897924,29.09262360706643,16.129032258064516,44.696969696969695,33.26979472140762,41.17647058823529,39.86013986013986,3.4482758620689653,31.283706151860308,46.982761105930784,68.5907587233588,57.78675991464479,30.694668820678512,6.8493150684931505,19.964259632195102,23.75366568914956,70.38123167155426,75.0733137829912,62.18181818181818,50.146627565982406,Below Average,Above Average,Above Average,Average,Average,2025-26
1631245,Quenton Jackson,Quenton,1610612754,IND,27.0,49,10,39,0.204,897.425,112.9,86,0.092,0.142,31,0.203,6,0.071,378.0,250.0,262.0,1042.0,2.9,2.8980366949490803,305,411,503,524,305,286,336,418,426,279,262,375,454,306,252,263,304,264,47,104,42,62,73,0,10,22,9,15,24,0.375,0.625,1,7,8,1,8,0.125,0.875,1.0,0.125,1631245,Quenton Jackson,,,1894.5,3.0456852791878175,78.39506172839506,44.489795918367314,39.77899469620523,3.763440860215054,17.424242424242426,11.959921798631477,17.647058823529413,16.783216783216783,0.0,12.93294940353764,,,,7.915993537964459,3.4246575342465753,5.894892336291411,61.29032258064516,14.66275659824047,18.181818181818183,,9.970674486803519,Average,Poor,Below Average,Poor,Poor,2025-26
1642366,Quinten Post,Quinten,1610612744,GSW,26.0,67,32,35,0.478,1159.1983333333333,110.2,201,0.165,0.263,26,0.122,35,0.38,464.0,356.0,414.0,1184.0,4.6,4.600881890955803,147,182,459,340,247,167,152,127,116,308,505,109,82,356,334,376,337,161,66,414,315,99,39,0,60,148,5,15,20,0.25,0.75,17,42,58,43,59,0.288,0.712,0.983,0.729,1642366,Quinten Post,0.30266959064327487,0.11817543859649123,2352.8,17.766497461928935,72.91666666666666,55.51020408163263,46.50498333851306,40.456989247311824,31.439393939393938,35.046432062561095,7.120743034055728,13.286713286713287,0.0,7.498646863971942,52.55724913067298,70.11796272739281,61.33760592903289,26.494345718901453,27.397260273972602,26.90065726868347,82.99120234604106,73.02052785923753,7.331378299120235,69.45454545454545,69.79472140762464,Above Average,Above Average,Poor,Average,Average,2025-26
1629628,RJ Barrett,RJ,1610612761,TOR,26.0,57,34,23,0.596,1725.76,113.5,245,0.141,0.218,42,0.13,19,0.112,531.0,509.0,484.0,1772.0,5.2,5.204502327584997,235,168,289,184,128,315,97,189,204,219,485,217,367,394,432,424,457,127,57,269,151,118,108,3,24,57,16,13,29,0.552,0.448,7,18,25,15,25,0.28,0.72,1.0,0.6,1629628,RJ Barrett,0.30994252873563216,0.13475,3536.2,9.644670050761421,50.231481481481474,42.0408163265306,31.949090620455735,18.413978494623656,38.63636363636363,30.547409579667644,28.482972136222912,24.475524475524477,10.344827586206897,22.545829317474457,48.18209986158234,57.64029362083707,52.91119674120971,33.60258481421648,10.95890410958904,23.412928497134132,30.791788856304986,66.56891495601172,48.09384164222874,53.81818181818182,61.58357771260997,Below Average,Average,Average,Average,Average,2025-26
1642853,Rasheer Fleming,Rasheer,1610612756,PHX,21.0,55,29,26,0.527,673.4016666666666,106.6,67,0.099,0.152,22,0.177,21,0.263,251.0,185.0,206.0,654.0,3.27,3.2663027949773684,258,203,338,282,347,77,366,375,390,334,336,197,161,227,221,231,229,242,47,100,60,40,61,0,10,24,5,3,8,0.625,0.375,1,9,10,4,10,0.1,0.9,1.0,0.4,1642853,Rasheer Fleming,,,1303.7,10.65989847715736,93.3641975308642,70.20408163265307,54.49244893482868,6.182795698924731,9.090909090909092,7.927663734115347,13.93188854489164,10.48951048951049,0.0,9.244084089285328,,,,4.846526655896607,4.794520547945205,4.823123907318477,95.30791788856305,7.331378299120235,10.557184750733137,,5.865102639296188,Elite,Poor,Poor,Poor,Poor,2025-26
1641712,Rayan Rupert,Rayan,1610612763,MEM,22.0,64,29,35,0.453,1072.545,117.0,140,0.129,0.22,55,0.268,9,0.087,496.0,428.0,387.0,1236.0,2.13,2.134540460873422,180,203,459,355,268,454,241,239,196,142,96,315,420,376,387,349,354,305,54,149,81,68,112,2,13,32,12,8,20,0.6,0.4,2,8,9,3,10,0.2,0.8,0.9,0.3,1641712,Rayan Rupert,0.28026285714285715,0.10595142857142857,2222.5,4.568527918781726,70.9104938271605,27.755102040816315,33.58485951722294,9.005376344086022,19.696969696969695,15.420332355816225,29.721362229102166,33.56643356643357,6.896551724137931,25.3609345709271,66.03636891035022,79.32044770027797,72.6784083053141,16.63974151857835,4.10958904109589,11.001172903711243,37.24340175953079,23.46041055718475,58.35777126099707,88.0,24.926686217008797,Below Average,Below Average,Average,Above Average,Below Average,2025-26
1642263,Reed Sheppard,Reed,1610612745,HOU,22.0,82,52,30,0.634,2146.923333333333,111.6,210,0.092,0.143,122,0.324,54,0.192,830.0,716.0,674.0,2146.0,7.59,7.592976538603773,1,24,395,145,58,234,139,416,419,6,44,49,231,544,550,522,518,54,82,311,155,156,289,0,13,28,24,23,47,0.511,0.489,0,15,15,6,15,0.0,1.0,1.0,0.4,1642263,Reed Sheppard,0.32924310776942356,0.1479498746867168,4220.4,27.411167512690355,35.80246913580247,49.79591836734695,35.944310794443744,18.951612903225808,53.03030303030303,39.39882697947214,84.52012383900929,80.41958041958041,0.0,61.95490268245686,36.57153571537372,47.70315775466652,42.13734673502012,27.948303715670438,8.904109589041095,19.378416358687232,47.80058651026393,79.47214076246334,98.53372434017595,29.454545454545457,48.68035190615836,Average,Above Average,Elite,Below Average,Average,2025-26
1642265,Rob Dillingham,Rob,1610612741,CHI,21.0,65,29,36,0.446,969.9533333333334,113.3,112,0.105,0.166,47,0.254,6,0.059,401.0,386.0,291.0,1098.0,3.01,3.013118368736952,166,203,472,361,286,303,289,349,342,191,122,375,482,317,353,285,318,255,59,125,64,61,83,0,3,7,12,9,21,0.571,0.429,1,4,4,3,5,0.2,0.8,0.8,0.6,1642265,Rob Dillingham,0.27364571428571427,0.08962571428571428,2056.8,3.0456852791878175,76.23456790123457,42.857142857142854,38.61465859139294,6.720430107526881,17.045454545454543,12.915444770283477,20.743034055727556,27.972027972027973,0.0,18.08742341250081,70.01701433414667,91.61077960264666,80.81389696839666,12.116316639741518,1.36986301369863,7.280412508022219,58.06451612903226,16.129032258064516,34.31085043988269,94.18181818181817,12.903225806451612,Average,Below Average,Below Average,Elite,Poor,2025-26
1629057,Robert Williams III,Robert,1610612757,POR,28.0,59,30,29,0.508,1008.2133333333334,107.2,274,0.25,0.401,35,0.184,87,0.617,455.0,309.0,344.0,1052.0,4.85,4.846714931174411,225,196,379,299,276,88,76,13,10,259,316,16,10,353,304,321,305,145,59,312,218,94,69,0,69,162,7,7,14,0.5,0.5,19,33,50,42,52,0.365,0.635,0.962,0.808,1629057,Robert Williams III,0.302453125,0.10877812499999999,2066.4,44.16243654822335,78.00925925925925,67.75510204081631,61.906990870234154,27.419354838709676,29.545454545454547,28.6950146627566,16.408668730650156,19.58041958041958,0.0,13.416614345406916,52.68746741232624,77.1924527662503,64.93996008928826,38.28756058158319,21.232876712328768,30.6129528404187,99.12023460410558,61.87683284457478,19.794721407624632,77.45454545454545,76.53958944281524,Elite,Average,Below Average,Above Average,Above Average,2025-26
1641842,Ronald Holland II,Ronald,1610612765,DET,20.0,78,56,22,0.718,1550.4483333333333,104.5,232,0.141,0.23,92,0.26,27,0.129,554.0,486.0,416.0,1384.0,8.8,8.795477677016736,28,7,279,73,155,50,115,191,174,28,109,148,325,411,422,377,382,27,75,156,78,78,164,2,16,40,18,21,39,0.462,0.538,4,7,10,7,11,0.364,0.636,0.909,0.636,1641842,Ronald Holland II,0.2589363867684478,0.13193129770992368,3159.7,13.705583756345177,65.2006172839506,78.77551020408163,47.996327102941194,8.60215053763441,23.484848484848484,17.531769305962854,45.82043343653251,59.44055944055944,6.896551724137931,40.85650710984329,78.86563956905833,59.762270403765264,69.3139549864118,31.502423263327948,3.4246575342465753,18.86742868524133,85.92375366568915,32.25806451612903,87.68328445747801,83.27272727272728,46.33431085043988,Above Average,Below Average,Above Average,Above Average,Average,2025-26
1626220,Royce O'Neale,Royce,1610612756,PHX,33.0,78,43,35,0.551,2213.0533333333333,115.1,313,0.139,0.227,84,0.196,32,0.172,907.0,784.0,710.0,2326.0,5.71,5.705311740763921,28,75,459,245,53,390,55,198,183,45,285,123,254,563,571,536,538,102,78,183,87,96,172,0,41,95,17,21,38,0.447,0.553,3,35,38,22,38,0.079,0.921,1.0,0.579,1626220,Royce O'Neale,0.34567460317460313,0.14311904761904762,4431.5,16.243654822335024,28.858024691358025,35.510204081632665,25.475321591317485,9.811827956989246,30.303030303030305,22.106549364613883,48.297213622291025,53.84615384615385,0.0,38.16503929507026,26.68691354492203,51.3399032584485,39.01340840168527,44.58804523424879,22.602739726027394,34.69465775554916,13.48973607038123,44.57478005865102,85.04398826979472,22.181818181818183,80.93841642228739,Poor,Average,Above Average,Below Average,Above Average,2025-26
203497,Rudy Gobert,Rudy,1610612750,MIN,34.0,76,46,30,0.605,2380.0466666666666,108.0,573,0.222,0.334,58,0.132,124,0.422,913.0,678.0,775.0,2384.0,10.82,10.815096035251191,54,52,395,171,27,98,6,35,36,123,482,5,68,567,532,560,545,7,76,808,620,188,137,1,307,767,18,5,23,0.783,0.217,93,99,192,151,192,0.484,0.516,1.0,0.786,203497,Rudy Gobert,0.3285824175824176,0.15303296703296704,4870.9,62.944162436548226,26.620370370370374,64.48979591836734,50.61724358384076,81.45161290322581,65.15151515151516,71.67155425219943,37.461300309597526,35.66433566433567,3.4482758620689653,28.329106571873737,36.96898419521328,43.876501785287466,40.42274299025037,86.59127625201938,66.43835616438356,77.52246221258326,90.32258064516128,99.70674486803519,68.62170087976538,25.818181818181817,98.82697947214076,Elite,Elite,Average,Below Average,Elite,2025-26
1629060,Rui Hachimura,Rui,1610612747,LAL,28.0,68,47,21,0.691,1926.565,114.4,185,0.094,0.147,39,0.115,21,0.121,714.0,615.0,570.0,2108.0,5.32,5.3240522710459475,135,44,262,87,90,361,170,406,407,239,520,197,346,500,509,476,511,122,67,236,152,84,85,1,29,66,9,10,19,0.474,0.526,1,39,39,16,40,0.025,0.975,1.0,0.41,1629060,Rui Hachimura,0.3142924791086351,0.11758774373259052,3946.5,10.65989847715736,37.26851851851852,38.367346938775476,26.899777607038295,18.548387096774192,25.757575757575758,22.87390029325513,21.36222910216718,22.377622377622377,3.4482758620689653,17.239128438551948,45.56531941421078,70.56039145107673,58.06285543264375,23.909531502423263,25.34246575342466,24.554351915373893,16.422287390029325,46.04105571847507,31.378299120234605,62.909090909090914,64.36950146627566,Below Average,Average,Below Average,Average,Average,2025-26
201566,Russell Westbrook,Russell,1610612758,SAC,37.0,64,16,48,0.25,1852.57,122.1,268,0.147,0.225,83,0.258,12,0.074,692.0,602.0,627.0,2154.0,0.99,0.9920682608724081,180,348,552,485,104,541,79,172,190,48,116,277,450,489,501,508,520,416,60,110,49,61,137,0,10,22,25,21,46,0.543,0.457,2,7,9,7,9,0.222,0.778,1.0,0.778,201566,Russell Westbrook,0.3372162162162162,0.1321141141141141,3827.3,6.091370558375635,35.49382716049383,6.938775510204093,16.594081607074116,4.704301075268817,17.045454545454543,12.108993157380251,37.461300309597526,53.14685314685315,0.0,33.58591872523761,31.775188056368847,59.62464247243094,45.69991526439989,37.31825525040387,3.4246575342465753,22.06613627813309,1.466275659824047,15.249266862170089,78.88563049853371,37.45454545454546,56.598240469208214,Poor,Below Average,Above Average,Below Average,Average,2025-26
1642346,Ryan Dunn,Ryan,1610612756,PHX,23.0,70,40,30,0.571,1355.245,108.7,198,0.142,0.226,60,0.226,29,0.246,518.0,393.0,334.0,1256.0,5.89,5.893845002199305,105,110,395,210,201,121,154,188,186,112,179,136,181,386,359,315,359,95,68,250,130,120,125,0,26,63,15,10,25,0.6,0.4,5,9,14,10,14,0.357,0.643,1.0,0.714,1642346,Ryan Dunn,0.27529427792915534,0.13003814713896455,2668.8,14.720812182741117,70.13888888888889,61.63265306122446,45.845099249513666,15.591397849462366,39.39393939393939,29.87292277614858,33.746130030959755,37.06293706293706,0.0,26.470479984411874,69.02529517910119,61.187472906457984,65.10638404277958,26.009693053311793,4.794520547945205,16.46286542589683,80.93841642228739,63.929618768328446,62.17008797653959,77.81818181818181,40.76246334310851,Above Average,Average,Average,Above Average,Average,2025-26
1641750,Ryan Kalkbrenner,Ryan,1610612766,CHA,24.0,69,39,30,0.565,1479.1316666666667,111.2,210,0.133,0.195,32,0.158,101,0.584,549.0,418.0,548.0,1460.0,5.51,5.514123239877476,118,118,395,225,166,219,139,229,257,276,407,10,20,409,380,462,398,114,69,647,505,142,71,2,165,394,9,14,23,0.391,0.609,51,124,174,96,175,0.291,0.709,0.994,0.549,1641750,Ryan Kalkbrenner,0.3204986595174263,0.11862198391420913,2983.8,51.26903553299492,62.268518518518526,51.4285714285714,55.158738551822296,65.99462365591397,47.72727272727273,55.034213098729225,17.027863777089784,17.482517482517483,6.896551724137931,14.654164560751516,41.83189485668556,69.78179427141265,55.8068445640491,27.948303715670438,83.56164383561644,52.974306769646134,95.60117302052787,93.841642228739,23.46041055718475,58.909090909090914,94.42815249266863,Elite,Elite,Below Average,Average,Elite,2025-26
1642948,Ryan Nembhard,Ryan,1610612742,DAL,23.0,60,20,40,0.333,1170.88,113.1,120,0.095,0.142,25,0.14,2,0.016,401.0,343.0,365.0,1362.0,3.57,3.5716681203506213,214,302,508,419,244,297,271,399,428,314,465,469,522,317,326,335,375,222,56,104,54,50,37,2,12,27,12,15,27,0.444,0.556,0,9,9,2,9,0.0,1.0,1.0,0.222,1642948,Ryan Nembhard,0.24453254437869823,0.08742307692307692,2411.3,1.015228426395939,66.0493827160494,43.67346938775511,34.441742668114436,5.376344086021505,12.878787878787879,9.877810361681329,6.5015479876160995,12.587412587412588,6.896551724137931,8.730351531675328,87.53049546406899,93.26897009732286,90.39973278069593,13.408723747980615,4.794520547945205,9.53233230796468,39.882697947214076,11.143695014662756,9.3841642228739,98.9090909090909,21.114369501466275,Below Average,Poor,Poor,Elite,Below Average,2025-26
1631157,Ryan Rollins,Ryan,1610612749,MIL,23.0,74,29,45,0.392,2375.483333333333,116.5,284,0.115,0.177,110,0.293,31,0.15,845.0,745.0,721.0,2252.0,5.1,5.098423240503673,70,203,541,392,28,438,69,305,309,10,64,127,282,546,560,540,532,130,74,288,154,134,299,4,9,19,22,28,50,0.44,0.56,0,18,18,8,18,0.0,1.0,1.0,0.444,1631157,Ryan Rollins,0.3381290322580645,0.17829032258064514,4824.9,15.736040609137056,31.712962962962965,29.79591836734693,24.842932872528593,18.817204301075268,44.696969696969695,34.345063538611925,87.61609907120743,72.02797202797203,13.793103448275861,63.704505700342146,31.22606933878984,24.862247509826503,28.044158424308172,39.903069466882066,10.95890410958904,26.878195056100203,12.023460410557185,71.26099706744868,98.82697947214076,10.909090909090908,69.20821114369502,Poor,Above Average,Elite,Poor,Average,2025-26
1630180,Saddiq Bey,Saddiq,1610612740,NOP,27.0,72,24,48,0.333,2245.575,116.8,279,0.12,0.19,68,0.17,7,0.032,864.0,757.0,774.0,2578.0,4.58,4.579100194274829,84,252,552,419,47,449,74,283,268,80,363,363,516,551,562,559,557,162,71,182,97,85,97,1,19,45,19,20,39,0.487,0.513,8,32,40,26,40,0.2,0.8,1.0,0.65,1630180,Saddiq Bey,0.33609866666666666,0.144704,4658.6,3.5532994923857872,19.1358024691358,28.57142857142857,15.261707804008987,11.155913978494624,26.136363636363637,20.14418377321603,25.077399380804955,42.65734265734265,3.4482758620689653,25.823098647909152,32.44746740658391,50.14671866202324,41.29709303430357,39.09531502423263,20.54794520547945,30.7489986057937,0.8797653958944283,41.05571847507331,59.530791788856305,27.27272727272727,77.12609970674487,Poor,Average,Average,Below Average,Above Average,2025-26
1630573,Sam Hauser,Sam,1610612738,BOS,28.0,78,54,24,0.692,1934.15,111.0,244,0.118,0.178,38,0.139,23,0.124,573.0,513.0,550.0,1620.0,7.21,7.214180901901547,28,13,309,86,89,208,98,288,306,246,466,182,339,422,436,466,424,69,77,306,187,119,95,0,57,136,13,13,26,0.5,0.5,1,48,48,21,49,0.02,0.98,0.98,0.429,1630573,Sam Hauser,0.3323031914893617,0.14929521276595745,3779.5,11.6751269035533,56.09567901234568,52.24489795918367,37.36476290553823,23.25268817204301,39.015151515151516,32.710166177908114,24.458204334365323,21.678321678321677,0.0,17.370694321158716,34.730694657656954,46.690359709485044,40.710527183571,33.44103392568659,31.506849315068493,32.57065085090845,52.19941348973607,69.20821114369502,32.111436950146626,26.545454545454543,78.88563049853371,Average,Average,Below Average,Below Average,Above Average,2025-26
1630241,Sam Merrill,Sam,1610612739,CLE,30.0,52,37,15,0.712,1377.0733333333333,112.6,105,0.072,0.113,33,0.154,7,0.053,486.0,416.0,427.0,1370.0,4.46,4.4644494982988325,286,136,187,81,196,271,295,521,525,272,425,363,490,369,378,386,377,170,52,151,97,54,79,3,34,78,10,9,19,0.526,0.474,2,15,17,6,17,0.118,0.882,1.0,0.353,1630241,Sam Merrill,0.2716355140186916,0.11039252336448598,2801.1,3.5532994923857872,65.74074074074075,45.71428571428572,35.859150484785005,11.155913978494624,14.393939393939394,13.098729227761487,19.5046439628483,18.181818181818183,10.344827586206897,16.751700845327406,71.22628163675606,75.97710063066036,73.60169113370821,10.98546042003231,8.904109589041095,10.048852546086263,47.214076246334315,16.568914956011728,30.498533724340177,89.0909090909091,21.994134897360702,Average,Below Average,Below Average,Above Average,Below Average,2025-26
1630572,Sandro Mamukelashvili,Sandro,1610612761,TOR,27.0,80,44,36,0.55,1750.6916666666666,109.7,287,0.163,0.256,64,0.189,41,0.23,554.0,535.0,447.0,1766.0,7.24,7.239738499004675,21,67,472,248,123,143,68,129,128,94,303,85,194,411,451,403,455,67,80,458,320,138,138,0,84,188,14,17,31,0.452,0.548,12,63,73,34,75,0.16,0.84,0.973,0.453,1630572,Sandro Mamukelashvili,0.3524116161616162,0.15125,3565.6,20.812182741116754,50.46296296296296,57.55102040816325,40.374665235524546,41.12903225806452,46.21212121212121,44.178885630498534,37.77089783281733,39.86013986013986,0.0,29.059408084175885,22.634158376146654,45.218755865117934,33.92645712063229,40.38772213247172,41.78082191780822,41.014617035873144,64.22287390029325,84.4574780058651,69.79472140762464,16.363636363636363,87.09677419354838,Average,Above Average,Average,Below Average,Above Average,2025-26
1630583,Santi Aldama,Santi,1610612763,MEM,25.0,43,19,24,0.442,1198.0783333333334,116.0,220,0.171,0.261,37,0.195,31,0.267,526.0,396.0,351.0,1296.0,2.74,2.7361974111518808,342,316,309,364,233,429,127,112,121,250,289,127,155,390,363,327,363,274,43,287,184,103,61,2,25,59,9,8,17,0.529,0.471,2,28,30,19,30,0.067,0.933,1.0,0.633,1630583,Santi Aldama,0.33766548042704625,0.16090747330960856,2480.2,15.736040609137056,68.59567901234568,31.83673469387754,38.26208757144519,22.849462365591396,32.95454545454545,28.912512218963826,13.93188854489164,20.97902097902098,6.896551724137931,14.639550691648482,31.504926167888442,37.948412268745045,34.726669218316744,29.563812600969307,17.80821917808219,24.273795560670106,56.30498533724341,62.4633431085044,23.16715542521994,17.454545454545457,63.34310850439883,Average,Average,Below Average,Below Average,Average,2025-26
1630567,Scottie Barnes,Scottie,1610612761,TOR,24.0,80,45,35,0.563,2680.7766666666666,110.0,451,0.166,0.259,114,0.237,116,0.391,891.0,808.0,657.0,2658.0,10.79,10.786223059445305,21,60,459,229,7,162,13,124,124,9,155,6,77,558,573,516,564,8,80,472,325,147,254,1,83,190,24,24,48,0.5,0.5,34,71,104,84,105,0.324,0.676,0.99,0.8,1630567,Scottie Barnes,0.36566750629722916,0.1679949622166247,5441.8,58.88324873096447,16.049382716049383,56.32653061224489,43.252216096064295,41.80107526881721,49.621212121212125,46.49315738025416,73.68421052631578,74.82517482517483,3.4482758620689653,56.52456436485474,14.6598710521671,32.61280553833647,23.636338295251782,66.88206785137318,47.26027397260274,58.052260605926485,71.26099706744868,86.51026392961877,97.0674486803519,6.545454545454546,95.60117302052787,Above Average,Above Average,Elite,Poor,Elite,2025-26
1631101,Shaedon Sharpe,Shaedon,1610612757,POR,23.0,50,24,26,0.48,1471.3016666666667,113.7,166,0.104,0.166,70,0.293,6,0.043,658.0,474.0,548.0,1620.0,4.4,4.396933299721325,297,252,338,338,171,324,194,352,345,77,67,375,501,475,412,462,424,171,50,125,52,73,96,1,2,4,16,13,29,0.552,0.448,0,21,21,8,21,0.0,1.0,1.0,0.381,1631101,Shaedon Sharpe,0.37087804878048786,0.13426480836236934,3052.1,3.0456852791878175,56.09567901234568,41.224489795918345,31.157884214975702,5.10752688172043,21.59090909090909,14.997556207233625,24.76780185758514,44.05594405594406,3.4482758620689653,26.18877012813172,11.525388007254216,58.0055558175394,34.76547191239681,20.84006462035541,13.013698630136986,17.31819992475712,28.739002932551323,22.28739002932551,60.997067448680355,17.81818181818182,42.22873900293255,Below Average,Below Average,Average,Below Average,Average,2025-26
1628983,Shai Gilgeous-Alexander,Shai,1610612760,OKC,27.0,68,56,12,0.824,2258.9466666666667,105.2,254,0.1,0.155,95,0.207,52,0.182,620.0,723.0,526.0,1900.0,12.21,12.205216635165439,135,7,152,15,45,57,90,369,377,26,239,56,240,452,552,452,474,2,68,294,158,136,199,1,17,38,25,29,54,0.463,0.537,0,16,16,9,16,0.0,1.0,1.0,0.563,1628983,Shai Gilgeous-Alexander,0.31169529085872577,0.1432409972299169,4665.8,26.39593908629442,45.29320987654321,75.91836734693875,45.39059092804258,19.35483870967742,45.45454545454545,35.01466275659824,56.656346749226,61.53846153846154,3.4482758620689653,45.06306920366917,47.127698487012516,51.24809709507227,49.18789779104239,35.056542810985455,9.58904109589041,23.596167039192686,79.17888563049853,72.43401759530792,91.20234604105572,45.45454545454545,62.4633431085044,Above Average,Above Average,Elite,Average,Average,2025-26
1630536,Sharife Cooper,Sharife,1610612764,WAS,25.0,41,6,35,0.146,699.9983333333333,120.1,68,0.098,0.17,16,0.113,5,0.068,290.0,270.0,287.0,846.0,0.77,0.7719934157874832,356,461,459,552,343,515,362,376,329,378,521,397,460,252,268,280,264,432,34,51,34,17,34,5,4,9,9,3,12,0.75,0.25,0,2,2,0,2,0.0,1.0,1.0,0.0,1630536,Sharife Cooper,,,1455.7,2.5380710659898478,85.9567901234568,15.102040816326543,34.87561517368745,2.6881720430107525,0.3787878787878788,1.3025415444770283,5.572755417956656,6.293706293706294,17.24137931034483,8.742244197566073,,,,5.008077544426494,0.0,2.754442649434572,42.22873900293255,0.2932551319648094,9.67741935483871,,2.6392961876832843,Average,Poor,Poor,Poor,Poor,2025-26
1631321,Sidy Cissoko,Sidy,1610612757,POR,22.0,75,39,36,0.52,1435.055,110.9,104,0.071,0.114,52,0.209,25,0.148,630.0,464.0,459.0,1514.0,5.36,5.364132234556216,60,118,472,288,182,204,300,529,520,161,232,167,287,463,407,413,411,121,68,166,103,63,114,8,20,47,16,12,28,0.571,0.429,5,12,17,10,17,0.294,0.706,1.0,0.588,1631321,Sidy Cissoko,0.2908766066838046,0.10946786632390745,2942.5,12.690355329949238,60.18518518518518,52.65306122448976,39.30422225291695,11.96236559139785,17.803030303030305,15.466764418377322,30.340557275541798,31.46853146853147,27.586206896551722,30.046760648340666,59.65150244281009,76.6732013785778,68.16235191069394,10.823909531502423,6.8493150684931505,9.035342023148251,60.117302052785924,23.75366568914956,71.26099706744868,82.54545454545455,18.7683284457478,Average,Below Average,Above Average,Above Average,Below Average,2025-26
1631323,Simone Fontecchio,Simone,1610612748,MIA,30.0,70,36,34,0.514,1172.47,110.5,155,0.118,0.179,37,0.181,9,0.092,416.0,359.0,408.0,1224.0,4.52,4.516453492900844,105,151,449,291,242,178,216,289,303,250,326,315,409,327,335,368,350,165,66,154,84,70,71,0,6,15,12,11,23,0.522,0.478,10,20,30,20,30,0.333,0.667,1.0,0.667,1631323,Simone Fontecchio,0.2722348066298343,0.14479834254143648,2447.0,4.568527918781726,71.37345679012346,54.28571428571427,40.379549615484464,9.408602150537634,20.454545454545457,16.03616813294233,17.027863777089784,20.97902097902098,0.0,14.153802853493257,70.86576782565025,50.07569566563392,60.470731745642084,19.063004846526656,12.32876712328767,16.032597871069115,64.51612903225806,26.68621700879765,21.700879765395893,68.0,39.44281524926686,Average,Below Average,Below Average,Average,Below Average,2025-26
1642883,Sion James,Sion,1610612766,CHA,23.0,82,44,38,0.537,1843.28,110.0,238,0.124,0.182,52,0.207,20,0.123,736.0,485.0,573.0,1858.0,7.48,7.481673067524047,1,67,491,268,108,156,107,265,292,161,241,209,343,510,420,481,467,57,82,281,173,108,105,1,42,98,8,11,19,0.421,0.579,4,29,33,11,33,0.121,0.879,1.0,0.333,1642883,Sion James,0.28525558312655086,0.1496451612903226,3681.3,10.152284263959391,46.913580246913575,56.32653061224489,34.56229944506473,21.370967741935484,34.84848484848485,29.457478005865106,27.55417956656347,31.46853146853147,3.4482758620689653,22.89772680612864,63.032916775747026,46.426911296881414,54.72991403631422,32.47172859450727,18.493150684931507,26.181368535198175,40.17595307917888,63.63636363636363,49.853372434017594,57.81818181818181,67.44868035190615,Average,Average,Average,Average,Average,2025-26
1642461,Spencer Jones,Spencer,1610612743,DEN,25.0,64,41,23,0.641,1416.79,115.3,134,0.09,0.137,52,0.264,29,0.261,506.0,405.0,428.0,1480.0,3.51,3.5097058914896366,180,97,289,138,185,397,250,427,443,161,105,136,162,382,369,388,402,228,63,281,187,94,127,4,55,137,17,15,32,0.531,0.469,3,31,32,17,34,0.088,0.912,0.941,0.5,1642461,Spencer Jones,0.2515042492917847,0.10453541076487254,2885.8,14.720812182741117,61.49691358024691,34.69387755102041,36.08571401393797,23.25268817204301,29.545454545454547,27.02834799608993,34.36532507739938,31.46853146853147,13.793103448275861,28.208391907014732,83.33655770913897,80.38645489099956,81.86150630006927,15.670436187399032,19.863013698630137,17.55709606745303,48.38709677419355,55.718475073313776,68.03519061583577,95.63636363636364,42.52199413489736,Average,Average,Average,Elite,Average,2025-26
201939,Stephen Curry,Stephen,1610612744,GSW,38.0,43,24,19,0.558,1328.7283333333332,114.8,137,0.1,0.158,49,0.179,17,0.148,567.0,444.0,498.0,1420.0,3.56,3.5636823741119503,342,252,236,236,208,380,244,370,371,182,333,233,288,416,395,432,388,223,43,119,59,60,104,3,38,85,20,18,38,0.526,0.474,2,11,13,7,13,0.154,0.846,1.0,0.538,201939,Stephen Curry,0.2915076923076923,0.12544615384615385,2783.3,8.629441624365482,63.81172839506173,36.734693877551024,34.96955505740556,6.048387096774194,16.666666666666664,12.419354838709676,27.24458204334365,29.37062937062937,10.344827586206897,23.76375999360946,59.2718630493458,64.64441945558873,61.958141252467264,16.15508885298869,6.164383561643835,11.659271471883505,43.10850439882698,15.835777126099707,53.3724340175953,70.9090909090909,26.97947214076246,Average,Below Average,Average,Above Average,Below Average,2025-26
1642264,Stephon Castle,Stephon,1610612759,SAS,21.0,68,51,17,0.75,2037.7433333333333,108.4,264,0.119,0.173,78,0.245,19,0.075,700.0,577.0,560.0,1936.0,9.16,9.159257684101279,135,30,216,46,73,113,86,287,325,59,139,217,446,492,484,470,484,19,68,290,172,118,156,1,32,76,25,15,40,0.625,0.375,3,17,20,8,20,0.15,0.85,1.0,0.4,1642264,Stephon Castle,0.2896183844011142,0.13424512534818941,4190.9,9.644670050761421,43.90432098765432,62.857142857142826,34.938666080269286,21.236559139784948,38.63636363636363,31.67644183773216,43.343653250774,49.65034965034965,3.4482758620689653,35.57715264344921,60.40840566824126,58.02037359352621,59.21438963088373,36.67205169628433,10.273972602739725,24.79291610418926,42.81524926686217,68.32844574780059,81.23167155425219,65.0909090909091,65.10263929618768,Average,Average,Above Average,Average,Average,2025-26
1629004,Svi Mykhailiuk,Svi,1610612762,UTA,29.0,50,14,36,0.28,1155.6116666666667,117.9,88,0.074,0.111,26,0.147,3,0.039,464.0,360.0,412.0,1234.0,1.98,1.9815470759492957,297,374,472,461,248,480,333,514,531,308,446,442,506,356,336,371,353,323,49,127,65,62,80,1,17,38,10,14,24,0.417,0.583,0,15,15,9,15,0.0,1.0,1.0,0.6,1629004,Svi Mykhailiuk,0.2941448275862069,0.15269655172413793,2412.8,1.5228426395939088,70.98765432098766,24.081632653061188,31.475224231448543,6.854838709677419,17.424242424242426,13.196480938416423,19.814241486068113,13.286713286713287,3.4482758620689653,13.438115210294137,57.68545321885229,44.12976211621006,50.907607667531174,8.239095315024231,8.904109589041095,8.538351738331821,29.03225806451613,17.595307917888565,20.234604105571847,50.18181818181818,17.302052785923756,Below Average,Below Average,Below Average,Average,Below Average,2025-26
204456,T.J. McConnell,T.J.,1610612754,IND,34.0,56,15,41,0.268,962.505,116.7,102,0.104,0.166,56,0.354,10,0.111,295.0,332.0,292.0,1102.0,2.0,2.0013151392687307,247,365,515,475,288,444,307,353,343,137,26,300,368,256,321,286,319,320,54,77,36,41,116,4,3,9,12,22,34,0.353,0.647,0,7,7,3,7,0.0,1.0,1.0,0.429,204456,T.J. McConnell,,,1984.4,5.0761421319796955,76.08024691358025,28.97959183673467,35.903441231728635,2.956989247311828,9.469696969696969,6.864613880742912,30.959752321981426,34.26573426573427,13.793103448275861,27.82518378386853,,,,10.500807754442649,3.4246575342465753,7.316540155354416,47.50733137829912,5.571847507331378,66.56891495601172,,13.48973607038123,Average,Poor,Average,Poor,Poor,2025-26
1631106,Tari Eason,Tari,1610612745,HOU,25.0,60,38,22,0.633,1549.105,109.6,252,0.156,0.228,72,0.257,28,0.153,604.0,461.0,523.0,1594.0,6.48,6.477120601122903,214,128,279,146,156,140,93,146,178,72,117,140,277,439,404,449,420,83,60,278,178,100,142,0,12,28,26,21,47,0.553,0.447,6,15,21,15,21,0.286,0.714,1.0,0.714,1631106,Tari Eason,0.2763676880222841,0.1296740947075209,3086.8,14.213197969543149,57.098765432098766,57.9591836734694,40.15964300741918,22.043010752688172,31.818181818181817,27.908113391984358,39.0092879256966,45.45454545454545,0.0,31.512806079369547,68.3795686068756,61.461539029017906,64.92055381794675,34.733441033925686,8.904109589041095,23.11024188372762,62.4633431085044,59.530791788856305,75.65982404692082,77.0909090909091,60.117302052785924,Average,Average,Above Average,Above Average,Average,2025-26
1641707,Taylor Hendricks,Taylor,1610612763,MEM,22.0,59,12,47,0.203,1118.465,119.1,156,0.141,0.239,50,0.218,30,0.341,497.0,405.0,391.0,1250.0,1.56,1.5554671844430992,225,395,548,525,258,503,214,190,150,176,205,133,96,379,369,354,355,360,58,222,131,91,97,1,68,161,8,6,14,0.571,0.429,2,14,16,8,16,0.125,0.875,1.0,0.5,1641707,Taylor Hendricks,0.3094907975460123,0.14136196319018407,2332.3,15.228426395939088,70.37037037037037,19.183673469387767,35.516918555352206,15.725806451612904,28.40909090909091,23.335777126099707,25.077399380804955,30.069930069930066,3.4482758620689653,21.41750424231475,48.45384579960535,52.66267238409183,50.55825909184858,19.22455573505654,8.21917808219178,14.272135791267399,45.74780058651026,47.214076246334315,43.6950146627566,49.09090909090909,34.01759530791789,Average,Average,Average,Average,Below Average,2025-26
1629611,Terance Mann,Terance,1610612751,BKN,29.0,63,15,48,0.238,1529.0166666666667,117.8,130,0.089,0.141,41,0.172,15,0.101,569.0,445.0,537.0,1732.0,2.71,2.7054417850835186,194,365,552,501,159,474,254,432,431,227,357,251,391,419,396,458,447,276,63,170,97,73,124,3,27,66,10,8,18,0.556,0.444,5,15,20,9,20,0.25,0.75,1.0,0.45,1629611,Terance Mann,0.3265375375375375,0.1139159159159159,3028.2,7.614213197969544,51.7746913580247,24.489795918367346,27.289276234088298,11.155913978494624,21.59090909090909,17.4169110459433,33.43653250773993,23.776223776223777,10.344827586206897,24.282498221326016,38.199113658729075,73.32461859394482,55.76186612633695,15.024232633279484,8.904109589041095,12.27017726337221,18.181818181818183,31.378299120234605,55.718475073313776,58.54545454545455,28.739002932551323,Below Average,Below Average,Average,Average,Below Average,2025-26
1630545,Terrence Shannon Jr,Terrence,1610612750,MIN,25.0,43,24,19,0.558,537.675,120.5,39,0.074,0.126,14,0.184,1,0.015,212.0,180.0,150.0,620.0,0.53,0.525801777614659,342,252,236,236,372,524,426,517,481,399,316,493,523,212,217,196,222,465,37,70,41,29,29,2,7,17,3,2,5,0.6,0.4,0,10,9,2,10,0.0,1.0,0.9,0.2,1630545,Terrence Shannon Jr,,,1102.8,0.5076142131979695,94.67592592592592,13.46938775510203,36.70696669812876,3.6290322580645165,4.924242424242424,4.406158357771261,4.024767801857585,4.895104895104895,6.896551724137931,5.04733176506423,,,,0.32310177705977383,5.47945205479452,2.64345940204041,50.43988269794721,2.6392961876832843,3.812316715542522,,1.7595307917888565,Average,Poor,Poor,Poor,Poor,2025-26
1628418,Thomas Bryant,Thomas,1610612739,CLE,28.0,60,37,23,0.617,731.8166666666667,110.7,146,0.184,0.305,18,0.121,26,0.338,262.0,247.0,223.0,650.0,2.82,2.8156183322761126,214,136,289,162,336,192,232,83,59,364,509,157,98,234,251,243,228,270,57,190,159,31,36,1,61,140,7,5,12,0.583,0.417,14,33,47,32,47,0.298,0.702,1.0,0.681,1628418,Thomas Bryant,,,1505.5,13.19796954314721,93.51851851851852,53.46938775510202,51.37801623751587,19.489247311827956,5.681818181818182,11.204789833822092,6.191950464396285,7.6923076923076925,3.4482758620689653,6.031156843583447,,,,17.60904684975767,21.232876712328768,19.239770287914666,91.49560117302052,13.196480938416421,5.571847507331378,,48.09384164222874,Elite,Poor,Poor,Poor,Average,2025-26
203501,Tim Hardaway Jr.,Tim,1610612743,DEN,34.0,80,52,28,0.65,2127.3,114.9,189,0.082,0.128,42,0.143,10,0.055,764.0,616.0,648.0,2186.0,5.55,5.5469146006110455,21,24,364,129,61,384,164,474,479,219,456,300,488,518,510,511,524,113,79,234,123,111,69,7,34,83,5,10,15,0.333,0.667,1,19,20,10,20,0.05,0.95,1.0,0.5,203501,Tim Hardaway Jr.,0.35667447916666667,0.16542447916666667,4372.3,5.0761421319796955,34.25925925925926,36.32653061224486,23.102830246593832,14.650537634408604,35.984848484848484,27.451124144672534,16.408668730650156,24.475524475524477,24.137931034482758,21.16438381731432,20.069766692353973,34.54791779624494,27.308842244299456,24.55573505654281,11.643835616438356,18.745380308495807,8.211143695014663,58.06451612903226,42.81524926686217,9.454545454545455,45.74780058651026,Poor,Average,Average,Poor,Average,2025-26
202699,Tobias Harris,Tobias,1610612765,DET,33.0,63,46,17,0.73,1745.45,108.6,268,0.145,0.222,58,0.17,26,0.115,577.0,553.0,499.0,1592.0,7.68,7.676307591037787,194,52,216,67,124,119,79,179,192,123,366,157,362,427,465,433,419,51,62,244,129,115,89,0,21,45,15,16,31,0.484,0.516,6,55,60,31,61,0.098,0.902,1.0,0.517,202699,Tobias Harris,0.2814134897360704,0.12108797653958943,3537.7,13.19796954314721,57.17592592592593,62.040816326530624,40.800965972965614,15.456989247311828,37.5,28.682795698924732,22.60061919504644,35.66433566433567,0.0,21.52276516053606,65.34418793957049,67.92534454404984,66.63476624181015,37.31825525040387,36.3013698630137,36.8606568260783,64.80938416422288,61.58357771260997,44.57478005865102,80.72727272727272,84.4574780058651,Average,Average,Average,Above Average,Above Average,2025-26
1641739,Toumani Camara,Toumani,1610612757,POR,26.0,82,42,40,0.512,2731.2366666666667,113.0,292,0.103,0.161,94,0.206,35,0.118,1212.0,855.0,946.0,2884.0,8.55,8.550232204537146,1,87,508,293,4,294,66,354,356,27,245,109,350,582,577,581,579,32,82,426,253,173,213,18,65,159,22,18,40,0.55,0.45,16,37,52,25,53,0.302,0.698,0.981,0.472,1641739,Toumani Camara,0.3553160621761658,0.15397668393782385,5626.0,17.766497461928935,7.330246913580248,44.08163265306121,20.692593567789963,32.123655913978496,59.46969696969697,48.53128054740958,60.99071207430341,60.83916083916085,62.06896551724138,61.20723250273801,20.88694360595312,43.166052381385086,32.0264979936691,41.19547657512116,23.972602739726025,33.44518334919336,4.69208211143695,88.26979472140762,97.94721407624634,13.454545454545455,79.47214076246334,Poor,Above Average,Elite,Poor,Above Average,2025-26
1642848,Tre Johnson,Tre,1610612764,WAS,20.0,60,12,48,0.2,1442.8166666666666,119.9,141,0.093,0.147,33,0.15,18,0.102,538.0,531.0,494.0,1666.0,1.68,1.6795490126318513,214,395,552,526,179,511,240,412,406,272,437,224,386,399,448,430,436,346,58,150,80,70,81,0,9,22,7,7,14,0.5,0.5,1,10,11,4,11,0.091,0.909,1.0,0.364,1642848,Tre Johnson,0.2994690265486726,0.09998230088495574,3032.7,9.137055837563452,54.32098765432099,15.91836734693874,26.646759850772412,8.870967741935484,20.454545454545457,15.821114369501467,20.123839009287924,18.181818181818183,0.0,14.413171967351534,54.48259834736599,83.81412921095861,69.14836377916231,16.80129240710824,5.47945205479452,11.706464248567066,15.835777126099707,25.219941348973606,22.87390029325513,82.9090909090909,27.27272727272727,Below Average,Below Average,Below Average,Above Average,Below Average,2025-26
1630200,Tre Jones,Tre,1610612741,CHI,26.0,65,27,38,0.415,1752.3733333333332,114.8,166,0.088,0.132,76,0.254,11,0.063,652.0,561.0,571.0,2042.0,4.71,4.70585502117747,166,225,491,376,122,374,194,440,467,61,121,284,470,471,470,477,501,156,65,160,101,59,145,8,19,45,15,12,27,0.556,0.444,0,18,18,12,18,0.0,1.0,1.0,0.667,1630200,Tre Jones,0.32570454545454547,0.11022159090909091,3738.2,5.583756345177665,39.81481481481482,36.734693877551024,25.352361192644008,11.693548387096774,16.28787878787879,14.450146627565983,39.93808049535604,48.25174825174825,27.586206896551722,39.75989581039223,38.700213029682146,76.10578208207659,57.40299755587937,20.84006462035541,10.95890410958904,16.393542390510547,13.196480938416421,20.527859237536656,87.09677419354838,60.36363636363637,40.469208211143695,Poor,Below Average,Above Average,Average,Average,2025-26
1630544,Tre Mann,Tre,1610612766,CHA,25.0,53,30,23,0.566,668.4583333333334,115.9,72,0.114,0.167,25,0.245,5,0.081,274.0,179.0,217.0,710.0,1.53,1.5331817539404873,276,196,289,223,351,421,352,308,337,314,140,397,436,243,216,239,237,363,43,79,43,36,50,0,9,23,6,8,14,0.429,0.571,0,6,6,2,6,0.0,1.0,1.0,0.333,1630544,Tre Mann,,,1303.1,2.5380710659898478,91.20370370370371,32.24489795918364,40.997749212488145,3.8978494623655915,7.575757575757576,6.104594330400783,10.526315789473683,12.587412587412588,0.0,8.61612072138388,,,,5.654281098546042,2.73972602739726,4.34273131652909,65.39589442815249,4.69208211143695,9.090909090909092,,5.278592375366569,Average,Poor,Poor,Poor,Poor,2025-26
1630570,Trendon Watford,Trendon,1610612755,PHI,25.0,53,27,26,0.509,863.7166666666667,115.6,136,0.146,0.229,16,0.115,22,0.21,390.0,300.0,315.0,850.0,2.1,2.1000612445552598,276,225,338,297,312,412,246,175,175,378,519,191,212,313,294,307,265,313,51,183,98,85,44,0,17,41,13,6,19,0.684,0.316,2,9,11,4,11,0.182,0.818,1.0,0.364,1630570,Trendon Watford,,,1782.8,11.16751269035533,85.80246913580247,33.469387755102055,42.8652162124485,11.29032258064516,26.136363636363637,20.197947214076244,8.6687306501548,6.293706293706294,0.0,5.670289462859123,,,,15.993537964458804,4.794520547945205,10.953980127027684,69.79472140762464,41.348973607038126,4.69208211143695,,24.633431085043988,Average,Average,Poor,Poor,Below Average,2025-26
1630530,Trey Murphy III,Trey,1610612740,NOP,26.0,66,21,45,0.318,2340.6383333333333,117.2,314,0.131,0.207,99,0.222,24,0.109,912.0,758.0,805.0,2588.0,4.48,4.481164076430624,157,292,541,436,32,461,54,234,228,23,187,173,377,566,563,566,559,169,66,317,175,142,185,0,40,86,16,23,39,0.41,0.59,2,16,17,9,18,0.111,0.889,0.944,0.5,1630530,Trey Murphy III,0.3701699164345404,0.1644317548746518,4826.0,12.18274111675127,18.75,26.93877551020406,18.170290324251525,21.63978494623656,47.72727272727273,37.292277614858264,52.32198142414861,64.33566433566433,0.0,43.44627508714196,11.951376057262122,35.295260964383246,23.623318510822685,44.74959612277868,9.58904109589041,28.92734636067896,2.6392961876832843,77.12609970674487,90.02932551319648,6.181818181818182,72.72727272727273,Poor,Above Average,Elite,Poor,Above Average,2025-26
1641774,Tristan Vukcevic,Tristan,1610612764,WAS,23.0,49,8,41,0.163,670.98,118.5,115,0.162,0.275,23,0.207,33,0.402,319.0,269.0,272.0,828.0,1.07,1.0690417099050502,305,440,515,548,349,491,282,130,99,327,240,119,74,273,266,270,260,409,47,205,143,62,56,1,76,180,8,5,13,0.615,0.385,3,24,27,13,27,0.111,0.889,1.0,0.481,1641774,Tristan Vukcevic,,,1413.6,16.751269035532996,86.65123456790124,21.632653061224477,42.43660297828475,17.338709677419356,17.424242424242426,17.390029325513197,12.38390092879257,11.188811188811188,3.4482758620689653,9.731713253118187,,,,12.60096930533118,15.068493150684931,13.711355035740368,69.50146627565982,31.085043988269796,11.436950146627565,,31.671554252199414,Average,Below Average,Poor,Poor,Below Average,2025-26
1641783,Tristan da Silva,Tristan,1610612753,ORL,25.0,77,43,34,0.558,1899.4566666666667,111.6,226,0.115,0.175,68,0.215,25,0.133,655.0,505.0,606.0,1920.0,6.66,6.6632911092245175,37,75,449,234,96,232,121,304,321,80,216,167,315,473,430,499,479,79,77,301,194,107,127,0,32,67,11,14,25,0.44,0.56,2,45,47,28,47,0.043,0.957,1.0,0.596,1641783,Tristan da Silva,0.3114892473118279,0.13591935483870968,3872.0,12.690355329949238,44.5216049382716,49.79591836734695,33.107683452211496,24.193548387096776,34.46969696969697,30.35923753665689,34.36532507739938,42.65734265734265,0.0,28.67619996102968,47.251647194146194,56.75997936151192,52.005813277829056,30.533117932148627,29.45205479452055,30.046639520215997,36.070381231671554,66.27565982404691,69.20821114369502,52.0,75.0733137829912,Below Average,Average,Average,Average,Above Average,2025-26
1642278,Tyler Kolek,Tyler,1610612752,NYK,25.0,62,39,23,0.629,727.1616666666666,105.7,82,0.108,0.16,22,0.186,4,0.063,308.0,200.0,227.0,598.0,3.85,3.850146974791938,201,118,289,150,339,62,340,339,360,334,314,418,469,261,230,246,214,199,48,72,42,30,38,2,5,11,6,10,16,0.375,0.625,0,8,8,3,8,0.0,1.0,1.0,0.375,1642278,Tyler Kolek,,,1459.0,2.030456852791878,95.5246913580247,73.87755102040813,52.71521247152742,3.763440860215054,5.303030303030303,4.687194525904204,6.811145510835913,10.48951048951049,6.896551724137931,8.119924806697519,,,,7.269789983844912,4.10958904109589,5.847699559607852,93.841642228739,2.932551319648094,8.504398826979472,,8.944281524926687,Elite,Poor,Poor,Poor,Poor,2025-26
1631213,Tyrese Martin,Tyrese,1610612755,PHI,27.0,46,12,34,0.261,776.61,116.8,82,0.112,0.176,25,0.189,6,0.1,313.0,222.0,276.0,804.0,1.55,1.5507780155400581,324,395,449,480,330,445,340,319,313,314,301,375,392,266,243,274,252,361,40,97,51,46,53,0,6,14,9,12,21,0.429,0.571,2,8,10,7,10,0.2,0.8,1.0,0.7,1631213,Tyrese Martin,,,1533.8,3.0456852791878175,87.57716049382715,28.57142857142857,39.013137427371774,4.973118279569892,11.363636363636363,8.807429130009774,11.455108359133128,12.587412587412588,0.0,8.987637749247657,,,,7.269789983844912,4.10958904109589,5.847699559607852,59.82404692082112,9.090909090909092,10.263929618768328,,8.944281524926687,Average,Poor,Poor,Poor,Poor,2025-26
1630178,Tyrese Maxey,Tyrese,1610612755,PHI,25.0,70,38,32,0.543,2661.1183333333333,113.4,266,0.096,0.155,130,0.256,55,0.185,864.0,891.0,961.0,2756.0,7.94,7.935083604943594,105,128,424,262,8,308,82,395,379,5,119,46,238,551,582,582,572,45,70,271,116,155,250,3,20,45,15,36,51,0.294,0.706,1,15,15,4,16,0.063,0.938,0.938,0.25,1630178,Tyrese Maxey,0.3460502793296089,0.1593854748603352,5404.1,27.918781725888326,12.268518518518519,42.4489795918367,26.073739069795984,13.709677419354838,52.65151515151515,37.07478005865102,72.44582043343654,86.01398601398601,10.344827586206897,61.66943017482144,26.460919698402762,39.094203856732626,32.7775617775677,36.995153473344104,8.904109589041095,24.35418372540775,13.78299120234604,76.53958944281524,98.24046920821115,14.181818181818182,63.929618768328446,Poor,Above Average,Elite,Poor,Average,2025-26
1642878,Tyrese Proctor,Tyrese,1610612739,CLE,22.0,50,33,17,0.66,545.0866666666667,112.8,53,0.092,0.157,25,0.223,0,0.0,196.0,184.0,149.0,490.0,1.73,1.7290756732599057,297,175,216,122,370,280,393,415,373,314,185,524,524,201,219,195,195,341,41,43,16,27,59,1,7,16,4,7,11,0.364,0.636,1,5,6,1,6,0.167,0.833,1.0,0.167,1642878,Tyrese Proctor,,,1110.1,0.0,99.69135802469135,44.89795918367347,46.11646510456034,0.2688172043010753,4.166666666666666,2.6075268817204296,13.312693498452013,12.587412587412588,3.4482758620689653,10.592740770492455,,,,2.5848142164781907,2.054794520547945,2.3463053533095803,81.52492668621701,1.1730205278592376,13.78299120234604,,1.466275659824047,Above Average,Poor,Poor,Poor,Poor,2025-26
1626145,Tyus Jones,Tyus,1610612743,DEN,30.0,67,37,30,0.552,978.5783333333334,113.6,64,0.065,0.098,37,0.227,3,0.033,305.0,288.0,351.0,1104.0,2.9,2.9011874183355535,147,136,395,244,282,323,372,546,548,250,174,442,514,260,287,327,320,264,52,47,14,33,54,0,6,14,2,5,7,0.286,0.714,0,6,6,4,6,0.0,1.0,1.0,0.667,1626145,Tyus Jones,,,1977.8,1.5228426395939088,76.00308641975309,41.6326530612245,37.61838056805727,0.0,6.4393939393939394,3.8636363636363633,11.76470588235294,20.97902097902098,0.0,12.04853969559852,,,,4.361873990306947,2.73972602739726,3.631907406997588,53.665689149560116,1.7595307917888565,17.595307917888565,,4.105571847507331,Average,Poor,Below Average,Poor,Poor,2025-26
1642845,VJ Edgecombe,VJ,1610612755,PHI,20.0,75,43,32,0.573,2623.305,113.9,301,0.111,0.177,107,0.217,39,0.125,864.0,863.0,905.0,2686.0,7.47,7.469003023572644,60,75,424,209,11,339,60,324,310,11,212,93,330,551,579,578,568,58,75,333,196,137,244,0,20,44,39,38,77,0.506,0.494,2,21,23,12,23,0.087,0.913,1.0,0.522,1642845,VJ Edgecombe,0.35944473007712086,0.14315938303341902,5318.9,19.796954314720814,14.969135802469136,40.40816326530609,23.260020073079044,24.462365591397848,45.83333333333333,37.284946236559136,70.58823529411765,69.93006993006993,0.0,52.71081859317154,18.403279078660713,51.30953793284202,34.85640850575137,42.64943457189014,13.013698630136986,29.313353398101224,8.504398826979472,76.83284457478005,94.72140762463343,18.181818181818183,73.31378299120234,Poor,Above Average,Elite,Below Average,Above Average,2025-26
1641705,Victor Wembanyama,Victor,1610612759,SAS,22.0,64,50,14,0.781,1865.6483333333333,103.6,606,0.285,0.415,66,0.225,197,0.701,581.0,485.0,477.0,1512.0,10.96,10.955698200795812,180,32,175,30,103,41,4,4,6,87,181,1,4,429,420,421,410,6,64,602,434,168,167,3,87,189,20,11,31,0.645,0.355,20,45,65,49,65,0.308,0.692,1.0,0.754,1641705,Victor Wembanyama,0.3218677685950413,0.1554710743801653,3840.9,100.0,60.26234567901234,82.44897959183675,81.7040658856135,56.451612903225815,57.57575757575758,57.126099706744874,46.749226006191954,41.25874125874126,10.344827586206897,35.726456739587945,41.008285951430715,42.041044666152956,41.52466530879184,91.92245557350566,29.45205479452055,63.81077522296236,100.0,96.48093841642229,81.81818181818183,28.000000000000004,97.36070381231671,Elite,Elite,Above Average,Below Average,Elite,2025-26
1631246,Vince Williams Jr.,Vince,1610612762,UTA,25.0,40,16,24,0.4,819.395,108.4,116,0.123,0.189,29,0.213,16,0.176,313.0,288.0,226.0,784.0,3.58,3.5849205983697803,362,348,309,384,323,110,280,269,274,294,221,243,246,266,287,245,244,220,40,112,65,47,72,1,6,15,11,5,16,0.688,0.313,2,6,8,4,8,0.25,0.75,1.0,0.5,1631246,Vince Williams Jr.,,,1677.5,8.121827411167512,88.34876543209876,62.857142857142826,49.88508457998728,6.854838709677419,11.742424242424242,9.787390029325513,17.3374613003096,15.384615384615385,3.4482758620689653,13.181668870256466,,,,12.762520193861066,2.73972602739726,8.252262818952355,89.44281524926686,10.850439882697946,18.7683284457478,,16.715542521994134,Above Average,Poor,Below Average,Poor,Below Average,2025-26
1630249,Vít Krejčí,Vít,1610612757,POR,26.0,65,32,33,0.492,1392.1,111.1,117,0.081,0.129,47,0.171,18,0.124,538.0,434.0,444.0,1474.0,5.17,5.166806753429158,166,182,435,328,191,215,277,483,476,191,361,224,340,399,391,400,400,129,64,271,155,116,92,0,22,49,9,16,25,0.36,0.64,0,20,20,7,20,0.0,1.0,1.0,0.35,1630249,Vít Krejčí,0.3384877384196185,0.14691280653950953,2892.3,9.137055837563452,61.72839506172839,51.83673469387756,38.218944280099706,18.951612903225808,37.878787878787875,30.307917888563047,23.52941176470588,27.972027972027973,0.0,19.20197449609214,31.01028405633427,48.48388388471433,39.7470839705243,12.924071082390952,12.32876712328767,12.656184300794475,56.01173020527859,65.6891495601173,37.5366568914956,24.727272727272727,29.91202346041056,Average,Average,Below Average,Below Average,Below Average,2025-26
1642383,Walter Clayton Jr.,Walter,1610612763,MEM,23.0,69,17,52,0.246,1410.535,121.2,114,0.081,0.134,44,0.166,19,0.173,609.0,541.0,438.0,1536.0,1.1,1.1043262342354123,118,334,566,493,188,534,285,482,454,208,385,217,253,446,456,395,413,406,68,296,132,164,88,4,13,30,8,11,19,0.421,0.579,0,13,13,8,13,0.0,1.0,1.0,0.615,1642383,Walter Clayton Jr.,0.3088714285714286,0.16385714285714287,2938.6,9.644670050761421,59.336419753086425,10.612244897959162,27.278676158374605,15.86021505376344,56.060606060606055,39.98044965786901,22.291021671826623,25.874125874125873,13.793103448275861,21.42062858674367,48.82643686005929,35.72784065349702,42.27713875677816,12.439418416801292,7.534246575342466,10.23209108814482,17.888563049853374,80.64516129032258,44.28152492668622,30.181818181818183,23.020527859237536,Below Average,Above Average,Average,Below Average,Below Average,2025-26
1628976,Wendell Carter Jr.,Wendell,1610612753,ORL,27.0,78,43,35,0.551,2288.3516666666665,111.3,415,0.177,0.263,60,0.149,49,0.236,772.0,612.0,716.0,2366.0,8.29,8.294280214012952,28,75,459,245,38,225,19,100,115,112,440,62,189,525,506,539,542,36,78,595,444,151,125,2,218,497,21,22,43,0.488,0.512,39,148,187,105,187,0.209,0.791,1.0,0.561,1628976,Wendell Carter Jr.,0.32445,0.11883333333333333,4708.1,24.873096446700508,27.314814814814813,51.02040816326531,32.26452580468171,57.795698924731184,51.13636363636363,53.80009775171065,33.746130030959755,37.06293706293706,6.896551724137931,28.194617915446358,39.45490440183385,69.62268610236413,54.53879525209899,61.066235864297255,100.0,78.5864297253635,32.25806451612903,92.96187683284457,67.74193548387096,57.45454545454546,99.12023460410558,Below Average,Elite,Average,Average,Elite,2025-26
1642954,Will Richard,Will,1610612744,GSW,23.0,69,34,35,0.493,1376.805,113.6,105,0.078,0.123,80,0.271,9,0.071,585.0,423.0,470.0,1492.0,4.16,4.164063983952902,118,168,459,327,197,320,295,499,491,56,94,315,456,431,384,418,407,182,67,146,76,70,157,5,16,37,9,10,19,0.474,0.526,7,14,21,16,21,0.333,0.667,1.0,0.762,1642954,Will Richard,0.28914615384615383,0.12136923076923077,2822.7,4.568527918781726,61.03395061728395,41.6326530612245,33.597457148868195,8.333333333333332,20.454545454545457,15.606060606060606,43.653250773993804,51.048951048951054,17.24137931034483,39.63877800431659,60.69248331899815,67.7136106026895,64.20304696084382,10.98546042003231,8.21917808219178,9.740633368004072,37.5366568914956,24.633431085043988,86.51026392961877,73.81818181818181,21.700879765395893,Below Average,Below Average,Above Average,Above Average,Below Average,2025-26
1642860,Will Riley,Will,1610612764,WAS,20.0,74,16,58,0.216,1632.4716666666666,121.4,156,0.097,0.159,54,0.205,9,0.058,745.0,570.0,653.0,2052.0,1.21,1.2069289758798087,70,348,579,518,142,536,214,379,363,153,248,315,484,514,479,513,504,392,68,236,157,79,83,1,14,35,6,12,18,0.333,0.667,2,16,17,8,18,0.111,0.889,0.944,0.444,1642860,Will Riley,0.2907827160493827,0.10308395061728395,3383.4,4.568527918781726,39.42901234567901,9.795918367346903,18.07654508033707,19.22043010752688,23.863636363636363,22.006353861192572,20.743034055727556,32.86713286713287,3.4482758620689653,20.662779091304767,59.707983817372735,81.47914380155673,70.59356380946474,19.22455573505654,9.58904109589041,14.888574147431783,2.346041055718475,44.28152492668622,41.05571847507331,84.36363636363636,36.950146627565985,Poor,Average,Average,Above Average,Below Average,2025-26
1642274,Yves Missi,Yves,1610612740,NOP,22.0,66,19,47,0.288,1297.0366666666666,114.1,202,0.147,0.235,20,0.083,101,0.58,496.0,403.0,431.0,1342.0,3.62,3.6216899108872997,157,316,548,453,216,346,149,170,159,348,547,10,21,376,366,392,372,216,66,448,287,161,51,0,127,276,22,12,34,0.647,0.353,33,42,74,44,75,0.44,0.56,0.987,0.587,1642274,Yves Missi,0.31114565826330537,0.14208963585434173,2640.2,51.26903553299492,66.82098765432099,39.59183673469389,53.79291907588378,36.693548387096776,54.92424242424242,47.631964809384165,10.8359133126935,9.090909090909092,0.0,7.516183506895581,47.458338541634866,52.11486550702279,49.78660202432883,26.65589660743134,27.397260273972602,26.98951025737491,94.72140762463343,86.80351906158357,7.9178885630498534,46.909090909090914,70.38123167155426,Elite,Above Average,Poor,Average,Above Average,2025-26
1642258,Zaccharie Risacher,Zaccharie,1610612737,ATL,21.0,67,39,28,0.582,1503.2533333333333,112.6,186,0.121,0.183,59,0.197,36,0.222,574.0,417.0,542.0,1668.0,4.99,4.9946896758844535,147,118,364,198,164,272,167,275,290,120,278,104,199,424,379,459,437,138,67,297,191,106,135,0,9,22,10,16,26,0.385,0.615,3,13,16,10,16,0.188,0.813,1.0,0.625,1642258,Zaccharie Risacher,0.30214824797843665,0.12604851752021565,3206.9,18.274111675126903,54.24382716049383,45.71428571428572,37.72355560479503,23.790322580645164,34.090909090909086,29.970674486803517,36.84210526315789,36.36363636363637,0.0,27.464114832535884,52.87087093661267,64.19094775134434,58.53090934397851,24.07108239095315,7.534246575342466,16.629506273928346,53.95894428152492,64.80938416422288,65.6891495601173,64.36363636363637,41.05571847507331,Average,Average,Average,Average,Average,2025-26
1630192,Zeke Nnaji,Zeke,1610612743,DEN,25.0,52,38,14,0.731,625.9883333333333,113.7,103,0.147,0.236,17,0.205,24,0.375,265.0,213.0,210.0,672.0,1.83,1.8335282176119063,286,128,175,66,357,328,305,171,156,372,250,173,84,236,238,233,233,332,49,178,114,64,44,1,59,144,4,6,10,0.4,0.6,5,13,17,9,18,0.278,0.722,0.944,0.5,1630192,Zeke Nnaji,,,1273.7,12.18274111675127,92.66975308641975,41.224489795918345,47.613632475927005,13.440860215053762,18.181818181818183,16.285434995112414,8.6687306501548,6.993006993006993,3.4482758620689653,6.777113673131608,,,,10.662358642972535,7.534246575342466,9.254708212539004,84.75073313782991,27.859237536656888,6.158357771260997,,19.941348973607038,Above Average,Below Average,Poor,Poor,Below Average,2025-26
1630533,Ziaire Williams,Ziaire,1610612751,BKN,24.0,56,13,43,0.232,1281.2666666666667,113.2,104,0.084,0.136,76,0.3,21,0.174,588.0,389.0,489.0,1390.0,4.02,4.024284605590403,247,384,527,505,218,301,300,464,450,61,60,197,251,432,356,428,384,188,55,202,92,110,174,1,8,18,10,16,26,0.385,0.615,0,10,10,5,10,0.0,1.0,1.0,0.5,1630533,Ziaire Williams,0.2947911764705882,0.11554411764705881,2592.5,10.65989847715736,64.96913580246914,43.265306122448955,37.81948345233938,10.483870967741936,35.60606060606061,25.55718475073314,48.91640866873065,48.25174825174825,3.4482758620689653,37.316744321121384,57.29663197313729,72.09887500138005,64.69775348725867,10.823909531502423,5.47945205479452,8.418903666983867,54.252199413489734,51.31964809384164,83.57771260997067,75.63636363636364,17.008797653958943,Average,Average,Above Average,Above Average,Below Average,2025-26
1629627,Zion Williamson,Zion,1610612740,NOP,25.0,62,22,40,0.355,1841.0633333333333,114.9,228,0.116,0.185,60,0.18,34,0.152,689.0,647.0,609.0,2036.0,4.85,4.8482802374392895,201,277,508,407,109,383,118,303,286,112,328,113,280,487,523,500,500,145,62,255,118,137,120,1,52,127,26,8,34,0.765,0.235,11,40,51,38,51,0.216,0.784,1.0,0.745,1629627,Zion Williamson,0.2854281690140845,0.142343661971831,3830.5,17.258883248730964,40.0462962962963,36.32653061224486,30.001389656257302,13.978494623655912,45.83333333333333,33.09139784946236,32.19814241486068,37.06293706293706,3.4482758620689653,26.713353903489487,62.92909504509161,51.923629445851184,57.426362245471395,30.8562197092084,26.027397260273972,28.68324960718791,25.513196480938415,70.08797653958945,63.34310850439883,60.72727272727273,72.14076246334311,Below Average,Above Average,Average,Average,Above Average,2025-26
